code,title,image_url,page_url,views,date_scraped
FC2PPV-4980464,"A single person who looks slender at first glance, but is actually extremely passionate and works hard, says, ""This is the place I have to go to'' and keeps coming back for a blissful time with the finest treatments that will unleash your true nature.",https://cdn001.imggle.net/webp/poster/08152026/c83e7932fb.webp,https://javct.net/v/fc2ppv-4980464,42,2026-10-01
FC2PPV-4970405,"[No] ""Ah... no no no I'm cumming... A sporty super sensitive G cup big breasted gym wear bloomer beauty ♥ A thick creampie in a beautiful skin and beautiful pussy with an outstanding style",https://cdn001.imggle.net/webp/poster/08152026/28bb5a907e.webp,https://javct.net/v/fc2ppv-4970405,63,2026-10-01
FC2PPV-4961775,"A former popular idol with a fair complexion and huge breasts wears a pink maid outfit and gives full service to you, giving you 3 creampie shots in a row while convulsing with serious climax!! Bonus high quality & unreleased scenes",https://cdn001.imggle.net/webp/poster/08152026/a1f4e5c982.webp,https://javct.net/v/fc2ppv-4961775,88,2026-10-01
FC2PPV-4947990,[Super close-up pussy cuppa~] **The lewd pose of an international cabin attendant ♡ Takamine's flower beauty's pussy and anus are covered up. Smooth hairless/narrow vagina/beautiful butt/beautiful pink pussy/super close-up view,https://cdn001.imggle.net/webp/poster/07052026/65d99d9369.webp,https://javct.net/v/fc2ppv-4947990,42,2026-10-01
FC2PPV-4945086,"A beautiful woman who is busy with work and as a single person comes to our store for the first time. She is extremely tired, so she would like a strong massage.",https://cdn001.imggle.net/webp/poster/07052026/0133c8a1b7.webp,https://javct.net/v/fc2ppv-4945086,67,2026-10-01
FC2PPV-4943403,Face Showing Case #142 where an amateur comes to do naughty things. Today she managed to hold back her orgasm and went sexy in a micro bikini. Case of Yuuka (20),https://cdn001.imggle.net/webp/poster/07052026/ddb6c7bed1.webp,https://javct.net/v/fc2ppv-4943403,56,2026-10-01
FC2PPV-4942361,"""Ah... no! I'm about to cum..."" A beautiful body with huge breasts that is full of sensitivity bugs, and the erogenous zones of the whole body that twitch no matter where you touch it, are completely impregnated and creampied.",https://cdn001.imggle.net/webp/poster/07052026/8641bc571b.webp,https://javct.net/v/fc2ppv-4942361,111,2026-10-01
FC2PPV-4936225,"[Completely treasured video] Ah, no, no, no, no, no, no, no, no, no, no, no, no, no. Breaking through the limits with my dick. A superb sex friend of a slippery beautiful pussy filmed with a promise not to show it to anyone. Limited release of the appearance of a slippery and beautiful pussy that collapses and goes crazy",https://cdn001.imggle.net/webp/poster/07052026/3239bcf432.webp,https://javct.net/v/fc2ppv-4936225,77,2026-10-01
FC2PPV-4933130,"[Super close-up pussy cuppa~] The lewd appearance of a receptionist at a major department store ♡ A slender beauty's pussy, anal, boobs and fingers are covered up. Smooth hairless/narrow vagina/nice ass/dopin' pussy/extremely close-up view",https://cdn001.imggle.net/webp/poster/07052026/fbbdb0a039.webp,https://javct.net/v/fc2ppv-4933130,45,2026-10-01
FC2PPV-4926047,"Face Showing Case #138 where an amateur came to do naughty things. To be honest, she was so much of the type that she almost orgasmed on the way...w In the case of fair-skinned beauty Yuka-chan (20)",https://cdn001.imggle.net/webp/poster/05192026/2691eb7d5b.webp,https://javct.net/v/fc2ppv-4926047,67,2026-10-01
FC2PPV-4915538,"Case #136 where an amateur came to do naughty things with her face exposed. The case of Miku-chan (20), a cute fairy who was given a toy and a lot of mouth fuck.",https://cdn001.imggle.net/webp/poster/05192026/2e031dc88c.webp,https://javct.net/v/fc2ppv-4915538,56,2026-10-01
FC2PPV-4903172,"[Uncensored x Personal Shooting] Kerberos Special Edition When I asked for a rental girlfriend who was OK with sex, a F-cup beauty with a great figure appeared and she was in no condition to flirt with me.",https://cdn001.imggle.net/webp/poster/04112026/6c34681552.webp,https://javct.net/v/fc2ppv-4903172,46,2026-10-01
FC2PPV-4899692,"Case #132 where an amateur came to do naughty things with her face exposed Miku-chan (20), a beautiful, fair-skinned and cute girl with an outstanding figure transforms.",https://cdn001.imggle.net/webp/poster/04112026/3f1f029f4e.webp,https://javct.net/v/fc2ppv-4899692,58,2026-10-01
FC2PPV-4870849,"[Complete amateur] A refreshing and cute 32-year-old single woman sucks a middle-aged man's thick dick, and after making him cum, she licks his pussy and loves to have intense sex. Her enchanted expression is irresistible.",https://cdn001.imggle.net/webp/poster/06032026/1774847642.webp,https://javct.net/v/fc2ppv-4870849,58,2026-10-01
FC2PPV-4865386,"As a graduation gift, I made a grown-up promise with an 18-year-old... I secretly became friends with my friend Imo⚫︎to.In my last uniform, I had my first creampie in my life, swallowed, and had a cleaning blow job.",https://cdn001.imggle.net/webp/poster/06032026/1773982176.webp,https://javct.net/v/fc2ppv-4865386,70,2026-10-01
FC2PPV-4855213,"[Complete amateur] Beautiful, cute and wonderful single person, her pussy is thoroughly attacked and she screams with electric massager, finger pussy splash, thick dick piston",https://cdn001.imggle.net/webp/poster/01202026/1772253991.webp,https://javct.net/v/fc2ppv-4855213,57,2026-10-01
FC2PPV-4846835,[Super close-up pussy cuppa~] Neat and clean black hair long uniform Fair skin and smooth long limbs ♡ Obedient de M natural pussy hair pussy anal open up natural pubic hair / small clitoris / beautiful butt / labia without dark spots / super close-up view,https://cdn001.imggle.net/webp/poster/01202026/1770784948.webp,https://javct.net/v/fc2ppv-4846835,15,2026-10-01
FC2PPV-4837194,"[Complete amateur] A single user with a naughty body and a cute face seems to like being fucked violently, so he stirs it with his fingers, gets drenched with a large amount of splash, and screams with the piston of the old man's thick penis.",https://cdn001.imggle.net/webp/poster/01202026/1769318339.webp,https://javct.net/v/fc2ppv-4837194,64,2026-10-01
FC2PPV-4825574,"[Uncensored/Creampie] Photo session Sexual harassment of cosplayers, humiliating photo session, massive creampie cum on beautiful pussy",https://cdn001.imggle.net/webp/poster/12082025/1767588899.webp,https://javct.net/v/fc2ppv-4825574,64,2026-10-01
FC2PPV-4819991,[Complete Amateur] A very cute single mother with an elegant and naughty technique that makes the old man's dick go crazy. The atmosphere like a married couple is erotic.,https://cdn001.imggle.net/webp/poster/12082025/1766807904.webp,https://javct.net/v/fc2ppv-4819991,47,2026-10-01
FC2PPV-4820724,CP0443 Masturbation showing off the slimy beauty of a fair-skinned pussy,https://cdn001.imggle.net/webp/poster/12082025/1766724426.webp,https://javct.net/v/fc2ppv-4820724,31,2026-10-01
FC2PPV-4810880,"[Real amateur] A god-style beauty with a marshmallow, slender body, F-cup, beautiful breasts, beautiful butt, beautiful legs, and a beautiful pussy, with a strong desire for approval, is begged for a serious creampie, and is released in half, half, and inside.",https://cdn001.imggle.net/webp/poster/12082025/1765342972.webp,https://javct.net/v/fc2ppv-4810880,63,2026-10-01
FC2PPV-4798264,Sakamichi idol type 150cm size everyone's I. Mo./U. and Nagisa-chan\! A plump single lined. Tight/. Lo./ Beautiful pussy ♡ Is there anyone who doesn't like it?,https://cdn001.imggle.net/webp/poster/10232025/1763182415.webp,https://javct.net/v/fc2ppv-4798264,129,2026-10-01
FC2PPV-4792623,"[Complete amateur] A cute and beautiful 32-year-old single girl whose nervousness and wariness gradually disappear, and she is made to cum by a standing thick dick.",https://cdn001.imggle.net/webp/poster/10232025/1762583561.webp,https://javct.net/v/fc2ppv-4792623,59,2026-10-01
MIDA-812,"A Precious, Raw Gem: The Ultimate Young Beauty Makes Her AV Debut - Kaede Hirano",https://cdn001.imggle.net/webp/poster/08152026/d078e94380.webp,https://javct.net/v/mida-812,150,2026-10-01
IPZZ-961,National Treasure Face Fetishism: I Want To Masturbate While Being Moved By The Beauty Of Kaede Karen.,https://cdn001.imggle.net/webp/poster/08152026/7e0e19d815.webp,https://javct.net/v/ipzz-961,120,2026-10-01
MNGS-068,Ultra-luxury Soapland Specializing In Unprotected Sex: Nanase Alice,https://cdn001.imggle.net/webp/poster/08152026/c281b3c023.webp,https://javct.net/v/mngs-068,150,2026-10-01
IPZZ-966,"Miina Tsuji, A Fastidious And Overly Serious Female Teacher, Is Dr**ged With An Aphrodisiac And Repeatedly Sexually Assaulted By The Father Of A Man Living In A Filthy Apartment During A Home Visit.",https://cdn001.imggle.net/webp/poster/08152026/e5781b599b.webp,https://javct.net/v/ipzz-966,120,2026-10-01
WAAA-694,"""Can You Hold Back Your Ejaculation With Our Cock-sucking?"" That Summer, I Couldn't Resist The Teasing Dirty Talk And Devilish Double Blowjob From My Sexy And Cute Classmates And My Balls Were Left Completely Dry. Mei Itsukaichi, Natsuho Hanamori",https://cdn001.imggle.net/webp/poster/08152026/8334ead749.webp,https://javct.net/v/waaa-694,180,2026-10-01
YUJ-074,"My Girlfriend, Who Pretends To Take Care Of Me While I'm Sick In Bed With A Fever, Is Secretly Giving Me A Massive Handjob.",https://cdn001.imggle.net/webp/poster/08152026/85c3a009ac.webp,https://javct.net/v/yuj-074,120,2026-10-01
WAAA-690,R**ed At Night By My Hated Stepfather... Yuki Takeuchi,https://cdn001.imggle.net/webp/poster/08152026/471d2eafe6.webp,https://javct.net/v/waaa-690,120,2026-10-01
1P-100126-001,Cowgirl time trial!:Manami Shirahana,https://cdn001.imggle.net/webp/poster/08152026/d755428de0.webp,https://javct.net/v/1p-100126-001,24,2026-10-01
DLV-006-RM,"New Absolute Beauty, Available For Rent. ACT.122 Miyoshi [Uncensored L**ked]",https://cdn001.imggle.net/webp/poster/07052026/5a85110e41.webp,https://javct.net/v/dlv-006-rm,130,2026-10-01
FC2PPV-4985069,"[None] Overwhelming transparency with devilish charm Refined with this look and this body, the highest quality beauty is here now... Super premium footage that is strictly prohibited from blinking [High-quality bonus]",https://cdn001.imggle.net/webp/poster/08152026/f6fb3a8563.webp,https://javct.net/v/fc2ppv-4985069,67,2026-10-01
FTHTD-231-RM,A Once-a-year (color Trick) Big Game! A No-good Female Employee Who Was Offered A Pay Cut In The Salary Appraisal Interview Bets On A Big Reversal And A Big Increase In Her Salary. Direct Interviews With 20 Office Ladies Who Give No-hand Blowjobs. [Uncensored L**ked],https://cdn001.imggle.net/webp/poster/08152026/a3305cc5cc.webp,https://javct.net/v/fthtd-231-rm,300,2026-10-01
RLMP-020-RM,"Deep Throat Irrumation, Throat Juices Overflowing, BEST [Uncensored L**ked]",https://cdn001.imggle.net/webp/poster/08152026/64fd2b4f24.webp,https://javct.net/v/rlmp-020-rm,240,2026-10-01
SDMF-032-RM,My Sister's Tongue Is As Long As A Snake Because She Practiced Blowjobs With Me Every Day Pink Family VOL.34 Kano Hana [Uncensored L**ked],https://cdn001.imggle.net/webp/poster/20230206/1687837004.webp,https://javct.net/v/sdmf-032-rm,112,2026-10-01
FC2PPV-4985498,"[Individual photo] Wife fo**ed to carry her husband next to her, but there is no help. Even though she is at home, she cums away",https://cdn001.imggle.net/webp/poster/08152026/5cd7ebf8a8.webp,https://javct.net/v/fc2ppv-4985498,47,2026-10-01
PA-100126-100,"The Freaky Lady Brings You a Freaky Toy Chair! : Pheromones in the Air! With a Beautiful, Curvy Mature Woman at Home…",https://cdn001.imggle.net/webp/poster/08152026/2d6c13977f.webp,https://javct.net/v/pa-100126-100,75,2026-10-01
AARM-361-RM,"Restrained, Close-contact Nipple Play × Fellatio × Two Consecutive Ejaculations!! [Uncensored L**ked]",https://cdn001.imggle.net/webp/poster/07052026/c5823a6f86.webp,https://javct.net/v/aarm-361-rm,100,2026-10-01
DLIS-014-RM,It Is Raw Raw Sex To A Estrus Daughter!De Metamorphosis Awakening Equivalent Office OL Star Heath [Uncensored L**ked],https://cdn001.imggle.net/webp/poster/05192026/461aab93bf.webp,https://javct.net/v/dlis-014-rm,131,2026-10-01
CRNX-060-RM,(4K) College Girl With Beautiful Face And Shaved Pussy. Squirting POV Sex. Natsu Sano [Uncensored L**ked],https://cdn001.imggle.net/webp/poster/20221904/1653810691.webp,https://javct.net/v/crnx-060-rm,73,2026-10-01
HARU-029-RM,Seminal Launching To The Pantyhose Of A Beautiful Leg Race Queen! ! [Uncensored L**ked],https://cdn001.imggle.net/webp/poster/05192026/e9270579b0.webp,https://javct.net/v/haru-029-rm,126,2026-10-01
HARU-028-RM,Slurry Can I Lick A Pantyhose Of A Beautiful Leg Sister? [Uncensored L**ked],https://cdn001.imggle.net/webp/poster/05192026/515f67230c.webp,https://javct.net/v/haru-028-rm,123,2026-10-01
HARU-032-RM,Leg Leg Fetish Play With Beautiful Legs Wrapped In Muremare Pantyhose! ! [Uncensored L**ked],https://cdn001.imggle.net/webp/poster/05192026/ed490572db.webp,https://javct.net/v/haru-032-rm,120,2026-10-01
10-100126-01,A humiliating service to lick a dirty anus vol.4,https://cdn001.imggle.net/webp/poster/08152026/9fa63f5733.webp,https://javct.net/v/10-100126-01,18,2026-10-01
FC2PPV-4985074,Face Showing Case #152 where an amateur comes to do naughty things. Appears in an extremely erotic maid outfit with too much exposure. Fuka-chan (19) is fully exposed and full of embarrassing poses.,https://cdn001.imggle.net/webp/poster/08152026/5156c8b283.webp,https://javct.net/v/fc2ppv-4985074,61,2026-10-01
FC2PPV-4954946,I fucked a model who let her guard down after the shoot was over IMEDAMAFC2,https://cdn001.imggle.net/webp/poster/08152026/fe39692967.webp,https://javct.net/v/fc2ppv-4954946,26,2026-10-01
IPZZ-975,A Cocky Student Who Mistakenly Thought She Could Say Anything To An Older Man Is Knocked Unconscious And R**ed In A Trashy Room Like A Love Doll. Sasaki Saki,https://cdn001.imggle.net/webp/poster/08152026/bd5c1cc0b3.webp,https://javct.net/v/ipzz-975,140,2026-10-01
IPZZ-945,"During A Site Visit For A Club Training Camp, A Beautiful Female Student And A Despicable Teacher Find Themselves Alone Together... The Tiny, Cute Manager, Yamada Suzuna, Is Powerless Against The Hulking Advisor's Thrusting And Succumbs To Pleasure.",https://cdn001.imggle.net/webp/poster/08152026/227b64a7ca.webp,https://javct.net/v/ipzz-945,120,2026-10-01
MIDA-794,Futamata Gakuen -SIDE Ichika- Two Stories Intertwine In A Youthful Love Triangle With Unprotected Sex. 2-part Collaborative Project - Part 2: Matsumoto Ichika Unpai,https://cdn001.imggle.net/webp/poster/08152026/172b820034.webp,https://javct.net/v/mida-794,140,2026-10-01
RCT-968-SUB,Ass Hole Your Exposition Gakuen New Semester Ver Full Of Ass. [English Subtitle],https://cdn001.imggle.net/webp/poster/07052026/c00b60f770.webp,https://javct.net/v/rct-968-sub,120,2026-10-01
DIV-178-RM,JK Pussy Dildo Masturbation 2 Slimy [Uncensored L**ked],https://cdn001.imggle.net/webp/poster/20250606/1751540722.webp,https://javct.net/v/div-178-rm,135,2026-10-01
DIV-231-RM,JK Slimy Oh ● Nko Dildo Masturbation 6 [Uncensored L**ked],https://cdn001.imggle.net/webp/poster/20250606/1751451666.webp,https://javct.net/v/div-231-rm,134,2026-10-01
DIV-234-RM,Full Uncut Photography JK Seriously Cum All Over With A Dildo Masturbation [Uncensored L**ked],https://cdn001.imggle.net/webp/poster/20250606/1751451731.webp,https://javct.net/v/div-234-rm,140,2026-10-01
ZSD-52-RM,Karen Tojo Legendary Ass [Uncensored L**ked],https://cdn001.imggle.net/webp/poster/08152026/e097a1be55.webp,https://javct.net/v/zsd-52-rm,160,2026-10-01
MKON-086-RM,"While Dating A Cute And Neat Girlfriend Who Was Dating Healthy, I Happened To Get Lost Into A Hotel District And Was Taken By A Photograph And Cuckolded By A Chara Man Ena Satsuki [Uncensored L**ked]",https://cdn001.imggle.net/webp/poster/20230104/1682136716.webp,https://javct.net/v/mkon-086-rm,128,2026-10-01
DVAJ-696-SUB,"A High School Girl, Ito Akana, Is Trained To Be A Premature Ejaculator By Her Mother's Trash Boyfriend Who Came Over To Her House And Relentlessly Rubs Her Nipples Every Night. [English Subtitle]",https://cdn001.imggle.net/webp/poster/20252204/1749226988.webp,https://javct.net/v/dvaj-696-sub,131,2026-10-01
AKDL-188-RM,Face Kiss-Bello's Face Fucked-A Transfer Student Wakes Up To A Vulgar And Rich Belokis And Gets Wet All Over Her Body. [Uncensored L**ked],https://cdn001.imggle.net/webp/poster/20221904/1654189345.webp,https://javct.net/v/akdl-188-rm,146,2026-10-01
FNEO-009-RM,"I Will Lend You A ""Gutsukuru Girls School Student"" Seen In Town.Vol.2 [Uncensored L**ked]",https://cdn001.imggle.net/webp/poster/05192026/6612fe5a91.webp,https://javct.net/v/fneo-009-rm,140,2026-10-01
DORI-024-RM,Paco Shooting No.24 Athlete's Tall Glamor Inverted Nipple Big Tits J ○ Refuses To Insert Raw Chin But Feels Better And Finally Allowed Vaginal Cum Shot! [Uncensored L**ked],https://cdn001.imggle.net/webp/poster/05192026/b8c3fbdd10.webp,https://javct.net/v/dori-024-rm,83,2026-10-01
HOKS-122-RM,Hyundai Carnal Theater Father-in-law And Daughter Father-in-law Daughter / Obedient Daughter / Tatami Daughter [Uncensored L**ked],https://cdn001.imggle.net/webp/poster/20221904/1654320763.webp,https://javct.net/v/hoks-122-rm,96,2026-10-01
DOKS-691,J-type Girl With A Perky Butt Gets Off On Pounding Piston Dildo Masturbation 3,https://cdn001.imggle.net/webp/poster/08152026/2c6699f5e3.webp,https://javct.net/v/doks-691,127,2026-10-01
SQTE-420-RM,This C**ld Is Dangerous! !! Rina Hinata With A Serious Face And Too Much Nipples [Uncensored L**ked],https://cdn001.imggle.net/webp/poster/20220406/1656748999.webp,https://javct.net/v/sqte-420-rm,105,2026-10-01
NHDTB-693-RM,Restraint Slow Piston Les Pu 2 Slowly Insert Raw Ji Port And Enjoy The Reaction Up To Creampie A Woman Who Was Fucked By A Devil Father [Uncensored L**ked],https://cdn001.imggle.net/webp/poster/20220707/1658379197.webp,https://javct.net/v/nhdtb-693-rm,205,2026-10-01
JKSR-749-RM,"Unlimited Pay For The Super-invincible, Legally-aged L**i Beauty In A School Uniform With Bare Legs, Peachy Buttocks, And A Naughty Girl! A First-year Student Prostitute Is Born! [Uncensored L**ked]",https://cdn001.imggle.net/webp/poster/08152026/49625aca11.webp,https://javct.net/v/jksr-749-rm,183,2026-10-01
DOCP-229-RM,"Even Though She's Right Next To Me, Her Little Sister Whispers In My Ear And Tempts Me With Dirty Words 2 [Uncensored L**ked]",https://cdn001.imggle.net/webp/poster/20222311/1670388757.webp,https://javct.net/v/docp-229-rm,240,2026-10-01
MIDE-802-RM,"Yui Kawai, A No-pan Uniform Girl Who Takes Care Of Her With An Anal Look [Uncensored L**ked]",https://cdn001.imggle.net/webp/poster/20250903/1741993759.webp,https://javct.net/v/mide-802-rm,120,2026-10-01
MIDE-787-RM,I've Been Persuaded To Sticky Guys All Day Long ... I'm Yui Kawai [Uncensored L**ked],https://cdn001.imggle.net/webp/poster/20222612/1674029764.webp,https://javct.net/v/mide-787-rm,150,2026-10-01
IFDVA-013-RM,Moretsu! Rio Hamasaki Teacher Boyne [Uncensored L**ked],https://cdn001.imggle.net/webp/poster/08152026/cfd4f041a2.webp,https://javct.net/v/ifdva-013-rm,120,2026-10-01
DLIS-013-RM,Acme Awakening Sowed To Middle-aged Favorite Sensitive Girl Ikuda Miku [Uncensored L**ked],https://cdn001.imggle.net/webp/poster/05192026/9b585616d2.webp,https://javct.net/v/dlis-013-rm,119,2026-10-01
ATID-705,"A Masochistic Female Teacher Goes Wild With Pleasure As She Is Stimulated In Three Points: Nipples, Clitoris, And Cervix.",https://cdn001.imggle.net/webp/poster/08152026/6eab555333.webp,https://javct.net/v/atid-705,140,2026-10-01
WAAA-696,"""Teacher, You're Such A Pathetic Ass."" Big-breasted Female Teacher Is Sexually Harassed And Trained Remotely. She Can't Withstand The Teasing And Remote Near-misses, Her Knees Giving Way As She Orgasms And Wets Herself! Her Orgasmic Genitals Are Then Subjected To A Gang R**e With Multiple Ejaculations Inside. JULIA",https://cdn001.imggle.net/webp/poster/08152026/ac8741e6a9.webp,https://javct.net/v/waaa-696,120,2026-10-01
ABF-389-RM,The Abusive Female Doctor's Consultation Room: Teaching Bad Boys A Lesson - Airi Suzumura [Uncensored L**ked],https://cdn001.imggle.net/webp/poster/08152026/d3d4e911b0.webp,https://javct.net/v/abf-389-rm,120,2026-10-01
WO-027-RM,Buttocks Development Esthetics - Miyu Aizawa [Uncensored L**ked],https://cdn001.imggle.net/webp/poster/08152026/d8d860ec86.webp,https://javct.net/v/wo-027-rm,126,2026-10-01
CR-100126-001,"The Undisclosed: Mina Sakura, Miko Sakura, Miku Maina",https://cdn001.imggle.net/webp/poster/08152026/a138f10ba4.webp,https://javct.net/v/cr-100126-001,58,2026-10-01
NMK-087,These Seemingly Innocent Women Are Actually Sexually Frustrated Monsters Who Engage In Continuous Orgasmic Self-masturbation.,https://cdn001.imggle.net/webp/poster/08152026/7127036ab1.webp,https://javct.net/v/nmk-087,101,2026-10-01
ABF-389,The Abusive Female Doctor's Consultation Room: Teaching Bad Boys A Lesson - Airi Suzumura,https://cdn001.imggle.net/webp/poster/08152026/d3d4e911b0.webp,https://javct.net/v/abf-389,120,2026-10-01
WO-027,Buttocks Development Esthetics - Miyu Aizawa,https://cdn001.imggle.net/webp/poster/08152026/d8d860ec86.webp,https://javct.net/v/wo-027,126,2026-10-01
HSM-067-RM,Freshly Graduated From High School! 18-year-old Boy's Daughter Suzuka Yuno Makes Her AV Debut In Tokyo Looking For Sex [Uncensored L**ked],https://cdn001.imggle.net/webp/poster/20240807/1723261108.webp,https://javct.net/v/hsm-067-rm,140,2026-10-01
XVSR-392-RM,"If You Nibbles Otsuki Hibiki 's Nipple Forever, It Will Be A Succession Of Successive Bikes. ! [Uncensored L**ked]",https://cdn001.imggle.net/webp/poster/08152026/477c45d1b5.webp,https://javct.net/v/xvsr-392-rm,120,2026-10-01
KTRA-416-RM,Hairless Lori Sister Creampie Miiro Nanasaki [Uncensored L**ked],https://cdn001.imggle.net/webp/poster/20220406/1655221311.webp,https://javct.net/v/ktra-416-rm,124,2026-10-01
NYL-005-RM,Anal Widow Pleasure In The Ass Hole That Has Never Been Done By Her Husband ... Reika Ochiai 33 Years Old [Uncensored L**ked],https://cdn001.imggle.net/webp/poster/08152026/4b243840ec.webp,https://javct.net/v/nyl-005-rm,141,2026-10-01
FC2PPV-4985048,"[Main story] 2nd shoot of Nano (18) with black hair and twin tails and beautiful breasts. I made her lick her anus, made her eat pudding with creampie semen milk poured over her, and did an anal penetration ATM with a toy in a piledriver.",https://cdn001.imggle.net/webp/poster/08152026/f33d1ec55e.webp,https://javct.net/v/fc2ppv-4985048,85,2026-10-01
DLDSS-037-RM,The Ultimate Sex After 2 Days Of Hurry-up-and-hold Hell With No Insertion Even After Coming 1000 Times Ayaka Tomoda [Uncensored L**ked],https://cdn001.imggle.net/webp/poster/20212709/1636606960.webp,https://javct.net/v/dldss-037-rm,120,2026-10-01
STCV-113-RM,"Bewitching degree Revechi Soccer-loving Asian beauty JD straddles the tipo kick off 《First half of the game》 Testicle testicle activation electric massage machine nipple rotor blame on the tech that rolls and licks the gold ball Back ejaculation Second half of the game Change into uniform costume and attack with high-speed pile driving woman on top posture & handjob Normal position Facial cumshot Finish Total 3 shots [Erotic flag, gin stood # 024] [Uncensored L**ked]",https://cdn001.imggle.net/webp/poster/20221904/1654250816.webp,https://javct.net/v/stcv-113-rm,78,2026-10-01
TKI-045-RM,MASOTRONIX 10 [Uncensored L**ked],https://cdn001.imggle.net/webp/poster/08152026/09767f32a5.webp,https://javct.net/v/tki-045-rm,125,2026-10-01
HZ-3950,Beauty Collection Vol.140 - Nana Shirai,https://cdn001.imggle.net/webp/poster/08152026/317a6ee584.webp,https://javct.net/v/hz-3950,58,2026-10-01
KTRA-415E-RM,A Perverted Family Who Is Too Good With My Sister 04 Aima Ichikawa [Uncensored L**ked],https://cdn001.imggle.net/webp/poster/20220406/1655180720.webp,https://javct.net/v/ktra-415e-rm,112,2026-10-01
DDH-454-RM,Chisa [Uncensored L**ked],https://cdn001.imggle.net/webp/poster/08152026/e571e8dfcb.webp,https://javct.net/v/ddh-454-rm,70,2026-10-01
SVMGM-054,"Magic Mirror Hardboiled! Only For Female College Students On The Street! Pussy Pressure Crane Game Challenge! Catch The Prize By Clenching Your Pussy! Win The Prize Money! 20 Minutes Of Unlimited Attempts! However, If You Squirt, You're Out! Instant Fucking Sex!",https://cdn001.imggle.net/webp/poster/08152026/a656859937.webp,https://javct.net/v/svmgm-054,292,2026-10-01
JUR-837-RM,Female Teacher NTR: A Delinquent Student Seduces His Beloved Wife. - Nanami Mihi [Uncensored L**ked],https://cdn001.imggle.net/webp/poster/07052026/d5186a46ea.webp,https://javct.net/v/jur-837-rm,120,2026-10-01
OBA-198-RM,My Aunt's Homecoming Cheer-Me-Up Sex Starring Akina Kurosawa [Uncensored L**ked],https://cdn001.imggle.net/webp/poster/20221202/1645243859.webp,https://javct.net/v/oba-198-rm,117,2026-10-01
SPRD-1294-RM,The Reason I Got Married At My Age Was Because Of That Boy... Keiko Akiyoshi [Uncensored L**ked],https://cdn001.imggle.net/webp/poster/20212011/1638408500.webp,https://javct.net/v/sprd-1294-rm,107,2026-10-01
SPRD-1164-RM,My Stepmom Is Hotter Than My Wife... Reiko Tozawa [Uncensored L**ked],https://cdn001.imggle.net/webp/poster/20212011/1642297418.webp,https://javct.net/v/sprd-1164-rm,108,2026-10-01
ROE-535-RM,"""Boss, Please Get Pregnant With My Seed..."" A Second-year Employee Impregnates His Abusive Female Boss Who Is Trying To Conceive Through Overtime Work. [Uncensored L**ked]",https://cdn001.imggle.net/webp/poster/07052026/da69c7a95b.webp,https://javct.net/v/roe-535-rm,120,2026-10-01
ROE-539-RM,"For 10 Years, He Has Harbored Feelings For His Mother, And Has Been Relentlessly Pursuing Her With 16 Consecutive Ejaculations Inside Her. Minami Nakajima [Uncensored L**ked]",https://cdn001.imggle.net/webp/poster/07052026/7f000efe5c.webp,https://javct.net/v/roe-539-rm,150,2026-10-01
ROE-542-RM,"In The C**ldhood Home Where Everyone Else Has Left Home, I Spend My Days In Incestuous Relations With My Mother. - Nagamine Tsubaki [Uncensored L**ked]",https://cdn001.imggle.net/webp/poster/07052026/ef8c15c6cd.webp,https://javct.net/v/roe-542-rm,160,2026-10-01
SPRD-1216-RM,"Dear Stepmom, I, I Like Fucking You Much Better Than My Wife... Toshiyo Kitamura [Uncensored L**ked]",https://cdn001.imggle.net/webp/poster/20221202/1646631648.webp,https://javct.net/v/sprd-1216-rm,109,2026-10-01
KAAD-79-RM,"Our beautiful mother-in-law, Suo Aki [Uncensored L**ked]",https://cdn001.imggle.net/webp/poster/20250903/1742403553.webp,https://javct.net/v/kaad-79-rm,96,2026-10-01
OBA-341-RM,My Husband's Son Was So Orgasmic... Reiko Kasumi [Uncensored L**ked],https://cdn001.imggle.net/webp/poster/20212011/1641174867.webp,https://javct.net/v/oba-341-rm,119,2026-10-01
DDOB-120-RM,Tamakin Crush! Vile Mom's Ball Crushing Great Flame Commandment Reiko Kobayakawa [Uncensored L**ked],https://cdn001.imggle.net/webp/poster/20230205/1683344644.webp,https://javct.net/v/ddob-120-rm,111,2026-10-01
CEAD-186-RM,Aspirations Come True Mysterious Erogenous Elevator Vol06 Ariga Your [Uncensored L**ked],https://cdn001.imggle.net/webp/poster/08152026/1cd654bbe6.webp,https://javct.net/v/cead-186-rm,139,2026-10-01
ALDN-036-RM,Mother Fucking Creampie Mother Yuriko Takazono First Creampie By Her Son [Uncensored L**ked],https://cdn001.imggle.net/webp/poster/20220406/1656132407.webp,https://javct.net/v/aldn-036-rm,105,2026-10-01
GOJU-205-RM,"The Rich Wife With Colossal Tits Who Loves To Service You By Licking You. Kyoko , 40 Years Old. [Uncensored L**ked]",https://cdn001.imggle.net/webp/poster/20221904/1654105281.webp,https://javct.net/v/goju-205-rm,142,2026-10-01
HDKA-261-RM,Naked Housewife Arakawa-ku Resident Minami Momo (25) [Uncensored L**ked],https://cdn001.imggle.net/webp/poster/20220406/1654402370.webp,https://javct.net/v/hdka-261-rm,120,2026-10-01
FUGA-51-RM,My Wife's Best Friend-Rubbing A Pleasant Megumi Body And Being Buried And Saddle Do Strike Sexual Intercourse-Yukari Orihara [Uncensored L**ked],https://cdn001.imggle.net/webp/poster/20220406/1655350686.webp,https://javct.net/v/fuga-51-rm,100,2026-10-01
HKD-137-RM,Vaginal Cum Shot From Both Son And Grandson Emi Toda [Uncensored L**ked],https://cdn001.imggle.net/webp/poster/20221904/1654320828.webp,https://javct.net/v/hkd-137-rm,114,2026-10-01
JURA-207-RM,First-Time Filming Documentary Of A 50-Year-Old Wife: Chapter 3 - Tomoka Yahiro [Uncensored L**ked],https://cdn001.imggle.net/webp/poster/07052026/630a932ae5.webp,https://javct.net/v/jura-207-rm,120,2026-10-01
KIRA-017-RM,"Document Amateur Madamuzu Again Restart ""raw"" Take Estrus Mature: 06 [Uncensored L**ked]",https://cdn001.imggle.net/webp/poster/05192026/3077fe511e.webp,https://javct.net/v/kira-017-rm,130,2026-10-01
OBA-386-RM,"Born On The Docks, Raised In The City. Receptionist Wife Miho Sugiura 48 Years Old Porn Debut!! [Uncensored L**ked]",https://cdn001.imggle.net/webp/poster/20221202/1646842487.webp,https://javct.net/v/oba-386-rm,178,2026-10-01
FC2PPV-4982630,[First-time limited special price] 43-year-old beautiful mature wife is asked again by her rental husband to become a meat urinal Video of the strong-willed married woman creampied until she falls [No],https://cdn001.imggle.net/webp/poster/08152026/21150a7f64.webp,https://javct.net/v/fc2ppv-4982630,40,2026-10-01
THTP-066-RM,Forbidden Mother And C**ld Incest Video [Uncensored L**ked],https://cdn001.imggle.net/webp/poster/20221904/1653532145.webp,https://javct.net/v/thtp-066-rm,160,2026-10-01
SYHS-001-RM,Sex addicted lewd amateur wife VOL.1 Marika 24 years old (pseudonym) [Uncensored L**ked],https://cdn001.imggle.net/webp/poster/08152026/f4a91d8892.webp,https://javct.net/v/syhs-001-rm,30,2026-10-01
GOJU-312,"Happy-going Wife Aya, 48 Years Old, Is Overwhelmed With Excitement And Goes Wild With Pleasure From Another Man's Penis.",https://cdn001.imggle.net/webp/poster/08152026/ea2d35ecb0.webp,https://javct.net/v/goju-312,94,2026-10-01
MIDA-807,"Uncensored: Nana Yagi, A Once-in-a-decade Star, Experiences Unprotected Sex For The First Time In Her Life.",https://cdn001.imggle.net/webp/poster/08152026/0f22187ab2.webp,https://javct.net/v/mida-807,200,2026-10-01
DVMM-447,General Public Monitoring AV: Friendly Couples Only - Take On The Shadow Puppet Challenge! A Thrilling Cuckolding Silhouette Quiz! The Busty Wife Gets Cuckolded With A Huge Cock And Gets Raw Cum Inside While Her Husband Watches Through The Cloth!,https://cdn001.imggle.net/webp/poster/08152026/7e8b6561f5.webp,https://javct.net/v/dvmm-447,255,2026-10-01
DSJH-22-RM,"Unstoppable Mega Cumshot!! I Called A Call Girl And My Cheeky Coworker Showed Up... So I Found Out What She Was Up To, Dr**ged Her With An Aphrodisiac, And Then Reversed The Tables With A Pounding, Cum-in-her-pussy Sex Session!! [Uncensored L**ked]",https://cdn001.imggle.net/webp/poster/08152026/6b6a05311c.webp,https://javct.net/v/dsjh-22-rm,209,2026-10-01
MNGS-070,"I Reunited With Her Busty Older Sister, Whom I Had A Slight Crush On, At A Men's Spa—even Though She Said No To Actual Sex, I Grinned And Inserted It Raw, And It Turned Out To Be A Perfect Match!! Afterwards, We Even Had A Second Round Of Passionate Sex With Multiple Ejaculations Inside Her At My Place. Ayatsuki Nanao",https://cdn001.imggle.net/webp/poster/08152026/740e46ab4c.webp,https://javct.net/v/mngs-070,120,2026-10-01
IPZZ-983,"""I've Showered You With Gifts, And You Won't Even Have Sex With Me, Let Alone Date Me!"" Lounge Hostess Seo Rin Was Brutally R**ed And Had Semen Ejaculated Inside Her Repeatedly Until Morning By Her Enraged Wealthy Client.",https://cdn001.imggle.net/webp/poster/08152026/ca601b7749.webp,https://javct.net/v/ipzz-983,120,2026-10-01
CLUB-939,First-class Hotel Woman's Elegant Pussy Gets Intensely Piston-fucked And Cummed Inside In A Gangbang Video (),https://cdn001.imggle.net/webp/poster/08152026/b8c663cf66.webp,https://javct.net/v/club-939,120,2026-10-01
SAME-230,Intruder Yukimura Izuki,https://cdn001.imggle.net/webp/poster/08152026/c571f45655.webp,https://javct.net/v/same-230,110,2026-10-01
IPZZ-950,"Unable To Move Or Resist, And Subjected To A Constant-speed Piston Action That Alternates Between Teasing And Relentless Thrusting, The Insatiable Beauty Gives Up. Asuha Mitsuha",https://cdn001.imggle.net/webp/poster/08152026/6e8dfee102.webp,https://javct.net/v/ipzz-950,140,2026-10-01
SAME-249,Can't Take It Anymore! My Neighbors Are Showing Me Their Obscene Sex...,https://cdn001.imggle.net/webp/poster/08152026/167ba9654e.webp,https://javct.net/v/same-249,140,2026-10-01
FC2PPV-4982165,"Uncensored, 6th edition, black-haired beauty, 143cm Maika-chan, neat blazer uniform cosplay with shaved pussy creampie review bonus uncensored",https://cdn001.imggle.net/webp/poster/08152026/d4b43d8fb3.webp,https://javct.net/v/fc2ppv-4982165,63,2026-10-01
ATID-706,"The Day A Beautiful Woman Broke Down. Ten Days In Which I Held The Woman Who Dumped Me Captive, Made Her Orgasm Repeatedly, And Drove Her Insane.",https://cdn001.imggle.net/webp/poster/08152026/8facd781e5.webp,https://javct.net/v/atid-706,120,2026-10-01
ATID-700,A Married Lawyer Specializing In Infidelity Cases Becomes Involved In An Affair With A Client With Whom She Absolutely Must Not Cross The Line In Her Professional Duties.,https://cdn001.imggle.net/webp/poster/08152026/069def5469.webp,https://javct.net/v/atid-700,150,2026-10-01
ADN-813,"This Is A Story About My Everyday Life, Where A Tall, Beautiful Woman Who Flashes Her Panties Conveniently Invites Me Over To Have Sex With Her.",https://cdn001.imggle.net/webp/poster/08152026/cc6fd6a7ad.webp,https://javct.net/v/adn-813,120,2026-10-01
START-293-SUB,"My convenient, meat-masturbating toy married woman mistress Yui Mahiro, who begs for dirty talk and begs me for creampies over and over again [English Subtitle]",https://cdn001.imggle.net/webp/poster/20250903/1742253502.webp,https://javct.net/v/start-293-sub,125,2026-10-01
WAAA-691,"Slutty Wives Swap Husbands At A Love Hotel, Competing In Sex Techniques To Squeeze Out Every Last Drop Of Cum, Leaving Their Cocks Unable To Handle The Harem Nymphomaniacs In A Threesome. (Starring: Hibiki Otsuki, Yui Hatano)",https://cdn001.imggle.net/webp/poster/08152026/f8bba82fd6.webp,https://javct.net/v/waaa-691,120,2026-10-01
MIDA-804,"The Dominatrix I Met At The M-sex Event Turned Out To Be A Plain-looking, Bespectacled, Busty Office Worker! The J-cup Slutty Play Continued At The Office, Making Me Ejaculate Like A Total Masochist...! (Hyakuta Mitsuki)",https://cdn001.imggle.net/webp/poster/08152026/8ccb644269.webp,https://javct.net/v/mida-804,120,2026-10-01
HZ-3941,Beauty Collection Vol.139 - Mio Togashi,https://cdn001.imggle.net/webp/poster/08152026/8495fd2559.webp,https://javct.net/v/hz-3941,61,2026-10-01
HZ-3939,A Married Woman Goes Stark Naked While Playing Mahjong - Reina Ishizaki,https://cdn001.imggle.net/webp/poster/08152026/46cee81a3d.webp,https://javct.net/v/hz-3939,60,2026-10-01
HZ-3938,Cumshot On Rio Fukuda's Face! - Rio Fukuda,https://cdn001.imggle.net/webp/poster/08152026/93def1df27.webp,https://javct.net/v/hz-3938,15,2026-10-01
HZ-3943,Naughty Bitches Having Sex At The Entrance Vol.3 - Sakura Aoi - Misaki Nanbara,https://cdn001.imggle.net/webp/poster/08152026/b0ea9a2fc8.webp,https://javct.net/v/hz-3943,57,2026-10-01
HZ-3934,Erena Sasamiya Licks Asshole Relentlessly! - Erena Sasamiya,https://cdn001.imggle.net/webp/poster/08152026/504d055b80.webp,https://javct.net/v/hz-3934,20,2026-10-01
HZ-3933,Beauty Collection Vol.137 - Kana Sasaki,https://cdn001.imggle.net/webp/poster/08152026/4e36653712.webp,https://javct.net/v/hz-3933,61,2026-10-01
FC2PPV-4474582,"Full Face Part 10 Yume Nakata Body-wearing uniform, ejaculation on shaved bean, masturbation in erotic swimwear Yume Nakata",https://cdn001.imggle.net/webp/poster/08152026/d484bc531c.webp,https://javct.net/v/fc2ppv-4474582,51,2026-10-01
FC2PPV-4465686,Complete Face Part 9 Lovely Rabbit Girl Nakata Yume Cosplay Sexual Love Creampie Picture Uncensored Yume Nakata,https://cdn001.imggle.net/webp/poster/08152026/2416d2d971.webp,https://javct.net/v/fc2ppv-4465686,75,2026-10-01
HZ-3930,Bonus Special Vol.17 - Mayu Komikawa - Kanon Ibuki - Alice Hernandez,https://cdn001.imggle.net/webp/poster/08152026/fb47782a39.webp,https://javct.net/v/hz-3930,47,2026-10-01
HZ-1981,Bukkake On Beautiful MILF HITOMI - Hitomi,https://cdn001.imggle.net/webp/poster/08152026/bc07277904.webp,https://javct.net/v/hz-1981,63,2026-10-01
HZ-2072,Erotic Massage for Yuuna - Yuuna Himekawa,https://cdn001.imggle.net/webp/poster/08152026/2f43816731.webp,https://javct.net/v/hz-2072,22,2026-10-01
HZ-1544,Let's Have Sex without Any English Word - Yuuna Himekawa,https://cdn001.imggle.net/webp/poster/08152026/8d997a3a88.webp,https://javct.net/v/hz-1544,68,2026-10-01
HZ-1395,My Real Live Maid Doll Vol.4 -Submissive Cutie All to Myself- - Yuuna Himekawa,https://cdn001.imggle.net/webp/poster/08152026/5526c2cc56.webp,https://javct.net/v/hz-1395,62,2026-10-01
FC2PPV-4458008,"Complete appearance part 8 Nakata's dream wears twin tails, the origin of the body, long hours of experience.Creampie ejaculation Yume Nakata",https://cdn001.imggle.net/webp/poster/08152026/ca27896568.webp,https://javct.net/v/fc2ppv-4458008,58,2026-10-01
FC2PPV-4432303,Part 4 Lovely Amateur Nakata's Dream Sex Love Creampie Video Uncensored Yume Nakata,https://cdn001.imggle.net/webp/poster/08152026/b2e3256d99.webp,https://javct.net/v/fc2ppv-4432303,60,2026-10-01
FC2PPV-4434719,"Part 6: Nakata's dream, casual wear, casual clothes, smiling face, creampie, AV love video, Yume Nakata",https://cdn001.imggle.net/webp/poster/08152026/a35cebf0ed.webp,https://javct.net/v/fc2ppv-4434719,60,2026-10-01
FC2PPV-4421745,"Part 1: Big tits Nono Miyazaki, cute Nakata Yume, 3P creampie, sexless love video, Yume Nakata & Suzu Nonomiya",https://cdn001.imggle.net/webp/poster/08152026/c8a7e10fa6.webp,https://javct.net/v/fc2ppv-4421745,96,2026-10-01
FC2PPV-4420953,Part 3 Lovely Amateur Nakata's Dream Sex Love Creampie Picture Uncensored Yume Nakata,https://cdn001.imggle.net/webp/poster/08152026/4d0d0005c0.webp,https://javct.net/v/fc2ppv-4420953,72,2026-10-01
HZ-2054,My Fiancé Was Stolen from Me - Mitsuha Kikukawa,https://cdn001.imggle.net/webp/poster/08152026/7657c11742.webp,https://javct.net/v/hz-2054,60,2026-10-01
FC2PPV-4419627,2/10 Part 2 Lovely Amateur Nakata's Dream Sex Love Creampie Picture Uncensored Yume Nakata,https://cdn001.imggle.net/webp/poster/08152026/3c13aa21ed.webp,https://javct.net/v/fc2ppv-4419627,70,2026-10-01
FC2PPV-4419625,1/10 Part 1 Lovely Amateur Nakata Kei's Sexual Love Creampie Picture Uncensored Yume Nakata,https://cdn001.imggle.net/webp/poster/08152026/4f183b86d9.webp,https://javct.net/v/fc2ppv-4419625,72,2026-10-01
HZ-3919,Asi-Hame!! Vol.30 - Candy,https://cdn001.imggle.net/webp/poster/08152026/a211a96b46.webp,https://javct.net/v/hz-3919,75,2026-10-01
HZ-3918,Virtual fucking from your point of view!! - Rinka Natsume,https://cdn001.imggle.net/webp/poster/08152026/018996e0a5.webp,https://javct.net/v/hz-3918,63,2026-10-01
HZ-3914,MILF's Sexual Service at the Soapland Vol.11 - Mirei Imada,https://cdn001.imggle.net/webp/poster/08152026/c9d5f916ce.webp,https://javct.net/v/hz-3914,59,2026-10-01
TEN-041-RM,Yukemuri Tengoku ~ Rope Inn ~ 21 Kasumi Tennawa ed. Rio Kasumi [Uncensored L**ked],https://cdn001.imggle.net/webp/poster/08152026/70edf1fa3f.webp,https://javct.net/v/ten-041-rm,115,2026-10-01
XRW-993-RM,Moaning And Ch**ing While Deep Throating In A Kat Suit Full Bondage Sex [Uncensored L**ked],https://cdn002.imggle.net/webp/poster/xrw-993.webp,https://javct.net/v/xrw-993-rm,117,2026-10-01
HNM-013-RM,As A Solo Female Masochist... Saya. A Woman That Wants To Be Completely Docile. Saya Minami [Uncensored L**ked],https://cdn001.imggle.net/webp/poster/20221202/1646458583.webp,https://javct.net/v/hnm-013-rm,131,2026-10-01
BDDA-013-RM,Masochist Wife Mizuki Yayoi Confined In The Spear Room Of The Father [Uncensored L**ked],https://cdn001.imggle.net/webp/poster/20220406/1656831792.webp,https://javct.net/v/bdda-013-rm,74,2026-10-01
JBD-276-RM,"Desire To Be Ravaged, Kozue Miha [Uncensored L**ked]",https://cdn001.imggle.net/webp/poster/20212709/1635503821.webp,https://javct.net/v/jbd-276-rm,120,2026-10-01
JBD-274-RM,Scarlet Red Tomoka Akari [Uncensored L**ked],https://cdn001.imggle.net/webp/poster/20212709/1633104295.webp,https://javct.net/v/jbd-274-rm,118,2026-10-01
JBD-275-RM,A Widow's Love For Snake Bondage: Her Husband's Unforgettable Heritage Tsubaki Kato [Uncensored L**ked],https://cdn001.imggle.net/webp/poster/20212709/1633104237.webp,https://javct.net/v/jbd-275-rm,130,2026-10-01
AVSA-159-RM,A New Generation Bisexual Pleasure-Seeking Absolutely Assertive Cute She-Male A Cross-Dressing Babe x A Beautiful Lesbian x A Big Dick Breaking In Master [Uncensored L**ked],https://cdn002.imggle.net/webp/poster/avsa-159.webp,https://javct.net/v/avsa-159-rm,137,2026-10-01
JBD-269-RM,Anal Rope Princess: The Birth Of A True Masochist Girl Alice [Uncensored L**ked],https://cdn002.imggle.net/webp/poster/jbd-269.webp,https://javct.net/v/jbd-269-rm,118,2026-10-01
MVSD-700,OD TRANS CHEMSEX PUSSY half-gal addicted to aphrodisiac goes crazy with male moans and blows piston FUCK,https://cdn001.imggle.net/webp/poster/08152026/92869caff7.webp,https://javct.net/v/mvsd-700,119,2026-10-01
DV-286-RM,(Cosplay Doll) Sora Aoi Uniform Doll [Uncensored L**ked],https://cdn001.imggle.net/webp/poster/08152026/465e22e796.webp,https://javct.net/v/dv-286-rm,120,2026-10-01
HMN-880-RM,"Unexpectedly Ran Into Her Older Sister In A Masochistic Encounter... Despite Her Extremely Sadistic Play, Her Devilish Smile And Sweet-and-sour Dirty Talk Drove Me Crazy, And I Became Addicted To Her Reward Of Cumming Inside Me After I Held Back My Ejaculation... Itsukaichi Mei [Uncensored L**ked]",https://cdn001.imggle.net/webp/poster/07052026/4898f80749.webp,https://javct.net/v/hmn-880-rm,120,2026-10-01
NITR-311-RM,Amateur Masks Lust 22 [Uncensored L**ked],https://cdn001.imggle.net/webp/poster/20221202/1648366072.webp,https://javct.net/v/nitr-311-rm,146,2026-10-01
GMA-027-RM,Wife In Bondage Training Wife Finds Out About Her Husband's Debt And Goes To Her Father-in-Law In The Countryside He Ties Her Up In An Abandoned Hot Spring Resort And Makes Her Work For It! Mio Ichijo [Uncensored L**ked],https://cdn001.imggle.net/webp/poster/20212011/1641617241.webp,https://javct.net/v/gma-027-rm,123,2026-10-01
NACT-181-RM,"She Looks Like An Ordinary Middle-aged Housekeeper, But In Reality, She's A Dominatrix And A Total Pervert!? - Mai Fuyuki [Uncensored L**ked]",https://cdn001.imggle.net/webp/poster/08152026/98a3dcd3fa.webp,https://javct.net/v/nact-181-rm,120,2026-10-01
GMA-103-RM,Bondage Training Wife Reunion and servitude with her former boss with whom she once had a physical relationship. [Uncensored L**ked],https://cdn001.imggle.net/webp/poster/08152026/7618bb28bb.webp,https://javct.net/v/gma-103-rm,120,2026-10-01
NITR-273-RM,Amateur MILFs In Masks: Submissive Bitches Gratify Urges 20 Mature Woman Ver. III [Uncensored L**ked],https://cdn001.imggle.net/webp/poster/20220707/1657475017.webp,https://javct.net/v/nitr-273-rm,148,2026-10-01
GMA-102-RM,Bondage Training Wife: Her dead husband's perverted tendencies and secrets she didn't know. [Uncensored L**ked],https://cdn001.imggle.net/webp/poster/08152026/7538b526e5.webp,https://javct.net/v/gma-102-rm,124,2026-10-01
YSN-358-RM,Incestual Relationship Training Log With a Beautiful Mother Kaori Saejima [Uncensored L**ked],https://cdn001.imggle.net/webp/poster/20212011/1638493434.webp,https://javct.net/v/ysn-358-rm,120,2026-10-01
KSBJ-129-RM,Complete Control - Hazuki Wakamiya [Uncensored L**ked],https://cdn002.imggle.net/webp/poster/ksbj-129.webp,https://javct.net/v/ksbj-129-rm,120,2026-10-01
CLOT-043-RM,Alluring Black Pantyhose Boss: Natsuki Yokoyama [Uncensored L**ked],https://cdn001.imggle.net/webp/poster/08152026/58cde92efb.webp,https://javct.net/v/clot-043-rm,122,2026-10-01
NACT-181,"She Looks Like An Ordinary Middle-aged Housekeeper, But In Reality, She's A Dominatrix And A Total Pervert!? - Mai Fuyuki",https://cdn001.imggle.net/webp/poster/08152026/98a3dcd3fa.webp,https://javct.net/v/nact-181,120,2026-10-01
GMA-102,Bondage Training Wife: Her dead husband's perverted tendencies and secrets she didn't know.,https://cdn001.imggle.net/webp/poster/08152026/7538b526e5.webp,https://javct.net/v/gma-102,124,2026-10-01
CLOT-043,Alluring Black Pantyhose Boss: Natsuki Yokoyama,https://cdn001.imggle.net/webp/poster/08152026/58cde92efb.webp,https://javct.net/v/clot-043,122,2026-10-01
MIDA-805,The Hidden Side Of A Female College Student That She Can't Tell Anyone. A Full Course Of Squirting Orgasms In A Sensual Massage Parlor. Momo Inoue,https://cdn001.imggle.net/webp/poster/08152026/2ce3fc8b6c.webp,https://javct.net/v/mida-805,120,2026-10-01
DRPT-017-RM,Event That Pretended To Be A Treatment Brainwashing Sexual Intercourse By Making A Big Tits Wife Squid At An Esthetic Salon Asakura Kokona [Uncensored L**ked],https://cdn001.imggle.net/webp/poster/20220406/1654773417.webp,https://javct.net/v/drpt-017-rm,110,2026-10-01
DIAM-007-RM,Wheat Skin Pretty Oil Slimy Tied Up Sacred Tree YuAi 19 Years Old [Uncensored L**ked],https://cdn001.imggle.net/webp/poster/04112026/a3131c5703.webp,https://javct.net/v/diam-007-rm,138,2026-10-01
FC2PPV-4985063,"[No, Complete Amateur, Raw Creampie] A lovely 23-year-old office lady with big breasts that looks very delicious has her small shaved pussy spread by a big erect cock, and the old man releases two shots of sperm, one creampie and one on her stomach.",https://cdn001.imggle.net/webp/poster/08152026/c25649b54d.webp,https://javct.net/v/fc2ppv-4985063,62,2026-10-01
STARS-199-RM,Still No Name. Emergency Release Porn Performance [Uncensored L**ked],https://cdn001.imggle.net/webp/poster/20212709/1636528643.webp,https://javct.net/v/stars-199-rm,139,2026-10-01
EKDV-039-RM,RI ◆ O H-cup Girl [Uncensored L**ked],https://cdn001.imggle.net/webp/poster/08152026/44ece26dff.webp,https://javct.net/v/ekdv-039-rm,120,2026-10-01
FC2PPV-4979809,"[Complete secret version] [Face showing] [Squirting] [Cumshot] 24-year-old office lady Ayaka, neat and clean, but a bitch, squirting with a silly voice, her abomination that cums repeatedly [Chapter 1]",https://cdn001.imggle.net/webp/poster/08152026/9c3eaa722c.webp,https://javct.net/v/fc2ppv-4979809,141,2026-10-01
DIAM-002-RM,Former National Polity Swimming Original Swimmer Players AV Debut Club Life High Height: 172cm National Polity Participation Experience Have Been Living In There Is I Was Sad Face Nothing Like Anna Thing To Thing In Swimsuit For The Competition! [Uncensored L**ked],https://cdn001.imggle.net/webp/poster/04112026/c37077b5e5.webp,https://javct.net/v/diam-002-rm,126,2026-10-01
RPIN-073-RM,Plump H-Cup Dentist Receptionist Plump Meat Service Plump Body Pounded With A Big Cock! [Uncensored L**ked],https://cdn001.imggle.net/webp/poster/20230206/1685765847.webp,https://javct.net/v/rpin-073-rm,118,2026-10-01
WHX-015-RM,18-year-old Graduate Debut Wanted To Go In SEX Before Becoming A College Student!Mizuno Chinatsu 18-year-old Student SEX Was Becoming Comfortable Recently [Uncensored L**ked],https://cdn001.imggle.net/webp/poster/05192026/2133eaf384.webp,https://javct.net/v/whx-015-rm,120,2026-10-01
DDH-453-RM,Karen [Uncensored L**ked],https://cdn001.imggle.net/webp/poster/08152026/64f1fc6f91.webp,https://javct.net/v/ddh-453-rm,66,2026-10-01
DRS-42-RM,And Do Not Do Either Of The Erotic Drama Aneki My Youth? Rio Hamasaki [Uncensored L**ked],https://cdn001.imggle.net/webp/poster/08152026/9530df9b4b.webp,https://javct.net/v/drs-42-rm,120,2026-10-01
SDDE-458-RM,Absolutely 3 Fire! ! God Tech Rejuvenated Massage Salon [Uncensored L**ked],https://cdn001.imggle.net/webp/poster/20250903/1743543832.webp,https://javct.net/v/sdde-458-rm,135,2026-10-01
MIZD-482-RM,I Was Teased By The Oily Hand Techniques Of A Dishonest Masseuse And Ended Up Arching My Back In Ecstasy...BEST [Uncensored L**ked],https://cdn001.imggle.net/webp/poster/09052025/1757626299.webp,https://javct.net/v/mizd-482-rm,210,2026-10-01
BAGR-003-RM,Nurugari Oil Esthe The Finest Esthetic Shop That Leads To Ejaculation By Sticking A Slimy Slender Body To Yume Kotoishi [Uncensored L**ked],https://cdn001.imggle.net/webp/poster/20220406/1654925808.webp,https://javct.net/v/bagr-003-rm,137,2026-10-01
KTRA-414E-RM,Immoral Creampie Sex With Father-in-law And Daughter Nanami Yokomiya [Uncensored L**ked],https://cdn001.imggle.net/webp/poster/20220406/1655180782.webp,https://javct.net/v/ktra-414e-rm,128,2026-10-01
QBD-104-RM,Sex With A Beautiful Girl In A School Uniform - Kohinata Meru [Uncensored L**ked],https://cdn001.imggle.net/webp/poster/08152026/b36752c17d.webp,https://javct.net/v/qbd-104-rm,130,2026-10-01
SDDE-452-RM,"Best Oil Massage Full-scale European-style Massage Edited By ""always Intercourse"" Bikini Massage 4 F Cup Or More Of The Big Tits Esthetician [Uncensored L**ked]",https://cdn001.imggle.net/webp/poster/20250606/1751190292.webp,https://javct.net/v/sdde-452-rm,130,2026-10-01
DSJH-22,"Unstoppable Mega Cumshot!! I Called A Call Girl And My Cheeky Coworker Showed Up... So I Found Out What She Was Up To, Dr**ged Her With An Aphrodisiac, And Then Reversed The Tables With A Pounding, Cum-in-her-pussy Sex Session!!",https://cdn001.imggle.net/webp/poster/08152026/6b6a05311c.webp,https://javct.net/v/dsjh-22,209,2026-10-01
SCOP-644-RM,"The Reunion Of The Beautiful Yankee And Shock Who Had Been Bullying Me In The Old Days Of Taking Off NG Onakura!The Early Stage Is A Real Story Play That Is Fo**ed To Get Masturbation In Front Of The Eyes!In Turn, It Is Fo**ed To Live To Distract Yourself From Working In The Genres! !It Feels If I Can Insert Ji ● Port, And It Is Put Out Continuously In The Ex-girl Who Rolls Ahi Lickingly! ! [Uncensored L**ked]",https://cdn001.imggle.net/webp/poster/07052026/6fd86c9c5b.webp,https://javct.net/v/scop-644-rm,145,2026-10-01
JUY-465-RM,One Day Limited Entering Premium! !Newcomer Supreme Constriction Big Boobs Forest Hotaru's Ejaculation Unlimited! ! Narrow Radiation Luxury Soap [Uncensored L**ked],https://cdn001.imggle.net/webp/poster/08152026/d90b11e113.webp,https://javct.net/v/juy-465-rm,120,2026-10-01
MIDE-774-RM,Sensitive J Cup Opp Pub Miss Kana Kusakabe Who Will Be Production Without Controlling Muramura [Uncensored L**ked],https://cdn001.imggle.net/webp/poster/20230104/1682513327.webp,https://javct.net/v/mide-774-rm,150,2026-10-01
IESP-763-RM,"Kana Morisawa, Top-class Beauty, Cumshot Soapland [Uncensored L**ked]",https://cdn001.imggle.net/webp/poster/08152026/41b91bf263.webp,https://javct.net/v/iesp-763-rm,143,2026-10-01
WANZ-835-RM,Cum Shot OK Inside!Nipple To**ure Specialized Type New Pinsallo Bud [Uncensored L**ked],https://cdn001.imggle.net/webp/poster/07202025/1755649019.webp,https://javct.net/v/wanz-835-rm,150,2026-10-01
MIDE-771-RM,Apply Bubbles! Let's Play With Minor Soap Land Yui Kawai [Uncensored L**ked],https://cdn001.imggle.net/webp/poster/20253001/1741361822.webp,https://javct.net/v/mide-771-rm,120,2026-10-01
IESP-763,"Kana Morisawa, Top-class Beauty, Cumshot Soapland",https://cdn001.imggle.net/webp/poster/08152026/41b91bf263.webp,https://javct.net/v/iesp-763,143,2026-10-01
MIGD-755,Specialty Soap Suzuki Out In The Ultra-luxury Mayu,https://cdn001.imggle.net/webp/poster/08152026/fdc65027e4.webp,https://javct.net/v/migd-755,150,2026-10-01
DV-971-RM,Eri Ito Ultra-exclusive Luxury Soap Actress Alice JAPAN! [Uncensored L**ked],https://cdn001.imggle.net/webp/poster/08152026/4874e5da38.webp,https://javct.net/v/dv-971-rm,120,2026-10-01
ID-033-RM,"Miss Deriheru [Former Land Woman] Miss Deri When I Called Her, A 170 Cm Tall Athlete Army Enthusiast, A Transparent, Pure White Soft-skinned Army Girl Was A Sanbun Play Chitose Kudo [Uncensored L**ked]",https://cdn001.imggle.net/webp/poster/07052026/a00ac0cee8.webp,https://javct.net/v/id-033-rm,100,2026-10-01
XVSR-387-RM,Launch Unlimited Home Delivery Soap Asami Nagase [Uncensored L**ked],https://cdn001.imggle.net/webp/poster/07052026/d34ef9bc8f.webp,https://javct.net/v/xvsr-387-rm,120,2026-10-01
SCOP-479-RM,"If You Call Derihel, You Know What Your Own Acquaintance.I Have Already Had An Embarrassing Option And I Have To Do It Already! What?Although I Know The Actual Ban, I Scrub The Cheeks Over And Over, ""Do You Want To Put In?""Waiting For Words! ! [Uncensored L**ked]",https://cdn001.imggle.net/webp/poster/08152026/9e74716ed1.webp,https://javct.net/v/scop-479-rm,160,2026-10-01
OBA-383-RM,There Is No Need To Negotiate For Production! ! Sexless Milf Professional Pub With Raw Slug And Raw Vaginal Cum Shot Makimura Ayaka [Uncensored L**ked],https://cdn001.imggle.net/webp/poster/20241901/1707437324.webp,https://javct.net/v/oba-383-rm,120,2026-10-01
ID-032-RM,I Was Surprised When I Called Miss Deli! Paisura Big Breasts F Cup Scam Is Actually A Cup De M Nipple A Female College Student Who Has Fallen In Love [Uncensored L**ked],https://cdn001.imggle.net/webp/poster/07052026/a0d69839e0.webp,https://javct.net/v/id-032-rm,110,2026-10-01
MIST-223-RM,"Does It Only To ""hug / Co-sleep / Arm Pillow"" J ○ Take A Cum Shot Aid With A Girl In A Refresh Shop And Keep It In A Store 5 [Uncensored L**ked]",https://cdn001.imggle.net/webp/poster/05192026/6dc543615b.webp,https://javct.net/v/mist-223-rm,160,2026-10-01
MIST-224-RM,Amateur Wife Deriher Dispatching Complete Voyeur G Cup Married Woman Yurika San 33 Years Old Aoi Yurika [Uncensored L**ked],https://cdn001.imggle.net/webp/poster/05192026/b257ef66c0.webp,https://javct.net/v/mist-224-rm,150,2026-10-01
MIGD-752,Specialty Soap Out In The Ultra-luxury Rena Aoi,https://cdn001.imggle.net/webp/poster/08152026/bccb5522bc.webp,https://javct.net/v/migd-752,170,2026-10-01
CLUB-256-RM,Only Women Experience Visiting With Lower Body Touch NG Nooppabu The Words Sk**lfully Sounds I Caught The Reality Of Unscrupulous Customers To Put In Production! [Uncensored L**ked],https://cdn001.imggle.net/webp/poster/12082025/1768178401.webp,https://javct.net/v/club-256-rm,180,2026-10-01
WZEN-057-RM,Publication Ban 09 Girl's Bar Clerk Ai (27) [Uncensored L**ked],https://cdn001.imggle.net/webp/poster/20220406/1656077575.webp,https://javct.net/v/wzen-057-rm,110,2026-10-01
DANDY-817-RM,"The Compatibility Was Excellent, But The Two Who Finished Without The Actual Performance Burned Up With A Rich Kiss At The Time Of Parting! ""I Don't Know When I'll See You Next Time ... I Really Want To Go! ] Rule-breaking Time-saving SEX VOL.2 That Meets Each Other On The Way Home With Miss Deriheru [Uncensored L**ked]",https://cdn001.imggle.net/webp/poster/20220406/1655966389.webp,https://javct.net/v/dandy-817-rm,217,2026-10-01
FC2PPV-4945867,"Uncensored 1st edition, 2 beautiful women 3P, almost neat Saito, slender Tashiro-chan, amateur creampie uncensored Gonzo video, review bonus uncensored",https://cdn001.imggle.net/webp/poster/08152026/a3bed92189.webp,https://javct.net/v/fc2ppv-4945867,94,2026-10-01
ATID-666,I Slept With Your Ex-girlfriend. Please Forgive Me...,https://cdn001.imggle.net/webp/poster/08152026/f44b4cc5ed.webp,https://javct.net/v/atid-666,100,2026-10-01
MIMK-290,"I Reincarnated As A Futanari Villainess, So I'm Going To Conquer The Heroine Of An Otome Game (Live-Action Version)",https://cdn001.imggle.net/webp/poster/08152026/f90308c745.webp,https://javct.net/v/mimk-290,90,2026-10-01
HUNBL-096-RM,"""I Have Nowhere To Go ..."" There Is A Reason Why The Arasa Women Have Lost Their Place, And Because They Don't Want To Be Kicked Out, They Listen To Whatever The Landlord Says ... [Uncensored L**ked]",https://cdn001.imggle.net/webp/poster/20220406/1654839644.webp,https://javct.net/v/hunbl-096-rm,150,2026-10-01
TCD-345,"Japan's First Transsexual AV Director, Himeoka Shia, Directs! Transsexual Lesbian Sex Tape Close-up Date 4 With Hisaki Ena",https://cdn001.imggle.net/webp/poster/08152026/5778f3f652.webp,https://javct.net/v/tcd-345,132,2026-10-01
TCD-346,"Japan's First Transsexual AV Director, Himeoka Shia, Directs! Transsexual Lesbian Sex Tape Close-up Date 5 With Ashiro Rio",https://cdn001.imggle.net/webp/poster/08152026/f682c61912.webp,https://javct.net/v/tcd-346,125,2026-10-01
TCD-340,"""Akari Niimura"" Begs For A Cumshot Inside The Exposed Clitoris Of Crossdresser ""Ena Hisaki""!!",https://cdn001.imggle.net/webp/poster/08152026/4aa9eef4e5.webp,https://javct.net/v/tcd-340,135,2026-10-01
C-2559,Women's Trip 016,https://cdn001.imggle.net/webp/poster/08152026/42c0c8f2cb.webp,https://javct.net/v/c-2559,115,2026-10-01
BBAN-261-RM,Real Escape Documents Girls Trapped In A Room That Can Not Be Exited Unless You Have Lesbian Sex [Uncensored L**ked],https://cdn001.imggle.net/webp/poster/20241902/1709944115.webp,https://javct.net/v/bban-261-rm,160,2026-10-01
SSPD-036-RM,Time Of Masochistic To**ure Vampire Hunter [Uncensored L**ked],https://cdn001.imggle.net/webp/poster/08152026/3d9442c5e1.webp,https://javct.net/v/sspd-036-rm,190,2026-10-01
START-611-RM,"Swinging Amateur Village When I got married, NTR, which exchanges wives, was a pervert village of entertainment Haru Shibasaki [Uncensored L**ked]",https://cdn001.imggle.net/webp/poster/07052026/ee9e8509ba.webp,https://javct.net/v/start-611-rm,145,2026-10-01
DANDYA-044-RM,"""It's Your Fault For Getting Wet When I, A Lesbian, Touch You,"" Says The Sexually Insatiable Lesbian Woman, Seducing Her Cute Girlfriend From Behind With A Sticky, Kneading Finger Job, Even With Her Boyfriend Right Beside Her. [Uncensored L**ked]",https://cdn001.imggle.net/webp/poster/07052026/376225e8df.webp,https://javct.net/v/dandya-044-rm,200,2026-10-01
IPSD-004-RM,Welcome To IP Cabaret 2 [Uncensored L**ked],https://cdn001.imggle.net/webp/poster/08152026/e3cd8818d7.webp,https://javct.net/v/ipsd-004-rm,240,2026-10-01
MEYD-991-SUB,Couple Esthetician Secret Filming NTR I Was Made To Climax While My Boyfriend Was Sleeping Next To Me. (Lesbian Play Included) () [English Subtitle],https://cdn001.imggle.net/webp/poster/20252204/1747332383.webp,https://javct.net/v/meyd-991-sub,100,2026-10-01
C-2554,Raw Lesbian Hot Spring Trip 09,https://cdn001.imggle.net/webp/poster/08152026/95721c4ac9.webp,https://javct.net/v/c-2554,120,2026-10-01
MILD-053-RM,Special Best Friend Full Version Million [Uncensored L**ked],https://cdn001.imggle.net/webp/poster/08152026/b4a00c19a4.webp,https://javct.net/v/mild-053-rm,150,2026-10-01
JBD-282-RM,The Guy I Loved Was A Devil... [Uncensored L**ked],https://cdn001.imggle.net/webp/poster/20221202/1648805575.webp,https://javct.net/v/jbd-282-rm,188,2026-10-01
XVSR-382-RM,Ikase Battle Royale Gachi 4 Rounds × 4 Hours [Uncensored L**ked],https://cdn001.imggle.net/webp/poster/07052026/82c9c08a6a.webp,https://javct.net/v/xvsr-382-rm,240,2026-10-01
HALT-009-RM,Almost Virgin Duo Raised In The Countryside. First Petit Lesbian! First Train! First 3P! I Feel Too Much And Serious Juice Dada L**ks Creampie SEX [Uncensored L**ked],https://cdn001.imggle.net/webp/poster/20220406/1655530478.webp,https://javct.net/v/halt-009-rm,105,2026-10-01
BBAN-291-RM,If The Cooler Breaks Down In The Midsummer Girls' Dormitory... JD4 Sweaty And Thick Lesbians [Uncensored L**ked],https://cdn001.imggle.net/webp/poster/08152026/c2a1042cac.webp,https://javct.net/v/bban-291-rm,120,2026-10-01
MIRD-095-RM,White Spirit Medicine Ward Hypnosis Superezu [Uncensored L**ked],https://cdn001.imggle.net/webp/poster/08152026/a2ecbd227d.webp,https://javct.net/v/mird-095-rm,230,2026-10-01
BBAN-603-RM,"Going Commando Is Our Secret Signal. Ever Since That Day I Succumbed To Lesbian Temptation, I've Been Having A Secret, Lewd Rendezvous With That Girl From The Next Town Every Morning. Shizuka Akana Ito [Uncensored L**ked]",https://cdn001.imggle.net/webp/poster/08152026/511d37d466.webp,https://javct.net/v/bban-603-rm,140,2026-10-01
IESP-565-RM,Natsumi Horiguchi To**ure Lesbian Sister-sister-in-law Hen Kotone Amemiya [two] [Uncensored L**ked],https://cdn001.imggle.net/webp/poster/08152026/17f4ede432.webp,https://javct.net/v/iesp-565-rm,130,2026-10-01
FC2PPV-4884888,[No *High quality Yui 22 years old Nogi◯ beauty's anal licking] Nogi◯ beauty tries anal licking The cute girl licks the anus so much that she gives a blowjob and releases a large amount of the old man's sperm ♡ Anal licking feels so good that the sperm splattered on her face lol,https://cdn001.imggle.net/webp/poster/04112026/1776755796.webp,https://javct.net/v/fc2ppv-4884888,60,2026-10-01
FC2PPV-4884649,"[Uncensored] Gravure idol Aiko, 24 years old, the distance is too close to show off her beautiful breasts, and on nights when she can't say anything",https://cdn001.imggle.net/webp/poster/04112026/1776755525.webp,https://javct.net/v/fc2ppv-4884649,25,2026-10-01
PA-042126-100,What If Your Dream Wife Wearing an Apron Naked? : Sakura Sakurai,https://cdn001.imggle.net/webp/poster/04112026/1776755661.webp,https://javct.net/v/pa-042126-100,55,2026-10-01
10-042126-01,Collects the cum that was sprayed on her face and tastes every drop,https://cdn001.imggle.net/webp/poster/04112026/1776755750.webp,https://javct.net/v/10-042126-01,09,2026-10-01
HZ-3829,Beauty Collection Vol.117 - Meirin,https://cdn001.imggle.net/webp/poster/04112026/1776755601.webp,https://javct.net/v/hz-3829,59,2026-10-01
CR-042126-001,The tragedy of a wife who repays her husband's debts with her body,https://cdn001.imggle.net/webp/poster/04112026/1776755732.webp,https://javct.net/v/cr-042126-001,61,2026-10-01
1P-042126-001,Happy Around in School! : Luxury Spa Club,https://cdn001.imggle.net/webp/poster/04112026/1776755765.webp,https://javct.net/v/1p-042126-001,60,2026-10-01
FC2PPV-4884772,[Uncensored/Complete amateur/Creampie/Squirting] Neat and innocent 149cm short girl in uniform She's so cute that she inserts herself into a vagina that tightens so tight that you push her back and gives her a rich creampie ♡,https://cdn001.imggle.net/webp/poster/04112026/1776755692.webp,https://javct.net/v/fc2ppv-4884772,14,2026-10-01
FC2PPV-4884691,"[Uncensored] Big-breasted receptionist Sayaka, 25 years old, her response is not a job, but a sex video record that is destroyed by a too polite distance",https://cdn001.imggle.net/webp/poster/04112026/1776755717.webp,https://javct.net/v/fc2ppv-4884691,18,2026-10-01
FC2PPV-4884935,[Amateur's first shot] Sumire (18) 163 cm 47 kg D cup and the cutest shooting data was collected from the forehead camera's first person perspective video,https://cdn001.imggle.net/webp/poster/04112026/1776733868.webp,https://javct.net/v/fc2ppv-4884935,66,2026-10-01
FC2PPV-4884375,"[Slender] A Kansai guy woke up after having sex for the first time in 2 years. He wanted more. He couldn't help but squirt at the overflowing moans. Two consecutive creampies, and a strong squirting finish.",https://cdn001.imggle.net/webp/poster/04112026/1776733779.webp,https://javct.net/v/fc2ppv-4884375,63,2026-10-01
10-041926-01,Treasured Pussy Selection: Ai Nakano,https://cdn001.imggle.net/webp/poster/04112026/1776669419.webp,https://javct.net/v/10-041926-01,14,2026-10-01
CR-042026-001,SEX establishment in which staff dress in costumes,https://cdn001.imggle.net/webp/poster/04112026/1776669371.webp,https://javct.net/v/cr-042026-001,59,2026-10-01
FC2PPV-4883860,"[Limited Uncensored] A hole is made in the official layer condom of the fireworks costume, and she impregnates him on a dangerous day and accepts the invitation and has sex with him...♡ [Fireworks/Collapse Star Rail]",https://cdn001.imggle.net/webp/poster/04112026/1776645835.webp,https://javct.net/v/fc2ppv-4883860,27,2026-10-01
FC2PPV-4883599,"[Complete secret version] [I cup] [Big breasts] [Creampie] Haruka, a new I cup graduate employee, was fo**ed to leave the company due to escalating harassment from her colleagues and boss [Chapter 1]",https://cdn001.imggle.net/webp/poster/04112026/1776576303.webp,https://javct.net/v/fc2ppv-4883599,112,2026-10-01
FC2PPV-4883692,"[Uncensored] Hostess Marin, 23 years old, at first it was meant to be light, but before she knew it, the sex had become intense and she couldn't get out of it.",https://cdn001.imggle.net/webp/poster/04112026/1776576339.webp,https://javct.net/v/fc2ppv-4883692,36,2026-10-01
HZ-3830,Asi-Hame!! Vol.26 - Zhang,https://cdn001.imggle.net/webp/poster/04112026/1776576140.webp,https://javct.net/v/hz-3830,61,2026-10-01
FC2PPV-4878741,[Uncensored] ** The hidden face of nursery teacher Yumi (22)... Her secret is too neat,https://cdn001.imggle.net/webp/poster/04112026/1776576108.webp,https://javct.net/v/fc2ppv-4878741,17,2026-10-01
FC2PPV-4882927,[Resale] [Mawashi Project] Here is a divine work full of F-cup beauties whose erotic marshmallow bodies make you irresistible no matter what you wear.,https://cdn001.imggle.net/webp/poster/04112026/1776570068.webp,https://javct.net/v/fc2ppv-4882927,78,2026-10-01
FC2PPV-4879997,"[Uncensored] Ayame (27) Secretary with big breasts and beautiful breasts, intimate private life that is not usually shown",https://cdn001.imggle.net/webp/poster/04112026/1776576189.webp,https://javct.net/v/fc2ppv-4879997,16,2026-10-01
FC2PPV-4883529,"380_[Dirty language graffiti] Thank you for her retirement, Runa-chan. Pervert dirty words graffiti on her super dynamite body. At the end, the three actors make Runa-chan enjoy her body to their heart's content. Creampie 4P Runa-chan Chapter 10 [Overseas version]",https://cdn001.imggle.net/webp/poster/04112026/1776569680.webp,https://javct.net/v/fc2ppv-4883529,58,2026-10-01
HZ-3827,Perverted Maid Turns Into A Nympho With Her Master's Junk - Kaede Takagaki,https://cdn001.imggle.net/webp/poster/04112026/1776487863.webp,https://javct.net/v/hz-3827,61,2026-10-01
PA-041826-100,It's Hawaii! A Bikini wife in high spirits!,https://cdn001.imggle.net/webp/poster/04112026/1776506834.webp,https://javct.net/v/pa-041826-100,60,2026-10-01
10-041826-01,SEX within seconds of meeting : Ai Nakano,https://cdn001.imggle.net/webp/poster/04112026/1776487893.webp,https://javct.net/v/10-041826-01,47,2026-10-01
300MIUM-1370-RM,She uses her well-maintained body for the man's convenience. [Uncensored L**ked],https://cdn001.imggle.net/webp/poster/08152026/dcd3184d92.webp,https://javct.net/v/300mium-1370-rm,69,2026-10-01
300MIUM-1370,"[Tamako, who was so beautiful, is now a mess] She uses her well-maintained body for the man's convenience.",https://cdn001.imggle.net/webp/poster/08152026/dcd3184d92.webp,https://javct.net/v/300mium-1370,69,2026-10-01
FW-019-RM,A stepdaughter who squeezes out her father-in-law's delusional big dick in a dream. She straddles herself and uses her hips like yoga to violently piston! Creampie SEX where she cums over and over again with her steamy wet pussy right after exercise. [Uncensored L**ked],https://cdn001.imggle.net/webp/poster/08152026/986190e9a3.webp,https://javct.net/v/fw-019-rm,71,2026-10-01
FW-020,「婿のチ○ポがなきゃ生きていけない…」夫の目の前で自ら跨る義母！欲求不満の義母ミズキが我慢できず、駅のトイレでハメ狂いセックス 奈良崎みづき,https://cdn001.imggle.net/webp/poster/08152026/aef48d3f8b.webp,https://javct.net/v/fw-020,140,2026-10-01
FW-019,A stepdaughter who squeezes out her father-in-law's delusional big dick in a dream. She straddles herself and uses her hips like yoga to violently piston! Creampie SEX where she cums over and over again with her steamy wet pussy right after exercise.,https://cdn001.imggle.net/webp/poster/08152026/986190e9a3.webp,https://javct.net/v/fw-019,71,2026-10-01
FC2PPV-4937237,"[Uncensored] Tall, beautiful-legged Narika-chan gets a heavy creampie after intense cowgirl footjob",https://cdn001.imggle.net/webp/poster/08152026/4cf31e858b.webp,https://javct.net/v/fc2ppv-4937237,62,2026-10-01
KMI-091-RM,The Pantyhose Legs Of Your Dreams Ichika Kamihata [Uncensored L**ked],https://cdn001.imggle.net/webp/poster/20220406/1656131334.webp,https://javct.net/v/kmi-091-rm,126,2026-10-01
VRTM-468-RM,"I Peeked Under The Foot Warmer And I Saw My Stepdaughter's Panty Shot Flashing At Me! I Couldn't Resist, So When I Touched Her Still-Developing Pussy, She Started Getting Dripping Wet And Got Super Horny! Her Mother Is Sitting Right There, But It Didn't Matter, It Was Time For Fakecest: Creampies! 2 [Uncensored L**ked]",https://cdn001.imggle.net/webp/poster/20222109/1665417929.webp,https://javct.net/v/vrtm-468-rm,120,2026-10-01
DNJR-062-RM,"Rika Tsubaki's Dirty Talk, Teasing a Masochistic Male [Uncensored L**ked]",https://cdn001.imggle.net/webp/poster/20212709/1636204032.webp,https://javct.net/v/dnjr-062-rm,162,2026-10-01
PKPD-181-RM,"Kanna, The Female Office Worker From The Advertising Firm Has A K**ler Body. She Is A Lady Recommended For Bareback Money Shots. Kanna Asumi [Uncensored L**ked]",https://cdn001.imggle.net/webp/poster/20212011/1643612024.webp,https://javct.net/v/pkpd-181-rm,140,2026-10-01
HZGD-211-RM,"""Dear Father-In-Law, I Would Like To Bear Your C**ld ..."" A Beautiful Married Woman Is Squirting Like Crazy And Begging For Creampie Sex Because She Wants Her Father-In-Law's Seed And Is Willing To Lure Him To Temptation To Get It Nanako Miyamura [Uncensored L**ked]",https://cdn001.imggle.net/webp/poster/20212011/1643968507.webp,https://javct.net/v/hzgd-211-rm,128,2026-10-01
AKDL-083-RM,"[For those who want their faces stepped on by girls] Completely subjective, intense smell! Foot sole odor to**ure [Uncensored L**ked]",https://cdn001.imggle.net/webp/poster/05192026/455fb12a64.webp,https://javct.net/v/akdl-083-rm,94,2026-10-01
PKPD-156-RM,"Amateur Friendship Document: Real Cuckold Personal Filming of Kozue, An Office Lady with Superb Legs Kozue Minami [Uncensored L**ked]",https://cdn001.imggle.net/webp/poster/20212308/1630749336.webp,https://javct.net/v/pkpd-156-rm,140,2026-10-01
259LUXU-163,Luxury TV 169,https://cdn001.imggle.net/webp/poster/07052026/58fe2158e1.webp,https://javct.net/v/259luxu-163,55,2026-10-01
FTO-001-RM,[Cosplay Individual Shooting L**ked] Filming Famous Layered People Who Participate In Comiket. Penis Inserted Directly Into The Enchanting Big Breasted Body [Uncensored L**ked],https://cdn001.imggle.net/webp/poster/20242108/1727018307.webp,https://javct.net/v/fto-001-rm,133,2026-10-01
FTO-003-RM,"A Video Recording Of Two Active JDs Who Admire Charismatic Actors, Making The Dream Of An Amateur Woman Who Spends All Her Time Masturbating Come True [Uncensored L**ked]",https://cdn001.imggle.net/webp/poster/20242108/1727018348.webp,https://javct.net/v/fto-003-rm,130,2026-10-01
FW-012-RM,A wife who was fucked by her father-in-law without telling her husband. Stepdaughter Aoi Aosaka awakens to a new sexual desire and gets used to the meat urinal life [Uncensored L**ked],https://cdn001.imggle.net/webp/poster/05192026/d473c572da.webp,https://javct.net/v/fw-012-rm,148,2026-10-01
PKPD-145-RM,Amateur Fuck Buddy Documentary - Lightly Buzzed Creampie Sex With Fragrant Pretty Office Lady In Pantyhose - Hana Shirato [Uncensored L**ked],https://cdn002.imggle.net/webp/poster/pkpd-145.webp,https://javct.net/v/pkpd-145-rm,123,2026-10-01
FW-012,A wife who was fucked by her father-in-law without telling her husband. Stepdaughter Aoi Aosaka awakens to a new sexual desire and gets used to the meat urinal life,https://cdn001.imggle.net/webp/poster/05192026/d473c572da.webp,https://javct.net/v/fw-012,148,2026-10-01
PKPD-142-RM,Fucking School Girls In Black Pantyhose Raw And Cumming On Their Faces Over And Over Rin And Miku [Uncensored L**ked],https://cdn002.imggle.net/webp/poster/pkpd-142.webp,https://javct.net/v/pkpd-142-rm,140,2026-10-01
300MIUM-1373-RM,"[Newcomer] There is nutrition that can only be obtained from the nakedness of a smart woman lol. She is an honor student and can take care of herself, so her body is super beautiful and her skin is smooth lol. [Uncensored L**ked]",https://cdn001.imggle.net/webp/poster/05192026/45ac6f01e6.webp,https://javct.net/v/300mium-1373-rm,72,2026-10-01
PKPD-139-RM,A Rubberless Pay-For-Play Sugar Daddy x A Schoolgirl In Loose Socks In A Half-In/Half-Out Half-Day Of Fucking [Uncensored L**ked],https://cdn002.imggle.net/webp/poster/pkpd-139.webp,https://javct.net/v/pkpd-139-rm,140,2026-10-01
300MIUM-1373,"[Newcomer] There is nutrition that can only be obtained from the nakedness of a smart woman lol. She is an honor student and can take care of herself, so her body is super beautiful and her skin is smooth lol.",https://cdn001.imggle.net/webp/poster/05192026/45ac6f01e6.webp,https://javct.net/v/300mium-1373,72,2026-10-01
GTAXD-083-RM,Nozomi Closed Room Taxi Driver Futaba Saa [Uncensored L**ked],https://cdn001.imggle.net/webp/poster/05192026/0fd932be2d.webp,https://javct.net/v/gtaxd-083-rm,56,2026-10-01
MDBK-222-RM,Miniskirt Thong Schoolgirl 4 [Uncensored L**ked],https://cdn001.imggle.net/webp/poster/20212011/1644065524.webp,https://javct.net/v/mdbk-222-rm,151,2026-10-01
JUFE-199-RM,"This Old Man Will Drive A Big Tits Female Student Insane With His Secret Sexual Development Techniques - That Summer, I Remember Him Breaking In My Pussy With Hot Sweaty Love - Hono Wakamiya [Uncensored L**ked]",https://cdn001.imggle.net/webp/poster/20220707/1658877089.webp,https://javct.net/v/jufe-199-rm,120,2026-10-01
NHDTB-643-RM,The Perverted Scapegoat Mother. She Gets Fucked While Hugging And Protecting Her Daughter From A Pervert. [Uncensored L**ked],https://cdn001.imggle.net/webp/poster/20221202/1648101307.webp,https://javct.net/v/nhdtb-643-rm,179,2026-10-01
DASD-948-RM,Beautiful Woman With Big Tits Brainwashed Into Being Anal Fetishist. Ayaka Mochizuki. Arisu Otsu [Uncensored L**ked],https://cdn001.imggle.net/webp/poster/20212011/1639117333.webp,https://javct.net/v/dasd-948-rm,120,2026-10-01
NITR-223-RM,Magical Boys Go Hunting For Housewives With Big Tits 12 Ai Hinata [Uncensored L**ked],https://cdn001.imggle.net/webp/poster/20220707/1659920269.webp,https://javct.net/v/nitr-223-rm,146,2026-10-01
MRSS-111-RM,"My Big Booty Wife Protected Me From Thugs, And They Ended Up Taking It Out On Her Body... Ema Asahi [Uncensored L**ked]",https://cdn002.imggle.net/webp/poster/mrss-111.webp,https://javct.net/v/mrss-111-rm,131,2026-10-01
JUNY-061-RM,An Amazingly Voluptuous And Curvy Body Is Showcased With Hot Fetish Angles For Fucking! Reo Fujisawa [Uncensored L**ked],https://cdn001.imggle.net/webp/poster/20221202/1650009325.webp,https://javct.net/v/juny-061-rm,153,2026-10-01
NGOD-135-SUB,"Woman At Convenience Store HQ #2: Reiko Kobayakawa , Fallen Intelligence Advisor [English Subtitle]",https://cdn001.imggle.net/webp/poster/20212011/1639973656.webp,https://javct.net/v/ngod-135-sub,120,2026-10-01
JUFE-288-RM,"Older Guy's POV: Sticky, Sweaty, Passionate Fucks Filmed - Dripping Body Fluids Rina Takase [Uncensored L**ked]",https://cdn002.imggle.net/webp/poster/jufe-288.webp,https://javct.net/v/jufe-288-rm,170,2026-10-01
BKYNB-032-RM,Portio Development Oil Esthetic That Makes SEX-less Abstinence Married Woman Abnormal Libido Tsukishima Sakura [Uncensored L**ked],https://cdn001.imggle.net/webp/poster/20230908/1694953835.webp,https://javct.net/v/bkynb-032-rm,131,2026-10-01
JUNY-057-RM,"Misono Was Famous For Her Amazing Big Tits Back In Our School Days, Now She's Coming Over To My Place After Missing The Train At Our Class Reunion. Her Colossal Tits Are Even Bigger Now, And Her Pussy Milks Out Loads Of Cum From Me Non-stop. Misono Mizuhara [Uncensored L**ked]",https://cdn001.imggle.net/webp/poster/20212011/1644560785.webp,https://javct.net/v/juny-057-rm,182,2026-10-01
HAWA-272-RM,"A Cuckold Investigation ""I Want To Record My Beautiful Naked Body For Posterity"" When She Participated In A Memorial Real Nude Photo Session With A Young Model With A Big Cock, She Began To Drool With Lust And Forgot All About Her Husband, But Will She Fuck Him Too? vol. 14 [Uncensored L**ked]",https://cdn001.imggle.net/webp/poster/20221202/1646889945.webp,https://javct.net/v/hawa-272-rm,128,2026-10-01
JUNY-053-RM,Discovered A Plain Colleague Is A Call Girl...When Undresssed She Is Care Nurse With Huge Tits Ready For Raw Fuck Implantation Breaking In. Wareo Fujisawa [Uncensored L**ked],https://cdn001.imggle.net/webp/poster/20212011/1638514087.webp,https://javct.net/v/juny-053-rm,158,2026-10-01
JUFE-014-RM,While My Wife Was Out Of The House At A Friend's Wedding I Spent 5 Days Creampie Fucking My Wife's Young Sister And Breaking In Her Big Tits And I Got It All On Video Record Rin Asuka [Uncensored L**ked],https://cdn001.imggle.net/webp/poster/20220406/1656292412.webp,https://javct.net/v/jufe-014-rm,153,2026-10-01
JUFE-113-RM,A Dirty Old Man POV Documentary Relentless Deep And Rich Body Fluid-Drenched Slippery And Sweaty Sex Akari Neo [Uncensored L**ked],https://cdn001.imggle.net/webp/poster/20221202/1647176104.webp,https://javct.net/v/jufe-113-rm,159,2026-10-01
JUNY-049-RM,"A Members Only High-Class Resort! Welcome To A Flesh Fantasy Sex Club Resort For Adults, Where You'll Be Surrounded By Women In Shameful Costumes And Enveloped In Sinful Flesh Reo Fujisawa [Uncensored L**ked]",https://cdn001.imggle.net/webp/poster/20212709/1635488566.webp,https://javct.net/v/juny-049-rm,172,2026-10-01
IPX-508-RM,"Back Home For A Boring Summer, My Step Cousin's Wet H-Cup Tits Are Too Alluring... Minori Hatsune [Uncensored L**ked]",https://cdn001.imggle.net/webp/poster/20212709/1633481587.webp,https://javct.net/v/ipx-508-rm,119,2026-10-01
JUFE-081-RM,An Old Man POV Documentary Relentlessly Deep And Rich Fluid Dripping Sweaty Sex Mari Takasugi [Uncensored L**ked],https://cdn001.imggle.net/webp/poster/20221202/1647463386.webp,https://javct.net/v/jufe-081-rm,151,2026-10-01
JUNY-046-RM,"I Have The Most Convenient Woman In History, Because I Only Call Her When I Want To Fuck This Meaty Bitch Will Never Turn Down An Erotic Invitation To Pleasure And Here We Are, Having Sweaty, Raw Sex Reo Fujisawa [Uncensored L**ked]",https://cdn001.imggle.net/webp/poster/20212709/1634377670.webp,https://javct.net/v/juny-046-rm,158,2026-10-01
NITR-247-RM,Amateur Masks Lust 18 [Uncensored L**ked],https://cdn001.imggle.net/webp/poster/20220707/1658342232.webp,https://javct.net/v/nitr-247-rm,143,2026-10-01
JUY-197-RM,"Lusty Lesbians' Clandestine Office Romance Asahi Mizuno , Riko Hanasaki [Uncensored L**ked]",https://cdn001.imggle.net/webp/poster/20221108/1661970180.webp,https://javct.net/v/juy-197-rm,146,2026-10-01
JUFE-155-RM,She's Freeing Her Body And Soul In A Deep And Rich Creampie Journey Maria Nagai [Uncensored L**ked],https://cdn001.imggle.net/webp/poster/20220707/1660013639.webp,https://javct.net/v/jufe-155-rm,174,2026-10-01
BIJN-197-RM,The Documentary Animalistic Instinct Sex Girl Transformed Into A Chubby Pleasure Monster Seeking To Be Fucked Saya Minami [Uncensored L**ked],https://cdn002.imggle.net/webp/poster/bijn-197.webp,https://javct.net/v/bijn-197-rm,103,2026-10-01
JUNY-038-RM,"She looks just like that famous pretty volleyball player! With her voluptuous thighs and a big ass, she's a well-proportioned beauty. Siori Kimura's AV debut!!! This former volleyball player who has slept only with two men and you wouldn't expect her to make this career change has flourished thanks to her salacious body! Siori Kimura [Uncensored L**ked]",https://cdn002.imggle.net/webp/poster/juny-038.webp,https://javct.net/v/juny-038-rm,184,2026-10-01
BOBB-325-RM,"We're Bringing Out The Absolute Best Of Her Alluring, Divine J-Cup Colossal Tits! Super Selections! 6 Situations Boin ""Misono Mizuhara"" Box 2 If You're Into Fetishes, Check Out (Our Proudest Accomplishments) Videos [Uncensored L**ked]",https://cdn001.imggle.net/webp/poster/20212709/1636703121.webp,https://javct.net/v/bobb-325-rm,123,2026-10-01
BOBB-324-RM,"J-cup Ultra Colossal Tits. Boin ""Misono Mizuhara"" Box. The Busty ""Boin"" Master Returns! These Big Tits Are Perfect To Lick, Rub, And Titty Fuck. They'll Make Any Big Tit Lover Go Crazy For Them! [Uncensored L**ked]",https://cdn001.imggle.net/webp/poster/20212709/1634288050.webp,https://javct.net/v/bobb-324-rm,123,2026-10-01
HAZUH-007,"Although she is still young, she is a sexless K-cup chubby young wife with a dry penis, and her breasts are bulging with frustration.",https://cdn001.imggle.net/webp/poster/08152026/a0a0723560.webp,https://javct.net/v/hazuh-007,241,2026-10-01
NKKD-321-SUB,Drive Recorder NTR32 In-vehicle Camera Was Watching The Whole Story Of The Netorare [English Subtitle],https://cdn001.imggle.net/webp/poster/20241901/1707452970.webp,https://javct.net/v/nkkd-321-sub,160,2026-10-01
CHCH-020-RM,Big-breasted Mom Who Loves Her Son-Behaves In A Big Way Overnight To Cheer Up Her Boy Before The Exam 7 Ejaculation- [Uncensored L**ked],https://cdn001.imggle.net/webp/poster/20221904/1654318360.webp,https://javct.net/v/chch-020-rm,115,2026-10-01
CHRV-157-RM,Big Boobs Chin Power And Huge Breasts Ton's Law Of Motion My Sister's Huge Breasts Moment Is Worth Seeing! M Cup 133cm Chi-chan [Uncensored L**ked],https://cdn001.imggle.net/webp/poster/20220406/1654925102.webp,https://javct.net/v/chrv-157-rm,150,2026-10-01
NKKD-260-RM,"Rumored Highest Grade K Cup Breasts In The Neighborhood A Fleshy Body That Is Poked And Shaked By A Stick, Big Tits, Obscene, Cuckold, Yuria Yoshine [Uncensored L**ked]",https://cdn001.imggle.net/webp/poster/20220406/1654842434.webp,https://javct.net/v/nkkd-260-rm,120,2026-10-01
NINE-125-RM,"The Most Perverted, Top-grade A5 Meat In Japan! A Charismatic, Busty I-cup Prostitute From An Office Lady Specialty Shop, In A Private Video Showing Her Slutty Behavior And 13 Orgasms. MOMONA [Uncensored L**ked]",https://cdn001.imggle.net/webp/poster/08152026/2999f495ff.webp,https://javct.net/v/nine-125-rm,117,2026-10-01
NGOD-128-RM,OB Visit NTR Yuria Yoshine [Uncensored L**ked],https://cdn001.imggle.net/webp/poster/20253001/1740749468.webp,https://javct.net/v/ngod-128-rm,130,2026-10-01
CESD-162,It Feels Good Soft Body SEX Sanki This Nozomi,https://cdn001.imggle.net/webp/poster/08152026/aeda72a7ce.webp,https://javct.net/v/cesd-162,160,2026-10-01
BOBB-317-RM,Nishimura Nina Super Meat Bullets Breasts Relatively The Same I Cup Is About 1.5 Times Bigger!Overwhelming Size Feeling That Can Not Be Missed! [Uncensored L**ked],https://cdn001.imggle.net/webp/poster/07052026/29975c6d48.webp,https://javct.net/v/bobb-317-rm,120,2026-10-01
NINE-125,"The Most Perverted, Top-grade A5 Meat In Japan! A Charismatic, Busty I-cup Prostitute From An Office Lady Specialty Shop, In A Private Video Showing Her Slutty Behavior And 13 Orgasms. MOMONA",https://cdn001.imggle.net/webp/poster/08152026/2999f495ff.webp,https://javct.net/v/nine-125,117,2026-10-01
HZGD-282-RM,"My Daughter's Boyfriend Was A Virgin, So I Decided To Help Him Practice Sex With Her. [Uncensored L**ked]",https://cdn001.imggle.net/webp/poster/20242108/1725594636.webp,https://javct.net/v/hzgd-282-rm,147,2026-10-01
ARS-020-RM,Transfer Shock! SUPER J Hitomi [Uncensored L**ked],https://cdn001.imggle.net/webp/poster/20230205/1683777070.webp,https://javct.net/v/ars-020-rm,120,2026-10-01
BOBB-314-RM,Natural I Cup Deca Too Big Breasts Innocent Uniform Girl Takes Pervert In Transformation! [Uncensored L**ked],https://cdn001.imggle.net/webp/poster/07052026/e182d75d3b.webp,https://javct.net/v/bobb-314-rm,120,2026-10-01
SNIS-198-RM,Special Haruna Hana NIIYAMA Orchid Reflection Double Super Milk Fucking Narrow [Uncensored L**ked],https://cdn001.imggle.net/webp/poster/08152026/a5ba281b00.webp,https://javct.net/v/snis-198-rm,150,2026-10-01
CHCH-021-RM,"J-cup Big Breasts Mom, Frustrated, Brings In A Young Man Next Door. Kayoko (54 Years Old) [Uncensored L**ked]",https://cdn001.imggle.net/webp/poster/20220406/1655528762.webp,https://javct.net/v/chch-021-rm,110,2026-10-01
BOBB-313-RM,Large Volume 100 Cm Huge Breasts I Cup Only!A Milk That Doesn't Get Tired Even If It's Tired Or Frustrated Or Pulled For Hours!Sensitive Ma ● Co Great Flood!Squid Makes Me Rush! [Uncensored L**ked],https://cdn001.imggle.net/webp/poster/20240807/1722124916.webp,https://javct.net/v/bobb-313-rm,120,2026-10-01
JJGG-008-RM,"J cup, thin mom. Moving hard in cowgirl position, covered in semen and drowning in 3P... Kyoko Usami [Uncensored L**ked]",https://cdn001.imggle.net/webp/poster/08152026/0263d8006c.webp,https://javct.net/v/jjgg-008-rm,110,2026-10-01
JJGG-008,"J cup, thin mom. Moving hard in cowgirl position, covered in semen and drowning in 3P... Kyoko Usami",https://cdn001.imggle.net/webp/poster/08152026/0263d8006c.webp,https://javct.net/v/jjgg-008,110,2026-10-01
SNIS-407-RM,Niiyama Run And Wearing No Underwear Bra Dating [Uncensored L**ked],https://cdn001.imggle.net/webp/poster/08152026/690820e7bb.webp,https://javct.net/v/snis-407-rm,120,2026-10-01
CEMD-481-RM,Big Tits Outdoor Exposed Lesbian Nina Nishimura Yua Kasumi [Uncensored L**ked],https://cdn001.imggle.net/webp/poster/20241902/1708742363.webp,https://javct.net/v/cemd-481-rm,125,2026-10-01
MDYD-921-RM,Busty Married Woman Hitomi Ends Up as a Hostess at the Creampie Hot Spring [Uncensored L**ked],https://cdn001.imggle.net/webp/poster/20221108/1660669006.webp,https://javct.net/v/mdyd-921-rm,119,2026-10-01
BOBB-305-RM,"This Is A Deca Isola Icup Sought By Boin!Sensitive Nipple Breastfeeding Handjob & Sex!Fierce Fucking With Powerful! ""Request A Heavy Piston To Say, ""Okay! [Uncensored L**ked]",https://cdn001.imggle.net/webp/poster/07052026/e898a59459.webp,https://javct.net/v/bobb-305-rm,120,2026-10-01
FAA-305-SUB,Mommy Friends Cosplay Roundtable [English Subtitle],https://cdn001.imggle.net/webp/poster/07052026/7042f39de9.webp,https://javct.net/v/faa-305-sub,119,2026-10-01
WANZ-450-RM,Off Meeting Bud Out In One Time Of Danger Date Famous Cosplayers Month [Uncensored L**ked],https://cdn001.imggle.net/webp/poster/08152026/eb6cb1bf95.webp,https://javct.net/v/wanz-450-rm,120,2026-10-01
MBMA-309-RM,"Hemp Rope Play: Young Girls Secretly Succumb To Masochistic Pleasure In An Old Storehouse. Six Episodes, 240 Minutes. Mania SPECIAL 4 [Uncensored L**ked]",https://cdn001.imggle.net/webp/poster/08152026/c4c87a5e46.webp,https://javct.net/v/mbma-309-rm,240,2026-10-01
WANZ-514-RM,Sports Cosplay Lust! Clothed Cowgirl Creampie Tsubomi [Uncensored L**ked],https://cdn001.imggle.net/webp/poster/20221108/1663689030.webp,https://javct.net/v/wanz-514-rm,148,2026-10-01
FC2PPV-4979400,"The true appearance of a serious otaku beauty who comes with her panties masked and begs her over and over again, ""I'm going to cum, I'm going to cum, I'm going to cum inside you, and I'm going to give you sex guidance (with bonus)",https://cdn001.imggle.net/webp/poster/08152026/5d9788c2ae.webp,https://javct.net/v/fc2ppv-4979400,48,2026-10-01
SUN-029-RM,Exhibitionist Date With Shy Cosplayer Girl. Cum-Drinking Doll [Uncensored L**ked],https://cdn001.imggle.net/webp/poster/20212308/1631172268.webp,https://javct.net/v/sun-029-rm,181,2026-10-01
STARS-201-RM,E! Makoto Toda In Such A Place! ? Self-take In And Out Of Various Places In Tokyo SEX Negotiations If You Get Bored! I Can't Go Home Until I Have Sex With 3 People! ! Makoto Toda [Uncensored L**ked],https://cdn001.imggle.net/webp/poster/08152026/b7e9c25c5e.webp,https://javct.net/v/stars-201-rm,140,2026-10-01
SOE-107-RM,Risky Mosaic 6 Costume Pakopako One! Amemiya Kotone [Uncensored L**ked],https://cdn001.imggle.net/webp/poster/08152026/8392f83112.webp,https://javct.net/v/soe-107-rm,120,2026-10-01
FC2PPV-4881948,"Uncensored, first shot, 1st edition, black-haired neat amateur beauty, almost Saito-chan, cosplay shaved pussy creampie gonzo video",https://cdn001.imggle.net/webp/poster/08152026/6c5783b3c1.webp,https://javct.net/v/fc2ppv-4881948,63,2026-10-01
FC2PPV-4984402,"Uncensored, 6th edition, black-haired neat amateur beauty, almost Saito-chan, deep throat, ejaculation in mouth, cute furry ears cosplay shaved raw sex video review bonus uncensored",https://cdn001.imggle.net/webp/poster/08152026/5d1b50eacb.webp,https://javct.net/v/fc2ppv-4984402,52,2026-10-01
FNS-258-RM,"When My Wife Changed Into A Sailor Uniform... We, Who Were Going Through A Rough Patch In Our Relationship, Wanted To Keep Doing It Forever, Just Like When We First Met. RARA [Uncensored L**ked]",https://cdn001.imggle.net/webp/poster/08152026/8a04d056d0.webp,https://javct.net/v/fns-258-rm,160,2026-10-01
FC2PPV-4930566,"Uncensored, first shot, amateur beauty, Noa-chan, cosplay shaved creampie video",https://cdn001.imggle.net/webp/poster/08152026/8860172f6c.webp,https://javct.net/v/fc2ppv-4930566,61,2026-10-01
FC2PPV-4974424,"Uncensored, Part 2, Amateur Gal Beauty, Noa-chan, Sexy Micro Bikini Swimsuit Shaved Creampie Gonzo Video, Review Bonus Uncensored",https://cdn001.imggle.net/webp/poster/08152026/84de92e956.webp,https://javct.net/v/fc2ppv-4974424,68,2026-10-01
DJE-086-RM,Swallower's Secret Base. Ari Tsujime [Uncensored L**ked],https://cdn001.imggle.net/webp/poster/20221904/1653628338.webp,https://javct.net/v/dje-086-rm,127,2026-10-01
TPNS-035-RM,"A Baby-faced Idol Cosplayer Is Stripped And Surprised To See A Huge Black Cock With Shiny Balls And A Shaft, And Her Extremely Erotic Nature Is Revealed As She Cums From His Dick And Passes It Around With Her Mouth. This Shocking Video Shows Her Swallowing All The Semen In Her Ass During Her First Ever Five-way Orgy. [Uncensored L**ked]",https://cdn001.imggle.net/webp/poster/01202026/1771644838.webp,https://javct.net/v/tpns-035-rm,165,2026-10-01
SAIT-027-RM,Life With An Ordinary E Su & Lo Sea Creampie Group Ring & Guillotine 3 Holes Skewered Fuck Lara & Nagi [Uncensored L**ked],https://cdn001.imggle.net/webp/poster/20221904/1653627230.webp,https://javct.net/v/sait-027-rm,200,2026-10-01
567BEAF-228-RM,"Rima-chan, a slutty layer who is covered in oil and milk and is fully clothed, has a crazy fuck ww approval desire explodes in the private shooting area, and a big slut's breast milk comes out [Uncensored L**ked]",https://cdn001.imggle.net/webp/poster/08152026/f002f4b506.webp,https://javct.net/v/567beaf-228-rm,70,2026-10-01
FC2PPV-4984295,"God Style's ass is too good at Star Rail, and I masturbated with fireworks and real juices.",https://cdn001.imggle.net/webp/poster/08152026/a295177a02.webp,https://javct.net/v/fc2ppv-4984295,47,2026-10-01
SUN-031-RM,A Cum Drinking Beauty A Dick-Sucking Exhibitionist Date With A Massage Parlor Therapist Who Loves To Serve [Uncensored L**ked],https://cdn001.imggle.net/webp/poster/20212709/1633597763.webp,https://javct.net/v/sun-031-rm,169,2026-10-01
YOCH-034-RM,"A Mature Woman With A Pussy That Turns Into A Slut For Young Men, A 50-year-old Woman Addicted To Remote Vibrators. She Exposed Her Slutty Behavior In Public With A Young Man Who Is Almost As Old As Her C**ld And Turned Into A Slut... Mihara Sumire [Uncensored L**ked]",https://cdn001.imggle.net/webp/poster/07052026/aaf1c78aac.webp,https://javct.net/v/yoch-034-rm,130,2026-10-01
SORA-009,"20th Year Marriage, We Return To Work After The Mother Of The C**ld-rearing Two C**ldren, But Does Not Suppress The Desire Masochism.Please Hurt Me On The Road.Terasaki Izumi (a Pseudonym) 41-year-old",https://cdn001.imggle.net/webp/poster/08152026/8068cf38ed.webp,https://javct.net/v/sora-009,120,2026-10-01
SORA-008,Oh Transformation ● Nko Zanmai By Exposing Big Boobs Was Taught The Pleasure Of Shame Exposed In The E Cup Nursing Student Pupil 18-year-old Apt To**ure Curious! Hitomi Kitagawa,https://cdn001.imggle.net/webp/poster/08152026/f73956fcd1.webp,https://javct.net/v/sora-008,125,2026-10-01
MEYD-082,It Invites The Neighbors In The Exposure To**ure Wife Yoshiura Misato,https://cdn001.imggle.net/webp/poster/08152026/95647676b4.webp,https://javct.net/v/meyd-082,120,2026-10-01
SUPD-012-RM,Aya Koizumi DIGITAL CHANNEL [Uncensored L**ked],https://cdn001.imggle.net/webp/poster/08152026/db02f22cb7.webp,https://javct.net/v/supd-012-rm,200,2026-10-01
MVSH-003,"A man can never say no! Rino Yuki, the exhibitionist lady in the room across from me, shows off her incredibly naughty underwear to a middle-aged man and seduces him.",https://cdn001.imggle.net/webp/poster/08152026/f6e8d84f20.webp,https://javct.net/v/mvsh-003,120,2026-10-01
LOVE-57-RM,Once Dangerous Barre Local Exposure Of The Students In ○!Running Away From Home!Compensated Dating!Pregnancy!Abortion!Legend Compensated Dating In ○ Students Of The Topic On The Net [Uncensored L**ked],https://cdn001.imggle.net/webp/poster/07052026/e9fa7fa3d1.webp,https://javct.net/v/love-57-rm,120,2026-10-01
NHDTB-862-RM,"My Girlfriend's Little Sister...secretly Fucks Her Inside Her Skirt In Reverse NTR. Even Though There's A Woman, She Continues To Creampie Her Outdoors Version. [Uncensored L**ked]",https://cdn001.imggle.net/webp/poster/20241703/1712769521.webp,https://javct.net/v/nhdtb-862-rm,175,2026-10-01
SUN-026-RM,Charming Cum Drinking: An Absolutely Beautiful Girl Who Exposes Herself And Drinks Cum During A Walk [Uncensored L**ked],https://cdn001.imggle.net/webp/poster/20212308/1629978364.webp,https://javct.net/v/sun-026-rm,240,2026-10-01
SKMJ-793-RM,"Blue Sky No Bra Challenge! An Amateur Female College Student Attempts Her First Outdoor Exposure Under The Blue Sky! Her Boobs Pop Out Lol She Gets Excited Seeing So Many People And Her Nipples Become Hard! Maximum Shame! Her Nipples Are Kneaded And Played With Outside, Causing Her To Orgasm Repeatedly! She Wants Her Pussy To Be Touched Too, And In The End It's Raw Sex! [Uncensored L**ked]",https://cdn001.imggle.net/webp/poster/08152026/4cfeb0a8a7.webp,https://javct.net/v/skmj-793-rm,176,2026-10-01
IDOL-056-RM,Arisa Kanno Exposure Barrage Pies 20 [Uncensored L**ked],https://cdn001.imggle.net/webp/poster/08152026/1ccd248352.webp,https://javct.net/v/idol-056-rm,115,2026-10-01
CEMD-486-RM,"Humiliation, R**e, Jumpsuit Wearing, Downtown Date! 14 Ritsu Nagasawa [Uncensored L**ked]",https://cdn001.imggle.net/webp/poster/20241902/1708747357.webp,https://javct.net/v/cemd-486-rm,149,2026-10-01
HALE-015-RM,A Day Trip Affair Exposure Trip With A Mom Friend Hitomi Honda [Uncensored L**ked],https://cdn001.imggle.net/webp/poster/20220406/1656135066.webp,https://javct.net/v/hale-015-rm,122,2026-10-01
SORA-269-RM,Tsurupeta Neat Lori J Series But Super Nasty Bitch! !! Continuous Cum Shot In Outdoor Masturbation SEX W Squirting With A Large Amount Of Squirting Squirting! !! The Transformation Of M Was A Delusion Yin-chan [Uncensored L**ked],https://cdn001.imggle.net/webp/poster/08152026/e610ccfbd9.webp,https://javct.net/v/sora-269-rm,130,2026-10-01
SKMJ-793,"Blue Sky No Bra Challenge! An Amateur Female College Student Attempts Her First Outdoor Exposure Under The Blue Sky! Her Boobs Pop Out Lol She Gets Excited Seeing So Many People And Her Nipples Become Hard! Maximum Shame! Her Nipples Are Kneaded And Played With Outside, Causing Her To Orgasm Repeatedly! She Wants Her Pussy To Be Touched Too, And In The End It's Raw Sex!",https://cdn001.imggle.net/webp/poster/08152026/4cfeb0a8a7.webp,https://javct.net/v/skmj-793,176,2026-10-01
YAGA-02-RM,"A Stepmother And Son's Nature Sex Under The Sun, Behind The Father's Back. Nozomi Sasayama [Uncensored L**ked]",https://cdn001.imggle.net/webp/poster/20221202/1650273901.webp,https://javct.net/v/yaga-02-rm,86,2026-10-01
SUN-023-RM,First Exhibition And First Adultery After Marriage. Immoral Creampie Two Day Trip [Uncensored L**ked],https://cdn002.imggle.net/webp/poster/sun-023.webp,https://javct.net/v/sun-023-rm,224,2026-10-01
NHDTA-932-RM,Couldn't Wait to Get Home & Peaked Outdoors: High School Girls So Turned On By Aphrodisiacs They Masturbate in Public Places! 3 [Uncensored L**ked],https://cdn001.imggle.net/webp/poster/20221108/1660443675.webp,https://javct.net/v/nhdta-932-rm,193,2026-10-01
SCOP-727,A Defenseless Woman With A High Degree Of Exposure Who Is Dressed In Ecchi Who Erects Unintentionally 4 Hours BEST! !!,https://cdn001.imggle.net/webp/poster/08152026/d35ca82f30.webp,https://javct.net/v/scop-727,240,2026-10-01
34ID-024-RM,Collection Of Videos Of Beautiful Girls Being R**ed Outdoors (4 Hours) [Uncensored L**ked],https://cdn001.imggle.net/webp/poster/08152026/55cf4f302a.webp,https://javct.net/v/34id-024-rm,240,2026-10-01
SUN-017-RM,Nipple Exposure Continuous Sensitive Nipple Play Date With A Talkative Modern Girl Who Loves To Show Off [Uncensored L**ked],https://cdn002.imggle.net/webp/poster/sun-017.webp,https://javct.net/v/sun-017-rm,157,2026-10-01
420HPT-067-RM,"NONO(31) Amateur Hoi Hoi, Amateur Hoi Hoi Pet, Amateur, Married Woman, Housewife, Big Tits, Waist, Obedience, Sensitive, Sex Friend, Creampie, Gonzo, Documentary [Uncensored L**ked]",https://cdn001.imggle.net/webp/poster/08152026/695ae5ceb6.webp,https://javct.net/v/420hpt-067-rm,99,2026-10-01
CAWB-044,"The Tragic Fate Of A Ballerina In A School Uniform, Impregnated After A Middle-aged Man With A Foul Odor Ravaged Her Body In His Neighbor's Garbage-filled Apartment, Relentlessly Ejaculating 55 Times Inside Her Without Pulling Out...",https://cdn001.imggle.net/webp/poster/08152026/1ee9dc7c93.webp,https://javct.net/v/cawb-044,120,2026-10-01
RLMP-003,"Baby Face Destroyed: The Best Of Raping Beautiful Girls Until Their Faces Are Crushed - 240 Minutes, 30 Girls",https://cdn001.imggle.net/webp/poster/08152026/7aa9ec4e91.webp,https://javct.net/v/rlmp-003,240,2026-10-01
MISM-299-RM,"Ugly! A Perverted Masochist Who Gets Excited When He Is Insulted. I Gulp Down My Father's Rich Semen Many Times. Since She Begged With Good Eyes, I Made Her A Deep Throat Meat Urinal Until She Became A Female. Moa Is A 20-year-old Former Country Girl Who Works In A Factory. [Uncensored L**ked]",https://cdn001.imggle.net/webp/poster/20231912/1703217725.webp,https://javct.net/v/mism-299-rm,160,2026-10-01
893NYN-006-RM,"Debt 900,000 yen, animal protection organization says, ""If it's for the animals, I'll sacrifice myself.'' A naive woman who wishes for the happiness of animals and falls for herself. [Uncensored L**ked]",https://cdn001.imggle.net/webp/poster/08152026/e03d40ed3f.webp,https://javct.net/v/893nyn-006-rm,63,2026-10-01
SDMUA-062-RM,"I'll Ejaculate Your Premenopausal Eggs Many Times, And I'll Make You Pregnant With A Baby-A Married Woman And A College Student Impregnated For 4 Months Infidelity Record-A 45-Year-Old Mother Of One C**ld Who Lives In Kuki City Part-Time Job [Uncensored L**ked]",https://cdn001.imggle.net/webp/poster/20230205/1684209562.webp,https://javct.net/v/sdmua-062-rm,154,2026-10-01
BDA-173-RM,Breeding Of Darkness Revealed Crack Momo Minami [Uncensored L**ked],https://cdn001.imggle.net/webp/poster/20230104/1682135406.webp,https://javct.net/v/bda-173-rm,141,2026-10-01
DLPN-019-RM,"""My Mouth Is Lonely."" Shizuka-san (34) Blow / Deep Throating / Cum / Cum In Mouth / Tongue Length / Throat Iki / 4P [Uncensored L**ked]",https://cdn001.imggle.net/webp/poster/20221904/1654318210.webp,https://javct.net/v/dlpn-019-rm,132,2026-10-01
SDDE-455-RM,Outpatient Clinic Specializing In Sexual Desire Treatment 13: Authentic Creampie Department - Training Video Of Treatment For Patients With Large Penises [Uncensored L**ked],https://cdn001.imggle.net/webp/poster/08152026/1e2297ac99.webp,https://javct.net/v/sdde-455-rm,120,2026-10-01
HUNTB-340-RM,"The Three Sister-in-laws Who Were Suddenly Made Are Super-etch-loving Yariman Girls! The Family Environment Is Complicated And Everyone Has No B**od Connection, But They Are Connected By Ji Po And Ma Ko! I'm Three Sister-in-laws ... [Uncensored L**ked]",https://cdn001.imggle.net/webp/poster/20220707/1659677830.webp,https://javct.net/v/huntb-340-rm,190,2026-10-01
893NYN-006,"[Pleasure fall x plump big butt] Debt 900,000 yen, animal protection organization says, ""If it's for the animals, I'll sacrifice myself.'' A naive woman who wishes for the happiness of animals and falls for herself.",https://cdn001.imggle.net/webp/poster/08152026/e03d40ed3f.webp,https://javct.net/v/893nyn-006,63,2026-10-01
AKA-025-RM,Amateur Uniform Beauty 02 [Uncensored L**ked],https://cdn001.imggle.net/webp/poster/08152026/097412deb7.webp,https://javct.net/v/aka-025-rm,135,2026-10-01
BONY-112-RM,Retirement After Throat Creampie Deep Throat Suzune Anka [Uncensored L**ked],https://cdn001.imggle.net/webp/poster/20240807/1721358459.webp,https://javct.net/v/bony-112-rm,235,2026-10-01
XRLE-022-RM,Deep Throating of Beautiful Girl in Throat Pussy Akane Shiki [Uncensored L**ked],https://cdn001.imggle.net/webp/poster/20212709/1637386378.webp,https://javct.net/v/xrle-022-rm,236,2026-10-01
MISM-293-RM,"A Beautiful Girl Who Applied Herself, The First Brutal Deep Throat Obedience Story She Dreamed Of, Throat Destruction DEBUT Hikaru [Uncensored L**ked]",https://cdn001.imggle.net/webp/poster/20231711/1700799028.webp,https://javct.net/v/mism-293-rm,190,2026-10-01
YSN-666-RM,"I'm Being Licked And Kissed All Over By Minatoha Ryuu, And He's Been Playing With My Nipples The Whole Time, But I Don't Think I Can Get Away. [Uncensored L**ked]",https://cdn001.imggle.net/webp/poster/08152026/719b9cbff4.webp,https://javct.net/v/ysn-666-rm,100,2026-10-01
XRLE-017-RM,Oral Creampie: Breaking In A Beautiful Girl With Deep Throat - Meru Ishihara [Uncensored L**ked],https://cdn001.imggle.net/webp/poster/20212308/1631333252.webp,https://javct.net/v/xrle-017-rm,168,2026-10-01
GNAX-026-RM,Former Attorney's Wife's Affair Diary-Honest Lily ~ [Uncensored L**ked],https://cdn001.imggle.net/webp/poster/20230302/1679872121.webp,https://javct.net/v/gnax-026-rm,105,2026-10-01
MURIKURI-014-RM,"Brainwashed Into Drinking Raw Semen Every Day, The Innocent Girl Is Taught The Taste Of Semen Through Fo**ed Drinking And Gulping, And Willingly Drinks Large Quantities Of It With A Smile. [Uncensored L**ked]",https://cdn001.imggle.net/webp/poster/07052026/344817b10c.webp,https://javct.net/v/murikuri-014-rm,181,2026-10-01
CWM-256-RM,Smile Mouth Toilet Nanami Yu [Uncensored L**ked],https://cdn001.imggle.net/webp/poster/09052025/1759881000.webp,https://javct.net/v/cwm-256-rm,130,2026-10-01
MISM-295-RM,Deep Throating Specializing In Facial Collapse Mafuyu Yukina [Uncensored L**ked],https://cdn001.imggle.net/webp/poster/20231711/1700798899.webp,https://javct.net/v/mism-295-rm,220,2026-10-01
ILLE-016-RM,Masochist Woman Private Training Airi Tsuji [Uncensored L**ked],https://cdn001.imggle.net/webp/poster/20220406/1656134680.webp,https://javct.net/v/ille-016-rm,123,2026-10-01
SIRO-5719,"A masochist girl who likes older people gets excited surrounded by older men at a porn movie theater. She cums when she touches her pussy, cums when she shakes her hips, and erogenous zones all over her body that make her cum no matter what she does. [First shot] AV application online AV experience shooting 2629",https://cdn001.imggle.net/webp/poster/08152026/8af17cd8bf.webp,https://javct.net/v/siro-5719,66,2026-10-01
BOBB-326-RM,"Boin ""Rin Asahi"" Boxed Set Beautiful Tits x Beautiful Big Tits A 20-Year Old Former Idol Receives An Initiation Into Her First Experiences With A Big Tits Freak! Enjoy To The Fullest Her Amazing, Lusty Body As She Performs Every Titty Fetish Play In The Book! [Uncensored L**ked]",https://cdn001.imggle.net/webp/poster/20212709/1636703058.webp,https://javct.net/v/bobb-326-rm,123,2026-10-01
FC2PPV-4984539,"[No Algae Bonus] It's out ♡ CA of a major airline, a high-spec girl who receives semen in her mouth with a smile after 8 rounds of lovemaking with the super beautiful busty Norina-chan",https://cdn001.imggle.net/webp/poster/08152026/f6b23f5d27.webp,https://javct.net/v/fc2ppv-4984539,107,2026-10-01
FC2PPV-4982441,[With bonus] **pyjpx*jsps Super big breasted sensitive girl,https://cdn001.imggle.net/webp/poster/08152026/03b07d71a1.webp,https://javct.net/v/fc2ppv-4982441,52,2026-10-01
908JDH-005-RM,"A 19-year-old with big boobs sticking out of her clothes. When I asked her to wear the sexiest clothes, she came in an outrageous outfit and was screaming with tears in her eyes. [JD Hamehame_005] [Uncensored L**ked]",https://cdn001.imggle.net/webp/poster/08152026/9f9f660b9f.webp,https://javct.net/v/908jdh-005-rm,53,2026-10-01
908JDH-005,"A 19-year-old with big boobs sticking out of her clothes. When I asked her to wear the sexiest clothes, she came in an outrageous outfit and was screaming with tears in her eyes. [JD Hamehame_005]",https://cdn001.imggle.net/webp/poster/08152026/9f9f660b9f.webp,https://javct.net/v/908jdh-005,53,2026-10-01
ABW-250-RM,Derived From Natural Ingredients Wakui Mitojuu 120% 78 Sweat And Climax Storm [Uncensored L**ked],https://cdn001.imggle.net/webp/poster/20220406/1655356000.webp,https://javct.net/v/abw-250-rm,145,2026-10-01
FC2PPV-4981961,"Cute squishy breasts, short height, solid body, 19 year old, climbing adult stairs with girlfriend, love sex, raw creampie [with bonus/face showing/uncensored]",https://cdn001.imggle.net/webp/poster/08152026/e4ebcfb18a.webp,https://javct.net/v/fc2ppv-4981961,81,2026-10-01
FC2PPV-4984250,[Includes deluxe bonus footage] A house with fair skin and beautiful breasts. A married woman who loves sex is taught how to live as an adult.,https://cdn001.imggle.net/webp/poster/08152026/100500af73.webp,https://javct.net/v/fc2ppv-4984250,90,2026-10-01
MFCW-080-RM,Aaki [Uncensored L**ked],https://cdn001.imggle.net/webp/poster/08152026/2e11da85b8.webp,https://javct.net/v/mfcw-080-rm,91,2026-10-01
NDRA-028-RM,A Housewife Who Became The Sex Slave Of My Neighbor 3 Prying Open The Gates Of Pleasure Miho Nakazato [Uncensored L**ked],https://cdn001.imggle.net/webp/poster/20221202/1646364540.webp,https://javct.net/v/ndra-028-rm,121,2026-10-01
AKDL-187-RM,"Megu, a 25-year-old office lady who seems to be indifferent and likes to blame, toyed with men with the best job and had explosive sex! [Uncensored L**ked]",https://cdn001.imggle.net/webp/poster/08152026/0790118645.webp,https://javct.net/v/akdl-187-rm,154,2026-10-01
VENU-998-RM,"When Her Stepson Creampie Fucks Her, She'll Clean Him Up With A Cleanup Blowjob And Get Him Super Hard Again For More Fucking Until His Balls Run Dry, But The Fucking Will Never Stop In An Endless Loop Of Fucking Ayano Fuji [Uncensored L**ked]",https://cdn001.imggle.net/webp/poster/20212011/1638926509.webp,https://javct.net/v/venu-998-rm,109,2026-10-01
10-092926-01,Creampie Staycation: Yayoi,https://cdn001.imggle.net/webp/poster/08152026/ed7f700f4a.webp,https://javct.net/v/10-092926-01,55,2026-10-01
SIMM-911-RM,Harumi [Uncensored L**ked],https://cdn001.imggle.net/webp/poster/08152026/976eb070af.webp,https://javct.net/v/simm-911-rm,73,2026-10-01
MIKR-124,"The Hidden Side Of Proctology Nurse Aki... She Sexually Assaults Patients Late At Night, Developing Their Prostates To The Point Of Experiencing Brain-orgasmic Dry Orgasms And Jelly-like Ejaculations... Sasaki Aki",https://cdn001.imggle.net/webp/poster/08152026/d5b3ac7f73.webp,https://javct.net/v/mikr-124,170,2026-10-01
OKAD-194-RM,Peach-new Daughter. Two [Uncensored L**ked],https://cdn001.imggle.net/webp/poster/08152026/d8ececd195.webp,https://javct.net/v/okad-194-rm,120,2026-10-01
TCD-339,Super-sk**led Crossdresser 'Kurusu Raira' Trains A Professional Male Actor! ~Anal Development And A Huge Cock To Conquer And Make Him Orgasm In Reverse Anal Sex,https://cdn001.imggle.net/webp/poster/08152026/10cd900e98.webp,https://javct.net/v/tcd-339,139,2026-10-01
FC2PPV-4978708,"A total of 160 minutes recorded [FC2 history's legendary video confirmed melodic voice high continuous squirting first anal] 18 year old Misuzu, miraculous encounter, stretched her body for her boyfriend and had a total of over 15 orgasms with a big cock over 20 cm, squirting and creampie for the first time AF",https://cdn001.imggle.net/webp/poster/08152026/d48ebf68eb.webp,https://javct.net/v/fc2ppv-4978708,128,2026-10-01
MGMQ-134-RM,The Incident That Day When The New Employee's Seductive Devil Made Me Cum Like A Female And I Became A Masochist. [Uncensored L**ked],https://cdn001.imggle.net/webp/poster/20243105/1717818830.webp,https://javct.net/v/mgmq-134-rm,114,2026-10-01
NNIT-018-RM,J● Stalking Anal 3-Hole Ring● 240 Minutes [Uncensored L**ked],https://cdn001.imggle.net/webp/poster/08152026/5660c23620.webp,https://javct.net/v/nnit-018-rm,240,2026-10-01
YMDS-287-RM,Forbidden anal esthetics 3 Creampie anal development with oil massage Yuria Yoshine [Uncensored L**ked],https://cdn001.imggle.net/webp/poster/08152026/d22d329cf6.webp,https://javct.net/v/ymds-287-rm,67,2026-10-01
JUX-507-RM,Anal Again! Beloved Aunt's Asshole Ayumi Shinoda [Uncensored L**ked],https://cdn001.imggle.net/webp/poster/20222109/1664497678.webp,https://javct.net/v/jux-507-rm,118,2026-10-01
DNJR-127-RM,A Young Wife's Sexual Preferences Revealed ~ A Documentary About Her Experience With A Masochistic Man ~ I've Only Ever Had Normal Sex... But I Fell In Love With A Masochistic Man... Kasumi [Uncensored L**ked],https://cdn001.imggle.net/webp/poster/20240807/1723256194.webp,https://javct.net/v/dnjr-127-rm,145,2026-10-01
ATKD-110-RM,THE BEST OF Chihiro Hara [Uncensored L**ked],https://cdn001.imggle.net/webp/poster/20230205/1685351827.webp,https://javct.net/v/atkd-110-rm,240,2026-10-01
FGAN-186-RM,"A Provocative, Teasing Masturbation Session (4) Where I Use My Wide-open Pussy And Twitching Anus To Make You Hard. [Uncensored L**ked]",https://cdn001.imggle.net/webp/poster/07052026/5fcb2291dd.webp,https://javct.net/v/fgan-186-rm,128,2026-10-01
CESD-163,S**ta Chisato Final 5SEX,https://cdn001.imggle.net/webp/poster/08152026/abb937e755.webp,https://javct.net/v/cesd-163,211,2026-10-01
CEAD-180-RM,Rim Job Luxury Slut Salon 13 Iori Tomino [Uncensored L**ked],https://cdn001.imggle.net/webp/poster/08152026/31853d2c69.webp,https://javct.net/v/cead-180-rm,139,2026-10-01
YMDS-288-RM,Forbidden anal esthetics 3 Double penetration into a frustrated M cup married woman! Yuria Yoshine [Uncensored L**ked],https://cdn001.imggle.net/webp/poster/08152026/41e62858c0.webp,https://javct.net/v/ymds-288-rm,57,2026-10-01
MIGD-199-RM,Anal Plates Shallows True FUCK [Uncensored L**ked],https://cdn001.imggle.net/webp/poster/08152026/dda669b937.webp,https://javct.net/v/migd-199-rm,120,2026-10-01
MIGD-187-RM,Flower Anal FUCK Intrinsic Heart [Uncensored L**ked],https://cdn001.imggle.net/webp/poster/08152026/4d58ed0efe.webp,https://javct.net/v/migd-187-rm,120,2026-10-01
MIGD-178-RM,Miho Kanda Anal FUCK Intrinsic [Uncensored L**ked],https://cdn001.imggle.net/webp/poster/08152026/c5872fc671.webp,https://javct.net/v/migd-178-rm,160,2026-10-01
MIGD-163-RM,Yuri Mika Anal FUCK Intrinsic Active Female Teacher [Uncensored L**ked],https://cdn001.imggle.net/webp/poster/08152026/8be4bf519f.webp,https://javct.net/v/migd-163-rm,120,2026-10-01
MIGD-155-RM,Anal Kimino Dream True FUCK [Uncensored L**ked],https://cdn001.imggle.net/webp/poster/08152026/e38e8ad683.webp,https://javct.net/v/migd-155-rm,120,2026-10-01
GVG-899-RM,Amorous Weather: The Older Sister and the Little Brats Hikaru Konno [Uncensored L**ked],https://cdn001.imggle.net/webp/poster/20212011/1643623882.webp,https://javct.net/v/gvg-899-rm,136,2026-10-01
ISD-141-RM,Forbidden Door 5 [Uncensored L**ked],https://cdn001.imggle.net/webp/poster/20220707/1659157006.webp,https://javct.net/v/isd-141-rm,166,2026-10-01
TPIN-014-RM,"How About Skipping Work and Taking Part in a Porn Shoot? It Was Her Second Year Working at the Bookstore. Aya Aoyama (Pseudonym, 24 Years Old) [Uncensored L**ked]",https://cdn001.imggle.net/webp/poster/20212709/1633778074.webp,https://javct.net/v/tpin-014-rm,167,2026-10-01
TPIN-010-RM,I Skipped Out On Work And Went To Do Some Porn. Bakery Suzu-chan [Uncensored L**ked],https://cdn001.imggle.net/webp/poster/20212308/1631342329.webp,https://javct.net/v/tpin-010-rm,171,2026-10-01
OBA-063-RM,"Mom's Embarrassing Job: I work as a pimp, and make my livelihood by deceiving my customers! Eiko Kato [Uncensored L**ked]",https://cdn001.imggle.net/webp/poster/20221202/1649305222.webp,https://javct.net/v/oba-063-rm,115,2026-10-01
OBA-093-RM,Conned Watchwoman Kyoka Someya [Uncensored L**ked],https://cdn001.imggle.net/webp/poster/20212011/1641286053.webp,https://javct.net/v/oba-093-rm,127,2026-10-01
START-265-SUB,MINAMO [English Subtitle],https://cdn001.imggle.net/webp/poster/20250903/1743464328.webp,https://javct.net/v/start-265-sub,134,2026-10-01
HUNBL-076-RM,Demon Spanking The Big Ass Housekeeper [Uncensored L**ked],https://cdn001.imggle.net/webp/poster/20212011/1641636707.webp,https://javct.net/v/hunbl-076-rm,159,2026-10-01
JUY-982-RM,"A Lady Boss And Her Employee From Friday Night Until Monday Morning... They Were Locked In The Document Room, Having Sweaty Fucking Sex Momoko Isshiki [Uncensored L**ked]",https://cdn001.imggle.net/webp/poster/20212011/1643209878.webp,https://javct.net/v/juy-982-rm,119,2026-10-01
RCTD-399-RM,"Daydream Item: Ultimate Evolution Series, ""Out Of Eyes"" A Tablet That Makes You Disappear [Uncensored L**ked]",https://cdn002.imggle.net/webp/poster/rctd-399.webp,https://javct.net/v/rctd-399-rm,120,2026-10-01
C-2497-RM,First Time Amateur Wife Group Interview [Uncensored L**ked],https://cdn001.imggle.net/webp/poster/07052026/587eae02c6.webp,https://javct.net/v/c-2497-rm,122,2026-10-01
RCTD-697-RM,Follow the instructions and cum in 10 seconds! Ultimate JOI Masturbation Instructions SP4 [Uncensored L**ked],https://cdn001.imggle.net/webp/poster/09052025/1760548872.webp,https://javct.net/v/rctd-697-rm,121,2026-10-01
DANDY-441-RM,"""Sorry For Having Big Tits"" A Dental Hygienist/Trainer/Nurse/Therapist Apologizes For Brushing Her Huge Rack Up Against Someone By Squeezing His Hard Cock, Only She's So Sensitive She Ends Up Wanting Him To Fuck Her vol. 1 [Uncensored L**ked]",https://cdn001.imggle.net/webp/poster/20221202/1648656977.webp,https://javct.net/v/dandy-441-rm,220,2026-10-01
JUY-404-RM,A Working Married Woman An Office Lady's Secret Sexual Habits I Was Attracted To My Loser Boss Yuriko Mogami [Uncensored L**ked],https://cdn001.imggle.net/webp/poster/20221904/1652889704.webp,https://javct.net/v/juy-404-rm,119,2026-10-01
HUNTB-022-RM,"""Would You Let Me Stay With You, For At Least A Week?"" A Girl With Issues (Your Sister-In-Law, Your Step Cousin, Your Boss ... Etc.) You Get To Spend A Week Living Together And Creampie Fucking As Much As You Want! [Uncensored L**ked]",https://cdn002.imggle.net/webp/poster/huntb-022.webp,https://javct.net/v/huntb-022-rm,240,2026-10-01
HUNBL-046-RM,"Accosting A Woman, Pushing Her Up Against The Wall And Cumming On Her Bare Thighs Before Sticking My Cum Covered Dick In Her Pussy And Fucking Her Raw [Uncensored L**ked]",https://cdn002.imggle.net/webp/poster/hunbl-046.webp,https://javct.net/v/hunbl-046-rm,135,2026-10-01
JUY-858-RM,A Work Experience Cuckold Seminar Shocking Infidelity Videos Of Horny Housewives Who Fall For College Student Interns Nanami Matsumoto [Uncensored L**ked],https://cdn001.imggle.net/webp/poster/20220406/1656465953.webp,https://javct.net/v/juy-858-rm,119,2026-10-01
JUNY-003-RM,"A Voluptuous Maid With Colossal Tits Services You In A Tight, Sexy Costume. Hime Ichimaru [Uncensored L**ked]",https://cdn001.imggle.net/webp/poster/20221108/1661343217.webp,https://javct.net/v/juny-003-rm,157,2026-10-01
HUNBL-040-RM,"Long-Distance Shame She Got A Remote-Controlled Vibrator Plunged Into Her Pussy, And Now She's Trying Desperately Not To Cum While Working, As Her Cunt Begins To Drip And Dribble [Uncensored L**ked]",https://cdn002.imggle.net/webp/poster/hunbl-040.webp,https://javct.net/v/hunbl-040-rm,158,2026-10-01
MIST-146-RM,Dangerous Day!! Maid With Big Tits Can Get Pregnant [Uncensored L**ked],https://cdn001.imggle.net/webp/poster/20220707/1659318934.webp,https://javct.net/v/mist-146-rm,146,2026-10-01
MKD-234-RM,The AV Debut Of A 130cm P-cup Izakaya Signboard Girl! Kazamatsuri [Uncensored L**ked],https://cdn001.imggle.net/webp/poster/20212011/1644641704.webp,https://javct.net/v/mkd-234-rm,119,2026-10-01
MKD-233-RM,The Sexy And Attractive Fifty-Something Beautician Makes Her Adult Video Debut! Tomoka Ando. [Uncensored L**ked],https://cdn001.imggle.net/webp/poster/20212011/1643611181.webp,https://javct.net/v/mkd-233-rm,119,2026-10-01
DLIS-015-RM,Crazy Devil Family Flocking To Irresistible Girl Winter Love Thing [Uncensored L**ked],https://cdn001.imggle.net/webp/poster/05192026/edb7ff1e73.webp,https://javct.net/v/dlis-015-rm,121,2026-10-01
MIST-234-RM,Impregnation Incest Younger Sister Yukari Miyazawa Made Meat Urinalated By Three Older Brothers [Uncensored L**ked],https://cdn001.imggle.net/webp/poster/05192026/2418a09256.webp,https://javct.net/v/mist-234-rm,150,2026-10-01
BKD-285-RM,Mother-C**ld Copulation [Nasu Kogen Kuroiso Road] Fujiki Orie [Uncensored L**ked],https://cdn001.imggle.net/webp/poster/20221904/1654318487.webp,https://javct.net/v/bkd-285-rm,121,2026-10-01
IENF-459-RM,My Boobs Belong To My Big Brother 4 My Little Sister Is Worried About Her Boobs Growing Bigger And Bigger. I Can't Help But Be Curious About Her Boobs When We Play Around In Vulnerable Positions And They Touch! [Uncensored L**ked],https://cdn001.imggle.net/webp/poster/08152026/23f57a127b.webp,https://javct.net/v/ienf-459-rm,124,2026-10-01
BKD-274,Mating Mother And C**ld [Ose South Exit] Yuki Mikami,https://cdn001.imggle.net/webp/poster/08152026/3e146d4db9.webp,https://javct.net/v/bkd-274,120,2026-10-01
CESD-164,It Feels Good Leisure Mrs. 2 Otsuki In Deep Kiss Sound,https://cdn001.imggle.net/webp/poster/08152026/7256738bec.webp,https://javct.net/v/cesd-164,120,2026-10-01
CEAD-184-RM,Indecent Mother-in-law Temptation 4 Yu Kawakami [Uncensored L**ked],https://cdn001.imggle.net/webp/poster/20222410/1667919433.webp,https://javct.net/v/cead-184-rm,126,2026-10-01
BKD-180-RM,Maternal And C**ld Mating - Tenryu River Road - Ashikawa Ishikawa [Uncensored L**ked],https://cdn001.imggle.net/webp/poster/07052026/de44544ab4.webp,https://javct.net/v/bkd-180-rm,110,2026-10-01
FERA-145-RM,Beautiful Mother And Senju Berokisu Explosive Sweat Conceived Sexual Intercourse Reiko Seo [Uncensored L**ked],https://cdn001.imggle.net/webp/poster/20220406/1655350750.webp,https://javct.net/v/fera-145-rm,100,2026-10-01
SCD-212-RM,"Natsuho Sakamoto, A Mother Who Gives Me An Aphrodisiac And Is A Slut With An Erotic Ass [Uncensored L**ked]",https://cdn001.imggle.net/webp/poster/20221904/1654322405.webp,https://javct.net/v/scd-212-rm,100,2026-10-01
GVH-003-RM,Mother And C**ld Fuck Aoki Rei [Uncensored L**ked],https://cdn001.imggle.net/webp/poster/20212011/1642572942.webp,https://javct.net/v/gvh-003-rm,125,2026-10-01
VENU-098-RM,Steamy Incest: Mother And Son Have Sex In The Steam-filled Bathroom - Murakami Ryouko [Uncensored L**ked],https://cdn001.imggle.net/webp/poster/08152026/4700fbdfe6.webp,https://javct.net/v/venu-098-rm,80,2026-10-01
IENF-459,My Boobs Belong To My Big Brother 4 My Little Sister Is Worried About Her Boobs Growing Bigger And Bigger. I Can't Help But Be Curious About Her Boobs When We Play Around In Vulnerable Positions And They Touch!,https://cdn001.imggle.net/webp/poster/08152026/23f57a127b.webp,https://javct.net/v/ienf-459,124,2026-10-01
BKD-179-RM,Maternal And Maternal Copulation ~ Nakagawa Rd ~ Hakusan Yoko [Uncensored L**ked],https://cdn001.imggle.net/webp/poster/20242012/1736948274.webp,https://javct.net/v/bkd-179-rm,120,2026-10-01
DLIS-012-RM,Raw Saddle To Shaved Daughter!Creampie! !Sensitive Equinox Premature Ejaculation Women Momo Asses Kanon [Uncensored L**ked],https://cdn001.imggle.net/webp/poster/05192026/0674882625.webp,https://javct.net/v/dlis-012-rm,130,2026-10-01
MIMK-289,"Reunited With The Man To Whom She Gave Her First Experience. To Keep Her Boyfriend Quiet, She Secretly Engages In NTR (cheating) Sex With Him. Live-action Version. Including A Secret He Doesn't Know. A One-time Mistake. Live-action Adaptation Of The Popular Novel With Over 60,000 Copies Sold.",https://cdn001.imggle.net/webp/poster/08152026/d9961a6dc5.webp,https://javct.net/v/mimk-289,130,2026-10-01
CAWB-053,I'm The One Who's Going To Broadcast The 'cute' Of This Era! A Cute Girl With A Face Like A S●J● Belonging To An Entertainment Agency Is An Extreme Masochist! Nonon Nono Kawaii* Newcomer Debut →,https://cdn001.imggle.net/webp/poster/08152026/75e67156b8.webp,https://javct.net/v/cawb-053,120,2026-10-01
MIDA-760,"I Couldn't Help But Want To R**e My Cute, Slender Stepsister Who Suddenly Appeared In My Life. I Fucked Her Defenseless, Immature Pussy And Cummed Inside Her While She Was Unconscious. Under The Same Roof, I Turned Her Into A Fleshlight For My Sexual Desires. Shiraishi Nami",https://cdn001.imggle.net/webp/poster/08152026/e83fc3d39e.webp,https://javct.net/v/mida-760,120,2026-10-01
HOIP-005,[6 Unattainable Beauties Lose Their Reason In 355 Minutes] Hoihoi Yummy Sin 02 ~Cumshot Frenzy~ Bad Things Taste Sweet! Pranks And Corrupt Innocent Girls Who Seem Impossible To Have Sex With At Drinking Parties! Pretty Girls/amateurs/amateur Porn/big Breasts/have Boyfriends/cheating/college Girls/underground Idols/aphrodisiacs/alcohol/deception/unconscious/sex While High/shisha,https://cdn001.imggle.net/webp/poster/08152026/dc71f745e7.webp,https://javct.net/v/hoip-005,355,2026-10-01
CAWB-040,"""This Woman Is So Sloppy It's Infuriating."" She's A Big-breasted NEET Girl With A Dirty Room, Sloppy Clothes, And No Job, So It's Perfectly Fine For The Country To R**e Her, Defile Her, And Make A Mess Of Her. Ayatsuki Nanao",https://cdn001.imggle.net/webp/poster/08152026/ad441f4069.webp,https://javct.net/v/cawb-040,120,2026-10-01
FAYS-017-RM,"Popular Gravure Idol's Secret Trip Is L**ked, Leading To Her AV Debut: Haruzaki Yuna [Uncensored L**ked]",https://cdn001.imggle.net/webp/poster/08152026/6abaa08176.webp,https://javct.net/v/fays-017-rm,90,2026-10-01
ETQR-388-RM,Having Sex With A Hot Girl In A Sailor Uniform. Riho. [Uncensored L**ked],https://cdn001.imggle.net/webp/poster/20221904/1653810625.webp,https://javct.net/v/etqr-388-rm,48,2026-10-01
CHKP-005-RM,E Cup 89 Desire Breasts Brown Beautiful Girl And Warikiri Intercourse Saya Takazawa One Night Only [Uncensored L**ked],https://cdn001.imggle.net/webp/poster/04112026/e3caaa1a32.webp,https://javct.net/v/chkp-005-rm,80,2026-10-01
GTTE-002-RM,[4K] Tokyo Toy ep02 [Japanese Neck Support Full Chinese AV] [Uncensored L**ked],https://cdn001.imggle.net/webp/poster/08152026/d70449dde4.webp,https://javct.net/v/gtte-002-rm,118,2026-10-01
CLOT-041-RM,The Alluring Female Boss In Black Pantyhose: Yui Hatano [Uncensored L**ked],https://cdn001.imggle.net/webp/poster/07052026/ae1118def5.webp,https://javct.net/v/clot-041-rm,126,2026-10-01
NACT-165-RM,"Why Did You Only Book One Room?! I Ended Up Sharing A Room With My Useless, Older Subordinate, An Elite With A Huge Dick, And I Became Obsessed With Him... Miyamoto Satomi [Uncensored L**ked]",https://cdn001.imggle.net/webp/poster/07052026/a0066cf8dd.webp,https://javct.net/v/nact-165-rm,119,2026-10-01
KNMB-132-RM,"Rea Sakurai, A Senior Female Employee Who Is Usually Strict But Becomes A Submissive Masochist At Night. [Uncensored L**ked]",https://cdn001.imggle.net/webp/poster/08152026/308616b1fb.webp,https://javct.net/v/knmb-132-rm,115,2026-10-01
MESU-97-RM,Aunt Female Boss And Overtime Sex Creampie Office Emiko Sugioka [Uncensored L**ked],https://cdn001.imggle.net/webp/poster/20220406/1655350557.webp,https://javct.net/v/mesu-97-rm,90,2026-10-01
MESU-097-RM,Aunt Female Boss And Overtime Sex Creampie Office Emiko Sugioka [Uncensored L**ked],https://cdn001.imggle.net/webp/poster/08152026/fca94b0353.webp,https://javct.net/v/mesu-097-rm,90,2026-10-01
KNMB-132,"Rea Sakurai, A Senior Female Employee Who Is Usually Strict But Becomes A Submissive Masochist At Night.",https://cdn001.imggle.net/webp/poster/08152026/308616b1fb.webp,https://javct.net/v/knmb-132,115,2026-10-01
IPZZ-912,"The Ultimate Masochistic Slave: A Record Of The Abnormal Training Of A Proud Female CEO Who Is Blackmailed, Ab**ed, R**ed, And Fo**ed To Kneel In Masochistic Pleasure. - Sakura Momo",https://cdn001.imggle.net/webp/poster/08152026/eb7c223bea.webp,https://javct.net/v/ipzz-912,120,2026-10-01
MOND-233-RM,Longing Female Boss And Alisa Shitara [Uncensored L**ked],https://cdn001.imggle.net/webp/poster/20220406/1656133982.webp,https://javct.net/v/mond-233-rm,145,2026-10-01
CLUB-637-RM,"My Overbearing Female Boss Fucked Me To Go For Drinks So I Got Her Drink And Vulnerable, Made Her Orgasm Mercilessly And Even Gave Her A Creampie. vol. 2 [Uncensored L**ked]",https://cdn002.imggle.net/webp/poster/club-637.webp,https://javct.net/v/club-637-rm,147,2026-10-01
NSFS-515,AI Remastered Version: K**ling A Naughty Woman - A Masterpiece For Permanent Preservation,https://cdn001.imggle.net/webp/poster/08152026/b9ccbd851f.webp,https://javct.net/v/nsfs-515,197,2026-10-01
DLDSS-558-RM,"Since I Was Assigned To A Regional Branch, I Always Commute To Work By Car With My Senior Colleague. - Chiharu Mitsuba [Uncensored L**ked]",https://cdn001.imggle.net/webp/poster/08152026/73991b59bb.webp,https://javct.net/v/dldss-558-rm,140,2026-10-01
MOND-289-SUB,"With My Admired Female Boss, Umino Hotaru [English Subtitle]",https://cdn001.imggle.net/webp/poster/20250903/1742579642.webp,https://javct.net/v/mond-289-sub,125,2026-10-01
DLDSS-558,"Since I Was Assigned To A Regional Branch, I Always Commute To Work By Car With My Senior Colleague. - Chiharu Mitsuba",https://cdn001.imggle.net/webp/poster/08152026/73991b59bb.webp,https://javct.net/v/dldss-558,140,2026-10-01
PPPD-835-SUB,A Happening Aid Room Set Up For A Junior Who Loves A Big Boss Female Boss I Was Buried In My Boobs And Made To Ejaculate Many Times Until The Morning ... Hitomi [English Subtitle],https://cdn001.imggle.net/webp/poster/20231912/1705058614.webp,https://javct.net/v/pppd-835-sub,120,2026-10-01
AKDL-212,"Boss sharing room KISS Sharing a room with an elite boss on a business trip Yukari Shizuki, a female boss who is made to cum many times by her subordinate and turns into a female",https://cdn001.imggle.net/webp/poster/08152026/ba115ae401.webp,https://javct.net/v/akdl-212,101,2026-10-01
ROE-549,"""Boss, Please Get Pregnant With My Seed..."" A Second-year Employee Impregnates His Abusive Female Boss Who Is Trying To Conceive Through Overtime Work. (Tomoda Maki)",https://cdn001.imggle.net/webp/poster/08152026/11cea80225.webp,https://javct.net/v/roe-549,120,2026-10-01
URE-140,"Nanami Tina's First Collaboration With An Original Work!! Original Work: Tama Gou The Store Manager Is Busty And A Bit Of A Masochist, Right? Live-action Version Series Has Sold A Total Of 80,000 Copies!! Blissful Lovey-dovey Two-person Sex Begins At The Part-time Job During The年末 (year-end) Period!!",https://cdn001.imggle.net/webp/poster/08152026/03525c41f1.webp,https://javct.net/v/ure-140,120,2026-10-01
HODV-21751-RM,"In A Shared Room On A Business Trip, I Was Fo**ed To Cum Over And Over Again By My Unequaled Female Boss... Tsubasa Hachino Fell Into Sticky Power Harassment Slut SEX [Uncensored L**ked]",https://cdn001.imggle.net/webp/poster/20230302/1679633646.webp,https://javct.net/v/hodv-21751-rm,136,2026-10-01
AKDL-208,"Boss sharing room KISS Sharing a room with an elite boss on a business trip Yumika Saeki, a female boss who is made to cum many times by her subordinate and turns into a female",https://cdn001.imggle.net/webp/poster/08152026/95d0d35c50.webp,https://javct.net/v/akdl-208,112,2026-10-01
MIDE-756-RM,"Employees Gang Fuck Female Boss, Fumika Nakayama [Uncensored L**ked]",https://cdn001.imggle.net/webp/poster/20212011/1643592434.webp,https://javct.net/v/mide-756-rm,118,2026-10-01
MESU-146,"Incompetent At Work, But An Insatiable Sex Machine At Night. The Female Boss Falls Into A Tight, Intimate Position. Remi Saegusa",https://cdn001.imggle.net/webp/poster/08152026/a15c81fa2c.webp,https://javct.net/v/mesu-146,95,2026-10-01
HOMA-119-RM,7 Days Of Squeezing Sperm Until Kimeseku Kindama Karappo Was Filled With Energetic Agent From A Female Boss On A Business Trip [Uncensored L**ked],https://cdn001.imggle.net/webp/poster/20220707/1658553584.webp,https://javct.net/v/homa-119-rm,138,2026-10-01
MIDE-818-RM,In Response To The Complaint Of The Female Boss Instead Of Me Who Made A Mistake. An Admired Senior Had Fallen Into A Sexual Intercourse Cum Shot Of The Rich Old Guys At The Customer... Kana Yume [Uncensored L**ked],https://cdn001.imggle.net/webp/poster/20240807/1722578886.webp,https://javct.net/v/mide-818-rm,160,2026-10-01
WANZ-480-RM,Ones Factory Debut 10th Anniversary Work Bud 5 Hours SPECIAL [Uncensored L**ked],https://cdn001.imggle.net/webp/poster/08152026/c8ec9b973f.webp,https://javct.net/v/wanz-480-rm,310,2026-10-01
FC2PPV-4984470,[Genuine facial cum swallowing] 246 seconds 6 facial crush outs who loves semen and finishes drinking raw fuck facial cumshots FINISH Super ordinary cute college girl's first video,https://cdn001.imggle.net/webp/poster/08152026/6b9b8f95d4.webp,https://javct.net/v/fc2ppv-4984470,36,2026-10-01
FC2PPV-4984630,"22 years old, tanned wild beauty with huge H cup breasts who will captivate you with a flood of tides that will leave you with unforgettable memories on the bed. Creampie, bukkake, facial cumshot, 5 shocking ejaculations. Comes with a high-quality master disc.",https://cdn001.imggle.net/webp/poster/08152026/b60abea259.webp,https://javct.net/v/fc2ppv-4984630,77,2026-10-01
1P-092926-001,Working Woman: ~New Office Lady with Erotic Energy in Full Gear~,https://cdn001.imggle.net/webp/poster/08152026/8f7e91ec7d.webp,https://javct.net/v/1p-092926-001,60,2026-10-01
AKDL-185-RM,Face Kiss-Bello's Face Fucked-A Serious Office Lady Who Joins A New Graduate Wakes Up To A Kiss With A Kiss Harassment Covered With Sloppy To Colleagues Hitomi Honda [Uncensored L**ked],https://cdn001.imggle.net/webp/poster/20221904/1651733757.webp,https://javct.net/v/akdl-185-rm,135,2026-10-01
AKDL-186-RM,Face interview ~Face fucked with tongue~ Natsu Sano's girlfriend who loves kissing is sexually harassed by her colleagues and asks each other for a drool-covered CRAZY KISS [Uncensored L**ked],https://cdn001.imggle.net/webp/poster/08152026/a10213ecf6.webp,https://javct.net/v/akdl-186-rm,147,2026-10-01
GVG-900-RM,Transformation De M Clean System Bitch Kato Peach Also [Uncensored L**ked],https://cdn001.imggle.net/webp/poster/08152026/189468023e.webp,https://javct.net/v/gvg-900-rm,130,2026-10-01
KSBJ-155-RM,"Adultery At Home, Behind My Husband's Back. Amu Hanamiya [Uncensored L**ked]",https://cdn001.imggle.net/webp/poster/20212308/1630757552.webp,https://javct.net/v/ksbj-155-rm,120,2026-10-01
TOTK-025-RM,"Hanamiya Hime Documentary ~Restrained Orgasm, Massive Squirting, Anal Penetration, 3P FUCK~ [Uncensored L**ked]",https://cdn001.imggle.net/webp/poster/08152026/3a50ac9dac.webp,https://javct.net/v/totk-025-rm,122,2026-10-01
START-609-RM,"The first non-stop orgasmic promiscuous intercourse in my life, a total of 19 bukkake lifts the ban SP Onsen Nanase [Uncensored L**ked]",https://cdn001.imggle.net/webp/poster/07052026/ea3d482f7e.webp,https://javct.net/v/start-609-rm,155,2026-10-01
TFOR-003-RM,J-cup Busty Wife's Cheating Exposed! Humiliation Public NTR & Fo**ed 3P With Cheating Classmate In Front Of Her Husband [Uncensored L**ked],https://cdn001.imggle.net/webp/poster/20252204/1748280211.webp,https://javct.net/v/tfor-003-rm,125,2026-10-01
OPUD-018-RM,Chihiro Hara SEX Pussy & Anal Enema Best Pies [Uncensored L**ked],https://cdn001.imggle.net/webp/poster/08152026/8570500be2.webp,https://javct.net/v/opud-018-rm,120,2026-10-01
AKDL-183-RM,Face Kiss-Bello's Face Fucked-Nurse Natural Mizuki Asks At CRAZY KISS Covered With Kissing Harassment In The Hospital [Uncensored L**ked],https://cdn001.imggle.net/webp/poster/20221904/1651734576.webp,https://javct.net/v/akdl-183-rm,130,2026-10-01
AGAV-174-RM,"Glasses-wearing Facial Cumshot Story: Shizuki Yukari, A Secretly Perverted Housewife With A Desire To Be R**ed. [Uncensored L**ked]",https://cdn001.imggle.net/webp/poster/08152026/1b61e40f85.webp,https://javct.net/v/agav-174-rm,114,2026-10-01
RCT-873-RM,The World That Are Not Noticed By The Absolute If Only Rubbing Ji ○ Port [Uncensored L**ked],https://cdn001.imggle.net/webp/poster/20241703/1711626041.webp,https://javct.net/v/rct-873-rm,120,2026-10-01
ABP-776-RM,Girls Manager Is Our Sex Processing Pet. 032 Ayumi Ariyama [Uncensored L**ked],https://cdn001.imggle.net/webp/poster/07052026/17b914799e.webp,https://javct.net/v/abp-776-rm,185,2026-10-01
LOVE-56-RM,180 DoHirakiashi Soft Body Small Tits Bukkake Gangbang Young Lady FUCK Muto Tsugumi [Uncensored L**ked],https://cdn001.imggle.net/webp/poster/07052026/8c2dcd3be9.webp,https://javct.net/v/love-56-rm,135,2026-10-01
HUNBL-098-RM,Long Skirt Covered With Body Fluids Acme [Uncensored L**ked],https://cdn001.imggle.net/webp/poster/20220406/1656059686.webp,https://javct.net/v/hunbl-098-rm,170,2026-10-01
KSBJ-157-RM,I Am Disciplined By My Two Stepsons. Mahiro Ichiki [Uncensored L**ked],https://cdn001.imggle.net/webp/poster/20212308/1631988305.webp,https://javct.net/v/ksbj-157-rm,120,2026-10-01
SPRD-1096-RM,Fakecest Creampie With Mother A Mother Who Gets Creampie Fucked For The First Time By Her Son Reiko Kasumi [Uncensored L**ked],https://cdn001.imggle.net/webp/poster/20212011/1641084059.webp,https://javct.net/v/sprd-1096-rm,110,2026-10-01
OFKU-092-RM,The Bride's Mother Came To Tokyo From Hokkaido... A Forty-Something Stepmom Reiko Kasumi [Uncensored L**ked],https://cdn001.imggle.net/webp/poster/20221202/1645922656.webp,https://javct.net/v/ofku-092-rm,118,2026-10-01
SPRD-1284-RM,The Reason I Got Married At This Age Was Because Of His Son... Yukie Mizukami [Uncensored L**ked],https://cdn001.imggle.net/webp/poster/20212011/1643761699.webp,https://javct.net/v/sprd-1284-rm,112,2026-10-01
ALDN-023-RM,Even Your Mother-In-Law Wants To Get Pregnant. Yuriko Takazono [Uncensored L**ked],https://cdn001.imggle.net/webp/poster/20221904/1653111695.webp,https://javct.net/v/aldn-023-rm,129,2026-10-01
SPRD-519-RM,"Stepmom, Your Better Than My Wife... Sayuri Takizawa [Uncensored L**ked]",https://cdn001.imggle.net/webp/poster/20212709/1635173787.webp,https://javct.net/v/sprd-519-rm,116,2026-10-01
GVH-280-RM,Son-In-Law Sets His Sights On Mother-In-Law's Slutty Big Tits Mako Oda [Uncensored L**ked],https://cdn002.imggle.net/webp/poster/gvh-280.webp,https://javct.net/v/gvh-280-rm,124,2026-10-01
KAAD-15-RM,My Beautiful Mother-In-Law Nobuko Hayama [Uncensored L**ked],https://cdn001.imggle.net/webp/poster/20221202/1649725326.webp,https://javct.net/v/kaad-15-rm,95,2026-10-01
KSBJ-153-RM,A Strange Family Relationship Honoka Kimura [Uncensored L**ked],https://cdn002.imggle.net/webp/poster/ksbj-153.webp,https://javct.net/v/ksbj-153-rm,120,2026-10-01
SPRD-1072-RM,A Sexy Son-In-Law This Stepmom Got Her Brains Fucked Out By Her Horse-Hung Son-In-Law [Uncensored L**ked],https://cdn001.imggle.net/webp/poster/20221202/1650273547.webp,https://javct.net/v/sprd-1072-rm,113,2026-10-01
NHDTA-564-RM,"This Short 4'11"" Middle-Aged Mom is Way Too Nice and Can't Say No Even When Her Son Sticks His Big Dick In Her [Uncensored L**ked]",https://cdn001.imggle.net/webp/poster/20221108/1660824924.webp,https://javct.net/v/nhdta-564-rm,151,2026-10-01
VENU-719-RM,Silent Fakecest Your Father Is Right Next Door... Nana Kamiyama [Uncensored L**ked],https://cdn001.imggle.net/webp/poster/20221108/1661658515.webp,https://javct.net/v/venu-719-rm,85,2026-10-01
ROE-068-RM,"My Stepmom Belongs To Me, And Only Me I Was Always Infatuated With My Female Teacher, But Then She Got Married To My Dad ... Maki Tomoda [Uncensored L**ked]",https://cdn001.imggle.net/webp/poster/20221904/1653022332.webp,https://javct.net/v/roe-068-rm,122,2026-10-01
SPRD-1327-RM,Stepson Horny For His Stepmom - She Lovingly Indulges His Powerful Lust Reiko Kitagawa [Uncensored L**ked],https://cdn001.imggle.net/webp/poster/20212011/1638408806.webp,https://javct.net/v/sprd-1327-rm,103,2026-10-01
OBA-370-RM,My Husband's Son Was So Orgasmic And Horny... Reiko Kitagawa [Uncensored L**ked],https://cdn001.imggle.net/webp/poster/20221202/1646104703.webp,https://javct.net/v/oba-370-rm,120,2026-10-01
KSBJ-139-RM,My Son-in-law's Pranks Are Escalating Shuri Yamaguchi [Uncensored L**ked],https://cdn002.imggle.net/webp/poster/ksbj-139.webp,https://javct.net/v/ksbj-139-rm,120,2026-10-01
SPRD-1365-RM,"Mothers in Law Want To Get Pregnant, Too. Iroha Narumiya [Uncensored L**ked]",https://cdn001.imggle.net/webp/poster/20212011/1637653895.webp,https://javct.net/v/sprd-1365-rm,133,2026-10-01
KSBJ-128-RM,My Step Mom Loves Playing WIth Me Matsuri Kanan [Uncensored L**ked],https://cdn002.imggle.net/webp/poster/ksbj-128.webp,https://javct.net/v/ksbj-128-rm,120,2026-10-01
GVG-876-RM,Son-in-law Hunt Monther-in-law's Super Dirty Big Tits Nanako Yoshioka [Uncensored L**ked],https://cdn001.imggle.net/webp/poster/20220406/1656907516.webp,https://javct.net/v/gvg-876-rm,120,2026-10-01
JUL-512-RM,One Box Of Condom's Worth Of Sex ~ Two Lovers Pine For Each Other Across A 0.02mm Distance ~ Marika Kobayashi [Uncensored L**ked],https://cdn002.imggle.net/webp/poster/jul-512.webp,https://javct.net/v/jul-512-rm,139,2026-10-01
BACJ-013-RM,"If You Are An AV Actress, What Happens If You Silently Make Contact With A Yarimoku Boy In A Dating And Try To Extract The Semen That Was Called On The Same Day! ?? Nanako Miyamura [Uncensored L**ked]",https://cdn001.imggle.net/webp/poster/20220406/1654923566.webp,https://javct.net/v/bacj-013-rm,143,2026-10-01
NKKD-262-RM,Dora Reco NTR25 In-vehicle Camera Was Watching The Whole Story [Uncensored L**ked],https://cdn001.imggle.net/webp/poster/20220406/1654842290.webp,https://javct.net/v/nkkd-262-rm,180,2026-10-01
STSK-029-RM,"Neighbor Voyeur JD 4 People, 36 Days Of Raw P / Bath / Masturbation / SEX /// [Uncensored L**ked]",https://cdn001.imggle.net/webp/poster/20221904/1654144152.webp,https://javct.net/v/stsk-029-rm,148,2026-10-01
DOCP-224-RM,"Front Hook Bra Temptation 4 When I Secretly Peeked At The Big Tits Beauty In The Room Opposite, I Was Ashamed To Remove The Hook And Start Tempting Me ... I Lost My Reason I Tasted That Plump Boobs As I Was Invited The Story Of The Exhausted Day. [Uncensored L**ked]",https://cdn001.imggle.net/webp/poster/08152026/1b641be854.webp,https://javct.net/v/docp-224-rm,240,2026-10-01
200GANA-3446-RM,"Dancing voluptuous body [Asuka, 22 years old, civil servant] The sex where she sucks her big breasts through her tight erotic costume is a sight to behold. In the room of a seasoned pick-up artist, secretly filmed sex 454 [Uncensored L**ked]",https://cdn001.imggle.net/webp/poster/08152026/3a37521a5f.webp,https://javct.net/v/200gana-3446-rm,55,2026-10-01
BOBB-322-RM,Aoyama Ai Sensitive G Cup Tits Beautiful Girl Convenience Store Clerk Gonzo × Sneak [Uncensored L**ked],https://cdn001.imggle.net/webp/poster/07052026/6691069eb8.webp,https://javct.net/v/bobb-322-rm,120,2026-10-01
NKKD-261-RM,"The Love Love Couple There Who Missed The Last Train! !! It Happens That The Direction Is The Same, So If It's Okay, Can We Tuck With Our Important Girlfriend! 17 17 [Uncensored L**ked]",https://cdn001.imggle.net/webp/poster/20220406/1654842355.webp,https://javct.net/v/nkkd-261-rm,150,2026-10-01
200GANA-3446,"Dancing voluptuous body [Asuka, 22 years old, civil servant] The sex where she sucks her big breasts through her tight erotic costume is a sight to behold. In the room of a seasoned pick-up artist, secretly filmed sex 454",https://cdn001.imggle.net/webp/poster/08152026/3a37521a5f.webp,https://javct.net/v/200gana-3446,55,2026-10-01
START-295-SUB,"Every Saturday, a nuisance couple who always go bankrupt in front of my house. A sloppy girlfriend in the mud. I spent a month developing her until I had an auto-microphone (full-automatic orgasm). [English Subtitle]",https://cdn001.imggle.net/webp/poster/20250903/1741624639.webp,https://javct.net/v/start-295-sub,159,2026-10-01
200GANA-3428-RM,"A perverted woman who loves having sex for the second time and can't stand it shakes her hips one after another in search of pleasure. In the sex room of a seasoned pick-up artist, secretly filmed sex 453 [Uncensored L**ked]",https://cdn001.imggle.net/webp/poster/08152026/4f5063e399.webp,https://javct.net/v/200gana-3428-rm,67,2026-10-01
TPIN-047-RM,A Toast At A Yakiniku Party I Had A Raw Paco Orgy At A King's Game From A Home Drinking Mixed Party 2 [Uncensored L**ked],https://cdn001.imggle.net/webp/poster/20233001/1676089865.webp,https://javct.net/v/tpin-047-rm,136,2026-10-01
200GANA-3428,"A perverted woman who loves having sex for the second time and can't stand it shakes her hips one after another in search of pleasure. In the sex room of a seasoned pick-up artist, secretly filmed sex 453",https://cdn001.imggle.net/webp/poster/08152026/4f5063e399.webp,https://javct.net/v/200gana-3428,67,2026-10-01
SORA-467-RM,Busty Gacha Adhesive Tracking R**e Indiscriminately Targeting Constricted Big Tits Who Attend Active Women's Colleges. [Uncensored L**ked],https://cdn001.imggle.net/webp/poster/20230206/1686974890.webp,https://javct.net/v/sora-467-rm,116,2026-10-01
XVSR-356-SUB,It Was A Really Pleasant Sex That I Could Do If I Endured It To The Ultimate! ! Yuka Onie [English Subtitle],https://cdn001.imggle.net/webp/poster/07052026/609169db17.webp,https://javct.net/v/xvsr-356-sub,120,2026-10-01
IENE-846-RM,"Married Women Boobs Tend To Have Erected Po! What? ""Ladies Who Have Made Men Estrus At The ""no Bra Nipple Chilla Appearance""! ! [Uncensored L**ked]",https://cdn001.imggle.net/webp/poster/20242108/1726616656.webp,https://javct.net/v/iene-846-rm,150,2026-10-01
STCV-123-RM,A frustrated nursery teacher who has few encounters is having an affair with a c**ld's dad. [Uncensored L**ked],https://cdn001.imggle.net/webp/poster/20220406/1656109650.webp,https://javct.net/v/stcv-123-rm,83,2026-10-01
TPIN-035-RM,"Voyeurism In A Private Room Menes Store, When I Was Prepared To Get Rid Of My Erection, I Wasn't Angry, But Instead I Was Accidentally Pretending To Be 1.5 Cm In Front Of Me Through Paper Pants ... It Was Inserted Raw Before I Knew It. [Uncensored L**ked]",https://cdn001.imggle.net/webp/poster/20220707/1659767269.webp,https://javct.net/v/tpin-035-rm,163,2026-10-01
OFKU-113-RM,A Mother From Odawara Comes To Her Son's Apartment After An Argument With Her Husband. Kaede Tsutsumi [Uncensored L**ked],https://cdn001.imggle.net/webp/poster/20221904/1652316381.webp,https://javct.net/v/ofku-113-rm,69,2026-10-01
T28-609-RM,Fakecest Where A Stepfather Fucks A Big-Titted Schoolgirl Who Is The Offspring Of His Wife From A Previous Marriage. [Uncensored L**ked],https://cdn001.imggle.net/webp/poster/20212011/1641303368.webp,https://javct.net/v/t28-609-rm,166,2026-10-01
T28-608-RM,Fakecest Sex Between A Step Brother Who Just Started Living Alone And His Big Breasted Older Step Sister Who Visits Him [Uncensored L**ked],https://cdn001.imggle.net/webp/poster/20212011/1638189431.webp,https://javct.net/v/t28-608-rm,174,2026-10-01
NHDTB-213-RM,A Niece Sits On Her Beloved Uncle's Lap And Secretly Gets His Cock Inside Her And Makes Him Give Her A Creampie Even When Her Family Is Around [Uncensored L**ked],https://cdn001.imggle.net/webp/poster/20221202/1650259384.webp,https://javct.net/v/nhdtb-213-rm,157,2026-10-01
KTRA-344E-RM,Creampie In The Shaved Pussy Of A Girl With A Step-Father Complex Who Loves To Please Haru Yamaguchi [Uncensored L**ked],https://cdn001.imggle.net/webp/poster/20212709/1637041680.webp,https://javct.net/v/ktra-344e-rm,134,2026-10-01
MAS-04-RM,A Mother Who Hungers For Her Son's Cock While Her Husband Sleeps Kanae Nakayama [Uncensored L**ked],https://cdn001.imggle.net/webp/poster/20212011/1644470007.webp,https://javct.net/v/mas-04-rm,120,2026-10-01
BKD-283-RM,Mature Woman Fucking Younger Man (Genro Kuroda) Rie Takeuchi [Uncensored L**ked],https://cdn001.imggle.net/webp/poster/20221904/1651297107.webp,https://javct.net/v/bkd-283-rm,120,2026-10-01
BKD-178-RM,Mother/ C**ld Fucking The Festival Of Loss Kiriko Imafuji [Uncensored L**ked],https://cdn001.imggle.net/webp/poster/20221202/1648273533.webp,https://javct.net/v/bkd-178-rm,119,2026-10-01
IENE-851-RM,Opened Our House's Toilet Door To Find My Big Tits Sister Taking A Piss In A Weird Pose [Uncensored L**ked],https://cdn001.imggle.net/webp/poster/20222109/1665418380.webp,https://javct.net/v/iene-851-rm,144,2026-10-01
BKD-144-RM,Stepmother And Son Fakecest -Kurokoma Road- Runa Akasaka [Uncensored L**ked],https://cdn001.imggle.net/webp/poster/20212011/1644460071.webp,https://javct.net/v/bkd-144-rm,110,2026-10-01
KTRA-335-RM,"A Creampie into the Shaved Pussy of My Younger Stepsister who is a Small-Breasted Virgin, Haru Yamaguchi [Uncensored L**ked]",https://cdn001.imggle.net/webp/poster/20212709/1634039764.webp,https://javct.net/v/ktra-335-rm,121,2026-10-01
BKD-147-RM,Stepmother And Offspring Fucking The Road To Kami-Suwa Reiko Sawamura [Uncensored L**ked],https://cdn001.imggle.net/webp/poster/20221202/1648489015.webp,https://javct.net/v/bkd-147-rm,119,2026-10-01
SPRD-1056-RM,Fakecest Creampie With Mother A Mother Got Creampie Fucked By Her Son For The First Time Chiharu Aso [Uncensored L**ked],https://cdn001.imggle.net/webp/poster/20212011/1641084172.webp,https://javct.net/v/sprd-1056-rm,111,2026-10-01
NSPS-865-RM,A Mother And Her Son-in-law's Big Cock - Sachiko Ono [Uncensored L**ked],https://cdn001.imggle.net/webp/poster/20212011/1641773017.webp,https://javct.net/v/nsps-865-rm,105,2026-10-01
TPIN-029-RM,"This Haughty And Naughty Sexy Punk Bitch Is Getting Some Finger-Banging And Cunnilingus Action Underneath Her Skirt, And There's No Way She Can Allow Herself To Be Caught As She Undergoes Inescapable Sexual Danger [Uncensored L**ked]",https://cdn001.imggle.net/webp/poster/20221904/1651908442.webp,https://javct.net/v/tpin-029-rm,167,2026-10-01
EBOD-564-RM,A Goddess With K Cup Tits Nana Fukada Is Having Her First Ever Furious 3 Fuck Extravaganza [Uncensored L**ked],https://cdn001.imggle.net/webp/poster/20222109/1664150894.webp,https://javct.net/v/ebod-564-rm,150,2026-10-01
HDKA-126-RM,The Naked Home Helper Hitomi Katase [Uncensored L**ked],https://cdn001.imggle.net/webp/poster/20220707/1658108916.webp,https://javct.net/v/hdka-126-rm,116,2026-10-01
NDRA-070-RM,I'm Fucking My Girlfriend's Mom Behind My Girlfriend's Back... Rieko Hiraoka [Uncensored L**ked],https://cdn001.imggle.net/webp/poster/20212011/1638086577.webp,https://javct.net/v/ndra-070-rm,123,2026-10-01
NKKD-185-SUB,Female Boss And Bold Underling Go On Business Trip North Of Tokyo And Get Put In The Same Twin Room Because Of Their Company Trying To Save Money. Reiko Kobayakawa [English Subtitle],https://cdn001.imggle.net/webp/poster/20212011/1640457120.webp,https://javct.net/v/nkkd-185-sub,118,2026-10-01
EBOD-554-RM,The Greatest Set Of Tits In E-BODY History Her AV Debut K Cup Goddess Body Finally Unleashed Nana Fukada [Uncensored L**ked],https://cdn001.imggle.net/webp/poster/20221108/1663585332.webp,https://javct.net/v/ebod-554-rm,119,2026-10-01
KAMEF-108-RM,"Individual shooting specialization Pure shrine maiden idol photo session Kaho (22) Machida lens BLACK KAMEKO FILE.108 Big breasted tall hunting dog maid Hiding from God, obscene off-paco, pure soft skin dirty creampie POV [Uncensored L**ked]",https://cdn001.imggle.net/webp/poster/10232025/1763645584.webp,https://javct.net/v/kamef-108-rm,83,2026-10-01
NDRA-091-RM,"Keeping It A Secret From My Girlfriend, I Also Fuck Her Mom...Haruka Aizawa [Uncensored L**ked]",https://cdn001.imggle.net/webp/poster/20212308/1631256236.webp,https://javct.net/v/ndra-091-rm,146,2026-10-01
MKON-063-RM,My Girlfriend Is A Student Shogi Player That Has Tons Of Pride And Wanted To Never Lose To Anyone In A Shogi Match. But She Gets Slutty And Gives In To A Middle Aged Guy's Dick For Creampie Fucking. Himari Kinoshita [Uncensored L**ked],https://cdn001.imggle.net/webp/poster/20212709/1633176112.webp,https://javct.net/v/mkon-063-rm,112,2026-10-01
AQSH-069-RM,This NEET Married Woman Wanted To Become An Amateur Magazine Model So When This Guy Said He Was A Producer Who Could Hook Her Up She Took The Bait And He Made Her Go Through A Filthy And Sexually Demoralizing Experience [Uncensored L**ked],https://cdn002.imggle.net/webp/poster/aqsh-069.webp,https://javct.net/v/aqsh-069-rm,120,2026-10-01
JUFE-384-RM,This Lady Boss Is A Naughty And Haughty Tall Girl Who Is Getting Pumped With Piston-Pounding Thrusts And Leg-Shaking Breaking In Training These Short And Lowly Workers Are Gonna Make It Their Mission To Make This Bitch Get On Her Hands And Knees In A Revenge Sex Fuck Fest Ann Mitsumi [Uncensored L**ked],https://cdn001.imggle.net/webp/poster/20221202/1650009438.webp,https://javct.net/v/jufe-384-rm,116,2026-10-01
NKKD-176-RM,"Recently, My Wife (30 Years Old) Got Fucked By Her Co-Worker (20 Years Old) At Her Part-Time Job... And Now I'm So Frustrated, I'd Like To Sell The Footage As An Adult Video. () [Uncensored L**ked]",https://cdn001.imggle.net/webp/poster/20221904/1654128421.webp,https://javct.net/v/nkkd-176-rm,168,2026-10-01
JUFE-117-RM,"My Girlfriend Is Close By But Her Intellectual Little Sister Is Whispering Dirty Talk And Pressing Her Beautiful Tits Against Me In An Attempt To Lure Me To Temptation, What A Dirty Fucking Slut Kanon Kanade [Uncensored L**ked]",https://cdn001.imggle.net/webp/poster/20221904/1654213094.webp,https://javct.net/v/jufe-117-rm,149,2026-10-01
NGOD-143-RM,"Please Promote My Husband... In Return, I'll Let You Touch My Tits... Chitose Yuki [Uncensored L**ked]",https://cdn001.imggle.net/webp/poster/20212709/1637112871.webp,https://javct.net/v/ngod-143-rm,143,2026-10-01
DDOB-097-RM,A Tall MILF Handjob Bitch - Eri Takigawa [Uncensored L**ked],https://cdn001.imggle.net/webp/poster/20212308/1631937150.webp,https://javct.net/v/ddob-097-rm,128,2026-10-01
NKKD-130-RM,My Wife (28) Was Fucked By Coworker (20) At Her Part Time Job... I'm Angry At Her So I'm Selling The Video To Porn Sites. () [Uncensored L**ked],https://cdn001.imggle.net/webp/poster/20221202/1645605435.webp,https://javct.net/v/nkkd-130-rm,180,2026-10-01
KATU-092-RM,"Sally Mom With Big Nipples, Tall Anaconda Lover With Big Tits [Uncensored L**ked]",https://cdn001.imggle.net/webp/poster/20212011/1640412796.webp,https://javct.net/v/katu-092-rm,151,2026-10-01
NKKD-220-RM,Ideal Married Life In The Countryside...The Perfect Chance For This Thirsty Wife To Get A Taste Of Local Farmers' Huge Cocks Inside Her Chitose Yuki [Uncensored L**ked],https://cdn002.imggle.net/webp/poster/nkkd-220.webp,https://javct.net/v/nkkd-220-rm,124,2026-10-01
XRW-732-RM,"Making My Tall, Proud And Aspirational Female Boss Give Deep Throat!! Honoka Takigawa [Uncensored L**ked]",https://cdn001.imggle.net/webp/poster/20221904/1652841107.webp,https://javct.net/v/xrw-732-rm,181,2026-10-01
HMGL-191-RM,"Shy Bodies. Model, Entertainer, And Porn Actress. Kanna Asumi [Uncensored L**ked]",https://cdn001.imggle.net/webp/poster/20221202/1648315781.webp,https://javct.net/v/hmgl-191-rm,117,2026-10-01
FSKT-011-RM,Afternoon Of OL Cloudy Saddle Turning To**ure AkemiMiu [Uncensored L**ked],https://cdn001.imggle.net/webp/poster/05192026/684e757776.webp,https://javct.net/v/fskt-011-rm,126,2026-10-01
TPIN-072-RM,"""What Are You Planning To Do By Stealing Your Aunt's Underwear?'' When He Gently Scolds Her, The Meaningful Smile On His Face Is A 100% Sign That He Is Excited And Happy That He Has An Erection. [Uncensored L**ked]",https://cdn001.imggle.net/webp/poster/20241902/1709957861.webp,https://javct.net/v/tpin-072-rm,178,2026-10-01
FERA-65-RM,Sakura's Grandma Discreetly Seduced Me In Her Sexy Lingerie. Shiho Sakura [Uncensored L**ked],https://cdn001.imggle.net/webp/poster/20221904/1652879023.webp,https://javct.net/v/fera-65-rm,102,2026-10-01
MDBK-217-RM,"A Popular Private Room Nightclub Hostess Who, As An Under-The-Table Option, Secretly Lets You Fuck Her Without A Condom And Give Her A Creampie [Uncensored L**ked]",https://cdn001.imggle.net/webp/poster/20212011/1641638719.webp,https://javct.net/v/mdbk-217-rm,150,2026-10-01
NXGS-023-RM,"My Neighbor's Wife Seduced Me At My Front Door, And We Had Unprotected Sex, An Adulterous Affair. [Uncensored L**ked]",https://cdn001.imggle.net/webp/poster/08152026/6b10a32b13.webp,https://javct.net/v/nxgs-023-rm,120,2026-10-01
DNPS-001,First-team girls have a lot of pussies. They keep sucking sperm in their upper and lower mouths and can't stop drinking. No. 1 Masturbator in Tokyo_ Yui Tenma,https://cdn001.imggle.net/webp/poster/08152026/a6f948cac1.webp,https://javct.net/v/dnps-001,95,2026-10-01
SDMU-842-RM,"In The Development Of A Sporty New Lingerie, The Three OLs Who Work For A Certain Underwear Maker Themselves Are Modeling Volunteers, They Slurp Themselves With Their Underwear Appearance, [Uncensored L**ked]",https://cdn001.imggle.net/webp/poster/20250606/1749611817.webp,https://javct.net/v/sdmu-842-rm,165,2026-10-01
DFDM-021-RM,"Riho Fujimori, A Addicted Woman Who Doesn't Stop Even If She Ejaculates [Uncensored L**ked]",https://cdn001.imggle.net/webp/poster/08152026/13001a5a2b.webp,https://javct.net/v/dfdm-021-rm,120,2026-10-01
NXGS-023,"My Neighbor's Wife Seduced Me At My Front Door, And We Had Unprotected Sex, An Adulterous Affair.",https://cdn001.imggle.net/webp/poster/08152026/6b10a32b13.webp,https://javct.net/v/nxgs-023,120,2026-10-01
EYS-078-RM,Married Woman Shameful Shooting A Married Woman Who Gets Wet With Teasing And Teasing Is A Good Prey For Underwear Enthusiasts! [Uncensored L**ked],https://cdn001.imggle.net/webp/poster/20220406/1656133674.webp,https://javct.net/v/eys-078-rm,180,2026-10-01
FERA-146-RM,Embarrassing Dasa Underwear Of A Beautiful Mother Seen By Her Son's Friend Saki Oishi [Uncensored L**ked],https://cdn001.imggle.net/webp/poster/20220406/1655960213.webp,https://javct.net/v/fera-146-rm,100,2026-10-01
JUY-527-RM,"I Was Shameless, I Got Lingerie. - Special Edition - Mito Kana [Uncensored L**ked]",https://cdn001.imggle.net/webp/poster/20242108/1726715781.webp,https://javct.net/v/juy-527-rm,150,2026-10-01
MIDA-732-RM,"Nana Yagi, A Plain-looking, Bespectacled, Busty Caregiver, Is Fo**ed To Wear Lewd Lingerie And Is Held Captive And Subjected To Sexual Training By The Eccentric And Troubled Residents Of The House She Visits, Ultimately Succumbing To Pleasure. [Uncensored L**ked]",https://cdn001.imggle.net/webp/poster/07052026/3117c8760e.webp,https://javct.net/v/mida-732-rm,170,2026-10-01
START-644,Two Older Sisters Gently Pamper You And Lead You To Unknown Pleasures That Men Can Never Provide. [Climax Development Lesbian] Hoshino Riko,https://cdn001.imggle.net/webp/poster/08152026/e6a4c6f270.webp,https://javct.net/v/start-644,130,2026-10-01
STAR-701-RM,China Matsuoka Aphrodisiac Hypnotic Trance Large Cum Sex [Uncensored L**ked],https://cdn001.imggle.net/webp/poster/08152026/10435c9fe3.webp,https://javct.net/v/star-701-rm,200,2026-10-01
JUR-107-RM,"Beautiful Lingerie, A Married Insurance Saleswoman, Yuuki Kanoha, Whose Reward Is Soiled With Saliva And Semen. [Uncensored L**ked]",https://cdn001.imggle.net/webp/poster/08152026/500013e60f.webp,https://javct.net/v/jur-107-rm,150,2026-10-01
JUR-107,"Beautiful Lingerie, A Married Insurance Saleswoman, Yuuki Kanoha, Whose Reward Is Soiled With Saliva And Semen.",https://cdn001.imggle.net/webp/poster/08152026/500013e60f.webp,https://javct.net/v/jur-107,150,2026-10-01
TPIN-018-RM,"Why Are You Stealing Underwear From Old Ladies Like Us? ""I Wanted It Because I Like Old Ladies' Underwear!"" The Instant They Heard Those Words From A Young Man, These Hot Mamas Felt Their Hearts Skip A Beat, And They Could No Longer Suppress Their Excitement, And Decided To Verify Their Womanly Feelings By Seeing If They Could Remember What It Felt Like To Feast On A Young Man's C*ck. [Uncensored L**ked]",https://cdn001.imggle.net/webp/poster/20212709/1636203450.webp,https://javct.net/v/tpin-018-rm,172,2026-10-01
DV-1543-SUB,Hami Ass Sister Tatsumi Yui Next [English Subtitle],https://cdn001.imggle.net/webp/poster/07052026/cfba9c6201.webp,https://javct.net/v/dv-1543-sub,137,2026-10-01
390JNT-124-RM,"[Squirting x creampie x slender] [Adult immoral sex in lingerie] Creampie sex with a beautiful wife who has no money worries but endless sexual worries [Maya-san, 28 years old, 3 years of marriage] #40 [Uncensored L**ked]",https://cdn001.imggle.net/webp/poster/08152026/a426c9a108.webp,https://javct.net/v/390jnt-124-rm,115,2026-10-01
HUNTB-108-RM,"Gals In Cotton Panties, Young-Looking Women In A Thong, Plain Women In Super Sexy Lingerie... I Absolutely Shouldn't Do This With These People But The Disparity Between Them And Their Underwear Just Turned Me On... [Uncensored L**ked]",https://cdn001.imggle.net/webp/poster/20212308/1632471150.webp,https://javct.net/v/huntb-108-rm,236,2026-10-01
390JNT-124,"[Former Ginza hostess wife] [Squirting x creampie x slender] [Adult immoral sex in lingerie] Creampie sex with a beautiful wife who has no money worries but endless sexual worries [Maya-san, 28 years old, 3 years of marriage] #40",https://cdn001.imggle.net/webp/poster/08152026/a426c9a108.webp,https://javct.net/v/390jnt-124,115,2026-10-01
JUY-895-RM,Horrible Man Makes Me Cum Over And Over... Maho Sugano [Uncensored L**ked],https://cdn001.imggle.net/webp/poster/20221202/1644855235.webp,https://javct.net/v/juy-895-rm,118,2026-10-01
JUX-437-RM,Mom's Friends Akane Mitsui [Uncensored L**ked],https://cdn001.imggle.net/webp/poster/20221202/1647051016.webp,https://javct.net/v/jux-437-rm,119,2026-10-01
SDJS-211-RM,"Haru Shibasaki, 2nd Year In The Company, Goods Division, Overcomes Her Shyness Even Though Her Face Turns Bright Red During Naked Work. 3 Unexpected Immediate Sex Scenes During Naked Work. [Uncensored L**ked]",https://cdn001.imggle.net/webp/poster/20231011/1697512252.webp,https://javct.net/v/sdjs-211-rm,150,2026-10-01
SDJS-214-RM,"Goods Division Haru Shibasaki Puts A Thrilling Ride On The Magic Mirror Issue For The First Time With A Remote Control Bike, Seduces Her With Pussy Juice And Succeeds In A Reverse Pick-up. [Uncensored L**ked]",https://cdn001.imggle.net/webp/poster/20231711/1700554482.webp,https://javct.net/v/sdjs-214-rm,149,2026-10-01
JUY-434-RM,"This Married Woman Is Wickedly Smiling As She Continues To Tweak My Nipples, Getting Them Rock Hard And Ready Nozomi Tanihara [Uncensored L**ked]",https://cdn001.imggle.net/webp/poster/20221202/1648354258.webp,https://javct.net/v/juy-434-rm,120,2026-10-01
SDMM-240-RM,Magic Mirror Issue [Summer Bellybutton Length] Sex recording of all 5 amateur girls with beautiful curves dressed in fashion.A girl with sensitive breasts who is embarrassed but sighs will accept that she has a raw penis?? First deep breast massage! [Uncensored L**ked],https://cdn001.imggle.net/webp/poster/08152026/6ce2e3ee1e.webp,https://javct.net/v/sdmm-240-rm,211,2026-10-01
JUX-436-RM,Naughty Father-In-Law Teases His Son's Bride - Please Stop It Daddy... Erika Kitakawa [Uncensored L**ked],https://cdn001.imggle.net/webp/poster/20220406/1655898337.webp,https://javct.net/v/jux-436-rm,118,2026-10-01
JUY-433-RM,My Wife's Little Sister All The Lust In The World Close Together Under One Roof Yuno Kumamiya [Uncensored L**ked],https://cdn001.imggle.net/webp/poster/20221202/1648631352.webp,https://javct.net/v/juy-433-rm,116,2026-10-01
CNY-026-RM,"Pleasure of to**ure, masochist livestock, beautiful boy brainwashed into a woman, Hime Hanamiya [Uncensored L**ked]",https://cdn001.imggle.net/webp/poster/08152026/d0f64132ee.webp,https://javct.net/v/cny-026-rm,130,2026-10-01
SDMM-240,Magic Mirror Issue [Summer Bellybutton Length] Sex recording of all 5 amateur girls with beautiful curves dressed in fashion.A girl with sensitive breasts who is embarrassed but sighs will accept that she has a raw penis?? First deep breast massage!,https://cdn001.imggle.net/webp/poster/08152026/6ce2e3ee1e.webp,https://javct.net/v/sdmm-240,211,2026-10-01
CNY-026,"Pleasure of to**ure, masochist livestock, beautiful boy brainwashed into a woman, Hime Hanamiya",https://cdn001.imggle.net/webp/poster/08152026/d0f64132ee.webp,https://javct.net/v/cny-026,130,2026-10-01
SDMM-239-RM,Magic Mirror Health and Physical Education extracurricular class Showing off the intense sex of an adult in front of the active female students! Ignite the sexual curiosity of adolescence and experience the climax in the cowgirl position for the first time 4 [Uncensored L**ked],https://cdn001.imggle.net/webp/poster/08152026/59115e9d80.webp,https://javct.net/v/sdmm-239-rm,201,2026-10-01
SDJS-382-RM,"Hikage Yoda, a second-year employee in the human resources department at SOD, tries her hand at work in agony! She is to**ured and given a company information session while her future juniors look on! [Uncensored L**ked]",https://cdn001.imggle.net/webp/poster/08152026/e26958b646.webp,https://javct.net/v/sdjs-382-rm,137,2026-10-01
SHYN-153-RM,Assault On A Young Female Employee Of The Promotion Department Who Hits A Computer Behind The Scenes Baseball Fist Promotion Department Maki Okazoe [Uncensored L**ked],https://cdn001.imggle.net/webp/poster/20220707/1658798731.webp,https://javct.net/v/shyn-153-rm,51,2026-10-01
SDMM-239,Magic Mirror Health and Physical Education extracurricular class Showing off the intense sex of an adult in front of the active female students! Ignite the sexual curiosity of adolescence and experience the climax in the cowgirl position for the first time 4,https://cdn001.imggle.net/webp/poster/08152026/59115e9d80.webp,https://javct.net/v/sdmm-239,201,2026-10-01
SDJS-382,"Hikage Yoda, a second-year employee in the human resources department at SOD, tries her hand at work in agony! She is to**ured and given a company information session while her future juniors look on!",https://cdn001.imggle.net/webp/poster/08152026/e26958b646.webp,https://javct.net/v/sdjs-382,137,2026-10-01
JUFE-291-RM,"A Special Summer Vacation, With My Teacher ... An Innocent, Fair-Skinned Beautiful Young Girl With A Peachy Body, Soiled By A Middle-Aged Man's Semen Hana Shirato [Uncensored L**ked]",https://cdn002.imggle.net/webp/poster/jufe-291.webp,https://javct.net/v/jufe-291-rm,174,2026-10-01
TAMO-002-RM,Sorry I'm So Horny... Riko Honda [Uncensored L**ked],https://cdn001.imggle.net/webp/poster/20220406/1655740338.webp,https://javct.net/v/tamo-002-rm,135,2026-10-01
FSET-523-RM,Huge-tittied Employees Service Customers In Youthful Uniforms [Uncensored L**ked],https://cdn001.imggle.net/webp/poster/20222109/1665614203.webp,https://javct.net/v/fset-523-rm,155,2026-10-01
NCYF-020-RM,Gachi Iki 6P Big Orgy! Little Devil Series 140Cm Stand Little Girl Beautiful Girl Layer Personality Correction Training [Crazy Oma Ko Breakdown Shrimp Warp Convulsions Acme] A Middle-Aged Cameco Group That Treats Garbage Contains An Infinite Amount Of Furious Ji Po! Semen Toilet Fall Fierce Finale 2 Main Sp [Uncensored L**ked],https://cdn001.imggle.net/webp/poster/20222109/1665806934.webp,https://javct.net/v/ncyf-020-rm,134,2026-10-01
MIDA-837,"""I'll Do Anything For You...because I Love You."" My Girlfriend, Ishikawa Mio, Will Grant Any Of My Perverted Desires And Let Me Drink All Of Her Bodily Fluids (sweat, Saliva, Pee) Without Reservation.",https://cdn001.imggle.net/webp/poster/08152026/7669f0efc9.webp,https://javct.net/v/mida-837,150,2026-10-01
CAWB-051,"Despite Being A Girl Who Brings Good Weather, She Has A Fetish For Wetting Herself In Inappropriate Places, Resulting In A Massive Pee Flood. A Cheerful, Short-haired, G-cup Girl Makes Her AV Debut As A Slutty Girl Who Wets Herself Profusely.",https://cdn001.imggle.net/webp/poster/08152026/cf7a65d201.webp,https://javct.net/v/cawb-051,170,2026-10-01
FJIN-073-SUB,"A Week Of Full Erection Milking Sex With The Unsociable Big-Assed Girl Next Door, Mizukawa Jun [English Subtitle]",https://cdn001.imggle.net/webp/poster/20252204/1746204174.webp,https://javct.net/v/fjin-073-sub,128,2026-10-01
FC2PPV-4984015,[First Shooting] The best part of individual shooting The advent of the divine amateur A must-see for amateur lovers You won't regret it,https://cdn001.imggle.net/webp/poster/08152026/747e8951e9.webp,https://javct.net/v/fc2ppv-4984015,98,2026-10-01
SABA-605-RM,The Groin Is Always In Estrus And The Crotch Is Wet. [Uncensored L**ked],https://cdn001.imggle.net/webp/poster/08152026/61494038e1.webp,https://javct.net/v/saba-605-rm,125,2026-10-01
200GANA-3452-RM,"Playing with a female college student who has too much free time A beautiful fair-skinned college girl is so excited about sex that she can't stop her sexual desire. She squirts relentlessly, with the night view in the background. Cheers to a trendy night. Seriously flexible, first shoot 2353 [Uncensored L**ked]",https://cdn001.imggle.net/webp/poster/08152026/55d70e82b0.webp,https://javct.net/v/200gana-3452-rm,58,2026-10-01
ZUKO-012-RM,Slut Orgy Heaven Temptation [Uncensored L**ked],https://cdn001.imggle.net/webp/poster/07052026/3b8faabd5d.webp,https://javct.net/v/zuko-012-rm,120,2026-10-01
SOE-087-RM,Risky Mosaic Risky Mosaic × Amemiya Kotone Rookie Rookie [Uncensored L**ked],https://cdn001.imggle.net/webp/poster/08152026/44298f5f9a.webp,https://javct.net/v/soe-087-rm,120,2026-10-01
ONED-271-RM,Mai Hanano Beautiful Legs Sex Barely Stet Of [Uncensored L**ked],https://cdn001.imggle.net/webp/poster/20233001/1676275194.webp,https://javct.net/v/oned-271-rm,120,2026-10-01
DOKS-693,My Favorite Cute Junior Office Lady Transforms When She's Drunk!? A Wild Vacuum Blowjob In A Private Room At An Izakaya Where Getting Caught Would Be Disastrous.,https://cdn001.imggle.net/webp/poster/08152026/55c6c47849.webp,https://javct.net/v/doks-693,124,2026-10-01
SABA-703-RM,"Sharing A Hotel Room With My Coworker After We Went Out And Missed The Last Train... She Seemed So Unguarded, I Couldn't Resist Her... vol. 009 [Uncensored L**ked]",https://cdn002.imggle.net/webp/poster/saba-703.webp,https://javct.net/v/saba-703-rm,132,2026-10-01
GDTM-091-RM,The Threesome Of Your Dreams! A Hotel Mistake Leads To Two Of You Busty Co-Workers Sharing A Room With You On A Business Trip! Now You're Laying Side-By-Side! They Toss And Turn Until Their Robes Are Open To Reveal Their Panties And Big Tits... 2 [Uncensored L**ked],https://cdn001.imggle.net/webp/poster/20220707/1658017235.webp,https://javct.net/v/gdtm-091-rm,223,2026-10-01
SABA-701-RM,"Complete POV: After 12 Years Working In A Large Consumer Finance Company, I Finally Lost My Virgnity With A Lovely Company Superior When We Both Decided To Take Off From Work - Nozomi-chan, 34 Years Old [Uncensored L**ked]",https://cdn002.imggle.net/webp/poster/saba-701.webp,https://javct.net/v/saba-701-rm,124,2026-10-01
SABA-695-RM,"Sharing A Hotel Room With My Coworker After We Went Out And Missed The Last Train... She Seemed So Unguarded, I Couldn't Resist Her... vol. 008 [Uncensored L**ked]",https://cdn002.imggle.net/webp/poster/saba-695.webp,https://javct.net/v/saba-695-rm,156,2026-10-01
ROYD-362-RM,"I'll Suck Your Cock So Can You Pretend To Be My Lover!? To Reassure My Cute Co-Worker's Parents Who Are Constantly Nagging Her To Get Married As Soon As Possible, I Became Her Boyfriend For A Day - Amakawa Sora [Uncensored L**ked]",https://cdn001.imggle.net/webp/poster/08152026/164bf14a5d.webp,https://javct.net/v/royd-362-rm,150,2026-10-01
ROYD-362,"I'll Suck Your Cock So Can You Pretend To Be My Lover!? To Reassure My Cute Co-Worker's Parents Who Are Constantly Nagging Her To Get Married As Soon As Possible, I Became Her Boyfriend For A Day - Amakawa Sora",https://cdn001.imggle.net/webp/poster/08152026/164bf14a5d.webp,https://javct.net/v/royd-362,150,2026-10-01
DSOD-081,"While My Wife Was Away Visiting Her Family, I Was Seduced By The Cunning Advances Of My Slender, Busty Subordinate... In The Silence, Forgetting About My Family, We Engaged In An Ecstatic Affair, Making Love Repeatedly Until The Boundaries Between Our Bodies Disappeared. (Sarina Hyakunaga)",https://cdn001.imggle.net/webp/poster/08152026/fada1bd47b.webp,https://javct.net/v/dsod-081,120,2026-10-01
PPPD-671-SUB,"My Lady Boss And I Were Taking Shelter From The Rain, But When I Saw Her Big Tits Through Her Soaked Shirt, I Could No Longer Control Myself Hitomi [English Subtitle]",https://cdn001.imggle.net/webp/poster/20221904/1654075028.webp,https://javct.net/v/pppd-671-sub,117,2026-10-01
AKDL-168-RM,"I Won't Forgive You, Even If You Cum! I Was Made To Cum Repeatedly Through Continuous Blowjobs [Uncensored L**ked]",https://cdn001.imggle.net/webp/poster/20221202/1645148014.webp,https://javct.net/v/akdl-168-rm,149,2026-10-01
MSFH-040-RM,Orgasm In 15 Seconds - We Found The Sexiest Office Girl In Marunouchi For Fast And Furious Orgasmic Fucks 4 Full Fucks Konomi Yoshinaga [Uncensored L**ked],https://cdn001.imggle.net/webp/poster/20212709/1637168875.webp,https://javct.net/v/msfh-040-rm,205,2026-10-01
DSOD-045,"Torrential rain on a business trip, I unexpectedly passed out drunk in front of my boss, whom I hated... We suddenly shared a room, and even after the night was over, we were drenched in saliva and sweaty as we continued to devour each other in creampie sexual intercourse.",https://cdn001.imggle.net/webp/poster/08152026/6d44dc126e.webp,https://javct.net/v/dsod-045,123,2026-10-01
SNOS-274-RM,"A Junior Coworker From My Part-time Job Stayed Over At My Place Friday Night, And The Next Day We Had Sex After Waking Up, Watched TV, Ate Snacks, And Had Sex Again. It Was A Weekend Of Non-stop Sex That Continued Until Night. - Nozomi Araki [Uncensored L**ked]",https://cdn001.imggle.net/webp/poster/07052026/cb1dc4b0c7.webp,https://javct.net/v/snos-274-rm,120,2026-10-01
MIAA-538-SUB,"She Hates Her Slovenly Boss, But She Couldn't Turn Down His Relentless Titty Tweaking ... And He Gave This Female Employee A Compulsory Creampie While She Kept On Cumming As He Fondled Her Erect Nipples Misono Mizuhara [English Subtitle]",https://cdn001.imggle.net/webp/poster/20212011/1638513794.webp,https://javct.net/v/miaa-538-sub,120,2026-10-01
ADN-804-RM,"""I Can't Help But Thrust My Hips Myself..."" I Was Brought To Orgasm Multiple Times During Foreplay, Leaving My Pussy In A Melting State. [Uncensored L**ked]",https://cdn001.imggle.net/webp/poster/08152026/ecd36b57dc.webp,https://javct.net/v/adn-804-rm,120,2026-10-01
ADN-804,"""I Can't Help But Thrust My Hips Myself..."" I Was Brought To Orgasm Multiple Times During Foreplay, Leaving My Pussy In A Melting State.",https://cdn001.imggle.net/webp/poster/08152026/ecd36b57dc.webp,https://javct.net/v/adn-804,120,2026-10-01
ADN-789-RM,A Married Woman Who Hadn't Had Sex Even Once In Four Years Of Marriage Was Embraced By Her Boss One Night. [Uncensored L**ked],https://cdn001.imggle.net/webp/poster/05192026/9699e2c512.webp,https://javct.net/v/adn-789-rm,120,2026-10-01
C-2511,This Is My Job! Case.09,https://cdn001.imggle.net/webp/poster/08152026/00236b82bc.webp,https://javct.net/v/c-2511,130,2026-10-01
UMSO-284-RM,"This Girl Said, ""You Can Fuck Me Instead Of You MILF Mama"" As She Took Off Her Clothes... As He Looked At Her And Saw How Big She Had Grown, What Was This Horny Stepdaddy To Do!? [Uncensored L**ked]",https://cdn001.imggle.net/webp/poster/20220406/1656308282.webp,https://javct.net/v/umso-284-rm,240,2026-10-01
SDAM-175-RM,A record of group sex for employees of a major rubber products manufacturer. [Uncensored L**ked],https://cdn001.imggle.net/webp/poster/05192026/d5c7761885.webp,https://javct.net/v/sdam-175-rm,143,2026-10-01
WAAA-693,"Ever Since My Beloved Girlfriend Went Back For Her Class Reunion, She's Been Acting Strangely On Weekends... Rima Arai",https://cdn001.imggle.net/webp/poster/08152026/643d7a97d0.webp,https://javct.net/v/waaa-693,120,2026-10-01
DVDMS-516-RM,"General Black Man X Amateur College Girl Life's First Black Semen Creampie Special! A Black Man Living In Japan Who Is In Trouble Because She Is Too Big And Consults An Amateur College Student! The Appearance Of A Black Big Dick That Is Much Larger Than The Boyfriend's Short And Long Hair Is A Painful Appearance, Even Though He Is Biting! 10 To The Back Of The Uterus ... [Uncensored L**ked]",https://cdn001.imggle.net/webp/poster/08152026/886281dbf9.webp,https://javct.net/v/dvdms-516-rm,200,2026-10-01
XVSR-349-SUB,Dengeki Transfer! !MAX-A Exclusive Mitsuba Debut! ! [English Subtitle],https://cdn001.imggle.net/webp/poster/07052026/13616bd804.webp,https://javct.net/v/xvsr-349-sub,130,2026-10-01
DVDMS-521,"Is It True That The Rumor That General Male And Female Monitoring AV × Magic Mirror Flight Collaboration Planning 'CA On The Way Back From The Flight Wants Ji ○ Port Is Unbearable'? ? A Cabin Attendant Who Works For A Major Airline Straddles Himself On A Big Cock That Has Full Erection With Beautiful Legs In Black Pantyhose And Cums Continuously At A Woman's Waist Swinging Woman On Top Posture! 2 ""You ...",https://cdn001.imggle.net/webp/poster/08152026/c14eddce8c.webp,https://javct.net/v/dvdms-521,160,2026-10-01
CHKP-004-RM,Bitch A President Secretary Middle-aged Cock Father And Juice Nuo Rich Sex [Uncensored L**ked],https://cdn001.imggle.net/webp/poster/04112026/229af23bbc.webp,https://javct.net/v/chkp-004-rm,84,2026-10-01
CESD-892-RM,Black Creampie! Shrimp Warp Climax While L**king To A BBP (Big Black Penis) Non-standard Big Cock Piston! ! Naoko Akase [Uncensored L**ked],https://cdn001.imggle.net/webp/poster/08152026/728ee49abb.webp,https://javct.net/v/cesd-892-rm,132,2026-10-01
KMI-103-SUB,I × Kano × RQ Yui Oba [English Subtitle],https://cdn001.imggle.net/webp/poster/20230205/1683736377.webp,https://javct.net/v/kmi-103-sub,125,2026-10-01
MDVIJ-035-RM,"Married Woman Forbidden Erotic Drama Theater Chapter Two: The Sexy Son's Wife Gets Impregnated By Her Virile, Huge-Penis Father-in-Law Who Gets Cummed Inside Her [Uncensored L**ked]",https://cdn001.imggle.net/webp/poster/08152026/3af23f7180.webp,https://javct.net/v/mdvij-035-rm,240,2026-10-01
FC2PPV-4984044,[First shot] A slender and petite beautiful wife gets creampied for the first time by two sadistic black men in front of her boyfriend who is jerking off (lol),https://cdn001.imggle.net/webp/poster/08152026/8889b2a211.webp,https://javct.net/v/fc2ppv-4984044,83,2026-10-01
FC2PPV-4983528,[No] An ordinary office lady with a boyfriend reappears and loves being penetrated from behind by a big dick ♡ The sight of her sticking out her beautiful butt and accepting the violent piston is a sight to behold [Overseas version] Bonus included,https://cdn001.imggle.net/webp/poster/08152026/b69d28f0eb.webp,https://javct.net/v/fc2ppv-4983528,44,2026-10-01
FC2PPV-4975892-RM,"Two beautiful women, a big-breasted/big-assed beauty and a petite beauty, are brought into a sex room and made to creampie and impregnate two black guys with overwhelming big dicks, hardcore 4P! [Uncensored L**ked]",https://cdn001.imggle.net/webp/poster/08152026/836aa32e43.webp,https://javct.net/v/fc2ppv-4975892-rm,88,2026-10-01
DFE-117-RM,I Would Like It To Be Released Deep In The Throat. Mano Inori [Uncensored L**ked],https://cdn001.imggle.net/webp/poster/08152026/67c2465ab3.webp,https://javct.net/v/dfe-117-rm,116,2026-10-01
PDVIJ-002-RM,A Mother Becomes Captivated By The Incredible Sex Of Her Daughter's Husband With His Huge Penis... Yumi Aikawa [Uncensored L**ked],https://cdn001.imggle.net/webp/poster/08152026/7397aec052.webp,https://javct.net/v/pdvij-002-rm,120,2026-10-01
SPRD-1274-RM,Son-in-law Stepmom Rie Takeuchi Shrugged Down By A Son With Strong Sexual Desire [Uncensored L**ked],https://cdn001.imggle.net/webp/poster/20212011/1642598293.webp,https://javct.net/v/sprd-1274-rm,110,2026-10-01
FC2PPV-4983378,[Complete amateur] **pyjpx*jsps Slender beauty creampie review bonus essential bi*/Using a big cock to make her writhe over and over again and get a huge facial cumshot,https://cdn001.imggle.net/webp/poster/08152026/e4cc81ca26.webp,https://javct.net/v/fc2ppv-4983378,11,2026-10-01
MDVIJ-035,"Married Woman Forbidden Erotic Drama Theater Chapter Two: The Sexy Son's Wife Gets Impregnated By Her Virile, Huge-Penis Father-in-Law Who Gets Cummed Inside Her",https://cdn001.imggle.net/webp/poster/08152026/3af23f7180.webp,https://javct.net/v/mdvij-035,240,2026-10-01
DFE-117,I Would Like It To Be Released Deep In The Throat. Mano Inori,https://cdn001.imggle.net/webp/poster/08152026/67c2465ab3.webp,https://javct.net/v/dfe-117,116,2026-10-01
PDVIJ-002,A Mother Becomes Captivated By The Incredible Sex Of Her Daughter's Husband With His Huge Penis... Yumi Aikawa,https://cdn001.imggle.net/webp/poster/08152026/7397aec052.webp,https://javct.net/v/pdvij-002,120,2026-10-01
ABF-390-RM,"Seduced By My Sister-in-law, Whom I Secretly Admired, My Emotions Exploded And I Ejaculated Inside Her Multiple Times... Nonoura Dan [Uncensored L**ked]",https://cdn001.imggle.net/webp/poster/08152026/a06c45431b.webp,https://javct.net/v/abf-390-rm,130,2026-10-01
ABF-375-RM,"I Was Seduced By My Sister-in-law, Whom I Secretly Admired, And My Emotions Exploded, Causing Me To Ejaculate Inside Her Multiple Times... Mai Nanashima [Uncensored L**ked]",https://cdn001.imggle.net/webp/poster/07052026/f86c576ea5.webp,https://javct.net/v/abf-375-rm,125,2026-10-01
SAN-291-RM,"The Older Sister Actress Everyone Is Interested In These Days, Kaho Kashii 240 Minutes [Uncensored L**ked]",https://cdn001.imggle.net/webp/poster/20241115/1731951214.webp,https://javct.net/v/san-291-rm,240,2026-10-01
ID-038-RM,Sexy Massage Girl. Special Edition AV Debut. I Was So Shocked When I Called A Sexy Massage Girl! It Was My Teaching Coworker From The Same J*********h School We Work At. Manami Yoshiki. [Uncensored L**ked],https://cdn001.imggle.net/webp/poster/20221202/1649380903.webp,https://javct.net/v/id-038-rm,182,2026-10-01
ABF-390,"Seduced By My Sister-in-law, Whom I Secretly Admired, My Emotions Exploded And I Ejaculated Inside Her Multiple Times... Nonoura Dan",https://cdn001.imggle.net/webp/poster/08152026/a06c45431b.webp,https://javct.net/v/abf-390,130,2026-10-01
FNS-262,Curfew At 6pm Cinderella Lady College Girl AV DEBUT Sena Hashimoto,https://cdn001.imggle.net/webp/poster/08152026/c9a665ed96.webp,https://javct.net/v/fns-262,155,2026-10-01
REBD-1070,Non5 Emerald Flower Of The Highlands - Kohana Non,https://cdn001.imggle.net/webp/poster/08152026/856ca457fc.webp,https://javct.net/v/rebd-1070,80,2026-10-01
REBD-1073,Yuri Radiant Jewel・Yuri Yamada,https://cdn001.imggle.net/webp/poster/08152026/e26a67e959.webp,https://javct.net/v/rebd-1073,82,2026-10-01
CAWB-042,"""Hey, Hey! Let's Play Together!"" You'll Be Drawn In By This Girl's Smile! This Girl Laughs So Much That Her Stomach Has Become Toned And Her Waist Is Slender! A Nagano Resident Like Natural Spring Water, Making Her AV Debut: Amagi Nene",https://cdn001.imggle.net/webp/poster/08152026/e603ded9e5.webp,https://javct.net/v/cawb-042,150,2026-10-01
WAAA-698,"My Wife's Stepdaughter (in Her Rebellious Phase) Is Always Defenseless And Braless, Her Breasts Peeking Out. I Couldn't Resist Her Fair Skin And Pink Nipples, So I Played With Them, Kneading Them Until She Learned To Orgasm From Them, And Then I Had Sex With Her... Yukimura Izuki",https://cdn001.imggle.net/webp/poster/08152026/f7ebc5ea1c.webp,https://javct.net/v/waaa-698,120,2026-10-01
SONE-716-SUB,"""Hey, You're Only Good At Tit Fucking, So Let's Jerk Off With A Titjob."" A Skinny, Big-breasted Woman Who Wants To Be Dominated And Is A Masochist, Turns Me, A Normally Gentle Person, Into A Devilish Sadist. Shino Mayu [English Subtitle]",https://cdn001.imggle.net/webp/poster/20252204/1746725045.webp,https://javct.net/v/sone-716-sub,140,2026-10-01
IPZZ-921,"My Senior Colleague, Sakai, Who Trains Me At The Swimwear Company, Has A Body Like A Gravure Idol When She Takes Her Clothes Off, And I Get An Erection Every Time I See Her Trying On Swimwear, But My Senior Colleague Is Secretly A Pervert And Gets Excited And Makes Up An Excuse To Have Sex With Me. Sakai Mio",https://cdn001.imggle.net/webp/poster/08152026/b2d6bf8745.webp,https://javct.net/v/ipzz-921,190,2026-10-01
MIDA-817,"Newcomer, Hidden Busty F-cup Exclusive Model Kazami Nagisa Makes Her AV Debut!",https://cdn001.imggle.net/webp/poster/08152026/3ebf3ae0b8.webp,https://javct.net/v/mida-817,190,2026-10-01
IPZZ-917,"Sharing A Room With A Cheerful And Earnest Junior Colleague During A Sudden Downpour... Can You Resist The Temptation Of Her Sweaty, Healthy, And Voluptuous Body? (Nagahama Mitsuri)",https://cdn001.imggle.net/webp/poster/08152026/f3e197371b.webp,https://javct.net/v/ipzz-917,120,2026-10-01
259LUXU-1894-RM,"An underwear model with beautiful legs and trembling waist cries out I'm so deep... and climaxes continuously, sticking out her erotic butt and crying out in agony. Luxury TV 1880 [Uncensored L**ked]",https://cdn001.imggle.net/webp/poster/07052026/26bb8e9605.webp,https://javct.net/v/259luxu-1894-rm,72,2026-10-01
MIDA-800,"I, A Call Girl, Was Trained By A Man In A 4.5 Tatami Mat Room. I Became A Convenient Fleshlight, Letting Him Wildly Knead My Big Breasts With Lots Of Oil And Even Allowing Him To Cum Inside Me... Gojo Ren",https://cdn001.imggle.net/webp/poster/08152026/2cfedd4b02.webp,https://javct.net/v/mida-800,120,2026-10-01
IPZZ-977,FIRST IMPRESSION 194 K103-67-90 THIS IS Tawawa - An Extraordinary Fruit Has Finally Arrived. Kizuki Amane,https://cdn001.imggle.net/webp/poster/08152026/a42eccaef2.webp,https://javct.net/v/ipzz-977,140,2026-10-01
GVH-557-RM,Busty Masochist Anna 21 Years Old Anna Hanayagi [Uncensored L**ked],https://cdn001.imggle.net/webp/poster/20230206/1688188114.webp,https://javct.net/v/gvh-557-rm,175,2026-10-01
STARS-200-RM,I Practice Having Creampie Impregnation Sex With A Long Time Friend - Mana Sakura [Uncensored L**ked],https://cdn001.imggle.net/webp/poster/20220406/1657165232.webp,https://javct.net/v/stars-200-rm,223,2026-10-01
NSPS-715-RM,Extreme Lover Theft My Boss Fo**ed My Sweet Young Wife To Marry Him. Mao Hamasaki [Uncensored L**ked],https://cdn001.imggle.net/webp/poster/20221108/1661448006.webp,https://javct.net/v/nsps-715-rm,96,2026-10-01
NDRA-024-RM,Socially Aware Cuckolding Drama. My Wife Was Bankrolling A 20-Year-Old Host. Kanae Nakayama [Uncensored L**ked],https://cdn001.imggle.net/webp/poster/20221202/1649640791.webp,https://javct.net/v/ndra-024-rm,120,2026-10-01
NDRA-025-RM,A Wife Drawn Nude By A Master Sketch Of A Busty Young Wife's Genitals NTR Misuzu Kunimi [Uncensored L**ked],https://cdn001.imggle.net/webp/poster/20220707/1660092472.webp,https://javct.net/v/ndra-025-rm,120,2026-10-01
VEC-522-SUB,"When She Catches Her Friend's Studly Husband Cheating, She Comes Over To Scold Him And Ends Up Being Seduced Yu Shinoda [English Subtitle]",https://cdn001.imggle.net/webp/poster/20221202/1646989900.webp,https://javct.net/v/vec-522-sub,97,2026-10-01
NDRA-022-RM,My Wife Got Fucked By My Daughter's Boyfriend - Messy Double Love & Hate Cuckold Drama Between A Father And His Daughter Natsuko Kayama [Uncensored L**ked],https://cdn001.imggle.net/webp/poster/20212011/1642219615.webp,https://javct.net/v/ndra-022-rm,120,2026-10-01
NDRA-020-RM,My Wife Fucked My Son's Homeroom Teacher When He Came Over To Check On Why The Boy Was Absent From School Yukie Mizukami [Uncensored L**ked],https://cdn001.imggle.net/webp/poster/20212011/1644374069.webp,https://javct.net/v/ndra-020-rm,120,2026-10-01
NSPS-628-RM,"My Wife's Beautiful Body Was Taken Away Her Pale Skin, Her Small Waist, Her Beautiful Body Was A Work Of Art, And Now Another Man Has Taken It From Me... Waka Ninomiya [Uncensored L**ked]",https://cdn001.imggle.net/webp/poster/20220707/1658281944.webp,https://javct.net/v/nsps-628-rm,89,2026-10-01
NDRA-019-RM,"The Story Of How My Clean Freak Wife Cheated With A Smelly Hobo - He Made Her Cum Like A Bitch, Too... Mei Matsumoto [Uncensored L**ked]",https://cdn001.imggle.net/webp/poster/20220707/1660019034.webp,https://javct.net/v/ndra-019-rm,119,2026-10-01
OBA-240-RM,Aunt Kanae Secretly Tempts Me Kanae Nakayama [Uncensored L**ked],https://cdn001.imggle.net/webp/poster/20212011/1644470302.webp,https://javct.net/v/oba-240-rm,115,2026-10-01
NDRA-017-RM,"I Know It's Awful, But My Wife's Working As A Hooker Until The End Of The Month... Nozomi Tanihara [Uncensored L**ked]",https://cdn001.imggle.net/webp/poster/20212011/1642303674.webp,https://javct.net/v/ndra-017-rm,119,2026-10-01
NDRA-015-RM,My Wife's In Love With My Little Stepbrothers Huge Cock... Shizuka Akiyama [Uncensored L**ked],https://cdn001.imggle.net/webp/poster/20212011/1641519400.webp,https://javct.net/v/ndra-015-rm,120,2026-10-01
DASS-665-SUB,Miyu Otori [English Subtitle],https://cdn001.imggle.net/webp/poster/20252204/1749143585.webp,https://javct.net/v/dass-665-sub,150,2026-10-01
CAWD-078-RM,"I Couldn't Withstand My Girlfriend's Sister's Thick Thighs And Panty Shots, So I Creampied Her. [Uncensored L**ked]",https://cdn001.imggle.net/webp/poster/20221904/1651452183.webp,https://javct.net/v/cawd-078-rm,152,2026-10-01
GVH-397-RM,True Stories Of A Lovely Woman. Mayu Suzuki [Uncensored L**ked],https://cdn001.imggle.net/webp/poster/20221904/1651305294.webp,https://javct.net/v/gvh-397-rm,129,2026-10-01
KSBJ-152-RM,My Husband's Brother and My Secret Fertility Treatment: Asuka Rinna [Uncensored L**ked],https://cdn002.imggle.net/webp/poster/ksbj-152.webp,https://javct.net/v/ksbj-152-rm,120,2026-10-01
NDRA-013-RM,Big Regret NTR - The Story of a Stranger Happening Across My Wife's Naked Body Akari Nanahara [Uncensored L**ked],https://cdn001.imggle.net/webp/poster/20222109/1664725714.webp,https://javct.net/v/ndra-013-rm,119,2026-10-01
NDRA-008-RM,The Married Carer Who Can't Say No Gives Into The Pleas Of Old Men And Reluctantly Cuckolds Yu Kawakami [Uncensored L**ked],https://cdn001.imggle.net/webp/poster/20212011/1644205987.webp,https://javct.net/v/ndra-008-rm,120,2026-10-01
NDRA-006-RM,I'm a 43-Year Old Lawyer. My Mom Used To Prostitute Herself Back Then To Pay For My Education. Hitomi Enjoji [Uncensored L**ked],https://cdn001.imggle.net/webp/poster/20212011/1640490791.webp,https://javct.net/v/ndra-006-rm,118,2026-10-01
NDRA-007-RM,Clothed Colossal Tits And Cuckolding. My Neighbor Keeps Staring At My Wife's Tits Chitose Saegusa [Uncensored L**ked],https://cdn001.imggle.net/webp/poster/20221108/1661273273.webp,https://javct.net/v/ndra-007-rm,120,2026-10-01
AGMX-272,Completely Subjective! Puffy Cheeks! An Incredibly Cute Hamster Giving A Blowjob!,https://cdn001.imggle.net/webp/poster/08152026/929bce9bb8.webp,https://javct.net/v/agmx-272,98,2026-10-01
BOBB-026-RM,"Saki Tsuji, Rio Hamasaki Box ""Rio Hamasaki & Saki Tsuji"" Boin [Uncensored L**ked]",https://cdn001.imggle.net/webp/poster/08152026/a37ac4563d.webp,https://javct.net/v/bobb-026-rm,120,2026-10-01
MIGD-080-RM,Chihiro Hara Pies Intrinsic [Uncensored L**ked],https://cdn001.imggle.net/webp/poster/20230205/1685351890.webp,https://javct.net/v/migd-080-rm,170,2026-10-01
FTHTD-228-RM,Find The Key Sleeping In The Women's Bath And Open The Treasure Chest! A Former Great Pirate Is Reincarnated In The Women's Bath And Rises To Avenge His Regrets! [Uncensored L**ked],https://cdn001.imggle.net/webp/poster/08152026/fa8125ca38.webp,https://javct.net/v/fthtd-228-rm,285,2026-10-01
FTHTD-219-RM,Please Support A Boy Who Is Suffering From Too Much Sperm Until He Is Satisfied! Fellatio Continuous Ejaculation Support Challenge! [Uncensored L**ked],https://cdn001.imggle.net/webp/poster/08152026/76b988868c.webp,https://javct.net/v/fthtd-219-rm,260,2026-10-01
SQTE-417-RM,I Found My Favorite Job. The Vocation Of An Obedient Former Idol Is AV Actress Sora Minamino [Uncensored L**ked],https://cdn001.imggle.net/webp/poster/20221904/1654321696.webp,https://javct.net/v/sqte-417-rm,112,2026-10-01
FTHT-360-RM,Sharpen Your Concentration To The Utmost And Catch The Sperm! Chinken Shirohadori! 10 Participants [Limited Distribution Vol.1] [Uncensored L**ked],https://cdn001.imggle.net/webp/poster/08152026/895480a8aa.webp,https://javct.net/v/ftht-360-rm,146,2026-10-01
MGNL-194-RM,"""Friendship Verification Project Of Two JDs! Live Changing Clothes Matching Challenge ☆"" W Positive JD With A Dazzling Smile Takes On The Challenge And Changes Into Various Erotic Costumes One After Another ♪ Punishment Game With A Big Dick, Immediate Sex, Continuous Squirting, Rich Continuous Creampie 4P ♪ [Street Corner Amateur Monitoring #Moeka & Yuka] [Uncensored L**ked]",https://cdn001.imggle.net/webp/poster/08152026/806b8078ff.webp,https://javct.net/v/mgnl-194-rm,70,2026-10-01
MGNL-192-RM,"""Thorough Examination Of Whether Male And Female College Students Who Are Friends Will Cross The Line With Close Contact With Oil And Slimy Intercrural Sex ☆'' A Very Cute Raccoon-faced JD Rubs His Slimy Oiled Intercrural Thighs With His Circle Friend And Develops Into Raw Sex ♪...While He Is Attracted To His Friend's Dick, He Secretly Secretly Cums In A Series Of Friendships ☆ [Street Corner Amateur Monitoring #Haruka] [Uncensored L**ked]",https://cdn001.imggle.net/webp/poster/08152026/eb44919fe5.webp,https://javct.net/v/mgnl-192-rm,83,2026-10-01
VRNC-109-RM,Tsurupeta [Uncensored L**ked],https://cdn001.imggle.net/webp/poster/08152026/18bcf52b5a.webp,https://javct.net/v/vrnc-109-rm,63,2026-10-01
FTKD-045-RM,"Revenge Seduction School Bullied Girls Who Have Been Taught That ""receiving Sexual Pain From Someone They Hate'' Is The Biggest Shame Mikan Kosuzu/Meru Adachi/Amo Kano [Uncensored L**ked]",https://cdn001.imggle.net/webp/poster/08152026/3c9102da71.webp,https://javct.net/v/ftkd-045-rm,176,2026-10-01
MGNL-196-RM,"""Challenge To Resist Cumming With A Super Vibrating Squat With A Fixed Vibrator That Penetrates The Pussy!"" A Charming Hot Gal Takes On The Challenge♪ She Uses An Electric Massager To Torment Her Clitoris And Ejaculates In Huge Squirts! She Can't Stop Squirting Due To The Raw Fuck Demon's Piss! Punishment Creampie To The Erotic Pussy!! [Street Corner Amateur Monitoring #Risa #24 Years Old] [Uncensored L**ked]",https://cdn001.imggle.net/webp/poster/08152026/1219a7141c.webp,https://javct.net/v/mgnl-196-rm,58,2026-10-01
FTKD-044-RM,"When I Was Sleeping In A River With My Stepc**ld Of My Remarried Partner Who Has Lesbian Tendencies, I Heard The Sound Of Water Coming From Next Door...I Suddenly Looked Over And Saw The Beautiful Sisters Who Were Also Lesbians!I Couldn't Help But Get A Full Erection, And When It Became Clear That I Was Watching, The Beautiful Sisters Smiled And Sucked On The Old Man's Dick!Natsuho Hanamori/Mameru Kohin [Uncensored L**ked]",https://cdn001.imggle.net/webp/poster/08152026/1253d63e96.webp,https://javct.net/v/ftkd-044-rm,125,2026-10-01
FTHTD-225-RM,End Of The World ~Ohame Apocalypse Final Sex Battle~ [Uncensored L**ked],https://cdn001.imggle.net/webp/poster/08152026/6c983c82b7.webp,https://javct.net/v/fthtd-225-rm,133,2026-10-01
VRNC-107-RM,An Unexpected Swapping Orgy!? A Total Of 4 Couples Swapped Girlfriends Who Lost Their Lives At A Drinking Party And Had A Blast Having Live Sex! [Yuka/Hina/Mina/Rin] Ver Mina & Rin [Uncensored L**ked],https://cdn001.imggle.net/webp/poster/08152026/f1878b7ad8.webp,https://javct.net/v/vrnc-107-rm,67,2026-10-01
STCV-607-RM,"""It's In The Shape Of A Plump Glans♪"" S-class Dick Reviewer @Emily (tentative) [Uncensored L**ked]",https://cdn001.imggle.net/webp/poster/08152026/f6aa6fd1bd.webp,https://javct.net/v/stcv-607-rm,66,2026-10-01
DEAB-008,"Arisa Kotani, A Female Basketball Player With A Promising Future, Makes Her AV Debut.",https://cdn001.imggle.net/webp/poster/08152026/839c4d7777.webp,https://javct.net/v/deab-008,130,2026-10-01
XVSR-393-RM,Vaginal Cum Shot Love Bracon Sister's Living With The Older Sister [Uncensored L**ked],https://cdn001.imggle.net/webp/poster/08152026/b65a40d90b.webp,https://javct.net/v/xvsr-393-rm,120,2026-10-01
FC2PPV-4984078,[Underground idol] The appearance of being filmed in a dark way from idol activities was too bad,https://cdn001.imggle.net/webp/poster/08152026/0d12939eb5.webp,https://javct.net/v/fc2ppv-4984078,61,2026-10-01
MIGD-147-RM,Anal FUCK Love Sea Intrinsic Talent Active [Uncensored L**ked],https://cdn001.imggle.net/webp/poster/08152026/36532c6d24.webp,https://javct.net/v/migd-147-rm,120,2026-10-01
MIGD-024-RM,St. Maria No Anal FUCK Intrinsic [Uncensored L**ked],https://cdn001.imggle.net/webp/poster/08152026/f686d0052e.webp,https://javct.net/v/migd-024-rm,120,2026-10-01
MARR-014,Yurara Yume / Hachimitsu Rin,https://cdn001.imggle.net/webp/poster/08152026/e9c063fb02.webp,https://javct.net/v/marr-014,80,2026-10-01
MARN-006,Anew/Yui Hatano,https://cdn001.imggle.net/webp/poster/08152026/7a6d85f182.webp,https://javct.net/v/marn-006,80,2026-10-01
KIRA-008-RM,Grand Best- Grand Best - / Harusaki Miyu [Uncensored L**ked],https://cdn001.imggle.net/webp/poster/04112026/cd592df73e.webp,https://javct.net/v/kira-008-rm,120,2026-10-01
KIRA-001-RM,Limit Gravure ☆ Tominaga Bookmarks Sigh ☆ 18-year-old Girl [Uncensored L**ked],https://cdn001.imggle.net/webp/poster/04112026/833ca7c302.webp,https://javct.net/v/kira-001-rm,70,2026-10-01
KIRA-004-RM,Debut ☆ / Kashiwagi Nami Sigh ☆ 18-year-old Girl Shock Of Beautiful Girl [Uncensored L**ked],https://cdn001.imggle.net/webp/poster/04112026/c8aab11dae.webp,https://javct.net/v/kira-004-rm,70,2026-10-01
FC2PPV-4981127,Local real idol ♡ Real love making raw sex creampie with Madoka\(^o^)/[Bonus included/Face showing/Uncensored],https://cdn001.imggle.net/webp/poster/08152026/8d007c5b40.webp,https://javct.net/v/fc2ppv-4981127,76,2026-10-01
FC2PPV-4981964,[Uncensored] **pyjpx*jsps Idol Ayana-chan is in a see-through swimsuit and is impregnated by undeclared multiple insemination on a dangerous day at a hotel where a battle over limits is unfolded,https://cdn001.imggle.net/webp/poster/08152026/6a402241b9.webp,https://javct.net/v/fc2ppv-4981964,63,2026-10-01
413INSTV-734-RM,"I've been having fun with my gravure idol girlfriend since the morning, and when I wake up, I immediately have sex with her. Good morning creampie sex. [Uncensored L**ked]",https://cdn001.imggle.net/webp/poster/08152026/b4f39c00ca.webp,https://javct.net/v/413instv-734-rm,95,2026-10-01
PRIAN-060,Sakura-iro. / Sakura Wakana,https://cdn001.imggle.net/webp/poster/08152026/e4b7bc8091.webp,https://javct.net/v/prian-060,100,2026-10-01
PRIAN-059,Colorful / Aya Sasakura,https://cdn001.imggle.net/webp/poster/08152026/bb3c2ac4d5.webp,https://javct.net/v/prian-059,107,2026-10-01
FC2PPV-4981954,"The girl who picked up [Nishino Nana◯ looks like!!︎] is Masa's school teacher!!︎It seems like they haven't met each other, so they play creampie after drinking at home.",https://cdn001.imggle.net/webp/poster/08152026/3e2a6dc34a.webp,https://javct.net/v/fc2ppv-4981954,106,2026-10-01
546EROFV-392-RM,Gravure Naked Challenge - L**ked sex video at a private gym for couples [Uncensored L**ked],https://cdn001.imggle.net/webp/poster/08152026/1c0d6211b0.webp,https://javct.net/v/546erofv-392-rm,70,2026-10-01
413INSTV-734,"I've been having fun with my gravure idol girlfriend since the morning, and when I wake up, I immediately have sex with her. Good morning creampie sex.",https://cdn001.imggle.net/webp/poster/08152026/b4f39c00ca.webp,https://javct.net/v/413instv-734,95,2026-10-01
546EROFV-392,Gravure Naked Challenge - L**ked sex video at a private gym for couples,https://cdn001.imggle.net/webp/poster/08152026/1c0d6211b0.webp,https://javct.net/v/546erofv-392,70,2026-10-01
OBA-377-RM,"MUTEKI Mature Girl Obasan First Appeared! ! Such An Aunt, Is It Really Okay With Me ...? Aunt And Nephew 's Dying Talented Sexual Intercourse Mochizukiru Beauty [Uncensored L**ked]",https://cdn001.imggle.net/webp/poster/20222311/1669659997.webp,https://javct.net/v/oba-377-rm,120,2026-10-01
YMDS-267-RM,Amateur observation monitoring emergency project! Can fans embrace their favorite idols!? Body Thanksgiving Edition Meisa Nishimoto [Uncensored L**ked],https://cdn001.imggle.net/webp/poster/08152026/129d66ad05.webp,https://javct.net/v/ymds-267-rm,99,2026-10-01
TSDS-43117,Yumi Kureha / Title Undecided,https://cdn001.imggle.net/webp/poster/08152026/b11da1daa2.webp,https://javct.net/v/tsds-43117,0,2026-10-01
FC2PPV-4980795,Picking up a highly educated young lady and creampie!! Continuous creampie extracurricular class in the early afternoon with a cram school instructor who graduated from a famous university,https://cdn001.imggle.net/webp/poster/08152026/5089fb186d.webp,https://javct.net/v/fc2ppv-4980795,101,2026-10-01
JKSR-752-RM,Unlimited Licking Of Married Women's Pussy! 72 Consecutive Cunnilingus Sessions With Dripping Wet Pussy Juice!! [Uncensored L**ked],https://cdn001.imggle.net/webp/poster/08152026/c4a13fcc93.webp,https://javct.net/v/jksr-752-rm,240,2026-10-01
DTT-010-RM,Muchimuchi G Cup × Super Cariculous Gods Former International Flight Cabin Attendant Married Wife Shinozaki Prefecture 32 Years Old AV Debut A Taste Of Sexual Intercourse That Tastes The Body Of A Munchy Chick! ! [Uncensored L**ked],https://cdn001.imggle.net/webp/poster/08152026/a38d6690f5.webp,https://javct.net/v/dtt-010-rm,135,2026-10-01
NNPJ-534-RM,Get With Matching App! ! Immediate Man! Hidden Beauty Busty Married Woman Was A Good Unequaled Tadaman Bitch For Immediate Convenience. Young Wife: Minami [Uncensored L**ked],https://cdn001.imggle.net/webp/poster/20222410/1666930115.webp,https://javct.net/v/nnpj-534-rm,120,2026-10-01
FC2PPV-4985313,[No] [First shot] [22-year-old H-cup big-breasted female college student] A naive beauty with only 2 experienced people tries her first 3P orgy with a black man Creampie & 2 consecutive big-breasted bukkakes [Part 1] [Overseas version] Bonus included,https://cdn001.imggle.net/webp/poster/08152026/301d957b55.webp,https://javct.net/v/fc2ppv-4985313,58,2026-10-01
LOVE-61-RM,Debris In The Damn!The Doings Inferior To Beast!De Country Brats Youth Abduction R**e Gangbang Record [Uncensored L**ked],https://cdn001.imggle.net/webp/poster/07052026/3f68656485.webp,https://javct.net/v/love-61-rm,125,2026-10-01
LOVE-58-RM,Truant Student Orgy Lincoln Tits Triple Lori **d Once-in-a-lifetime Chance 4 [Uncensored L**ked],https://cdn001.imggle.net/webp/poster/07052026/da8d39c951.webp,https://javct.net/v/love-58-rm,120,2026-10-01
BNST-050-RM,Mizuki Yayoi (24 Years Old) [Uncensored L**ked],https://cdn001.imggle.net/webp/poster/20220406/1655711215.webp,https://javct.net/v/bnst-050-rm,128,2026-10-01
HMRK-046-RM,"[Creampie ejaculation 3P] A big-breasted gal who captivates an old man with a double blowjob with a snake tongue. Not only does she have boobs, but she also has an exquisite big butt, and she enjoys the pleasure of it as well as her orgasm. She has the best 3P orgy sex and is covered in explosive squirt and has convulsions and super climax [Today I'm going to cum with this girl] [Mizuki] [Uncensored L**ked]",https://cdn001.imggle.net/webp/poster/08152026/03ef21a289.webp,https://javct.net/v/hmrk-046-rm,96,2026-10-01
GVG-436-RM,Amorousness P A Chairman And Evil Brat Student Council Kan'no Flower [Uncensored L**ked],https://cdn001.imggle.net/webp/poster/20222311/1671682700.webp,https://javct.net/v/gvg-436-rm,125,2026-10-01
START-628,Liberation of abstinence for the first time in my life!? A male who becomes a female after being teased for a month is sucked!! A super climax SEX document!!! Momona Koibuchi,https://cdn001.imggle.net/webp/poster/08152026/de019b0bcf.webp,https://javct.net/v/start-628,142,2026-10-01
MIGD-044-RM,Mei Kagura Anal FUCK Intrinsic [Uncensored L**ked],https://cdn001.imggle.net/webp/poster/08152026/f0c96851d1.webp,https://javct.net/v/migd-044-rm,120,2026-10-01
NHDTA-928-RM,Mourning His Wife Was Gang-r**ed Is Intoxicating To Relatives Our Husband In The Back Was Home At The Memorial Service [Uncensored L**ked],https://cdn001.imggle.net/webp/poster/08152026/ba514fe1ac.webp,https://javct.net/v/nhdta-928-rm,170,2026-10-01
LOVE-157,1 ●-year-old Bride II Karen,https://cdn001.imggle.net/webp/poster/08152026/03816f3bbf.webp,https://javct.net/v/love-157,125,2026-10-01
NITR-202-SUB,Demon Boys Busty Wife Hunting 11 Wakatsuki Mizuna [English Subtitle],https://cdn001.imggle.net/webp/poster/20222410/1668816303.webp,https://javct.net/v/nitr-202-sub,140,2026-10-01
NITR-202-RM,Demon Boys Busty Wife Hunting 11 Wakatsuki Mizuna [Uncensored L**ked],https://cdn001.imggle.net/webp/poster/20222410/1668816303.webp,https://javct.net/v/nitr-202-rm,140,2026-10-01
MIAD-234-RM,Mai Hanano Cum Inside Infinite [Uncensored L**ked],https://cdn001.imggle.net/webp/poster/08152026/d0c9188fcf.webp,https://javct.net/v/miad-234-rm,120,2026-10-01
GVG-897-RM,Humiliation Bukkake Home Party Mana Oura [Uncensored L**ked],https://cdn001.imggle.net/webp/poster/20222311/1669615350.webp,https://javct.net/v/gvg-897-rm,135,2026-10-01
NMSL-048-RM,"Rie Miyagi, a bottomless ejaculation control officer who exploits every drop of semen from people with abnormal sexual desires. [Uncensored L**ked]",https://cdn001.imggle.net/webp/poster/08152026/d4c4c878ff.webp,https://javct.net/v/nmsl-048-rm,127,2026-10-01
IESP-215-RM,Arisa Kanno Fine Fellow Black Electric Machine [Uncensored L**ked],https://cdn001.imggle.net/webp/poster/08152026/c54ef5221e.webp,https://javct.net/v/iesp-215-rm,115,2026-10-01
LOVE-54-RM,Roryi Chan Bukkake Gangbang Kotone Further Tied Small Tits Juvenile [Uncensored L**ked],https://cdn001.imggle.net/webp/poster/07052026/1db2bbdef6.webp,https://javct.net/v/love-54-rm,127,2026-10-01
LOVE-53-RM,2 Should Be Kept As Livestock Me Flat-chested Please [Uncensored L**ked],https://cdn001.imggle.net/webp/poster/07052026/fac90ed404.webp,https://javct.net/v/love-53-rm,95,2026-10-01
HUSR-307-RM,Transgender Reverse Pick-Up Sex [BEST] 252 Minutes Of Non-Stop Orgasms And Climaxes From Cute Crossdressers [Uncensored L**ked],https://cdn001.imggle.net/webp/poster/08152026/4aeb7480e9.webp,https://javct.net/v/husr-307-rm,252,2026-10-01
TCD-344,"A Day In The Life Of Me And My Girlfriend With A Penis, A Taxi Date 7 AiAi",https://cdn001.imggle.net/webp/poster/08152026/78b3d5c008.webp,https://javct.net/v/tcd-344,146,2026-10-01
TCD-347,"A Day In The Life Of Me And My Girlfriend With A Penis, A Taxi Date 8 - Hana Kanade Maya",https://cdn001.imggle.net/webp/poster/08152026/a50baa4e14.webp,https://javct.net/v/tcd-347,154,2026-10-01
FEM-037,"I Thought He Was A Tough, Dangerous Type, But It Turns Out He's An Incredibly Shy, Masochistic Cross-dressing Boy♂ - Hanasou Maaya",https://cdn001.imggle.net/webp/poster/08152026/f43d6ed770.webp,https://javct.net/v/fem-037,128,2026-10-01
HERY-173,"Crossdressing Boys, Complete Feminization Collection 57: Yu Kataoka",https://cdn001.imggle.net/webp/poster/08152026/45048f1ca6.webp,https://javct.net/v/hery-173,118,2026-10-01
DASS-432-RM,Penis Train Marina Ikeda [Uncensored L**ked],https://cdn001.imggle.net/webp/poster/20240807/1721358105.webp,https://javct.net/v/dass-432-rm,160,2026-10-01
TOTK-025,"Hanamiya Hime Documentary ~Restrained Orgasm, Massive Squirting, Anal Penetration, 3P FUCK~",https://cdn001.imggle.net/webp/poster/08152026/3a50ac9dac.webp,https://javct.net/v/totk-025,122,2026-10-01
HUSR-307,Transgender Reverse Pick-Up Sex [BEST] 252 Minutes Of Non-Stop Orgasms And Climaxes From Cute Crossdressers,https://cdn001.imggle.net/webp/poster/08152026/4aeb7480e9.webp,https://javct.net/v/husr-307,252,2026-10-01
TIMD-043,The Slutty Crossdresser's Orgasmic Anal,https://cdn001.imggle.net/webp/poster/08152026/12d8c34432.webp,https://javct.net/v/timd-043,240,2026-10-01
DASS-312-RM,"During My Wife's Pregnancy, I Was Celibate And Ended Up Creampieing My Male Pussy Many Times Due To The Charm Of My Junior. Marina Ikeda [Uncensored L**ked]",https://cdn001.imggle.net/webp/poster/20231912/1704423724.webp,https://javct.net/v/dass-312-rm,120,2026-10-01
FEM-040-RM,"When a female boy seriously cross-dresses, he becomes an unparalleled beauty and makes his debut as a newbie. [Uncensored L**ked]",https://cdn001.imggle.net/webp/poster/08152026/7f8299324e.webp,https://javct.net/v/fem-040-rm,134,2026-10-01
TPNS-038-RM,"Extremely Shy And Introverted Beautiful Girl Becomes A Masochistic Slut [3 Rotors Inserted Into Her Anus And She Comes To Tokyo] Sensitive Ass Pussy Instantly Orgasms And Convulses, Soaked In Semen In 4P Sex [Uncensored L**ked]",https://cdn001.imggle.net/webp/poster/08152026/c2df0b179c.webp,https://javct.net/v/tpns-038-rm,162,2026-10-01
PETS-072-RM,Short-haired Crossdressing Gal: A Miraculous Boy-girl Who Blends Boyishness And Cuteness. [Uncensored L**ked],https://cdn001.imggle.net/webp/poster/08152026/17cb687691.webp,https://javct.net/v/pets-072-rm,112,2026-10-01
DASD-833-RM,"Bust 100cm, G-cup, Transsexual Debut - Ria Nagisa [Uncensored L**ked]",https://cdn001.imggle.net/webp/poster/20212709/1636476829.webp,https://javct.net/v/dasd-833-rm,169,2026-10-01
DASD-063-RM,Shemale Group Orgy Gangbang Maria Ozawa R**e [Uncensored L**ked],https://cdn001.imggle.net/webp/poster/08152026/26e971b003.webp,https://javct.net/v/dasd-063-rm,120,2026-10-01
TANP-011-RM,Chibitori-chan And Naughty Pool Classroom With Sunburn Left After Summer Vacation [Uncensored L**ked],https://cdn001.imggle.net/webp/poster/20220406/1655531287.webp,https://javct.net/v/tanp-011-rm,145,2026-10-01
TCD-341-RM,"Forbidden Dick Lesbians ~Mutual Anal Sex With Crossdressers~ Hibiki Aoi, Kondo Mumu [Uncensored L**ked]",https://cdn001.imggle.net/webp/poster/07052026/63789cbf58.webp,https://javct.net/v/tcd-341-rm,116,2026-10-01
BOKD-320-RM,"AV Debut: I May Look Like This, But I Have A Penis. - Kano Kawamiya [Uncensored L**ked]",https://cdn001.imggle.net/webp/poster/08152026/907b6574f6.webp,https://javct.net/v/bokd-320-rm,140,2026-10-01
TCD-348-RM,175cm tall male girl and a drunk drinking 'reverse announcer' date Aoi Hibiki [Uncensored L**ked],https://cdn001.imggle.net/webp/poster/08152026/99b4eeaa0c.webp,https://javct.net/v/tcd-348-rm,121,2026-10-01
SAME-244,I Can't Forget The Way That Man I Hate So Much Used His Hips When He R**ed Me... - Yuri Adachi,https://cdn001.imggle.net/webp/poster/08152026/3c4b0818af.webp,https://javct.net/v/same-244,130,2026-10-01
CAWB-019,A Beautiful Social Media Influencer Targeted By Malicious Fans: A Terrifying Stalking And Sexual Assault Case - Mayuki Ito,https://cdn001.imggle.net/webp/poster/08152026/c0e08ca75c.webp,https://javct.net/v/cawb-019,120,2026-10-01
ATID-649,Succubus Academy Episode 2,https://cdn001.imggle.net/webp/poster/08152026/346296894f.webp,https://javct.net/v/atid-649,100,2026-10-01
SVDVD-925-RM,"Shame! I Was Stared At My Boobs And Vaginal Ass Hole ... I Have A Daily Salary Of 80,000 Yen, But My Uniform Is A Reverse Bunny Family Part-time Job! [Uncensored L**ked]",https://cdn001.imggle.net/webp/poster/20220406/1654772130.webp,https://javct.net/v/svdvd-925-rm,165,2026-10-01
SSPD-151-SUB,I Love You All The Time. Married Woman Plundered Jessica Kizaki [English Subtitle],https://cdn001.imggle.net/webp/poster/07052026/526875222f.webp,https://javct.net/v/sspd-151-sub,120,2026-10-01
CRNX-059-RM,(4K) If You Think It's Over After One Ejaculation You Have Another Thing Coming... Sarina Momonaga [Uncensored L**ked],https://cdn001.imggle.net/webp/poster/20221904/1653810712.webp,https://javct.net/v/crnx-059-rm,70,2026-10-01
CSPL-001-RM,(4K) 4K Revolution. She's Cute And Lovable... But There's No Way To Stop. Mitsuki Nagisa [Uncensored L**ked],https://cdn001.imggle.net/webp/poster/20221904/1653810672.webp,https://javct.net/v/cspl-001-rm,77,2026-10-01
HZ-3944,Asi-Hame!! Vol.31 - Ada,https://cdn001.imggle.net/webp/poster/08152026/572c01abdc.webp,https://javct.net/v/hz-3944,46,2026-10-01
HZ-3935,Just Watching Isn't Enough! A Secret Club for Mature Women Starved for a Hard Cock Vol.3 - Karen Tanaka,https://cdn001.imggle.net/webp/poster/08152026/5935a9716a.webp,https://javct.net/v/hz-3935,61,2026-10-01
HZ-3942,We Got It All Over Chika! - Chika Momoi,https://cdn001.imggle.net/webp/poster/08152026/af3f97b2ea.webp,https://javct.net/v/hz-3942,60,2026-10-01
HZ-3940,Amateur Girl Came For Shooting To Get A Male Porn Star'S Dick Vol.2 - Mai Ishikawa,https://cdn001.imggle.net/webp/poster/08152026/62e59088f1.webp,https://javct.net/v/hz-3940,58,2026-10-01
FC2PPV-4977310,"[Amateur first shot] Neru (18) A super sensitive cute girl, I filmed her inside her vagina, made her masturbate with an electric massager, creampied her, and to**ured her with a toy.",https://cdn001.imggle.net/webp/poster/08152026/d8a9611e02.webp,https://javct.net/v/fc2ppv-4977310,78,2026-10-01
HZ-3937,Beauty Collection Vol.138 - Rei Furuse,https://cdn001.imggle.net/webp/poster/08152026/5132289db4.webp,https://javct.net/v/hz-3937,59,2026-10-01
HZ-3936,I Fucked A Cute Esthetician - Yoshiko Kurita,https://cdn001.imggle.net/webp/poster/08152026/4b9f7c42fd.webp,https://javct.net/v/hz-3936,58,2026-10-01
HZ-3932,Just Watching Isn't Enough! A Secret Club for Mature Women Starved for a Hard Cock Vol.2 - Mie Arakawa,https://cdn001.imggle.net/webp/poster/08152026/8a21d8a794.webp,https://javct.net/v/hz-3932,61,2026-10-01
HZ-1638,Sex Heaven -Sex with A Flexible Baby-Faced Girl- - Yuuna Himekawa,https://cdn001.imggle.net/webp/poster/08152026/8d36510a21.webp,https://javct.net/v/hz-1638,65,2026-10-01
HZ-1438,Beautiful Girl’s After School Life No.22 -How to Domesticate an Pretty Girl- - Yuuna Himekawa,https://cdn001.imggle.net/webp/poster/08152026/39838a7247.webp,https://javct.net/v/hz-1438,61,2026-10-01
HZ-3929,Beauty Collection Vol.136 - Hinata Sagiri,https://cdn001.imggle.net/webp/poster/08152026/2a03640156.webp,https://javct.net/v/hz-3929,59,2026-10-01
HZ-3927,Lewd Frolics with Sexy MILFs - Miki Hoshino - Nagisa Kazama,https://cdn001.imggle.net/webp/poster/08152026/0162c4507e.webp,https://javct.net/v/hz-3927,54,2026-10-01
RPIN-064-RM,OL Who Smiles Too Cute The Body Is A Lascivious Body With A Whip! A Bright And Fun Older Sister Gets Sick With A Big Cock [Uncensored L**ked],https://cdn001.imggle.net/webp/poster/20221904/1654322529.webp,https://javct.net/v/rpin-064-rm,114,2026-10-01
ONED-222-RM,I'll Show Carefully Mai Hanano Mai Sex Barely [Uncensored L**ked],https://cdn001.imggle.net/webp/poster/08152026/3387d719b0.webp,https://javct.net/v/oned-222-rm,120,2026-10-01
RPIN-063-RM,Papa Katsu Regular Girls With An Innocent Face A Natural Father K**ler's Muchimuchi Little Girl Has A Gun Thrust Acme With An Unequaled Cock [Uncensored L**ked],https://cdn001.imggle.net/webp/poster/20221904/1654322591.webp,https://javct.net/v/rpin-063-rm,117,2026-10-01
APNS-289-RM,A Young Lady With Big Tits Apprentice Who Was Fallen In Front Of Her Fiancé Who Has Not Forgive Her Body Yet [Uncensored L**ked],https://cdn001.imggle.net/webp/poster/20220406/1654923950.webp,https://javct.net/v/apns-289-rm,111,2026-10-01
WHX-022-RM,"Ichihashi Yui Esthetician 20-year-old You've Said He'll Put Your Cock It Will Hide The Tits Because It Is Long Hair, And I Put A Face Sperm [Uncensored L**ked]",https://cdn001.imggle.net/webp/poster/05192026/88f1aee102.webp,https://javct.net/v/whx-022-rm,120,2026-10-01
SOE-117-RM,Risky Mosaic Infinite Climax! Amemiya Kotone Leverage FUCK Geki [Uncensored L**ked],https://cdn001.imggle.net/webp/poster/08152026/f3cc1abea9.webp,https://javct.net/v/soe-117-rm,120,2026-10-01
FC2PPV-4954956,"A divine video of a poisonous president's plan to make a seeded gravure idol graduate from her virginity, and a slut mode explosion that makes her cosplay over and over again.",https://cdn001.imggle.net/webp/poster/08152026/849185a5c7.webp,https://javct.net/v/fc2ppv-4954956,53,2026-10-01
HZ-3990,Creampie in Japan #Airi - Airi,https://cdn001.imggle.net/webp/poster/08152026/d2a9d8bda6.webp,https://javct.net/v/hz-3990,71,2026-10-01
KBTV-031-RM,"I Wanted To Test The Theory That A Woman Who Looks So Plain And Quiet But Can Look A Man Straight In The Eye During Conversation Is Actually Used To Fucking Around, And Is Easy To Fuck! [Uncensored L**ked]",https://cdn001.imggle.net/webp/poster/08152026/bb1f3ca215.webp,https://javct.net/v/kbtv-031-rm,60,2026-10-01
FC2PPV-4967602,[Uncensored/Complete Amateur/Creampie/Squirting] F cup beautiful breasts Lacrosse strong athlete> Large**/Lacrosse club 1st year. Raw piston creampie in the athlete class pussy of the trained slender beautiful body is the best,https://cdn001.imggle.net/webp/poster/08152026/8377a7a10f.webp,https://javct.net/v/fc2ppv-4967602,23,2026-10-01
SABA-606-RM,Welcome To The Virgin! Busty Girls With Good Growth ● Raw Challenge The Mission! Breastfeeding Handjob & Breast Hug! Shameful Blush Intercrural Play During Guchochuchoma ● Null And Insert Brush Wholesale Vol.001 [Uncensored L**ked],https://cdn001.imggle.net/webp/poster/08152026/6bb6c627d4.webp,https://javct.net/v/saba-606-rm,170,2026-10-01
SHKD-316-RM,Mai Hanano ... Guilty Pleasure - Being Fucked In Front Of Husband [Uncensored L**ked],https://cdn001.imggle.net/webp/poster/08152026/90d41001f3.webp,https://javct.net/v/shkd-316-rm,120,2026-10-01
IE-193-RM,Chihiro Hara In Permanent Full Special Edition [Uncensored L**ked],https://cdn001.imggle.net/webp/poster/08152026/6fb4c6a9d9.webp,https://javct.net/v/ie-193-rm,240,2026-10-01
HZGD-012-SUB,Fucked Seen Someone. Oba Yui [English Subtitle],https://cdn001.imggle.net/webp/poster/20241804/1716439040.webp,https://javct.net/v/hzgd-012-sub,120,2026-10-01
IESP-272-RM,Chihiro Hara Barrage Molester Train 20 Pies [Uncensored L**ked],https://cdn001.imggle.net/webp/poster/08152026/330907fd78.webp,https://javct.net/v/iesp-272-rm,90,2026-10-01
GNAX-013-RM,"Confinement R**ed Wife Closed Everyday Life, 6 Days Dominated By Beasts Hibiki Otsuki [Uncensored L**ked]",https://cdn001.imggle.net/webp/poster/20221904/1650946785.webp,https://javct.net/v/gnax-013-rm,120,2026-10-01
IESP-111-RM,Aya Koizumi New Barrage Female Teacher 20 Pies [Uncensored L**ked],https://cdn001.imggle.net/webp/poster/08152026/120757c320.webp,https://javct.net/v/iesp-111-rm,120,2026-10-01
SPRD-641-RM,"It Falsely Alumni Association, The Bow In Charge Of The Era, And We Earnestly Committed Student That I Was. Mio Takahashi [Uncensored L**ked]",https://cdn001.imggle.net/webp/poster/08152026/c55c57ff49.webp,https://javct.net/v/sprd-641-rm,120,2026-10-01
LOVE-155,View Full Attention Gachinko Trick Continuous Force De Hinchichiyo Gal Drugs Fucking 05,https://cdn001.imggle.net/webp/poster/08152026/2f41a114b1.webp,https://javct.net/v/love-155,105,2026-10-01
ATOM-112-RM,All Entries To The City While The Women Go I Do Not Know!Two Arbitrarily Selected Game! [Uncensored L**ked],https://cdn001.imggle.net/webp/poster/08152026/0ad3a20a7c.webp,https://javct.net/v/atom-112-rm,120,2026-10-01
IESP-189-RM,Arisa Kanno Barrage Pies 20 New Female Teacher [Uncensored L**ked],https://cdn001.imggle.net/webp/poster/08152026/f29540c5b8.webp,https://javct.net/v/iesp-189-rm,115,2026-10-01
HMN-904,"My Big Breasts Caught Their Eye—while My Husband Is Away During The Day, My Father-in-law And The Old Men From The Neighborhood Association Keep Stripping Me And Gang-raping Me With Unprotected Sex. - Ayatsuki Nanao",https://cdn001.imggle.net/webp/poster/08152026/085b6a8876.webp,https://javct.net/v/hmn-904,120,2026-10-01
IESP-219-RM,Chihiro Hara In Female Teacher R**ed For 20 Consecutive Times Pies [Uncensored L**ked],https://cdn001.imggle.net/webp/poster/08152026/bda423767d.webp,https://javct.net/v/iesp-219-rm,120,2026-10-01
IESP-107-RM,Riko Tachibana Female Teacher R**ed For 20 Consecutive Times Pies [Uncensored L**ked],https://cdn001.imggle.net/webp/poster/08152026/9e6f82f3d2.webp,https://javct.net/v/iesp-107-rm,120,2026-10-01
NHDTA-704-RM,Down Takes Molester Total Pep Rally Summer Of Jin 10 Work Full [out Medium Specials [Uncensored L**ked],https://cdn001.imggle.net/webp/poster/08152026/80a37f5064.webp,https://javct.net/v/nhdta-704-rm,480,2026-10-01
IPZ-482-RM,Teacher Marie To-do You Too Beautiful It Was Committed [Uncensored L**ked],https://cdn001.imggle.net/webp/poster/20242108/1724900208.webp,https://javct.net/v/ipz-482-rm,160,2026-10-01
IESP-161-RM,Riko Tachibana Female Teacher Molester Barrage 20 Pies [Uncensored L**ked],https://cdn001.imggle.net/webp/poster/08152026/43fed00405.webp,https://javct.net/v/iesp-161-rm,115,2026-10-01
MUDR-276-RM,Please Tie Me Up And R**e Me... A Beautiful Girl In Uniform Who Has Awakened To Her Masochistic Side Volunteers For Bondage Training Uta Hibiki [Uncensored L**ked],https://cdn001.imggle.net/webp/poster/20240807/1720752770.webp,https://javct.net/v/mudr-276-rm,130,2026-10-01
IESP-241-RM,Chihiro Hara Barrage 20 Pies Pies Black Hard Fuck [Uncensored L**ked],https://cdn001.imggle.net/webp/poster/20230302/1678025970.webp,https://javct.net/v/iesp-241-rm,115,2026-10-01
MIGD-053-RM,Intrinsic Flower Rei Pies [Uncensored L**ked],https://cdn001.imggle.net/webp/poster/08152026/f3e3bdc7aa.webp,https://javct.net/v/migd-053-rm,120,2026-10-01
MIGD-013-RM,Rin Tokiwa Cum True [Uncensored L**ked],https://cdn001.imggle.net/webp/poster/08152026/2ec24d984c.webp,https://javct.net/v/migd-013-rm,120,2026-10-01
PA-092926-100,A mix of saliva and love juice! A married woman's intense PtoM sex!  : Yayoi Yamauchi,https://cdn001.imggle.net/webp/poster/08152026/b27b21b1aa.webp,https://javct.net/v/pa-092926-100,67,2026-10-01
MBKD-074-RM,"Super Cheap! Jack Off For 100 Yen, Mature Woman With Younger Guy, Orie Fujiki [Uncensored L**ked]",https://cdn001.imggle.net/webp/poster/08152026/a89dec790c.webp,https://javct.net/v/mbkd-074-rm,31,2026-10-01
PA-092626-100,Natural Beauty : Ms. Ogawa's Real Face,https://cdn001.imggle.net/webp/poster/08152026/5305c1a627.webp,https://javct.net/v/pa-092626-100,30,2026-10-01
AED-205-RM,Fakecest. A Creampie For A MILF In Her Fifties. Rumi Amano [Uncensored L**ked],https://cdn001.imggle.net/webp/poster/20221904/1651303235.webp,https://javct.net/v/aed-205-rm,110,2026-10-01
KEED-54-RM,Girlfriend's Mom Takes It Deep And Cums Hard: Itsuki Okita [Uncensored L**ked],https://cdn001.imggle.net/webp/poster/20221108/1663048643.webp,https://javct.net/v/keed-54-rm,85,2026-10-01
NMO-38-RM,Forbidden Sex With My Wife's Mother Part 2. Mother... You're So Much Better Than My Wife. Yurie Yoshino [Uncensored L**ked],https://cdn001.imggle.net/webp/poster/20212011/1641943155.webp,https://javct.net/v/nmo-38-rm,121,2026-10-01
NMO-25-RM,The Continued Adventures Abnormal Sex A Fifty-Something Mother And Her Son Chapter Twenty-Two Yurie Hoshino [Uncensored L**ked],https://cdn001.imggle.net/webp/poster/20212011/1642026912.webp,https://javct.net/v/nmo-25-rm,120,2026-10-01
GVH-381-RM,A True Story Concerning An Older Woman To Whom I Was Not Related By B**od. Shiori Tsukada [Uncensored L**ked],https://cdn001.imggle.net/webp/poster/20221202/1648878996.webp,https://javct.net/v/gvh-381-rm,128,2026-10-01
GVG-896-RM,Mother And Son-In-Law Fucking Hana Haruna [Uncensored L**ked],https://cdn001.imggle.net/webp/poster/20221202/1648569542.webp,https://javct.net/v/gvg-896-rm,121,2026-10-01
VENU-680-RM,Silent Fakecest Your Stepdaddy Is In The Next Room... Nozomi Tanihara [Uncensored L**ked],https://cdn001.imggle.net/webp/poster/20212011/1641773504.webp,https://javct.net/v/venu-680-rm,84,2026-10-01
GVH-377-RM,Stepmom/Stepson Sex Rui Ogasawara [Uncensored L**ked],https://cdn001.imggle.net/webp/poster/20221202/1647061532.webp,https://javct.net/v/gvh-377-rm,120,2026-10-01
PA-092426-100,A Widow's Hidden Desires: After the 49th Day...,https://cdn001.imggle.net/webp/poster/08152026/6820aeb1e4.webp,https://javct.net/v/pa-092426-100,58,2026-10-01
MDYD-762-RM,Mom's Dirty Whites - Eriko Miura [Uncensored L**ked],https://cdn001.imggle.net/webp/poster/20220406/1656552551.webp,https://javct.net/v/mdyd-762-rm,117,2026-10-01
SPRD-1528-RM,Shameful Creampies With My Stepmom A Stepmom Who Got Creampie Fucked For The First Time By Her Stepson Mikako Oshima [Uncensored L**ked],https://cdn001.imggle.net/webp/poster/20221202/1648109129.webp,https://javct.net/v/sprd-1528-rm,111,2026-10-01
IZM-016-RM,"A Girl Who Wants To Be Bullied By An Amateur Mr. Nakata Works For A Creampie Consulting Company Arisa 25 Years Old An Erotic C**ld Who Gets Her Perverted Pussy Juice Dripping! Once You Hold It, You Will Be Addicted To The F-cup Horny Body Basic No Bra + Sometimes No Panties Perverted Woman! Arisa Tomioka [Uncensored L**ked]",https://pic.javct.net/poster/20230205/1683348992.jpg,https://javct.net/v/izm-016-rm,120,2026-06-24
EMBM-010-RM,A Serious Bride Who Has Sex In Front Of Her Masochist Husband Mio Ichijo [Uncensored L**ked],https://pic.javct.net/poster/20230104/1681962929.jpg,https://javct.net/v/embm-010-rm,89,2026-06-24
FMDL-001-RM,"Once I've Got A Cock In My Mouth, I Won't Let It Go Until I Ejaculate Ultimate Penis Love Mitsuki Yuina [Uncensored L**ked]",https://pic.javct.net/poster/05192026/c8964d223c.jpg,https://javct.net/v/fmdl-001-rm,127,2026-06-24
DFE-102-RM,Sexual Sensation Explosion Shrimp Arching Acme Salon Morisawa Kana [Uncensored L**ked],https://pic.javct.net/poster/20250606/1751044377.jpg,https://javct.net/v/dfe-102-rm,123,2026-06-24
BGN-067-RM,Rookie Prestige Exclusive Debut New Heroine Raised As An Idol Moe Tokita [Uncensored L**ked],https://static.javct.net/poster/bgn-067.jpg,https://javct.net/v/bgn-067-rm,195,2026-06-24
SRS-081-RM,Yariman Document Lily Nan (21) Working In Tokyo Metropolitan Government File.18 Aiming Three ○ Poko Meister ★ [Uncensored L**ked],https://pic.javct.net/poster/05192026/bd7a2382ae.jpg,https://javct.net/v/srs-081-rm,135,2026-06-24
BAGR-089-RM,"Two Maids Accompany A Young Lady On Her Wedding Night, Helping Her Practice. [Uncensored L**ked]",https://pic.javct.net/poster/05192026/4b28b57898.jpg,https://javct.net/v/bagr-089-rm,139,2026-06-24
IESM-080-RM,Kurosakika lifted the ban on bondage [Uncensored L**ked],https://pic.javct.net/poster/05192026/3ca9db7082.jpg,https://javct.net/v/iesm-080-rm,126,2026-06-24
MIST-517-RM,"Auntie Shot: Auntie Sex By Aunties, For Auntie Enthusiasts, Auntie Madoka, 35 Years Old [Uncensored L**ked]",https://pic.javct.net/poster/05192026/2943621c93.jpg,https://javct.net/v/mist-517-rm,176,2026-06-24
JJGG-001,"A heartbroken 45-year-old who wants to console you. A girl who has lost her love and feels lonely. I still want to be fulfilled. Looking for extraordinary sex, she offered her body... Kasumi Takanashi",https://pic.javct.net/poster/05192026/a5015234d3.jpg,https://javct.net/v/jjgg-001,105,2026-06-24
HUNTA-983-RM,"Things Get Wild During A Sleepover Sports' Training Camp - 1 Night, 2 Days Of Each Male Member Of The Team Passing Around Their Female Manager. [Uncensored L**ked]",https://static.javct.net/poster/hunta-983.jpg,https://javct.net/v/hunta-983-rm,192,2026-06-24
1P-062326-001,An orgy paradise where reason goes out the window!,https://pic.javct.net/poster/05192026/200a5463af.jpg,https://javct.net/v/1p-062326-001,49,2026-06-24
REAL-668,Slutty King's Frenzy Man Squirting & Dry Orgasm Culmination Full Course Haruna Hanana,https://pic.javct.net/poster/05192026/7cac004fa0.jpg,https://javct.net/v/real-668,120,2026-06-24
SRS-080-RM,Yariman Document Saya-chan (21) Hairdresser Assistant File.17 I Have A Lot Of Sex And I Am Aiming For Opo-sommelier. [Uncensored L**ked],https://pic.javct.net/poster/05192026/61c5ddd469.jpg,https://javct.net/v/srs-080-rm,135,2026-06-24
SGKI-097,"With Her Juices Dripping, Her Body Flushed And Sweating Profusely, And Her Body Squirting Profusely, She Secretly Orgasms Repeatedly During The Company Presentation Without The Job Seekers Noticing! A Company Presentation Of Ultimate Ecstasy.",https://pic.javct.net/poster/05192026/7df09f9d5c.jpg,https://javct.net/v/sgki-097,160,2026-06-24
MIJPS-0005-RM,Second Virgin Rookie Announcer Real BS!Exclusive Live Coverage Of Sex The First Time In Five Years! [Uncensored L**ked],https://pic.javct.net/poster/05192026/53f775a139.jpg,https://javct.net/v/mijps-0005-rm,130,2026-06-24
DASS-225-RM,A Humiliating Chain Of R**e Marina Ikeda Was Fucked By A Boss From Another Department And Was Fucked By My Boss Who Was So Disgusting To Death [Uncensored L**ked],https://pic.javct.net/poster/20230908/1694145646.jpg,https://javct.net/v/dass-225-rm,120,2026-06-24
HUNBL-112-RM,The Manager Of Club Activities Is The Club Member's Sex Slave [Uncensored L**ked],https://pic.javct.net/poster/20222109/1665119372.jpg,https://javct.net/v/hunbl-112-rm,170,2026-06-24
SGKI-097-RM,"With Her Juices Dripping, Her Body Flushed And Sweating Profusely, And Her Body Squirting Profusely, She Secretly Orgasms Repeatedly During The Company Presentation Without The Job Seekers Noticing! A Company Presentation Of Ultimate Ecstasy. [Uncensored L**ked]",https://pic.javct.net/poster/05192026/7df09f9d5c.jpg,https://javct.net/v/sgki-097-rm,160,2026-06-24
BAGR-089,"Two Maids Accompany A Young Lady On Her Wedding Night, Helping Her Practice.",https://pic.javct.net/poster/05192026/4b28b57898.jpg,https://javct.net/v/bagr-089,139,2026-06-24
DAVK-081-RM,[Miracle J Cup Beautiful Big Tits] Perverted Boyfriend's NTR Hobby Lent To A Gross Man And A Uniform Beautiful Girl's 100cm Super Soft Colossal Tits Titty Fuck Ejaculation Pai Pamma Co First Seen Man's Sperm 10 Or More Bukkake Creampie Body Fluid Pickled Super Orgy [Uncensored L**ked],https://pic.javct.net/poster/20230205/1683349114.jpg,https://javct.net/v/davk-081-rm,120,2026-06-24
FC2PPV-4924767,"[No] Two black guys with big dicks, a cool beauty with long black hair and a princess cut, violently fucked, and a sweaty hardcore 3P with two consecutive vaginal cum shots at the end [Overseas version] Bonus included",https://pic.javct.net/poster/05192026/bf612b18b1.jpg,https://javct.net/v/fc2ppv-4924767,45,2026-06-24
AKDL-056-RM,[Off-paco video] A bitch layer who is as cute as an idol but gets naughty when she drinks: Kanon Kanon Kanon [Uncensored L**ked],https://pic.javct.net/poster/04112026/13d931ee98.jpg,https://javct.net/v/akdl-056-rm,60,2026-06-24
BBTU-082-RM,Big Tits Bullying Club Hazuki Aoi [Uncensored L**ked],https://pic.javct.net/poster/20243105/1718419220.jpg,https://javct.net/v/bbtu-082-rm,111,2026-06-24
SSIS-858-RM,"Even Though You're A Teacher, You're Bound To Get Fucked By Us Because You Have Huge Erotic Breasts, You Understand, Right? Nagi Hikaru [Uncensored L**ked]",https://cdn001.imggle.net/webp/poster/20230908/1694714182.webp,https://javct.net/v/ssis-858-rm,120,2026-10-01
ADN-503-RM,My Father-in-law's Kiss As He Licks Me Miu Shiramine [Uncensored L**ked],https://cdn001.imggle.net/webp/poster/20231011/1699149399.webp,https://javct.net/v/adn-503-rm,120,2026-10-01
SONE-248-RM,K-cup Secretary Gets Licked And Violated By Her Slug-like Boss Until She Cums Hikaru Nagi [Uncensored L**ked],https://cdn001.imggle.net/webp/poster/20243105/1720146570.webp,https://javct.net/v/sone-248-rm,120,2026-10-01
JUQ-404-RM,Nude Model NTR Shocking Cheating Video Of A Wife Drowning In Shame With Her Boss Sayuri Hayama [Uncensored L**ked],https://cdn001.imggle.net/webp/poster/20231011/1698144969.webp,https://javct.net/v/juq-404-rm,120,2026-10-01
FPRE-004-RM,Sleep R**e: Putting My Cocky Son's Big-breasted Wife To Sleep With Sleeping Pills And Raping Her. Mina Kitano [Uncensored L**ked],https://cdn001.imggle.net/webp/poster/20231912/1704020502.webp,https://javct.net/v/fpre-004-rm,150,2026-10-01
JUQ-943-RM,Nude Model NTR: Shocking Video Of Wife Cheating With Her Boss And Drowning In Shame Meguri [Uncensored L**ked],https://cdn001.imggle.net/webp/poster/20241115/1732243413.webp,https://javct.net/v/juq-943-rm,140,2026-10-01
SOAN-108-RM,"The Mother Of The Sakuma Family Who Fell Into Masochistic Anal. A Sexless Married Woman Who Is Not Recognized As A Woman By Her Husband Is Publicly Insulted And Inseminated In Two Holes By Another Man's Cock! The Whole Story Of How She Betrayed Her Husband And Fell Into Masochistic Awakening...Kaede, 42 Years Old [Uncensored L**ked]",https://cdn001.imggle.net/webp/poster/20242108/1727490518.webp,https://javct.net/v/soan-108-rm,143,2026-10-01
JUQ-540-RM,"Wanted To Make My Wife Admit My Love, So I Left Her And My Unfaithful Junior Alone For 3 Hours...My NTR Story About How My Wife Was Stolen From Me With A Total Of 17 Vaginal Cum Shots Without Pulling Out Sayuri Hayama [Uncensored L**ked]",https://cdn001.imggle.net/webp/poster/20231912/1704643413.webp,https://javct.net/v/juq-540-rm,120,2026-10-01
FSDSS-672-RM,"I keep being r**ed... A beautiful wife from a rural area is trained by a young man from the city near her husband, and she falls into a sexual assault with Nene Yoshitaka. [Uncensored L**ked]",https://cdn001.imggle.net/webp/poster/20231011/1697259924.webp,https://javct.net/v/fsdss-672-rm,120,2026-10-01
STARS-923-RM,"5 Situations Where You Can Enjoy Rei Kamiki's ""beautiful Butt"" With A Transcendental Style.Actually, I...not Only My Boobs But Also My Buttocks Are Amazing Rei Kamiki [Uncensored L**ked]",https://cdn001.imggle.net/webp/poster/20231011/1697068491.webp,https://javct.net/v/stars-923-rm,156,2026-10-01
YUJ-008-RM,"You Have A Husband And I Have A Wife, But You And Your Colleagues At Work Asked Each Other Until The Sun Rose. Miu Shiramine [Uncensored L**ked]",https://cdn001.imggle.net/webp/poster/20230908/1695605474.webp,https://javct.net/v/yuj-008-rm,120,2026-10-01
FTAV-003-RM,"""I Love Him, But... I'm Getting Wet Just Thinking About What He's Going To Do..."" I-cup Nurse, 22 Years Old, Not Affiliated With Kimitsu City, Chiba Production, A Woman With Natural Big Breasts Who Lives In The Countryside, Still An Amateur, SOFT ON DEMAND Yu Sasamoto's (tentative) Appearance For The Fourth Time In The New House Where Her Married Life Begins And Her Fiancé Works... [Uncensored L**ked]",https://cdn001.imggle.net/webp/poster/20242108/1727115023.webp,https://javct.net/v/ftav-003-rm,159,2026-10-01
JUQ-510-RM,The World's Most Luxurious Commemorative Work! ! Madonna 20th Anniversary - First Ever ALL Exclusive Bus Tour With Unlimited Creampie And Steam! ! First Part 4 Hours OVER 2-disc Set! ! [Uncensored L**ked],https://cdn001.imggle.net/webp/poster/20231912/1703554075.webp,https://javct.net/v/juq-510-rm,290,2026-10-01
MVSD-471-RM,Remote Control NTS Indecent Pant Of My Beloved Wife Drowning In Another Stick Michiru Kujo [Uncensored L**ked],https://cdn001.imggle.net/webp/poster/20231912/1704622292.webp,https://javct.net/v/mvsd-471-rm,120,2026-10-01
URE-100-RM,"Congratulations! Commemorative Work For 100 Mature Comics Original Work: Purpoison Mother-eating ~Yarichin Travel Edition~ Cumulative Total Of Over 100,000 Downloads Of The Series! ! A Live-action Sequel To The Legendary Popular Doujin Work Starring Madonna! ! Exclusive, Ririko Kinoshita's 6 Gorgeous Performances With Large Volumes! ! [Uncensored L**ked]",https://cdn001.imggle.net/webp/poster/20231711/1702777063.webp,https://javct.net/v/ure-100-rm,240,2026-10-01
ADN-564-RM,"I Kept Giving My Son's Wife An Aphrodisiac So That She Wouldn't Find Out, And I Made Her Body, Which Had Become An Erogenous Zone, Go Crazy With Excitement And Climax. Shiramine Miu [Uncensored L**ked]",https://cdn001.imggle.net/webp/poster/20241804/1714707796.webp,https://javct.net/v/adn-564-rm,160,2026-10-01
MEYD-890-RM,I Spent A Week Having Sex With A Big-breasted Aunt With A Sloppy Personality In A Ch**ing Trash Room. Sayama Love [Uncensored L**ked],https://cdn001.imggle.net/webp/poster/20241703/1710726271.webp,https://javct.net/v/meyd-890-rm,150,2026-10-01
JUQ-563-RM,Days Of Creampie Ring That Will Never End. Sayuri Hayama [Uncensored L**ked],https://cdn001.imggle.net/webp/poster/20241901/1708307694.webp,https://javct.net/v/juq-563-rm,120,2026-10-01
FSDSS-673-RM,"My husband isn't here today, so why don't we have another drink at home? I, Yuko Ono, got excited when I saw my ex-girlfriend again at the class reunion, wearing no panties or bra. [Uncensored L**ked]",https://cdn001.imggle.net/webp/poster/20231011/1698379389.webp,https://javct.net/v/fsdss-673-rm,120,2026-10-01
JUL-572-US,"We're Inseparable - Lusty Stepmother/Stepson Bound By Their Mistakes - Ayaka Muto [English Subtitle, Reducing Mosaic]",https://cdn001.imggle.net/webp/poster/20212011/1637843083.webp,https://javct.net/v/jul-572-us,118,2026-10-01
JUQ-439-RM,"During My Wife's Pregnancy, I Was Forbidden To Even Masturbate, So I Had Sex With My Mother-in-law, Sayuri, Who Had Moved To Tokyo Many Times... Sayuri Hayama [Uncensored L**ked]",https://cdn001.imggle.net/webp/poster/20231011/1699830529.webp,https://javct.net/v/juq-439-rm,120,2026-10-01
WAAA-303-RM,I Asked My Plump Wife At My Part-time Job To Be My Tutor... Ai Sayama [Uncensored L**ked],https://cdn001.imggle.net/webp/poster/20230908/1696605519.webp,https://javct.net/v/waaa-303-rm,120,2026-10-01
ROE-163-RM,My Aunt's Wet And See-through Body. A Night Alone Under The Same Roof... Sentimental Rain Pattern Yuka Mizuno [Uncensored L**ked],https://cdn001.imggle.net/webp/poster/20230908/1695970848.webp,https://javct.net/v/roe-163-rm,140,2026-10-01
ACHJ-030-RM,Madonna Dengeki Exclusive Authentic Slut Sumire Mizukawa Endless Ejaculation Orgasm That Makes Masochist Man's Body And Mind Melt With Deep And Rich Kisses And Stopping Creampie [Uncensored L**ked],https://cdn001.imggle.net/webp/poster/20231711/1700382348.webp,https://javct.net/v/achj-030-rm,110,2026-10-01
CMV-178-RM,Devilish Hell Class Voluptuous Female Teacher Minamihata Soka Who Is Trained To The Limit Of Masochism [Uncensored L**ked],https://cdn001.imggle.net/webp/poster/20230104/1682134724.webp,https://javct.net/v/cmv-178-rm,125,2026-10-01
SIRO-5748,A top-class beauty insurance agent appears. She is on the verge of exploding with the technique she trained in the erotic aura sales. She moved her tongue like a tornado and my lower back became stiff. [First shot] AV application online AV experience shooting 2628,https://cdn001.imggle.net/webp/poster/08152026/3c2959e40f.webp,https://javct.net/v/siro-5748,63,2026-10-01
200GANA-3452,"Playing with a female college student who has too much free time A beautiful fair-skinned college girl is so excited about sex that she can't stop her sexual desire. She squirts relentlessly, with the night view in the background. Cheers to a trendy night. Seriously flexible, first shoot 2353",https://cdn001.imggle.net/webp/poster/08152026/55d70e82b0.webp,https://javct.net/v/200gana-3452,58,2026-10-01
MFCS-226,Mayu,https://cdn001.imggle.net/webp/poster/08152026/293286d69d.webp,https://javct.net/v/mfcs-226,78,2026-10-01
546EROFV-393,"A beautiful style dancer with an overwhelming aura of an absolute queen. Cheating strictly prohibited, punishment and discipline SEX",https://cdn001.imggle.net/webp/poster/08152026/8c60915c44.webp,https://javct.net/v/546erofv-393,55,2026-10-01
FC2PPV-4981932,"[No] A fair-skinned F-cup beauty with a cute style and a fun smile. I love her doggy style, and when I thrust her directly into my portio, she says, It feels so good, I'm so good, and keeps swallowing her into orgasm. *Bonus: High resolution",https://cdn001.imggle.net/webp/poster/08152026/ef591477ad.webp,https://javct.net/v/fc2ppv-4981932,49,2026-10-01
FC2PPV-4984487,3P between a married teacher's wife and her friend. I creampied my friend lol. There's a bonus.,https://cdn001.imggle.net/webp/poster/08152026/33d4ee9f4b.webp,https://javct.net/v/fc2ppv-4984487,18,2026-10-01
FC2PPV-4981624,"[Uncensored] Angel of the track and field world, 171cm/9.3% body fat percentage, 18-year-old idol-class track and field team who won two consecutive prefectural tournament championships. Shocking FC2 shocking arrival [Creampie shooting data that must be stored in strict confidence] *First-come, first-served exclusive 3-part bonus",https://cdn001.imggle.net/webp/poster/08152026/d76b31fb0c.webp,https://javct.net/v/fc2ppv-4981624,59,2026-10-01
FC2PPV-4975079,"[Uncensored] A once-in-a-century talent with model-class style and idol-class looks, two consecutive breedings with confirmed pregnancy *Today only sale",https://cdn001.imggle.net/webp/poster/08152026/65973d8a67.webp,https://javct.net/v/fc2ppv-4975079,66,2026-10-01
FC2PPV-4977050,"[Uncensored] AB21st generation audition passed notification received. Idol-level talent (18) approved by the people involved. Even in the first shooting, she is merciless. She is made to ascend to heaven many times with a demonic modification vibrator and immediately inserts raw creampie without wearing a rubber band.",https://cdn001.imggle.net/webp/poster/08152026/627345b674.webp,https://javct.net/v/fc2ppv-4977050,79,2026-10-01
