page_url,image_url
https://jav.guru/1043881/mimk-292-live-action-room-where-you-cant-leave-unless-you-cum-miyu-aizawa-rika-tsubaki/,https://cdn.javmiku.com/wp-content/uploads/2026/08/mimk292pl-550x374.jpg
https://jav.guru/1043895/mida-765-love-for-ugly-men-is-great-massive-orgy-surprise-thanksgiving-festival-yua-fukuda/,https://cdn.javmiku.com/wp-content/uploads/2026/08/mida765pl-550x374.jpg
https://jav.guru/1043902/miab-678-i-became-a-substitute-for-a-memorial-nude-model-and-the-big-titted-sister-whose-love-juice-is-dripping-keeps-teasing-my-hard-cock-every-time-we-take-a-5-minute-break-yuuiri-sugikawa/,https://cdn.javmiku.com/wp-content/uploads/2026/08/miab678pl-550x374.jpg
https://jav.guru/1043917/ipzz-934-my-ex-girlfriend-who-dumped-me-is-happy-and-it-pisses-me-off-so-i-barged-into-her-house-with-my-bad-friends-and-tried-a-gangbang-in-front-of-her-current-boyfriend-karen-kaede/,https://cdn.javmiku.com/wp-content/uploads/2026/08/ipzz934pl-550x374.jpg
https://jav.guru/1044179/ymdd-506-my-brothers-wife-twisted-envy-and-beautiful-sister-in-law-the-co-dependence-created-by-feelings-of-inferiority-towards-my-elite-younger-brother-yuioka-onosaka/,https://cdn.javmiku.com/wp-content/uploads/2026/08/ymdd506pl-550x374.jpg
https://jav.guru/1044181/xvsr-897-bubble-princess-paradise-the-service-loving-bubble-princess-thoroughly-and-gently-washes-every-sensitive-spot-of-the-customer-with-her-slippery-creamy-voluptuous-body-rei-kuroshima/,https://cdn.javmiku.com/wp-content/uploads/2026/08/xvsr897pl-550x374.jpg
https://jav.guru/1044185/xvsr-893-is-it-not-enough-to-just-be-cute-office-sex-with-a-sly-ol-who-suddenly-wraps-her-legs-around-me-during-work-miyu-aizawa/,https://cdn.javmiku.com/wp-content/uploads/2026/08/xvsr893pl-550x374.jpg
https://jav.guru/1044187/vdd-208-secretary-in-blackmail-suite-room-sui-tsukino/,https://cdn.javmiku.com/wp-content/uploads/2026/08/24vdd208pl-550x374.jpg
https://jav.guru/1044194/sora-646-local-female-politician-loses-control-at-a-drinking-party-repeatedly-wetting-herself-during-a-hellish-game-getting-excited-by-a-low-iq-cock-and-getting-fucked-until-morning-in-a-frenzy-y/,https://cdn.javmiku.com/wp-content/uploads/2026/08/sora646pl-550x374.jpg
https://jav.guru/1044209/nhdtc-250-a-woman-stubbornly-hiding-her-nipples-keep-massaging-with-oil-until-her-bare-hands-feel-and-she-becomes-completely-defenseless/,https://cdn.javmiku.com/wp-content/uploads/2026/08/1nhdtc250pl-550x374.jpg
https://jav.guru/1044210/mopp-126-nipple-brain-dopamine-driven-crazy-by-a-lewd-slut-who-kneads-my-nipples-drowning-in-explosive-pleasure-and-extreme-humiliation-experience-nia/,https://cdn.javmiku.com/wp-content/uploads/2026/08/mopp126pl-550x374.jpg
https://jav.guru/1044211/mooc-027-lets-have-some-fun-together-i-consulted-my-neighbor-a-newhalf-nurse-about-my-cock-troubles-and-she-showed-me-her-erect-clit-while-giving-me-instructions-for-joi-resulting-in-mutual/,https://cdn.javmiku.com/wp-content/uploads/2026/08/mooc027pl-550x374.jpg
https://jav.guru/1044212/mmpb-137-miraculous-nordic-ai-blonde-beauty-the-dream-of-three-super-cute-big-titted-sisters-showing-it-all/,https://cdn.javmiku.com/wp-content/uploads/2026/08/mmpb137pl-550x374.jpg
https://jav.guru/1044215/marn-005-anyu-kanazawa/,https://cdn.javmiku.com/wp-content/uploads/2026/08/n_1064marn005pl-550x374.jpg
https://jav.guru/1044216/lulu-452-a-part-time-natural-big-titted-single-mom-whos-weak-to-pressure-unintentionally-provokes-with-her-breasts-unable-to-hold-back/,https://cdn.javmiku.com/wp-content/uploads/2026/08/lulu452pl-550x374.jpg
https://jav.guru/1044217/ksbj-444-while-my-husband-is-on-a-business-trip-im-being-cuckolded-by-a-married-woman-who-says-watch-me-while-i-masturbate-over-three-sinful-days-im-toyed-with-by-this-incr/,https://cdn.javmiku.com/wp-content/uploads/2026/08/ksbj444pl-550x374.jpg
https://jav.guru/1044218/juta-197-ultimate-seventies-housewifes-first-stripping-av-documentary-yuri-masuda/,https://cdn.javmiku.com/wp-content/uploads/2026/08/juta197pl-550x374.jpg
https://jav.guru/1044219/jufe-629-dads-pov-sex-documentary-indulging-in-thick-gooey-body-fluids-and-sweaty-intercourse-with-sakuna-takeuchi/,https://cdn.javmiku.com/wp-content/uploads/2026/08/jufe629pl-550x374.jpg
https://jav.guru/1044220/jjda-079-the-married-woman-ive-had-a-crush-on-ive-always-loved-her-the-soft-beautiful-body-of-someone-elses-wife/,https://cdn.javmiku.com/wp-content/uploads/2026/08/jjda079pl-550x374.jpg
https://jav.guru/1044221/jjda-078-with-my-sons-female-homeroom-teacher-immoral-home-visit-and-parental-sexual-relations/,https://cdn.javmiku.com/wp-content/uploads/2026/08/jjda078pl-550x374.jpg
https://jav.guru/1044223/ibw-1010z-four-hours-of-creampie-videos-featuring-a-short-statured-hairless-beauty/,https://cdn.javmiku.com/wp-content/uploads/2026/08/504ibw1010zpl-550x374.jpg
https://jav.guru/1044225/hoks-233-i-cant-tell-my-husband-the-crime-committed-by-a-kind-wife-misaki/,https://cdn.javmiku.com/wp-content/uploads/2026/08/hoks233pl-550x374.jpg
https://jav.guru/1044228/hodv-22103-absolutely-addictive-exquisite-full-service-experience-with-miyu-aizawa/,https://cdn.javmiku.com/wp-content/uploads/2026/08/41hodv22103pl-550x374.jpg
https://jav.guru/1044229/hodv-22102-a-holiday-with-my-mistress-whom-i-reunited-with-after-a-year-where-we-fucked-wildly-while-completely-naked-on-a-business-trip-kasumi-tsukino/,https://cdn.javmiku.com/wp-content/uploads/2026/08/41hodv22102pl-550x374.jpg
https://jav.guru/1044230/hale-080-endless-loop-of-fucking-my-moms-friend-vol-75-reika-takeda/,https://cdn.javmiku.com/wp-content/uploads/2026/08/hale080pl-550x374.jpg
https://jav.guru/1044232/gvh-875-black-pantyhose-sluts-cosplay-and-dirty-talk-trture-hikari-tomoe/,https://cdn.javmiku.com/wp-content/uploads/2026/08/gvh875pl-550x374.jpg
https://jav.guru/1044233/gvh-874-mother-son-incest-yui-mamiya/,https://cdn.javmiku.com/wp-content/uploads/2026/08/gvh874pl-550x374.jpg
https://jav.guru/1044237/fjin-164-my-senior-at-the-bar-was-a-shady-woman-selling-drugs-for-a-multi-level-marketing-scheme-when-i-said-i-would-buy-all-her-products-if-she-let-me-do-drugs-and-have-sex-with-her-nofu/,https://cdn.javmiku.com/wp-content/uploads/2026/08/fjin164pl-550x374.jpg
https://jav.guru/1044239/fjin-162-nude-model-the-ed-husband-who-failed-at-trying-to-conceive-confesses-his-cuckold-fetish-to-his-wife-confused-but-willing-for-the-sake-of-her-loving-husband-the-wife-gets-turned-on-and-dr/,https://cdn.javmiku.com/wp-content/uploads/2026/08/fjin162pl-550x374.jpg
https://jav.guru/1044240/fjin-161-big-tit-blowjob-after-cumming-the-man-gets-his-cock-sucked-while-she-squirts-chitose-yuki/,https://cdn.javmiku.com/wp-content/uploads/2026/08/fjin161pl-550x374.jpg
https://jav.guru/1044250/dsam-010-sports-festival-w-slut-harem-sandwiched-between-two-outgoing-sexy-girls-repeatedly-getting-my-cum-sucked-out-and-winning-first-place-for-the-best-memory/,https://cdn.javmiku.com/wp-content/uploads/2026/08/dsam010pl-550x374.jpg
https://jav.guru/1044252/dldss-551-the-presidents-wife-starved-for-desire-secretly-visits-the-janitors-room-of-a-middle-aged-man-filled-with-sweat-and-the-smell-of-oil-fuuka-sakurazaka/,https://cdn.javmiku.com/wp-content/uploads/2026/08/1dldss551pl-550x374.jpg
https://jav.guru/1044256/bkd-370-mother-son-mating-on-the-female-peak-road-waka-ninomiya/,https://cdn.javmiku.com/wp-content/uploads/2026/08/bkd370pl-550x374.jpg
https://jav.guru/1044257/bijn-288-the-documentary-primal-instinct-unleashed-in-climax-sex-a-carnivorous-beauty-and-young-wife-cant-resist-sex-and-goes-wild-with-a-thick-cock-in-an-orgy-creampied-kurumi-sakura/,https://cdn.javmiku.com/wp-content/uploads/2026/08/bijn288pl-550x374.jpg
https://jav.guru/1044258/babd-026-half-in-half-out-with-working-women-golf-coach-edition-izumi-kimura/,https://cdn.javmiku.com/wp-content/uploads/2026/08/babd026pl-550x374.jpg
https://jav.guru/1044624/nhdta-064-show-off-your-cock-to-the-school-swimsuit-girl-playing-in-the-mixed-gender-outdoor-bath-after-school-2/,https://cdn.javmiku.com/wp-content/uploads/2026/08/1nhdta064pl-550x374.jpg
https://jav.guru/1044625/tsds-46032-im-back-im-home-ohe-tomomi/,https://cdn.javmiku.com/wp-content/uploads/2026/08/720-550x374.jpg
https://jav.guru/1044626/sqte-713-ill-empty-your-balls-for-you-yuna-hinata-x-hina-minami/,https://cdn.javmiku.com/wp-content/uploads/2026/08/sqte713pl-550x374.jpg
https://jav.guru/1044628/rebdb-417-reis-sensitive-sideboob-reiwa-rei-blu-ray-disc/,https://cdn.javmiku.com/wp-content/uploads/2026/08/n_1412rebdb417pl-550x374.jpg
https://jav.guru/1044629/rebdb-409-tsumugi-2-twinkle-storm-akari-tsumugi-blu-ray-disc/,https://cdn.javmiku.com/wp-content/uploads/2026/08/n_1412rebdb409pl-550x374.jpg
https://jav.guru/1044630/rebdb-407-minami4-hatsu-romance-minami-hatsukawa-blu-ray-disc/,https://cdn.javmiku.com/wp-content/uploads/2026/08/n_1412rebdb407pl-550x374.jpg
https://jav.guru/1044631/rebdb-042-aimi-the-h-cup-erotic-beauty-aimi-yoshikawa-blu-ray-disc/,https://cdn.javmiku.com/wp-content/uploads/2026/08/n_1010rebdb042pl-550x374.jpg
https://jav.guru/1044632/rebdb-021-mayus-tropical-vacation-mayu-kamiya-blu-ray-disc/,https://cdn.javmiku.com/wp-content/uploads/2026/08/n_1010rebdb021pl-550x374.jpg
https://jav.guru/1044633/rebdb-012-ai-always-innocence-ai-haneda/,https://cdn.javmiku.com/wp-content/uploads/2026/08/n_1010rebdb012pl-550x374.jpg
https://jav.guru/1044634/pym-576-horny-public-restroom-masturbation-in-the-park-on-the-way-home-cant-hold-it-until-i-get-back-featuring-40-girls/,https://cdn.javmiku.com/wp-content/uploads/2026/08/h_283pym576pl-550x374.jpg
https://jav.guru/1044636/ome-708-stay-stylish-even-in-the-cold-airi-shirakawa/,https://cdn.javmiku.com/wp-content/uploads/2026/08/1720-550x374.jpg
https://jav.guru/1044637/ome-707-that-cuteness-is-overwhelming-rikka/,https://cdn.javmiku.com/wp-content/uploads/2026/08/1731-550x374.jpg
https://jav.guru/1044638/okzu-049-i-want-to-press-my-cock-against-the-peachy-ass-wrapped-in-panties-i-want-to-be-straddled-and-rubbed-against-that-ass-the-sexy-older-sisters-ass-grinding-and-face-sitting/,https://cdn.javmiku.com/wp-content/uploads/2026/08/okzu049pl-550x374.jpg
https://jav.guru/1044639/nvh-086-a-submissive-transgender-girl-bullied-in-a-girls-school-by-yuna-nagisa-kurumi-suzuka-mai-arisu-and-himari-kosaka/,https://cdn.javmiku.com/wp-content/uploads/2026/08/nvh086pl-550x374.jpg
https://jav.guru/1044640/npjs-286-i-rented-a-beauty-pageant-contestant-as-my-girlfriend-for-a-day-and-had-a-creampie-sex-date/,https://cdn.javmiku.com/wp-content/uploads/2026/08/npjs286pl-550x374.jpg
https://jav.guru/1044641/npjs-275-please-let-me-grill-meat-at-your-home-a-traveling-barbecue-bunny-girl-with-a-boyish-big-ass-awakens-her-instincts-for-sex/,https://cdn.javmiku.com/wp-content/uploads/2026/08/npjs275pl-550x374.jpg
https://jav.guru/1044642/nhdt-872-a-country-girl-who-gets-hooked-on-being-violated-by-an-older-man-more-than-her-classmate/,https://cdn.javmiku.com/wp-content/uploads/2026/08/1nhdt872pl-550x374.jpg
https://jav.guru/1044643/nash-089-real-erotic-stories-2/,https://cdn.javmiku.com/wp-content/uploads/2026/08/h_067nash089pl-550x374.jpg
https://jav.guru/1044644/murikuri-016-a-married-womans-reproductive-instincts-are-stimulated-by-another-mans-cock-leading-to-vaginal-spasms-and-multiple-creampies-during-her-pregnancy-efforts-raw-affai/,https://cdn.javmiku.com/wp-content/uploads/2026/08/1murikuri016pl-550x374.jpg
https://jav.guru/1044645/mmus-112-mjoi-ultimate-perverted-handjob-instruction-absolute-provocative-dirty-talk-masturbation-control-with-yuioka-onosaka/,https://cdn.javmiku.com/wp-content/uploads/2026/08/mmus112pl-550x374.jpg
https://jav.guru/1044646/mmr-az059-stay-with-you-mari-takamiya/,https://cdn.javmiku.com/wp-content/uploads/2026/08/1854-550x374.jpg
https://jav.guru/1044647/mmr-al021-hardcore-you-chima-yamane/,https://cdn.javmiku.com/wp-content/uploads/2026/08/n_709mmral021pl-550x374.jpg
https://jav.guru/1044648/mmr-ak078-ami-sasano-beautiful-girl-legend-love-letter-ami-sasano-%e3%80%85/,https://cdn.javmiku.com/wp-content/uploads/2026/08/1586395224_mmr-ak078-550x374.jpg
https://jav.guru/1044649/mmr-aa056-she-is-a-busty-3d-girl-ayaka-fushimi/,https://cdn.javmiku.com/wp-content/uploads/2026/08/279561489_mmr-aa056-550x374.jpg
https://jav.guru/1044652/midd-021-blowjob%e2%98%85sister-kawai-kana/,https://cdn.javmiku.com/wp-content/uploads/2026/08/midd021pl-550x374.jpg
https://jav.guru/1044653/maj-1001-brutal-fucking-men-also-fucking-women-ill-show-your-cum-to-your-wife-a-woman-who-sucks-cock-like-crazy-and-a-woman-who-licks-pussy-like-crazy-hitomi-enjo-and-ikumi-kondo/,https://cdn.javmiku.com/wp-content/uploads/2026/08/h_606maj1001pl-550x374.jpg
https://jav.guru/1044654/madm-057-most-married-womens-consultations-are-about-their-nighttime-marital-life-it-turns-out-that-just-listening-to-their-worries-guarantees-100-sex/,https://cdn.javmiku.com/wp-content/uploads/2026/08/49madm057pl-1-550x374.jpg
https://jav.guru/1044656/lcdv-41433-snow-white-minami-hori/,https://cdn.javmiku.com/wp-content/uploads/2026/08/2048-550x374.jpg
https://jav.guru/1044657/lcdv-40586-bloom-yuri-murakami/,https://cdn.javmiku.com/wp-content/uploads/2026/08/1028-550x374.jpg
https://jav.guru/1044659/lcdv-40567-private-reimi-tachibana/,https://cdn.javmiku.com/wp-content/uploads/2026/08/217-550x374.jpg
https://jav.guru/1044660/lcdv-40561-mio-takaba-heartbeat-mio-%e6%be%aa/,https://cdn.javmiku.com/wp-content/uploads/2026/08/265323234_420-550x374.jpg
https://jav.guru/1044661/lcdv-40542-naohos-feelings-my-mischievous-self-naoho-ichihashi/,https://cdn.javmiku.com/wp-content/uploads/2026/08/759-550x374.jpg
https://jav.guru/1044662/lcdv-40539-soft-and-fluffy-miyo-ikara/,https://cdn.javmiku.com/wp-content/uploads/2026/08/282087286_1138-550x374.jpg
https://jav.guru/1044663/lcdv-40537-re-born-2012-erika-yazawa/,https://cdn.javmiku.com/wp-content/uploads/2026/08/1572133378_lcdv-40537-550x374.jpg
https://jav.guru/1044665/lcdv-40530-anri-summer-story-anri-sugihara/,https://cdn.javmiku.com/wp-content/uploads/2026/08/278533967_911-550x374.jpg
https://jav.guru/1044666/lcdv-40528-plump-shizuka-4-shizuka-nakamura/,https://cdn.javmiku.com/wp-content/uploads/2026/08/1568925814_lcdv-40528-550x374.jpg
https://jav.guru/1044667/lcdv-40500-freshly-picked-nanoka/,https://cdn.javmiku.com/wp-content/uploads/2026/08/1001-550x374.jpg
https://jav.guru/1044668/lcdv-40432-summer-love-natsuko-tatsumi/,https://cdn.javmiku.com/wp-content/uploads/2026/08/1524396880_lcdv-40432-550x374.jpg
https://jav.guru/1044669/lcdv-40392-fantasy-days-mikie-hara/,https://cdn.javmiku.com/wp-content/uploads/2026/08/1994-550x374.jpg
https://jav.guru/1044670/lcdv-40391-the-sea-mikie-and-the-sun-mikie-hara/,https://cdn.javmiku.com/wp-content/uploads/2026/08/1992-550x374.jpg
https://jav.guru/1044671/lcdv-40373-eternal-summer-ayumi/,https://cdn.javmiku.com/wp-content/uploads/2026/08/2099-550x374.jpg
https://jav.guru/1044672/lcdv-40333-honey-sweet-anri-sugihara/,https://cdn.javmiku.com/wp-content/uploads/2026/08/1708-550x374.jpg
https://jav.guru/1044674/lcdv-24003-miki-collection-super-extra-mikie-hara/,https://cdn.javmiku.com/wp-content/uploads/2026/08/278102029_899-550x374.jpg
https://jav.guru/1044675/lcbd-00968-young-kyouka/,https://cdn.javmiku.com/wp-content/uploads/2026/08/3136-550x374.jpg
https://jav.guru/1044676/lcbd-00938-hirari-time-rina-hirata/,https://cdn.javmiku.com/wp-content/uploads/2026/08/1723-550x374.jpg
https://jav.guru/1044677/lcbd-00868-fluffy-white-book-airi-igawa/,https://cdn.javmiku.com/wp-content/uploads/2026/08/744-550x374.jpg
https://jav.guru/1044678/ktb-121-special-mission-secretarys-intense-ejaculation-training-the-new-secretary-miumi-swallows-all-the-cum-with-her-h-cup-big-tits-as-a-corporate-slave-bukkake-ol-suit-club-side-story-2-luxu/,https://cdn.javmiku.com/wp-content/uploads/2026/08/ktb121pl-550x374.jpg
https://jav.guru/1044680/kidm-657-untitled-aimi-sonozaki/,https://cdn.javmiku.com/wp-content/uploads/2026/08/n_945kidm657pl-550x374.jpg
https://jav.guru/1044681/kidm-616-title-undecided-asuka-oda/,https://cdn.javmiku.com/wp-content/uploads/2026/08/n_945kidm616pl-550x374.jpg
https://jav.guru/1044682/kidm-580-morocco-tsubasa-akimoto/,https://cdn.javmiku.com/wp-content/uploads/2026/08/n_945kidm580pl-550x374.jpg
https://jav.guru/1044683/kidm-579b-bare-pussy-date-with-yuri-amano-blu-ray-disc/,https://cdn.javmiku.com/wp-content/uploads/2026/08/n_945kidm579bpl-550x374.jpg
https://jav.guru/1044685/kidm-555-untitled-mayumi-otsuka/,https://cdn.javmiku.com/wp-content/uploads/2026/08/n_945kidm555pl-550x374.jpg
https://jav.guru/1044686/kidm-551-untitled-yukari-sakurai/,https://cdn.javmiku.com/wp-content/uploads/2026/08/n_945kidm551pl-550x374.jpg
https://jav.guru/1044687/kidm-550-untitled-mai-goto/,https://cdn.javmiku.com/wp-content/uploads/2026/08/n_945kidm550pl-550x374.jpg
https://jav.guru/1044688/kidm-549-untitled-noriko-hamada/,https://cdn.javmiku.com/wp-content/uploads/2026/08/n_945kidm549pl-550x374.jpg
https://jav.guru/1044689/kbms-212-looking-at-the-anus/,https://cdn.javmiku.com/wp-content/uploads/2026/08/kbms212pl-550x374.jpg
https://jav.guru/1044690/jera-048-with-a-refined-face-she-climaxes-in-a-vulgar-way-my-monthly-fuck-buddy-sui-tsukino-invited-me-saying-i-want-to-have-a-slightly-stimulating-sex-today/,https://cdn.javmiku.com/wp-content/uploads/2026/08/1jera048pl-550x374.jpg
https://jav.guru/1044691/jera-047-after-going-on-a-couple-of-casual-dates-with-the-nursery-teacher-misaki-i-met-in-the-park-she-invited-me-to-spend-the-whole-day-together/,https://cdn.javmiku.com/wp-content/uploads/2026/08/1jera047pl-550x374.jpg
https://jav.guru/1044692/iesp-142-big-tits-female-detective-creampie-investigation-satoko-tachibana/,https://cdn.javmiku.com/wp-content/uploads/2026/08/1iesp142pl-550x374.jpg
https://jav.guru/1044693/hunt-978-only-two-of-us-guys-in-the-girls-room-on-the-school-trip-our-first-ever-kings-game-2/,https://cdn.javmiku.com/wp-content/uploads/2026/08/1hunt978pl-550x374.jpg
https://jav.guru/1044694/hjmo-396-crying-ntr-behind-the-magic-mirror-a-beautiful-and-elegant-wife-takes-on-a-lewd-game-for-100000-yen-with-just-a-kiss/,https://cdn.javmiku.com/wp-content/uploads/2026/08/hjmo396pl-550x374.jpg
https://jav.guru/1044695/hitma-175-konomi-naruse-best-selection-4-hours-hd-blu-ray-disc/,https://cdn.javmiku.com/wp-content/uploads/2026/08/55hitma175pl-550x374.jpg
https://jav.guru/1044697/halt-090-humiliation-ejaculation-while-being-made-to-cum-by-a-cute-but-cold-younger-girl-who-says-wait-are-you-really-jerking-off-thats-so-gross-lol/,https://cdn.javmiku.com/wp-content/uploads/2026/08/halt090pl-550x374.jpg
https://jav.guru/1044698/guild-136-desperate-desire-erika-chiba-2/,https://cdn.javmiku.com/wp-content/uploads/2026/08/927-1-550x374.jpg
https://jav.guru/1044699/grch-237-the-perfect-man-ittetsu/,https://cdn.javmiku.com/wp-content/uploads/2026/08/1grch237pl-550x374.jpg
https://jav.guru/1044700/gigl-456-dont-touch-my-weak-breasts-the-older-woman-whose-aroused-nipples-are-played-with-cant-resist-when-her-desire-is-triggered-and-ends-up-being-seduced-by-another-woman/,https://cdn.javmiku.com/wp-content/uploads/2026/08/h_860gigl456pl-1-550x374.jpg
https://jav.guru/1044702/enfd-5639-again-shizuka-umemoto/,https://cdn.javmiku.com/wp-content/uploads/2026/08/1571079219_enfd-5639-550x374.jpg
https://jav.guru/1044703/enfd-5629-only-for-you-manami-ikura/,https://cdn.javmiku.com/wp-content/uploads/2026/08/1563815895_enfd-5629-550x374.jpg
https://jav.guru/1044704/enfd-5621-fresh-chiffon-ito-shihono/,https://cdn.javmiku.com/wp-content/uploads/2026/08/1862-550x374.jpg
https://jav.guru/1044705/enfd-5601-white-bible-akira-itsuki/,https://cdn.javmiku.com/wp-content/uploads/2026/08/1524911159_enfd-5601-550x374.jpg
https://jav.guru/1044706/enfd-5600-summer-love-is-born-natsuki-sawada/,https://cdn.javmiku.com/wp-content/uploads/2026/08/1563815526_enfd-5600-550x374.jpg
https://jav.guru/1044707/enfd-5591-sweet-life-asuka-kishi/,https://cdn.javmiku.com/wp-content/uploads/2026/08/1569157729_enfd-5591-550x374.jpg
https://jav.guru/1044708/enfd-5489-love-me-one-more-time-misato-kashiwagi/,https://cdn.javmiku.com/wp-content/uploads/2026/08/1569963742_enfd-5489-550x374.jpg
https://jav.guru/1044709/dmdg-030-mature-woman-renna-fukiishis-raw-creampie-for-a-submissive/,https://cdn.javmiku.com/wp-content/uploads/2026/08/dmdg030sopl-1-550x374.jpg
https://jav.guru/1044714/bksp-340-please-dont-notice-3/,https://cdn.javmiku.com/wp-content/uploads/2026/08/1bksp340pl-550x374.jpg
https://jav.guru/1044715/bbss-017-pussy-x-pussy-10-times-the-stimulation-rubbing-pussies-together-until-we-cum-lesbian-shell-rubbing-sex-for-4-hours/,https://cdn.javmiku.com/wp-content/uploads/2026/08/bbss017pl-550x374.jpg
https://jav.guru/1044716/bank-092-big-tits-and-hard-nipples-at-the-outdoor-hot-spring-devouring-men/,https://cdn.javmiku.com/wp-content/uploads/2026/08/h_1495bank092pl-550x374.jpg
https://jav.guru/1044717/atid-172-female-swordsman-rape-violated-pride-complete-mastery-of-humiliation-akina/,https://cdn.javmiku.com/wp-content/uploads/2026/08/atid172pl-550x374.jpg
https://jav.guru/1044718/aed-264-mature-womans-play-incestuous-mother-son-debauchery-with-a-fifty-year-old-mother-chisato-shta/,https://cdn.javmiku.com/wp-content/uploads/2026/08/aed264pl-550x374.jpg
https://jav.guru/1046011/lcbd-00817-falling-in-love-with-you-rin-tachibana/,https://cdn.javmiku.com/wp-content/uploads/2026/08/2634-550x374.jpg
https://jav.guru/1046013/lcbd-00801-a-troublesome-daily-life-bd-ayaka-sayama/,https://cdn.javmiku.com/wp-content/uploads/2026/08/1794-550x374.jpg
https://jav.guru/1046022/lcbd-00729-for-you-anna-tamechika/,https://cdn.javmiku.com/wp-content/uploads/2026/08/306-550x374.jpg
https://jav.guru/1046023/lcbd-00712-tokyo-anri-anri-sugihara/,https://cdn.javmiku.com/wp-content/uploads/2026/08/2672-550x374.jpg
https://jav.guru/1046028/lcbd-00649-white-pearl-honey-anri-sugihara/,https://cdn.javmiku.com/wp-content/uploads/2026/08/2673-550x374.jpg
https://jav.guru/1046043/kidm-901b-longing-for-the-maldives-akimoto-tsubasa/,https://cdn.javmiku.com/wp-content/uploads/2026/08/1572278883_kidm-901b-550x374.jpg
https://jav.guru/1046044/kidm-890b-wing-for-you-akimoto-tsubasa/,https://cdn.javmiku.com/wp-content/uploads/2026/08/2010-550x374.jpg
https://jav.guru/1046045/kidm-852-miyu-hoshino-mirror-of-the-anus/,https://cdn.javmiku.com/wp-content/uploads/2026/08/97420273_1494311l-550x374.jpg
https://jav.guru/1046046/kidm-753-miyu-hoshino-anal-beam/,https://cdn.javmiku.com/wp-content/uploads/2026/08/58371629_i351515-550x374.jpg
https://jav.guru/1046047/kidm-741-eri-haruka-beautiful-goddess-bijin/,https://cdn.javmiku.com/wp-content/uploads/2026/08/58371609_i351503-550x374.jpg
https://jav.guru/1046048/kidm-687-asuka-oda-fly-to-you/,https://cdn.javmiku.com/wp-content/uploads/2026/08/42308446_i323066-550x374.jpg
https://jav.guru/1046049/kidm-663-untitled-mayumi-otsuka/,https://cdn.javmiku.com/wp-content/uploads/2026/08/n_945kidm663pl-550x374.jpg
https://jav.guru/1046050/kidm-517-the-limits-of-wings-tsubasa-akimoto/,https://cdn.javmiku.com/wp-content/uploads/2026/08/n_945kidm517pl-550x374.jpg
https://jav.guru/1046051/kidm-472-untitled-tomomi-saeki/,https://cdn.javmiku.com/wp-content/uploads/2026/08/n_945kidm472pl-550x374.jpg
https://jav.guru/1046052/kidm-371-untitled-azusa-togashi/,https://cdn.javmiku.com/wp-content/uploads/2026/08/n_945kidm371pl-550x374.jpg
https://jav.guru/1046053/kidm-361-untitled-azusa-togashi/,https://cdn.javmiku.com/wp-content/uploads/2026/08/n_945kidm361pl-2-550x374.jpg
https://jav.guru/1046054/kidm-227-im-at-my-limit-takada-nozomi/,https://cdn.javmiku.com/wp-content/uploads/2026/08/1831-1-550x374.jpg
https://jav.guru/1046055/kidm-220-big-tits-x-big-tits-yuria-kamijo/,https://cdn.javmiku.com/wp-content/uploads/2026/08/n_945kidm220pl-2-550x374.jpg
https://jav.guru/1046056/kidm-219-milky-mate-takada-nozomi-2/,https://cdn.javmiku.com/wp-content/uploads/2026/08/2489-1-550x374.jpg
https://jav.guru/1046057/kidm-217-stunning-beauty-kazuna-shimada/,https://cdn.javmiku.com/wp-content/uploads/2026/08/n_945kidm217pl-2-550x374.jpg
https://jav.guru/1046058/kidm-208-venus-of-eroticism-yuria-kamijo/,https://cdn.javmiku.com/wp-content/uploads/2026/08/n_945kidm208pl-2-550x374.jpg
https://jav.guru/1046059/kidm-204-miku-miku-iku-hasegawa-miku-2/,https://cdn.javmiku.com/wp-content/uploads/2026/08/n_945kidm204pl-2-550x374.jpg
https://jav.guru/1046060/kidm-201-asukas-world-miyama-asuka/,https://cdn.javmiku.com/wp-content/uploads/2026/08/n_945kidm201pl-550x374.jpg
https://jav.guru/1046062/kidm-079-peach-bottom-idol-fujiki-ayaka/,https://cdn.javmiku.com/wp-content/uploads/2026/08/1570707377_kidm-079-1-550x374.jpg
https://jav.guru/1046619/skth-006-shikota-holdings-inc-velota-this-woman-just-keeps-kissing-do-you-like-my-tongue-my-colleagues-tongue-kiss-is-too-erotic-haruno-ando/,https://cdn.javmiku.com/wp-content/uploads/2026/09/1skth00006pl-550x374.jpg
https://jav.guru/1046634/iesp-765-runa-amanes-newlywed-life-of-making-babies/,https://cdn.javmiku.com/wp-content/uploads/2026/09/1iesp765pl-550x374.jpg
https://jav.guru/1046640/fns-252-i-want-you-to-kiss-me-beautiful-girl-gets-addicted-to-kissing-sex-with-mixed-bodily-fluids-kashiwagi-shizuku/,https://cdn.javmiku.com/wp-content/uploads/2026/09/FNS-252-550x374.jpg
https://jav.guru/1046649/dldss-531-dahlias-shocking-transfer-goddess-jun-reincarnated-the-miraculous-venus-descends/,https://cdn.javmiku.com/wp-content/uploads/2026/09/1dldss00531pl-550x374.jpg
https://jav.guru/1047602/yoch-035-after-her-first-private-drinks-with-a-much-younger-handsome-guy-the-menopausal-pussy-wife-reaches-the-limits-of-her-reason-and-they-passionately-fuck-each-other-raw-without-a-condom-over-a/,https://cdn.javmiku.com/wp-content/uploads/2026/09/h_086yoch00035pl-550x374.jpg
https://jav.guru/1047603/sw-1066-hey-if-you-want-to-look-that-badly-ill-show-you-knee-high-stocking-panty-ass-when-i-was-gratefully-and-secretly-worshipping-the-neighborhood-girls-knee-high-stocking-panties-every-da/,https://cdn.javmiku.com/wp-content/uploads/2026/09/1sw1066pl-550x374.jpg
https://jav.guru/1047604/sw-1065-the-sons-wifes-black-pantyhose-big-ass-lower-body-that-seduces-her-father-in-law-the-slutty-wife-who-gets-excited-by-a-domestic-affair-while-sneaking-it-past-the-familys-eyes/,https://cdn.javmiku.com/wp-content/uploads/2026/09/1sw1065pl-550x374.jpg
https://jav.guru/1047605/stsk-243-i-want-to-impregnate-the-nice-bodied-homeroom-teacher-female-teacher-breeding-bareback-thrusting-obscenity-the-four-broken-teachers/,https://cdn.javmiku.com/wp-content/uploads/2026/09/h_1605stsk243pl-550x374.jpg
https://jav.guru/1047606/stsk-242-four-tissue-handing-part-timers-get-open-air-molestation-outdoor-incontinence-orgasms-public-indecency-and-irresponsible-creampies/,https://cdn.javmiku.com/wp-content/uploads/2026/09/h_1605stsk242pl-550x374.jpg
https://jav.guru/1047607/nhdtc-249-i-liked-her-first-though-having-the-married-woman-colleague-ive-had-a-one-sided-crush-on-for-years-possess-me-for-the-first-and-last-cuckold-creampie/,https://cdn.javmiku.com/wp-content/uploads/2026/09/1nhdtc249pl-550x374.jpg
https://jav.guru/1047608/nhdtc-248-driven-crazy-by-a-clingy-brats-relentless-kisses-no-matter-how-many-times-she-refuses-the-single-mother-keeps-getting-secretly-kissed-and-starts-french-kissing-with-a-lewd-face/,https://cdn.javmiku.com/wp-content/uploads/2026/09/1nhdtc248pl-550x374.jpg
https://jav.guru/1047609/nhdtc-247-tan-lined-beautiful-girl-pool-shame-2/,https://cdn.javmiku.com/wp-content/uploads/2026/09/1nhdtc247pl-550x374.jpg
https://jav.guru/1047610/nhdtc-246-big-assed-high-school-girl-who-gets-turned-on-by-the-shame-of-face-to-face-slow-creampies-on-a-crowded-bus-and-starts-scooping-out-the-cum-to-masturbate/,https://cdn.javmiku.com/wp-content/uploads/2026/09/1nhdtc246pl-550x374.jpg
https://jav.guru/1047611/nhdtc-244-if-you-promise-not-to-touch-its-okay-the-college-girl-mens-esthetician-who-came-from-a-treatment-with-a-remote-vibe-left-in-and-got-fired-up-even-though-she-was-refusing-now-wa/,https://cdn.javmiku.com/wp-content/uploads/2026/09/1nhdtc244pl-550x374.jpg
https://jav.guru/1047612/nhdtc-234-convenience-store-exhibitionism-at-2-a-m-when-i-kept-turning-a-blind-eye-to-the-annoying-couple-that-came-to-the-store/,https://cdn.javmiku.com/wp-content/uploads/2026/09/1nhdtc234pl-550x374.jpg
https://jav.guru/1047615/mist-529-direct-hit-on-the-fertile-day-soapland-where-you-can-make-babies-70-karin-kitaoka/,https://cdn.javmiku.com/wp-content/uploads/2026/09/1mist00529pl-550x374.jpg
https://jav.guru/1047618/milk-306-ill-show-the-real-me-only-to-the-teacher-forbidden-relationship-between-a-teacher-and-a-modern-day-high-school-girl-whose-sexual-fetishes-are-glitched-ririka-amau/,https://cdn.javmiku.com/wp-content/uploads/2026/09/h_1240milk306pl-550x374.jpg
https://jav.guru/1047619/milk-305-congrats-15th-debut-anniversary-special-project-weve-collected-riona-minamis-first-times-after-becoming-an-actress/,https://cdn.javmiku.com/wp-content/uploads/2026/09/h_1240milk305pl-550x374.jpg
https://jav.guru/1047620/mgold-063-from-a-powerhouse-school-thats-a-regular-at-interhigh-av-debut-of-a-womens-soccer-club-member-with-a-toned-lower-body-and-inexhaustible-sexual-desire-sakura-nako/,https://cdn.javmiku.com/wp-content/uploads/2026/09/MGOLD-063-550x374.jpg
https://jav.guru/1047621/kaad-087-our-familys-beautiful-mother-in-law-izumi-kinue/,https://cdn.javmiku.com/wp-content/uploads/2026/09/h_086kaad00087pl-550x374.jpg
https://jav.guru/1047627/jrze-318-first-shoot-documentary-of-a-fifty-year-old-wife-kanae-shindo/,https://cdn.javmiku.com/wp-content/uploads/2026/09/h_086jrze00318pl-550x374.jpg
https://jav.guru/1047628/jrze-317-first-time-married-woman-documentary-takamiya-reika/,https://cdn.javmiku.com/wp-content/uploads/2026/09/h_086jrze00317pl-550x374.jpg
https://jav.guru/1047634/hbad-740-i-couldnt-resist-my-sons-short-haired-big-titted-baby-faced-girlfriend-whose-body-was-way-too-erotic-ruka-itoi/,https://cdn.javmiku.com/wp-content/uploads/2026/09/1hbad740pl-550x374.jpg
https://jav.guru/1047650/aarm-366-ultimate-reward-nipple-pleasure-free-paced-finger-technique-teasing-x-super-intense-nipple-licking-x-raw-nipple-rubbing-together-2/,https://cdn.javmiku.com/wp-content/uploads/2026/09/aarm366pl-550x374.jpg
https://jav.guru/1048114/rroy-022-superb-hip-shaking-feels-amazing-to-hold-best-tit-bouncing-creampie-sex-with-slender-big-tits-9-girls-4-hours-best/,https://cdn.javmiku.com/wp-content/uploads/2026/09/rroy022pl-550x374.jpg
https://jav.guru/1048118/royd-348-the-busty-gyaru-boss-whos-super-kind-to-otaku-full-affirmation-spoiling-lovey-dovey-service-and-male-flattering-pov-masturbation-support-sarina-momonaga/,https://cdn.javmiku.com/wp-content/uploads/2026/09/royd348pl-550x374.jpg
https://jav.guru/1048119/royd-347-kings-game-suddenly-brings-me-close-to-a-secretly-slutty-plain-girl-with-big-tits-and-one-night-two-days-of-lovey-dovey-creampie-sex-nao-ayatsuki/,https://cdn.javmiku.com/wp-content/uploads/2026/09/royd347pl-550x374.jpg
https://jav.guru/1048120/roe-560-with-this-beautiful-face-and-these-japanese-tattoos-a-dangerous-fine-woman-once-she-strips-the-married-woman-who-keeps-a-dragon-on-her-back-izuna-inami-43-years-old-av-debut/,https://cdn.javmiku.com/wp-content/uploads/2026/09/roe560pl-550x374.jpg
https://jav.guru/1048121/roe-557-the-match-selling-married-woman-who-lights-up-her-pussy-to-seduce-satsuki-kirioka/,https://cdn.javmiku.com/wp-content/uploads/2026/09/roe557pl-550x374.jpg
https://jav.guru/1048123/roe-554-absolutely-absolutely-keep-it-a-secret-the-cuckolded-wifes-day-off-a-secret-rendezvous-where-she-drowns-in-her-sons-friend-who-showed-up-at-a-womens-sex-parlor-hoshi-fuyuka/,https://cdn.javmiku.com/wp-content/uploads/2026/09/roe554pl-550x374.jpg
https://jav.guru/1048124/roe-552-monroe-exclusive-2nd-installment-tall-former-flight-attendant-married-woman-creampie-ban-lifted/,https://cdn.javmiku.com/wp-content/uploads/2026/09/roe552pl-550x374.jpg
https://jav.guru/1048125/roe-550-i-was-pierced-to-the-depths-of-my-pussy-by-my-stepsons-huge-cock-and-made-to-realize-im-a-bitch-a-failure-as-a-mother-ayaha-mikumo/,https://cdn.javmiku.com/wp-content/uploads/2026/09/roe550pl-550x374.jpg
https://jav.guru/1048126/roe-547-yoshinaga-touko-masochist-awakening-through-bondage-until-i-who-was-an-ordinary-housewife-reclaim-being-a-woman-once-more-guided-by-the-entwining-hemp-ropes/,https://cdn.javmiku.com/wp-content/uploads/2026/09/roe547pl-550x374.jpg
https://jav.guru/1048129/rki-750-new-super-bukkake-sex-with-the-man-who-shoots-the-worlds-largest-amount-of-cum/,https://cdn.javmiku.com/wp-content/uploads/2026/09/rki750pl-550x374.jpg
https://jav.guru/1048130/nsodn-025-i-didnt-know-she-made-faces-like-that-expressions-voice-and-gestures-id-never-known-on-the-night-i-discovered-them-i-came-with-something-several-times-thicker-than-usual-nao-24/,https://cdn.javmiku.com/wp-content/uploads/2026/09/nsodn025pl-550x374.jpg
https://jav.guru/1048131/nsodn-024-close-up-footage-of-a-boyish-aspiring-photographer-girl-who-moved-to-tokyo-from-the-countryside-as-she-gets-corrupted-by-the-city-and-drowns-in-sex/,https://cdn.javmiku.com/wp-content/uploads/2026/09/nsodn024pl-550x374.jpg
https://jav.guru/1048132/nsodn-023-the-three-beautiful-shoplifting-sisters-a-story-of-escaping-poverty-by-exposing-their-sex/,https://cdn.javmiku.com/wp-content/uploads/2026/09/nsodn023pl-550x374.jpg
https://jav.guru/1048133/nnod-002-dont-say-youre-quitting-holding-back-a-subordinate-who-wants-to-leave-the-company-the-slutty-bosss-private-reverse-rape-encouragement/,https://cdn.javmiku.com/wp-content/uploads/2026/09/nnod002pl-550x374.jpg
https://jav.guru/1048134/ngod-358-with-the-neighbors-husband-who-has-perfect-chemistry-the-thrill-of-instant-divorce-if-caught-feels-too-good-to-stop-married-peoples-tongue-kissing-lustful-double-affair-sex/,https://cdn.javmiku.com/wp-content/uploads/2026/09/ngod358pl-550x374.jpg
https://jav.guru/1048135/ngod-357-the-wifes-small-car-is-shaking-intimate-car-sex-affair-story-of-a-tall-peach-assed-part-time-housewife-and-a-hardworking-young-man/,https://cdn.javmiku.com/wp-content/uploads/2026/09/ngod357pl-550x374.jpg
https://jav.guru/1048136/ngod-356-a-wife-who-has-a-huge-cocked-man-fresh-out-of-prison-take-up-residence-in-her-home-and-get-pumped-full-of-load-after-load-of-the-semen-hed-built-up-during-his-sentence-until-dawn-right-in/,https://cdn.javmiku.com/wp-content/uploads/2026/09/ngod356pl-550x374.jpg
https://jav.guru/1048137/ngod-355-do-as-you-like-the-once-serious-mother-who-changed-after-being-fucked-deep-into-her-pussy-by-her-daughters-fiance-and-fully-trained-on-his-huge-cock/,https://cdn.javmiku.com/wp-content/uploads/2026/09/ngod355pl-550x374.jpg
https://jav.guru/1048138/ngod-354-the-seductive-married-woman-from-a-seedy-snack-bar-does-carnal-pillow-service-covered-in-booze-drool-and-love-juices-with-her-regular-fat-customers-extremely-thick-huge-cock/,https://cdn.javmiku.com/wp-content/uploads/2026/09/ngod354pl-550x374.jpg
https://jav.guru/1048140/jur-880-the-destructive-perverted-desires-hidden-in-her-k-cup-breasts-satomi-mone-30-years-old-av-debut/,https://cdn.javmiku.com/wp-content/uploads/2026/09/jur880pl-550x374.jpg
https://jav.guru/1048141/jur-878-i-was-invited-by-my-friends-family-to-go-camping-and-over-2-nights-and-3-days-inside-the-camper-van-i-drowned-in-voice-suppressed-slow-creampie-sex-with-my-friends-big-tits-mom-fucking/,https://cdn.javmiku.com/wp-content/uploads/2026/09/jur878pl-550x374.jpg
https://jav.guru/1048142/jur-869-i-was-asked-for-my-seed-by-my-wifes-friend-koyuki-who-id-heard-was-trying-to-make-a-baby-and-couldnt-resist-getting-hooked-on-impregnation-adultery/,https://cdn.javmiku.com/wp-content/uploads/2026/09/jur869pl-550x374.jpg
https://jav.guru/1048143/jur-862-if-you-really-love-your-stepmom-drink-down-all-my-saliva-pussy-juice-and-body-fluids-i-drowned-and-came-over-and-over-in-the-beastly-great-flood-sex-with-nanami/,https://cdn.javmiku.com/wp-content/uploads/2026/09/jur862pl-550x374.jpg
https://jav.guru/1048144/jur-861-i-found-out-about-my-plain-boyish-wifes-hidden-big-tits-and-sexual-desire-and-drowned-in-an-extremely-vulgar-affair/,https://cdn.javmiku.com/wp-content/uploads/2026/09/jur861pl-550x374.jpg
https://jav.guru/1048145/jur-860-days-spent-dripping-with-sweat-greedily-devouring-each-other-with-the-i-cup-married-woman-next-door-until-our-lust-was-completely-exhausted-a-midsummer-intense-adultery-drama-with-3-sweat-s/,https://cdn.javmiku.com/wp-content/uploads/2026/09/jur860pl-550x374.jpg
https://jav.guru/1048146/jur-850-youve-been-staring-at-my-ass-the-whole-time-havent-you-when-i-went-along-with-the-diet-of-my-sexually-frustrated-plump-assed-female-boss-that-i-couldnt-stop-thinking-about-even-dur/,https://cdn.javmiku.com/wp-content/uploads/2026/09/jur850pl-550x374.jpg
https://jav.guru/1048147/jur-843-the-culmination-of-the-mother-in-laws-insidious-bullying-of-her-daughter-in-law-my-new-mother-mahiro-was-gang-raped-right-before-my-eyes/,https://cdn.javmiku.com/wp-content/uploads/2026/09/jur843pl-550x374.jpg
https://jav.guru/1048150/jur-836-after-maternity-leave-my-wife-who-returned-to-work-gets-cuckolded-by-her-power-harassing-boss-the-shocking-betrayal-story-that-awaited-me-who-prioritized-work-for-the-sake-of-our-family/,https://cdn.javmiku.com/wp-content/uploads/2026/09/jur836pl-550x374.jpg
https://jav.guru/1048151/jur-835-every-morning-i-cross-paths-with-a-beautiful-married-woman-while-dropping-off-and-picking-up-my-chld-at-preschool-and-after-she-invites-me-i-drown-in-adulterous-creampie-sex-of-unmatched-s/,https://cdn.javmiku.com/wp-content/uploads/2026/09/jur835pl-550x374.jpg
https://jav.guru/1048154/jur-822-i-could-never-tell-my-wife-even-if-my-mouth-were-ripped-open-that-i-got-my-mother-in-law-pregnant-on-a-1-night-2-day-hot-spring-trip-i-lost-myself-and-creampied-her-over-and-over/,https://cdn.javmiku.com/wp-content/uploads/2026/09/jur822pl-550x374.jpg
https://jav.guru/1048158/jur-106-dripping-sweat-overflowing-love-lips-snatching-at-each-other-overly-intense-kissing-and-passionate-sex-super-huge-newcomer-madonna-exclusive-chapter-2/,https://cdn.javmiku.com/wp-content/uploads/2026/09/jur106pl-550x374.jpg
https://jav.guru/1048180/huntc-509-ill-keep-big-brothers-secret-for-you-so-lets-play-rape-my-super-masochistic-stepsister-who-desperately-wants-to-be-raped-by-me-has-dirt-on-me-and-is-blackmailing-me/,https://cdn.javmiku.com/wp-content/uploads/2026/09/huntc509pl-550x374.jpg
https://jav.guru/1048184/fway-106-love-mind/,https://cdn.javmiku.com/wp-content/uploads/2026/09/fway106pl-550x374.jpg
https://jav.guru/1048185/fway-103-white-mirage/,https://cdn.javmiku.com/wp-content/uploads/2026/09/fway103pl-550x374.jpg
https://jav.guru/1048187/dsod-090-three-days-of-hell-being-creampied-nonstop-until-she-gets-pregnant-dressed-in-white-ceremonial-robes-and-steeped-in-madness-she-has-sperm-poured-into-her-as-the-gods-shrine-maiden-in-a/,https://cdn.javmiku.com/wp-content/uploads/2026/09/dsod090pl-550x374.jpg
https://jav.guru/1048188/dsod-078-to-end-the-life-of-the-cutest-mean-shitty-bitch-in-the-company-i-personality-corrected-her-into-an-oho-voiced-meat-toilet-rena-momozono/,https://cdn.javmiku.com/wp-content/uploads/2026/09/dsod078pl-550x374.jpg
https://jav.guru/1048189/dsod-067-druggd-with-an-aphrodisiac-sweating-and-in-heat-naturally-spreading-her-legs-vulgarly-and-gushing-pee-trembling-and-convulsing-in-a-sensitive-hot-yoga-class-riho-shishido/,https://cdn.javmiku.com/wp-content/uploads/2026/09/dsod067pl-550x374.jpg
https://jav.guru/1048190/dsod-066-relentlessly-teased-to-the-point-of-rolling-her-eyes-back-love-juices-dripping-down-her-dickclit-sobbing-and-chking-in-a-frenzied-orgasm-nh-hiiragi-kana/,https://cdn.javmiku.com/wp-content/uploads/2026/09/dsod066pl-550x374.jpg
https://jav.guru/1048191/dsod-065-enjoying-beautiful-legs-that-ruin-men-an-overly-sweet-ultimate-foot-fetish-suite-room-extreme-stroking-and-ejaculation-teasing-as-sacred-steamy-pantyhose-feet-sandwich-the-cock-with-squis/,https://cdn.javmiku.com/wp-content/uploads/2026/09/dsod065pl-550x374.jpg
https://jav.guru/1048193/dsod-058-if-they-mess-with-you-mess-them-back-exposing-the-perverted-sexual-proclivities-of-the-shemale-female-executive-who-pinned-the-blame-for-the-ordering-mistake-on-me/,https://cdn.javmiku.com/wp-content/uploads/2026/09/dsod058pl-550x374.jpg
https://jav.guru/1048195/dsod-047-a-boyish-downer-type-little-sister-with-a-cold-attitude-whispers-is-it-okay-to-creampie-me-before-big-sis-destroying-my-reason-as-i-creampie-her-over-and-over-in-this-extreme-cock-tea/,https://cdn.javmiku.com/wp-content/uploads/2026/09/dsod047pl-550x374.jpg
https://jav.guru/1048196/dsod-045-torrential-rain-at-the-business-trip-destination-unexpectedly-passing-out-drunk-right-in-front-of-her-hated-boss-suddenly-sharing-a-room/,https://cdn.javmiku.com/wp-content/uploads/2026/09/dsod045pl-550x374.jpg
https://jav.guru/1048198/dsod-031-id-rather-die-than-apologize-an-arrogant-bully-who-absolutely-refuses-to-apologize/,https://cdn.javmiku.com/wp-content/uploads/2026/09/dsod031pl-550x374.jpg
https://jav.guru/1048199/dsod-022-the-ultimate-orgasm-asmr-with-the-cutest-trans-woman-in-history-marina-ikeda/,https://cdn.javmiku.com/wp-content/uploads/2026/09/dsod022pl-550x374.jpg
https://jav.guru/1048203/bban-609-we-will-live-on-in-this-hell-the-only-glimmer-of-hope-for-the-new-grad-office-lady-at-her-limit-bound-to-an-extremely-evil-black-company-was-lesbian/,https://cdn.javmiku.com/wp-content/uploads/2026/09/bban609pl-550x374.jpg
https://jav.guru/1048204/bban-605-beautiful-sweat-drenched-girls-lose-themselves-in-lesbian-sex-on-a-1-night-2-day-orgy-expedition-to-womens-university-cheerleading-club-lily-2026-summer-training-camp/,https://cdn.javmiku.com/wp-content/uploads/2026/09/bban605pl-550x374.jpg
https://jav.guru/1048205/bban-604-the-story-of-having-my-pussy-used-by-a-freeloading-gal-and-being-turned-lesbian-the-fake-gal-who-got-her-sensitive-body-made-to-cum-over-and-over-while-going-along-with-every-demand-so-her/,https://cdn.javmiku.com/wp-content/uploads/2026/09/bban604pl-550x374.jpg
https://jav.guru/1048206/bban-601-pussy-completely-exposed-anywhere-in-the-house-no-panties-devouring-master-servant-lesbians/,https://cdn.javmiku.com/wp-content/uploads/2026/09/bban601pl-550x374.jpg
https://jav.guru/1048639/svvrt-087-amateur-variety-shonan-local-wives-nipple-teasing-intercrural-cum-challenge-a-big-titted-wife-apologizes-to-her-kids-saying-sorry-while-single-mindedly-rubbing-a-rock-hard-huge-coc/,https://cdn.javmiku.com/wp-content/uploads/2026/09/1svvrt00087pl-550x374.jpg
https://jav.guru/1048643/rlmp-014-grandpa-loving-underground-idol-who-came-on-a-volunteer-comfort-visit-gets-turned-into-a-shared-onahole-by-a-virile-old-geezer-still-going-strong-only-in-his-sex-drive-gangbang-fan-service/,https://cdn.javmiku.com/wp-content/uploads/2026/09/rlmp014pl-550x374.jpg
https://jav.guru/1048644/rlmp-013-complete-our-meat-slave-mama-volleyball-team-unreservedly-keeping-on-creampieing-them-in-a-sweat-drenched-juice-drenched-impregnation-training-camp/,https://cdn.javmiku.com/wp-content/uploads/2026/09/rlmp013pl-550x374.jpg
https://jav.guru/1048645/nsfs-509-posted-true-story-my-wife-was-passed-around-the-white-body-soaked-bright-red-with-humiliation-kana-mito-part-1-nagaestyle-x-madonna-special-collaboration-work/,https://cdn.javmiku.com/wp-content/uploads/2026/09/nsfs509pl-550x374.jpg
https://jav.guru/1048646/nsfs-508-cute-wifes-pale-body-punished-by-her-father-in-law-12-akari-minase/,https://cdn.javmiku.com/wp-content/uploads/2026/09/nsfs508pl-550x374.jpg
https://jav.guru/1048648/nact-176-i-thought-he-was-feeble-but-his-lower-body-was-rock-hard-the-forbidden-two-rounds-where-a-sexually-frustrated-wife-turns-into-a-bitch-through-her-father-in-laws-sexual-caregiving-hikaru/,https://cdn.javmiku.com/wp-content/uploads/2026/09/h_237nact176pl-550x374.jpg
https://jav.guru/1048653/mond-308-with-my-admired-female-boss-hikari-kisaki/,https://cdn.javmiku.com/wp-content/uploads/2026/09/mond308pl-550x374.jpg
https://jav.guru/1048662/ipzz-944-is-it-okay-if-i-think-of-you-as-my-girlfriend-until-graduation-teacher-former-celebrity-private-tutor-runa-sensei-healed-me-who-distrusts-women-with-gentle-tongue-kisses-and-envelopin/,https://cdn.javmiku.com/wp-content/uploads/2026/09/ipzz944pl-550x374.jpg
https://jav.guru/1048665/gvh-877-i-love-masters-piss-guzzling-and-gulping-it-down-the-convenient-piss-drinking-jk-maid-meguri-chan-minoshima-meguri/,https://cdn.javmiku.com/wp-content/uploads/2026/09/gvh877pl-550x374.jpg
https://jav.guru/1048671/flav-427-cock-encouraging-cheer-erection-charge-girl-plump-fleshy-big-ass-cheerleader-satomi-mioka/,https://cdn.javmiku.com/wp-content/uploads/2026/09/flav427pl-550x374.jpg
https://jav.guru/1048672/ekdv-827-this-bitch-is-in-full-heat-right-now-want-to-try-being-sui-tsukinoe/,https://cdn.javmiku.com/wp-content/uploads/2026/09/ekdv827pl-550x374.jpg
https://jav.guru/1048675/dvaj-755-girls-volleyball-club-member-ordered-by-her-coach-into-fully-nude-volleyball-special-training-gets-her-protruding-big-ass-slammed-into-while-holding-the-receive-stance/,https://cdn.javmiku.com/wp-content/uploads/2026/09/dvaj755pl-550x374.jpg
https://jav.guru/1048680/dldss-529-shocking-transfer-to-dahlia-kumi-koizumi-41-years-old-from-married-woman-to-actress-that-real-married-woman-has-arrived/,https://cdn.javmiku.com/wp-content/uploads/2026/09/1dldss00529pl-550x374.jpg
https://jav.guru/1048683/cemd-889-humiliation-rape-fitted-with-a-remote-vibrator-and-a-downtown-date-44-ruka-itoi/,https://cdn.javmiku.com/wp-content/uploads/2026/09/cemd889pl-550x374.jpg
https://jav.guru/1048684/cemd-885-one-time-only-anal-sex-comeback-rion-izumi-is-this-the-last-well-see-of-it-tried-negotiating-for-anal-sex-during-the-shoot/,https://cdn.javmiku.com/wp-content/uploads/2026/09/cemd885pl-550x374.jpg
https://jav.guru/1048685/cemd-884-the-hardcore-masochist-new-office-lady-whose-bondage-fetish-hidden-under-her-recruit-suit-gets-exposed-meisa-nishimoto/,https://cdn.javmiku.com/wp-content/uploads/2026/09/cemd884pl-550x374.jpg
https://jav.guru/1048686/avsa-456-perverted-sluts-reverse-confinement-panic-room-mina-kitano/,https://cdn.javmiku.com/wp-content/uploads/2026/09/avsa456pl-550x374.jpg
https://jav.guru/1048687/avsa-455-ear-melting-dirty-talk-whispers-and-a-tongue-kiss-swamp-good-wife-by-day-perverted-slut-wife-who-hunts-masochist-men-by-night-akari-niimura/,https://cdn.javmiku.com/wp-content/uploads/2026/09/avsa455pl-550x374.jpg
https://jav.guru/1048688/aldn-612-the-reason-i-dont-quit-my-company-miho-tsuno/,https://cdn.javmiku.com/wp-content/uploads/2026/09/aldn612pl-550x374.jpg
https://jav.guru/1048914/ydns-011-train-bareback-fucking-punishment-011/,https://cdn.javmiku.com/wp-content/uploads/2026/09/ydns011pl-550x374.jpg
https://jav.guru/1048915/usag-097-first-deepthroat-amateur-girls-drooling-while-taking-it-to-the-limit-and-having-the-back-of-their-throats-developed/,https://cdn.javmiku.com/wp-content/uploads/2026/09/usag097pl-550x374.jpg
https://jav.guru/1048916/thpa-16-super-heroine-in-peril-vol-116-beautiful-girl-warrior-sailor-mermaid-the-trap-of-the-mimic-monster-medamos-kana-yura/,https://cdn.javmiku.com/wp-content/uploads/2026/09/h_173thpa16pl-550x374.jpg
https://jav.guru/1048917/tcd-349-a-day-with-me-and-my-girlfriend-who-has-a-cock-taxi-date-9-junjun/,https://cdn.javmiku.com/wp-content/uploads/2026/09/tcd349pl-550x374.jpg
https://jav.guru/1048920/svvrt-082-amateur-variety-close-friends-schoolgirls-face-off-massive-fixed-dildo-seesaw-battle-shake-your-hips-while-its-inserted-first-to-squirt-5-times-wins-loser-gets-fucked-and-creampied/,https://cdn.javmiku.com/wp-content/uploads/2026/09/1svvrt082pl-550x374.jpg
https://jav.guru/1048921/spsf-57-wonder-lady-vs-glamour-mask-the-luxurious-preys-who-fell-into-prison-waka-ninomiya/,https://cdn.javmiku.com/wp-content/uploads/2026/09/h_173spsf57pl-550x374.jpg
https://jav.guru/1048922/spsf-56-heroine-hunting-wonder-lady-rui-otokoto/,https://cdn.javmiku.com/wp-content/uploads/2026/09/h_173spsf56pl-550x374.jpg
https://jav.guru/1048923/spsf-55-sentai-heroine-action-pinch-fall-of-star-sea-sentai-kaiser-five-kaiser-yellow-action-pinch-arc-moa-wakatsuki/,https://cdn.javmiku.com/wp-content/uploads/2026/09/h_173spsf55pl-550x374.jpg
https://jav.guru/1048924/spsf-54-beautiful-girl-masked-aurora-lewd-bitch-fall-marina-nishio/,https://cdn.javmiku.com/wp-content/uploads/2026/09/h_173spsf54pl-550x374.jpg
https://jav.guru/1048925/spsf-53-star-corpse-armored-princess-nexarion-machi-ikuno/,https://cdn.javmiku.com/wp-content/uploads/2026/09/h_173spsf53pl-550x374.jpg
https://jav.guru/1048926/spsf-52-razer-mikage-part-1/,https://cdn.javmiku.com/wp-content/uploads/2026/09/h_173spsf52pl-550x374.jpg
https://jav.guru/1048928/silk-200-spice%e2%86%92moisture-3/,https://cdn.javmiku.com/wp-content/uploads/2026/09/1silk200pl-550x374.jpg
https://jav.guru/1048929/sal-265-175cm-tall-beautiful-otoko-no-ko-hibiki-aoi-anal-sex-with-her-exquisite-beautiful-ass-and-three-super-slutty-sexual-situations/,https://cdn.javmiku.com/wp-content/uploads/2026/09/sal265pl-550x374.jpg
https://jav.guru/1048930/rctd-754-rocket-18th-anniversary-commemorative-user-request-festival-female-comedians-the-2nd-trio-comedy-sketch-edition/,https://cdn.javmiku.com/wp-content/uploads/2026/09/1rctd754pl-550x374.jpg
https://jav.guru/1048931/rctd-752-rocket-18th-anniversary-user-request-festival-turning-middle-aged-women-into-erotic-gaudy-ahegao-yamanba-dirty-gals/,https://cdn.javmiku.com/wp-content/uploads/2026/09/1rctd752pl-550x374.jpg
https://jav.guru/1048932/rctd-750-rocket-18th-anniversary-user-request-festival-love-%e2%88%9e-loop-the-love-story-of-a-man-and-woman-who-cant-escape-unless-they-kiss/,https://cdn.javmiku.com/wp-content/uploads/2026/09/1rctd750pl-550x374.jpg
https://jav.guru/1048935/nghj-075-virgin-college-student-support-project-for-guys-giving-up-on-love-because-theyre-virgins-ive-always-liked-you/,https://cdn.javmiku.com/wp-content/uploads/2026/09/nghj075pl-550x374.jpg
https://jav.guru/1048937/nact-181-at-first-glance-an-ordinary-middle-aged-housekeeper-but-she-was-actually-a-super-slut-with-a-queens-temperament-mai-fuyuki/,https://cdn.javmiku.com/wp-content/uploads/2026/09/h_237nact181pl-550x374.jpg
https://jav.guru/1048939/nact-179-when-the-delivery-guy-she-likes-comes-she-greets-him-by-taking-off-her-panties-the-slutty-wife-who-flaunts-her-pussy-to-seduce-him-natsu-shibuya/,https://cdn.javmiku.com/wp-content/uploads/2026/09/h_237nact179pl-550x374.jpg
https://jav.guru/1048940/nact-178-role-reversal-sugar-daddy-corruption-threatening-the-pure-student-he-called-from-a-delivery-health-service-with-credits-and-a-scholarship-recommendation-letter-and-forcing-her-into-a-p/,https://cdn.javmiku.com/wp-content/uploads/2026/09/h_237nact178pl-550x374.jpg
https://jav.guru/1048941/nact-177-locks-onto-the-virgin-young-man-who-came-to-fix-a-water-leak-flashes-a-vibrator-and-puts-on-a-live-masturbation-demo-then-while-her-husband-is-away-on-business-greets-him-fully-naked-at-t/,https://cdn.javmiku.com/wp-content/uploads/2026/09/h_237nact177pl-550x374.jpg
https://jav.guru/1048942/mooc-028-even-though-she-has-the-absolute-best-looks-this-femboy-call-girl-was-way-too-cold-with-her-service-so-i-lectured-her-pinned-her-in-a-full-nelson-and-gave-her-a-handjob-until-she-pissed/,https://cdn.javmiku.com/wp-content/uploads/2026/09/mooc028pl-550x374.jpg
https://jav.guru/1048943/mkmp-758-100-climaxes-ecstasy-intense-ejaculation-best/,https://cdn.javmiku.com/wp-content/uploads/2026/09/mkmp758pl-550x374.jpg
https://jav.guru/1048944/mkd-259-first-shoot-in-her-fifties-the-voluptuous-mom-with-a-smile-that-suits-her-makes-her-av-debut-tsubasa-watase/,https://cdn.javmiku.com/wp-content/uploads/2026/09/mkd259pl-550x374.jpg
https://jav.guru/1048945/mist-524-ass-hell-black-mask-this-huge-ass-slut-or-masochist-mature-woman-who-cums-from-facesitting-with-her-beautiful-90cm-translucent-glossy-ass-and-lush-thick-bush/,https://cdn.javmiku.com/wp-content/uploads/2026/09/1mist524pl-550x374.jpg
https://jav.guru/1048957/ktra-796-sex-with-a-beautiful-girl-with-tiny-tits-4-hours/,https://cdn.javmiku.com/wp-content/uploads/2026/09/ktra796pl-550x374.jpg
https://jav.guru/1048962/imo-038-i-called-a-delivery-escort-and-my-little-sister-showed-up-as-a-result-we-end-up-having-creampie-real-sex-without-the-shop-knowing-15/,https://cdn.javmiku.com/wp-content/uploads/2026/09/12imo038pl-550x374.jpg
https://jav.guru/1048965/gs-2146-married-woman-resort-style-married-woman-hot-spring-love-trip-rin-34-years-old/,https://cdn.javmiku.com/wp-content/uploads/2026/09/140gs2146pl-550x374.jpg
https://jav.guru/1048966/gma-103-bondage-trained-wife-reunion-and-subjugation-with-the-former-boss-she-once-had-a-physical-relationship-with-a-lewd-wife-who-satisfies-her-fetishes-while-claiming-its-for-her-husband-kur/,https://cdn.javmiku.com/wp-content/uploads/2026/09/gma103pl-550x374.jpg
https://jav.guru/1048967/gma-102-bondage-trained-wife-her-dead-husbands-perverted-fetish-and-the-secret-she-never-knew-a-widowed-wife-drowning-in-her-father-in-laws-ropes-harumi-kyomoto/,https://cdn.javmiku.com/wp-content/uploads/2026/09/gma102pl-550x374.jpg
https://jav.guru/1048968/gajk-039-schoolgirl-subjected-to-bondage-training-in-the-storehouse-the-innocent-girl-who-apprenticed-herself-to-take-over-her-grandfathers-restaurant-she-falls-into-a-perverted-fetish-under-the/,https://cdn.javmiku.com/wp-content/uploads/2026/09/gajk039pl-550x374.jpg
https://jav.guru/1048971/fgan-188-is-it-true-that-young-people-these-days-dont-masturbate-an-older-sister-teaches-those-gen-z-the-pleasures-of-masturbation-and-sex/,https://cdn.javmiku.com/wp-content/uploads/2026/09/h_1440fgan188pl-550x374.jpg
https://jav.guru/1048972/embz-349-ripe-mature-womans-ripe-sensitive-big-nipples-sucking-biting-licking-and-toying-with-her-fully-erect-plump-nipples-to-make-her-cum-8-mikine-ogura/,https://cdn.javmiku.com/wp-content/uploads/2026/09/embz349pl-550x374.jpg
https://jav.guru/1048975/dazd-306-pussy-and-deep-throat-simultaneous-skewer-sandbag-best/,https://cdn.javmiku.com/wp-content/uploads/2026/09/dazd306pl-550x374.jpg
https://jav.guru/1048976/davk-119-cheeky-gal-the-local-charismatic-super-cute-slutty-senpai-hits-real-climaxes-from-the-fierce-pounding-by-a-group-of-middle-aged-men-with-big-cocks-begs-for-thick-deep-kisses-and-raw-fuck/,https://cdn.javmiku.com/wp-content/uploads/2026/09/davk119pl-550x374.jpg
https://jav.guru/1048977/cnstv-029-anonymous-single-mother-yuika-onosaka-pseudonym-27-years-old-three-years-after-her-divorce-she-works-as-a-nursery-teacher-at-a-daycare-in-totsuka-ward-yokohama-city/,https://cdn.javmiku.com/wp-content/uploads/2026/09/h_1472cnstv00029pl-550x374.jpg
https://jav.guru/1048978/cmn-265-despairing-female-undercover-investigator-female-beast-trauma-trture-moe-aizawa/,https://cdn.javmiku.com/wp-content/uploads/2026/09/cmn265pl-550x374.jpg
https://jav.guru/1048979/cemd-888-no-bra-huge-tits-tanned-black-gyaru-wearing-a-remote-vibrator-humiliation-date-hana-kurosaki/,https://cdn.javmiku.com/wp-content/uploads/2026/09/cemd888pl-550x374.jpg
https://jav.guru/1048980/cemd-887-no-staff-no-script-just-the-actress-and-director-alone-on-a-pov-sex-date-mina-aise/,https://cdn.javmiku.com/wp-content/uploads/2026/09/cemd887pl-550x374.jpg
https://jav.guru/1048981/cemd-886-thoroughly-dissecting-reiko-himekawa-a-full-day-packed-with-cunnilingus-making-her-cum-over-and-over-with-sex-5/,https://cdn.javmiku.com/wp-content/uploads/2026/09/cemd886pl-550x374.jpg
https://jav.guru/1048982/c-2988-day-trip-hot-spring-mature-womans-erotic-journey-044/,https://cdn.javmiku.com/wp-content/uploads/2026/09/140c2988pl-550x374.jpg
https://jav.guru/1048983/c-2987-please-cuckold-my-wife-yuka-31-136/,https://cdn.javmiku.com/wp-content/uploads/2026/09/140c2987pl-550x374.jpg
https://jav.guru/1048984/bazx-415-too-extreme-beautiful-office-ladies-4-hours-premier-remix-09/,https://cdn.javmiku.com/wp-content/uploads/2026/09/bazx415pl-550x374.jpg
https://jav.guru/1048986/bagr-091-boyish-love-lovey-dovey-cohabitation-life-with-a-handsome-girlfriend-that-makes-my-cock-throb-yoshimi-nitta/,https://cdn.javmiku.com/wp-content/uploads/2026/09/bagr091pl-550x374.jpg
https://jav.guru/1048987/bacj-190-newcomer-queen-the-ordinary-girl-who-started-working-at-an-m-sensual-parlor-runa-shiraishi/,https://cdn.javmiku.com/wp-content/uploads/2026/09/bacj190pl-550x374.jpg
https://jav.guru/1048988/avsa-454-influencer-crossdressing-girls-gokkun-offline-meetup-hime-hanamiya-hime/,https://cdn.javmiku.com/wp-content/uploads/2026/09/avsa454pl-550x374.jpg
https://jav.guru/1048989/apns-421-ill-entertain-you-with-my-body-as-thanks-for-the-contract-door-to-door-pillow-sales-lewd-sales-training-for-a-female-employee-weak-to-pressure-kotone-tsukino/,https://cdn.javmiku.com/wp-content/uploads/2026/09/apns421pl-550x374.jpg
https://jav.guru/1048990/apns-420-middle-aged-cock-loving-schoolgirl-gets-creampied-by-the-neighborhood-uncles-while-home-alone-yuno-sakura/,https://cdn.javmiku.com/wp-content/uploads/2026/09/apns420pl-550x374.jpg
https://jav.guru/1048991/apak-337-creampie-voluptuous-masochist-climax-angel-nami-no-im-cumming-cumming-break-me-demon-piston-intense-orgasms-for-the-innocent-sakamichi-style-beautiful-girl-student-tearful-deepthr/,https://cdn.javmiku.com/wp-content/uploads/2026/09/apak337pl-550x374.jpg
https://jav.guru/1048992/anb-263-my-beautiful-and-lewd-aunts-natural-slutty-ways-are-irresistible-to-me-senami-ugaki/,https://cdn.javmiku.com/wp-content/uploads/2026/09/anb263pl-550x374.jpg
https://jav.guru/1048993/aldn-611-from-now-on-im-offering-up-my-wife-shell-come-home-after-cheating-for-the-first-time-tae-kosaka/,https://cdn.javmiku.com/wp-content/uploads/2026/09/aldn611pl-550x374.jpg
https://jav.guru/1048994/aldn-610-mother-in-law-youre-way-better-than-my-wife-mai-fuyuki/,https://cdn.javmiku.com/wp-content/uploads/2026/09/aldn610pl-550x374.jpg
https://jav.guru/1048995/aed-263-incest-vaginal-creampie-for-a-mom-in-her-fifties-sumire-mihara/,https://cdn.javmiku.com/wp-content/uploads/2026/09/aed263pl-550x374.jpg
https://jav.guru/1049251/scop-697-while-hanging-out-at-my-girlfriends-house-i-went-to-the-toilet-and-unexpectedly-bumped-into-her-older-sister-she-suddenly-saw-my-huge-cock-got-excited-and-gobbled-it-up/,https://cdn.javmiku.com/wp-content/uploads/2026/09/84scop697pl-550x374.jpg
https://jav.guru/1049252/real-751-vulgarly-seducing-her-student-the-female-private-tutors-sweaty-lewd-acts/,https://cdn.javmiku.com/wp-content/uploads/2026/09/84real751pl-550x374.jpg
https://jav.guru/1049256/mdbk-429-completely-tamed-sucking-pet-who-greets-me-when-i-get-home-with-a-blowjob-that-leaves-my-cock-covered-in-drool/,https://cdn.javmiku.com/wp-content/uploads/2026/09/mdbk429pl-550x374.jpg
https://jav.guru/1049257/madm-223-gentle-gaze-and-fair-skinned-beautiful-legs-married-woman-affair-date-all-day-long-plenty-of-creampie-sex-over-and-over-with-a-beautiful-wife-whos-sexless-with-her-husband-haruka-2/,https://cdn.javmiku.com/wp-content/uploads/2026/09/madm223pl-550x374.jpg
https://jav.guru/1049258/love-098-the-tiny-girl-is-a-lewd-sex-doll-vol-2-asami-tsuchiya/,https://cdn.javmiku.com/wp-content/uploads/2026/09/h_491love98pl-550x374.jpg
https://jav.guru/1049259/ksbj-181-i-cant-tell-my-husband-that-my-stepson-is-using-me-as-a-sex-toy-starring-marika-kobayashi/,https://cdn.javmiku.com/wp-content/uploads/2026/09/ksbj181pl-550x374.jpg
https://jav.guru/1049261/keed-091-if-its-just-rubbing-its-not-cheating-right-during-a-one-night-two-day-stay-at-my-beloved-girlfriends-house-i-couldnt-resist-the-temptation-of-her-overly-seductive-mother-and/,https://cdn.javmiku.com/wp-content/uploads/2026/09/h_086keed91pl-550x374.jpg
https://jav.guru/1049269/fns-254-record-of-endlessly-fucking-my-wifes-stepdaughter-who-grew-into-a-divine-breasted-girl-at-the-perfect-age-for-sex-kamiki-mia/,https://cdn.javmiku.com/wp-content/uploads/2026/09/FNS-254-550x374.jpg
https://jav.guru/1049272/euud-091-fully-ripe-creampie-romantic-secret-hot-spring-surprise-scorching-hot-spring-massive-orgy-packed-with-middle-aged-women-special/,https://cdn.javmiku.com/wp-content/uploads/2026/09/h_086euud91pl-550x374.jpg
https://jav.guru/1049274/dvaj-757-boyish-girlfriend-tipsy-daily-crashing-tiny-one-room-carelessly-flashing-hidden-big-tits-squish-clinging-so-i-see-her-as-woman-but-cant-jerk-off-in-blueballs-hell-cant-hold-lust-raw-cre/,https://cdn.javmiku.com/wp-content/uploads/2026/09/dvaj757pl-550x374.jpg
https://jav.guru/1049275/dvaj-756-soft-mochi-like-sex-friend-with-the-best-body-to-hold-that-youll-want-to-call-over-and-fuck-anytime-as-many-times-as-you-want-a-sex-only-woman-who-gets-turned-on-when-treated-like-an-ona/,https://cdn.javmiku.com/wp-content/uploads/2026/09/dvaj756pl-550x374.jpg
https://jav.guru/1049291/bagr-093-the-outstanding-figured-slutty-nympho-bitch-indiscriminately-fucks-every-man-dry-her-unfulfilled-heart-blooms-lonely-like-an-erica-flower-marina-azusa/,https://cdn.javmiku.com/wp-content/uploads/2026/09/bagr093pl-550x374.jpg
https://jav.guru/1049292/avsa-457-free-for-all-perverted-acts-repeated-piss-accidents-pissing-beauty-scattering-conspiracy-and-pubic-hair-transparent-perverted-slut-sara-isshiki/,https://cdn.javmiku.com/wp-content/uploads/2026/09/avsa457pl-550x374.jpg
https://jav.guru/1049502/xvsr-349-shocking-transfer-mitsubas-exclusive-debut-with-max-a/,https://cdn.javmiku.com/wp-content/uploads/2026/09/xvsr349sopl-550x374.jpg
https://jav.guru/1049503/xvsr-306-regarding-the-matter-of-my-little-sister-being-a-lewd-tsundere-little-devil-rin-hatsumi/,https://cdn.javmiku.com/wp-content/uploads/2026/09/xvsr306sopl-550x374.jpg
https://jav.guru/1049504/whx-041-everyones-twisted-sexual-fetishes-show-them-already-rec01-recent-couples-full-fetish-exposure-log-nanami-miki/,https://cdn.javmiku.com/wp-content/uploads/2026/09/h_849whx041pl-550x374.jpg
https://jav.guru/1049505/vnds-5228-erotic-mature-woman-intense-sex-with-a-sixty-something-grandma-desperate-for-sperm-180-minutes/,https://cdn.javmiku.com/wp-content/uploads/2026/09/h_1664vnds5228pl-550x374.jpg
https://jav.guru/1049506/vnds-3432-beautiful-mature-womens-masturbation-viewing-party-it-was-supposed-to-be-just-watching-but-the-excited-middle-aged-woman-goes-from-a-cleanup-blowjob-straight-to-sucking-cock-for-raw/,https://cdn.javmiku.com/wp-content/uploads/2026/09/h_1664vnds3432pl-550x374.jpg
https://jav.guru/1049507/vnds-3431-life-insurance-ladys-beauty-secret-the-sixties-sperm-hunter-ryoko-izumi/,https://cdn.javmiku.com/wp-content/uploads/2026/09/h_1664vnds3431pl-550x374.jpg
https://jav.guru/1049509/umso-620-when-i-went-to-deliver-the-neighborhood-circular-the-nudist-wife-next-door-thoroughly-showed-me-her-pussy-and-anus/,https://cdn.javmiku.com/wp-content/uploads/2026/09/umso620pl-550x374.jpg
https://jav.guru/1049510/umso-619-this-is-also-part-of-the-treatment-women-with-huge-tits-get-them-fondled-oiled-and-sandwiched-unable-to-resist-the-masseurs-skillful-techniques-they-end-up-taking-cumshots-on-thei/,https://cdn.javmiku.com/wp-content/uploads/2026/09/umso619pl-550x374.jpg
https://jav.guru/1049511/umso-617-its-a-secret-from-my-husband-she-said-so-i-casually-took-her-up-on-the-invitation-only-to-find-the-wife-next-door-was-a-total-erotic-monster/,https://cdn.javmiku.com/wp-content/uploads/2026/09/umso617pl-550x374.jpg
https://jav.guru/1049512/thsd-004-beautiful-mature-women-pissing-grand-encyclopedia-4/,https://cdn.javmiku.com/wp-content/uploads/2026/09/thsd004pl-550x374.jpg
https://jav.guru/1049513/svcao-029-chikan-antlion-hell-contagious-%e2%87%92-proliferating-group-bestial-lust-on-duty-woman-used-as-raw-cock-plaything-by-sweat-stinking-laborers-in-the-mens-territory-she-absolutely-c/,https://cdn.javmiku.com/wp-content/uploads/2026/09/1svcao029pl-550x374.jpg
https://jav.guru/1049514/supa-663-clit-labia-and-every-thrust-all-completely-visible-s-class-beautiful-girl-shaved-pussy-fully-open-collection-best-240-minutes/,https://cdn.javmiku.com/wp-content/uploads/2026/09/supa663pl-550x374.jpg
https://jav.guru/1049515/supa-662-leakd-video-file-of-a-real-fully-naked-amateurs-dogeza-apology/,https://cdn.javmiku.com/wp-content/uploads/2026/09/supa662pl-550x374.jpg
https://jav.guru/1049516/start-636-rei-kamiki-all-full-nude-sex-special-extreme-focus-on-the-nasty-joining-parts-super-obscene-angles-complete-compilation/,https://cdn.javmiku.com/wp-content/uploads/2026/09/1start636pl-550x374.jpg
https://jav.guru/1049517/start-631-ejaculation-addiction-improvement-treatment-center-tenjin-hagoromo-new-medical-worker-ms-a-alias-supports-the-tireless-cock-suffering-from-abnormal-sexual-desire/,https://cdn.javmiku.com/wp-content/uploads/2026/09/1start631pl-550x374.jpg
https://jav.guru/1049519/spz-1167-at-a-legitimate-sauna-pressing-my-erect-cock-against-the-plump-body-of-the-middle-aged-woman-scrubbing-me/,https://cdn.javmiku.com/wp-content/uploads/2026/09/h_1664spz1167pl-550x374.jpg
https://jav.guru/1049521/sgki-119-the-piston-vibe-proof-photo-box-that-says-youll-absolutely-pass-if-you-stick-the-photo-taken-here-a-demure-nurse-keeps-smiling-no-matter-how-hard-shes-thrust/,https://cdn.javmiku.com/wp-content/uploads/2026/09/1sgki119pl-550x374.jpg
https://jav.guru/1049522/sgki-103-magic-mirror-number-limited-to-intelligent-college-girls-aspiring-to-be-announcers-female-announcer-live-commentary-challenge-squirting-raw-broadcast-while-relaying-to-an-outdoor-special/,https://cdn.javmiku.com/wp-content/uploads/2026/09/1sgki103pl-550x374.jpg
https://jav.guru/1049523/sdnm-563-sns-follower-90000-married-taxi-driver-ranko-haruki-45-years-old-final-chapter-outdoor-sex-exposure-and-7p-torment-for-the-clueless-married-woman-a-shameful-hot-spring-trip-full-of-first/,https://cdn.javmiku.com/wp-content/uploads/2026/09/1sdnm563pl-550x374.jpg
https://jav.guru/1049524/sdnm-561-how-much-can-you-make-doing-av-work-and-childcare-are-tough-but-of-course-i-want-sex-blonde-single-mom-living-in-osaka-shibuya-tsukiki-31-years-old-av-debut/,https://cdn.javmiku.com/wp-content/uploads/2026/09/1sdnm561pl-550x374.jpg
https://jav.guru/1049525/sdam-181-dont-judge-by-appearances-even-black-gals-are-serious-from-demure-girl-to-gal-and-then-to-av-to-spread-gal-culture-habitat-ueno-occupation-black-gal-ciel-kururugi-av-debut/,https://cdn.javmiku.com/wp-content/uploads/2026/09/1sdam181pl-550x374.jpg
https://jav.guru/1049526/sdab-357-18-year-olds-first-raw-creampie-the-sex-education-you-learn-in-class-has-a-big-mistake-you-know-real-sex-doesnt-need-a-condom-young-lady-and-cumming-inside-feels-really-good-airi/,https://cdn.javmiku.com/wp-content/uploads/2026/09/1sdab357pl-550x374.jpg
https://jav.guru/1049527/scpx-542-my-little-sister-is-so-absorbed-in-reading-manga-that-her-miniskirt-is-way-too-unguarded-giving-me-unlimited-panty-peeks-that-make-me-way-too-happy-or-so-i-thought-7-girls-4-5-hours/,https://cdn.javmiku.com/wp-content/uploads/2026/09/scpx542pl-550x374.jpg
https://jav.guru/1049528/scop-892-beautiful-high-school-girls-of-the-right-age-have-completed-impregnation-nonstop-creampie-sex-with-a-1000-fap-index-best/,https://cdn.javmiku.com/wp-content/uploads/2026/09/scop892pl-550x374.jpg
https://jav.guru/1049529/scop-699-spurt-a-thick-creampie-deep-into-married-womens-pussies-to-impregnate-them-40-married-women-breeding-best-240-minutes/,https://cdn.javmiku.com/wp-content/uploads/2026/09/84scop699pl-550x374.jpg
https://jav.guru/1049530/scd-250-my-longed-for-sister-in-law-n-no-way-amemiya-rin/,https://cdn.javmiku.com/wp-content/uploads/2026/09/scd250pl-550x374.jpg
https://jav.guru/1049531/saba-962-when-you-cum-inside-sperm-is-this-warm-15-still-undeveloped-flat-chested-girls-awaken-to-the-pleasure-of-their-first-vaginal-orgasm-creampies-in-memorial-sex-300-minutes/,https://cdn.javmiku.com/wp-content/uploads/2026/09/saba962pl-550x374.jpg
https://jav.guru/1049532/saba-960-amateur-pussy-spread-observation-14-national-university-coeds-edition-4k-camera-ultra-close-ups-at-point-blank-range-so-close-the-glistening-labia-look-almost-see-through-shy-orgasm-mastur/,https://cdn.javmiku.com/wp-content/uploads/2026/09/saba960pl-550x374.jpg
https://jav.guru/1049533/real-755-blowjob-princess-kurumi-tamaki/,https://cdn.javmiku.com/wp-content/uploads/2026/09/84real755pl-550x374.jpg
https://jav.guru/1049534/pym-538-look-properly-im-doing-something-embarrassing-self-filmed-schoolgirl-intense-fingers-only-masturbation-where-she-cums-over-and-over/,https://cdn.javmiku.com/wp-content/uploads/2026/09/h_283pym538pl-550x374.jpg
https://jav.guru/1049535/okzu-018-must-see-for-those-who-want-to-masturbate-while-looking-at-a-ripe-mature-womans-body-rather-than-young-girls-have-your-cock-toyed-with-by-a-pheromone-oozing-erotic-mature-woman/,https://cdn.javmiku.com/wp-content/uploads/2026/09/okzu018pl-550x374.jpg
https://jav.guru/1049536/okzu-017-while-receiving-a-massage-all-you-can-see-tits-and-pussy-close-contact-intense-fully-naked-massage/,https://cdn.javmiku.com/wp-content/uploads/2026/09/okzu017pl-550x374.jpg
https://jav.guru/1049537/ofku-240-stepmom-why-are-you-sucking-my-cock-when-i-woke-up-my-stepmom-was-giving-me-a-blowjob-under-the-covers-i-couldnt-hold-back-and-had-creampie-sex-right-after-waking-up/,https://cdn.javmiku.com/wp-content/uploads/2026/09/h_1664ofku240pl-550x374.jpg
https://jav.guru/1049538/nxgs-018-fifty-year-old-mother-forbidden-immoral-mother-son-incest/,https://cdn.javmiku.com/wp-content/uploads/2026/09/h_1664nxgs018pl-550x374.jpg
https://jav.guru/1049539/nld-030-this-married-woman-is-my-exclusive-gokkun-vtuber/,https://cdn.javmiku.com/wp-content/uploads/2026/09/24nld030pl-550x374.jpg
https://jav.guru/1049541/nhdtc-207-natural-high-annual-best-2025-we-want-to-defile-himari-kosaka-again-and-again/,https://cdn.javmiku.com/wp-content/uploads/2026/09/1nhdtc207pl-550x374.jpg
https://jav.guru/1049542/nhdtc-174-natural-high-award-2025-queen-annual-best-we-want-to-defile-akana-ito-again-and-again/,https://cdn.javmiku.com/wp-content/uploads/2026/09/1nhdtc174pl-550x374.jpg
https://jav.guru/1049543/namh-075-g-cup-healthy-body-takes-13-loads-kind-older-sisters-genuine-creampie-ban-lifted-ruru-hagawa/,https://cdn.javmiku.com/wp-content/uploads/2026/09/1namh00075pl-550x374.jpg
https://jav.guru/1049544/mope-024-the-pleasure-of-being-humiliated-by-a-beautiful-older-woman-and-then-raped/,https://cdn.javmiku.com/wp-content/uploads/2026/09/mope024sopl-550x374.jpg
https://jav.guru/1049545/mopa-024-m-kings-who-cant-hold-back/,https://cdn.javmiku.com/wp-content/uploads/2026/09/mopa024sopl-550x374.jpg
https://jav.guru/1049546/moko-043-specialized-sexual-relief-ward-beautiful-nurses-excessively-erotic-nursing-care-180-minutes/,https://cdn.javmiku.com/wp-content/uploads/2026/09/h_1664moko043pl-550x374.jpg
https://jav.guru/1049547/mist-516-dangerous-day-direct-hit-soapland-where-you-can-make-babies-67-shiori-tsukada/,https://cdn.javmiku.com/wp-content/uploads/2026/09/1mist516pl-550x374.jpg
https://jav.guru/1049548/mist-514-is-it-fun-to-keep-teasing-my-nipples-that-get-so-sensitively-turned-on-yuna-hinata-nagi-yasaka-akari-minase/,https://cdn.javmiku.com/wp-content/uploads/2026/09/1mist514pl-550x374.jpg
https://jav.guru/1049549/mist-293-hitting-her-fertile-day-baby-making-soapland-19-monami-takarada/,https://cdn.javmiku.com/wp-content/uploads/2026/09/1mist293pl-550x374.jpg
https://jav.guru/1049550/mist-244-amateur-married-woman-delivery-health-dispatch-completely-secretly-filmed-f-cup-married-woman-kazuha-28-years-old-mizukawa-kazuha/,https://cdn.javmiku.com/wp-content/uploads/2026/09/1mist244pl-550x374.jpg
https://jav.guru/1049552/midd-963-sumata-x-titjob-x-assjob-etc-service-sex-that-makes-you-cum-using-all-of-natsuki-annas-body/,https://cdn.javmiku.com/wp-content/uploads/2026/09/midd963pl-550x374.jpg
https://jav.guru/1049554/mdvij-028-the-stepmother-who-ends-up-drowning-in-the-huge-cock-of-her-husbands-insatiable-stepson-chapter-9/,https://cdn.javmiku.com/wp-content/uploads/2026/09/48mdvij028pl-550x374.jpg
https://jav.guru/1049555/mbma-140-even-farmers-wanna-have-sex-too-uncontrollable-sexual-frustration-finally-explodes-12-farm-aunties-who-just-cant-hold-back-4-hours-3/,https://cdn.javmiku.com/wp-content/uploads/2026/09/h_460mbma140pl-550x374.jpg
https://jav.guru/1049556/mbma-136-please-keep-this-absolutely-secret-okay-you-definitely-know-someone-among-them-carelessly-picked-up-swept-along-into-sex-shocking-av-leak-of-neighborhood-wives-who-gave-in-to-a-m/,https://cdn.javmiku.com/wp-content/uploads/2026/09/h_460mbma136pl-550x374.jpg
https://jav.guru/1049557/mbma-133-if-youre-going-to-have-sex-definitely-go-for-local-married-women-wives-in-the-prime-of-wanting-to-fuck-weekday-daytime-is-forbidden-cheating-time-they-look-demure/,https://cdn.javmiku.com/wp-content/uploads/2026/09/h_460mbma133pl-550x374.jpg
https://jav.guru/1049558/lwq-006-uniform-extreme-masochist-beautiful-girl-asphyxiation-throat-juice-sex-organs-kanna-watai/,https://cdn.javmiku.com/wp-content/uploads/2026/09/h_1294lwq006pl-550x374.jpg
https://jav.guru/1049559/love-051-i-balance-male-fist-fucking-cum-bukkake-free-position-flexible-body-fuck/,https://cdn.javmiku.com/wp-content/uploads/2026/09/h_491love51pl-550x374.jpg
https://jav.guru/1049560/lol-247-huh-no-matter-how-much-i-wipe-it-it-keeps-getting-wet-eh-no-stop-dont-touch-me-friends-dad-stop-teasing-my-daughters-friend-with-shaved-pussy-creampie-sex/,https://cdn.javmiku.com/wp-content/uploads/2026/09/12lol247pl-550x374.jpg
https://jav.guru/1049561/ktra-756-breeding-sex-with-naive-little-sisters-4-hours/,https://cdn.javmiku.com/wp-content/uploads/2026/09/ktra756pl-550x374.jpg
https://jav.guru/1049562/ktra-755-obedient-smooth-pussy-sex-relief-attendant-4-hours/,https://cdn.javmiku.com/wp-content/uploads/2026/09/ktra755pl-550x374.jpg
https://jav.guru/1049563/ktra-754-sex-collection-with-baby-faced-big-tits-girls-2-4-hours/,https://cdn.javmiku.com/wp-content/uploads/2026/09/ktra754pl-550x374.jpg
https://jav.guru/1049564/ksbj-184-newlywed-niece-seduces-her-uncle-ena-koume/,https://cdn.javmiku.com/wp-content/uploads/2026/09/ksbj184pl-550x374.jpg
https://jav.guru/1049565/ksbj-141-beautiful-mature-womens-erotic-techniques-super-amazing-blowjobs-by-33-women/,https://cdn.javmiku.com/wp-content/uploads/2026/09/ksbj141pl-550x374.jpg
https://jav.guru/1049566/ksbj-101-domestic-adultery-maihara-sei/,https://cdn.javmiku.com/wp-content/uploads/2026/09/ksbj101pl-550x374.jpg
https://jav.guru/1049568/kbtk-020-forgive-me-beautiful-wives-unsatisfied-by-ordinary-sex-with-their-husbands-wear-luxury-t-back-thongs-and-shamefully-expose-their-lower-bodies/,https://cdn.javmiku.com/wp-content/uploads/2026/09/kbtk020pl-550x374.jpg
https://jav.guru/1049573/jksr-710-girls-dorm-sex-5-hour-best-real-creampie-footage-of-9-high-school-girls/,https://cdn.javmiku.com/wp-content/uploads/2026/09/57jksr710pl-550x374.jpg
https://jav.guru/1049574/jksr-709-edging-salon-where-they-wont-let-you-cum-even-if-you-want-to-convulsing-climax-from-sticky-massage/,https://cdn.javmiku.com/wp-content/uploads/2026/09/57jksr709pl-550x374.jpg
https://jav.guru/1049575/jbjb-037-f-cup-martial-arts-girl-with-a-healthy-body-and-super-sex-drive-cum-crazy-massive-squirting-fuck-ayaka-mochizuki/,https://cdn.javmiku.com/wp-content/uploads/2026/09/h_687jbjb037pl-550x374.jpg
https://jav.guru/1049579/hodv-21702-teacher-if-im-not-just-a-plaything-to-you-then-cum-without-a-condom-pressured-into-pregnancy-sex-by-the-student-id-been-casually-cheating-with-my-mind-went-blank-and-i-ended-up-c/,https://cdn.javmiku.com/wp-content/uploads/2026/09/41hodv21702pl-550x374.jpg
https://jav.guru/1049580/hale-076-mom-friend-eating-infinite-loop-vol-71-yuki-koiro/,https://cdn.javmiku.com/wp-content/uploads/2026/09/hale076pl-550x374.jpg
https://jav.guru/1049581/dori-039-pako-dori-no-39-got-permission-for-just-the-tip-from-a-brown-haired-loose-socks-high-school-girls-raw-pussy-that-was-refusing-bare-cock-insertion-then-from-slurping-insertion-thrust-dee/,https://cdn.javmiku.com/wp-content/uploads/2026/09/h_491dori039pl-550x374.jpg
https://jav.guru/1049582/dldss-542-before-dad-fucks-stepmom-ill-impregnate-her-for-him-nozomi-tanihara/,https://cdn.javmiku.com/wp-content/uploads/2026/09/1dldss542pl-550x374.jpg
https://jav.guru/1049584/cjob-194-embarrassing-but-it-feels-so-fucking-good-kneading-the-cock-right-after-ejaculation-squeeze-squeeze-wont-let-go-im-already-squirting-i-told-you-follow-up-male-squirt-best/,https://cdn.javmiku.com/wp-content/uploads/2026/09/cjob194pl-550x374.jpg
https://jav.guru/1049585/cherd-104-is-bareback-with-an-older-woman-okay-for-my-first-time-virgin-guy-has-the-ultimate-deflowering-sex-with-a-married-mature-woman-konoe-tazaki/,https://cdn.javmiku.com/wp-content/uploads/2026/09/h_086cherd104pl-550x374.jpg
https://jav.guru/1049587/c-2412-secret-travelogue-011/,https://cdn.javmiku.com/wp-content/uploads/2026/09/140c2412pl-550x374.jpg
https://jav.guru/1049588/bdsr-544-big-titted-erotic-nurses-private-pov-fuck-videos-leakd-4-hours-all-12-are-active-nurses-working-at-hospitals-you-might-find-them-at-your-regular-hospital/,https://cdn.javmiku.com/wp-content/uploads/2026/09/57bdsr544pl-550x374.jpg
https://jav.guru/1049589/bagr-084-god-tier-gal-bitch-reverse-picks-up-guys-and-takes-them-to-her-room-outstanding-figure-slut-nympho-gal-serina-nashiki/,https://cdn.javmiku.com/wp-content/uploads/2026/09/bagr084pl-550x374.jpg
https://jav.guru/1049590/bagr-083-like-a-black-rose-that-never-perishes-the-abnormal-love-of-a-landmine-menhera-girlfriend-momoka-fukuda/,https://cdn.javmiku.com/wp-content/uploads/2026/09/bagr083pl-550x374.jpg
https://jav.guru/1049591/awaw-021-the-god-tier-mens-esthetic-girl-at-a-no-touching-no-release-mens-spa-somewhere-in-shibuya-who-is-actually-weak-to-pressure-and-will-let-you-fuck-her-mao-20-years-old-t154-b90-g-w59/,https://cdn.javmiku.com/wp-content/uploads/2026/09/h_1819awaw021pl-550x374.jpg
https://jav.guru/1049592/akdl-366-the-sly-female-employee-who-cozies-up-to-men-this-colleague-seduces-by-wrapping-her-pink-tongue-and-is-a-kiss-crazed-slut-honjo-hana/,https://cdn.javmiku.com/wp-content/uploads/2026/09/1akdl00366pl-550x374.jpg
https://jav.guru/1049594/ahk-005-sexually-trained-nurse-sayaka-endo-sayaka/,https://cdn.javmiku.com/wp-content/uploads/2026/09/h_1292ahk005pl-550x374.jpg
https://jav.guru/1050049/xvsr-393-creampie-loving-brocon-older-sisters-naughty-cohabitation-sex-life-with-me-kimito-ayumi/,https://cdn.javmiku.com/wp-content/uploads/2026/09/xvsr393sopl-550x374.jpg
https://jav.guru/1050050/xvsr-392-keep-tormenting-hibiki-otsukis-nipples-and-she-twitches-through-continuous-orgasms/,https://cdn.javmiku.com/wp-content/uploads/2026/09/xvsr392sopl-550x374.jpg
https://jav.guru/1050051/xvsr-389-intense-sex-yuri-oshikawas-real-creampie-sex/,https://cdn.javmiku.com/wp-content/uploads/2026/09/xvsr389sopl-550x374.jpg
https://jav.guru/1050052/xvsr-387-unlimited-ejaculations-home-delivery-soap-nagase-mami/,https://cdn.javmiku.com/wp-content/uploads/2026/09/xvsr387sopl-550x374.jpg
https://jav.guru/1050053/xvsr-383-beautiful-19-year-old-virgin-with-pure-white-skin-determined-av-debut-sayo-fujiwara/,https://cdn.javmiku.com/wp-content/uploads/2026/09/xvsr383sopl-550x374.jpg
https://jav.guru/1050054/umd-1020-even-though-theyre-just-doing-yoga-the-provocative-dog-pose-somehow-keeps-drawing-your-eyes-to-their-nipples-6-erotic-pokie-instructors-that-leave-you-not-knowing-where-to-look-par/,https://cdn.javmiku.com/wp-content/uploads/2026/09/125umd1020pl-550x374.jpg
https://jav.guru/1050055/umd-1019-mishap-during-sumata-play-while-practicing-sex-with-my-little-sister-it-accidentally-slipped-right-in-13/,https://cdn.javmiku.com/wp-content/uploads/2026/09/125umd1019pl-550x374.jpg
https://jav.guru/1050056/umd-1018-i-tried-making-my-sisters-and-girlfriends-crotches-explode-with-the-rumored-super-dangerous-energy-drink-sensitivity-explosion-sensitive-aphrodisiac/,https://cdn.javmiku.com/wp-content/uploads/2026/09/125umd1018pl-550x374.jpg
https://jav.guru/1050057/umd-1017-alluring-protrusion-the-lonely-wife-next-door/,https://cdn.javmiku.com/wp-content/uploads/2026/09/125umd1017pl-550x374.jpg
https://jav.guru/1050063/scop-695-areolas-peeking-from-the-cleavage-nipples-sticking-out-maam-theyre-showing-30-no-bra-married-women-4-hours/,https://cdn.javmiku.com/wp-content/uploads/2026/09/84scop695pl-550x374.jpg
https://jav.guru/1050064/scop-690-instant-effect-frenzy-from-ultra-effects-women-hooked-on-a-super-powerful-aphrodisiac-who-went-crazy-cumming-best4-4-hours/,https://cdn.javmiku.com/wp-content/uploads/2026/09/84scop690pl-550x374.jpg
https://jav.guru/1050065/real-746-insatiable-white-gyaru-eldest-daughters-domestic-cock-training-ameri-hoshi/,https://cdn.javmiku.com/wp-content/uploads/2026/09/84real746pl-550x374.jpg
https://jav.guru/1050067/migd-701-big-tits-black-gyarus-high-speed-cowgirl-creampie-is-super-crazy%e2%98%86-chinami-sakura/,https://cdn.javmiku.com/wp-content/uploads/2026/09/migd701pl-550x374.jpg
https://jav.guru/1050070/love-096-obedient-exposure-hot-spring-aoi-shirasaki/,https://cdn.javmiku.com/wp-content/uploads/2026/09/h_491love96pl-550x374.jpg
https://jav.guru/1050071/love-094-local-hide-and-seek-i-found-the-apartment-complex-girl/,https://cdn.javmiku.com/wp-content/uploads/2026/09/h_491love94pl-550x374.jpg
https://jav.guru/1050072/love-092-18-year-old-%e2%98%86-supernova-kira-kira-surprise-av-shoot-immediately-3-days-after-high-school-graduation-rion-chigasaki/,https://cdn.javmiku.com/wp-content/uploads/2026/09/h_491love92pl-550x374.jpg
https://jav.guru/1050073/love-090-please-keep-me-as-livestock-the-small-titted-girl-with-a-fistable-pussy-5/,https://cdn.javmiku.com/wp-content/uploads/2026/09/h_491love00090pl-550x374.jpg
https://jav.guru/1050074/love-087-138cm-real-young-girls-naughty-sex-budding-pubic-hair-short-girl-erika/,https://cdn.javmiku.com/wp-content/uploads/2026/09/h_491love87pl-550x374.jpg
https://jav.guru/1050075/ksbj-183-sexy-wives-best-6-women/,https://cdn.javmiku.com/wp-content/uploads/2026/09/ksbj183pl-550x374.jpg
https://jav.guru/1050076/ksbj-180-its-been-seven-years-since-i-lost-my-husband-out-of-loneliness-i-with-my-two-sons-maiko-kashiwagi/,https://cdn.javmiku.com/wp-content/uploads/2026/09/ksbj180pl-550x374.jpg
https://jav.guru/1050077/ksbj-179-20-plump-mature-women-with-huge-tits/,https://cdn.javmiku.com/wp-content/uploads/2026/09/ksbj179pl-550x374.jpg
https://jav.guru/1050078/ksbj-177-seduced-by-my-younger-brothers-wife-with-a-voracious-sex-drive-nono-yuki/,https://cdn.javmiku.com/wp-content/uploads/2026/09/ksbj177pl-550x374.jpg
https://jav.guru/1050079/ksbj-176-creampie-for-20-slender-beautiful-mature-women-with-toned-slim-waists/,https://cdn.javmiku.com/wp-content/uploads/2026/09/ksbj176pl-550x374.jpg
https://jav.guru/1050092/id-041-incest-with-my-little-sister-that-reignites-during-a-visit-home-2-disc-set-8-hours/,https://cdn.javmiku.com/wp-content/uploads/2026/09/h_113id041pl-550x374.jpg
https://jav.guru/1050093/hodv-21795-affairs-and-cheating-are-totally-normal-super-slutty-beautiful-women-with-endless-stamina-240-min-dx/,https://cdn.javmiku.com/wp-content/uploads/2026/09/41hodv21795pl-550x374.jpg
https://jav.guru/1050095/fns-256-arent-you-embarrassed-to-get-an-erection-outside-the-nympho-boss-pushes-her-masochistic-subordinate-who-has-a-girlfriend-to-the-limit-tsubasa-mai/,https://cdn.javmiku.com/wp-content/uploads/2026/09/FNS-256-550x374.jpg
https://jav.guru/1050097/fneo-065-you-started-basketball-with-me-while-thinking-you-wouldnt-get-creampied-miria-hazuki/,https://cdn.javmiku.com/wp-content/uploads/2026/09/h_491fneo065pl-550x374.jpg
https://jav.guru/1050098/dori-073-paco-dori-no-73-three-creampies-in-the-smooth-pussy-of-a-little-devil-schoolgirl-who-toys-with-men-saying-i-like-guys-who-are-only-nice-to-me%e2%97%86-she-looked-anxious-so-i-covered/,https://cdn.javmiku.com/wp-content/uploads/2026/09/h_491dori073pl-550x374.jpg
https://jav.guru/1050099/dori-072-fuck-filming-no-72/,https://cdn.javmiku.com/wp-content/uploads/2026/09/h_491dori072pl-550x374.jpg
https://jav.guru/1050100/dori-071-fuck-filming-no-71/,https://cdn.javmiku.com/wp-content/uploads/2026/09/h_491dori071pl-550x374.jpg
https://jav.guru/1050101/dori-066-pov-fuck-no-66-creampied-a-total-of-3-times-the-petite-h-cup-high-school-girl-who-always-begs-give-me-a-titjob%e2%97%86-when-we-have-sex/,https://cdn.javmiku.com/wp-content/uploads/2026/09/h_491dori066pl-550x374.jpg
https://jav.guru/1050103/cesd-108-sorry-for-squirting-so-much-from-feeling-too-good-2-losing-myself-in-the-intense-pleasure-of-relentless-clit-play-facial-squirt-bukkake-slut-sex-nanami-hirose/,https://cdn.javmiku.com/wp-content/uploads/2026/09/cesd108pl-550x374.jpg
https://jav.guru/1050104/cesd-104-female-fixer-a-fixer-is-an-ally-of-frail-women-who-punishes-the-heinous-ruthless-men-rampaging-through-this-world-with-her-sharp-mind-and-ripe-body-the-heisei-era-punisher-ayako-inoue/,https://cdn.javmiku.com/wp-content/uploads/2026/09/cesd104pl-550x374.jpg
https://jav.guru/1050105/cesd-102-female-scumbag-lawyer-accepting-everything-from-divorce-defense-to-criminal-cases-at-bargain-prices-the-body-seduction-secret-negotiation-techniques-that-snatch-victory-from-any-vicious-o/,https://cdn.javmiku.com/wp-content/uploads/2026/09/cesd102pl-550x374.jpg
https://jav.guru/1050106/cesd-100-relationship-breaker-breakup-specialist-2-the-seductive-beautiful-sluts-pleasure-negotiation-techniques-that-always-take-down-her-targeted-prey-nanami-hirose/,https://cdn.javmiku.com/wp-content/uploads/2026/09/cesd100pl-550x374.jpg
https://jav.guru/1050107/c-2501-raw-footage-lesbian-hot-spring-trip-06/,https://cdn.javmiku.com/wp-content/uploads/2026/09/140c2501pl-550x374.jpg
https://jav.guru/1050108/c-2500-married-womans-adultery-trip-192/,https://cdn.javmiku.com/wp-content/uploads/2026/09/140c2500pl-550x374.jpg
https://jav.guru/1050109/c-2496-cuckolding-the-wife-right-next-to-her-dead-drunk-husband-08/,https://cdn.javmiku.com/wp-content/uploads/2026/09/140c02496pl-550x374.jpg
https://jav.guru/1050110/c-2495-mature-wife-interview-pov-fuck-22/,https://cdn.javmiku.com/wp-content/uploads/2026/09/140c02495pl-550x374.jpg
https://jav.guru/1050111/bobb-325-maximizing-the-charm-of-her-godly-explosive-j-cup-tits-carefully-selected-6-situations-boin-mizuhara-misono-box-2-fetish-fans-please-be-sure-to-check-it-out/,https://cdn.javmiku.com/wp-content/uploads/2026/09/bobb325pl-550x374.jpg
https://jav.guru/1050112/bobb-324-j-cup-divine-explosive-tits-boin-misono-mizuhara-box-the-boin-master-is-back-the-tit-fetish-play-bible-of-rubbing-licking-sucking-sandwiching-and-shaking-that-big-tits-maniacs-droo/,https://cdn.javmiku.com/wp-content/uploads/2026/09/bobb324pl-550x374.jpg
https://jav.guru/1050113/bobb-321-madoka-suzaki-the-big-areola-maids-overly-sensitive-puffy-areolas-thorough-tit-play-service/,https://cdn.javmiku.com/wp-content/uploads/2026/09/bobb321pl-550x374.jpg
https://jav.guru/1050114/bobb-320-inaba-ruka-in-uniform-the-gap-moe-of-a-baby-face-with-h-cups-a-full-course-of-breast-teasing-to-thoroughly-savor-her-tits/,https://cdn.javmiku.com/wp-content/uploads/2026/09/bobb320pl-550x374.jpg
https://jav.guru/1050115/bkd-231-mother-son-copulation-yukie-mizukami/,https://cdn.javmiku.com/wp-content/uploads/2026/09/bkd231sopl-550x374.jpg
https://jav.guru/1050116/bkd-221-mother-son-copulation-shiho-terashima/,https://cdn.javmiku.com/wp-content/uploads/2026/09/bkd221sopl-550x374.jpg
https://jav.guru/1050424/mcsr-617-skillful-and-spicy-treatments-awaken-sexual-sensations-caution-cumming-too-much-exclusive-esthetic-salon-for-married-women/,https://cdn.javmiku.com/wp-content/uploads/2026/09/57mcsr617pl-550x374.jpg
https://jav.guru/1050432/akid-123-married-women-welcome-i-secretly-filmed-everything-of-the-mature-women-who-fucked-like-crazy-at-my-home-26-seina-san-g-cup-31-years-old-a-beautiful-sexually-frustrated-wife-bursting-w/,https://cdn.javmiku.com/wp-content/uploads/2026/09/akid123pl-550x374.jpg
https://jav.guru/1050437/731aege-0014-iron-chain-restraint-torture-hells-boneless-ham-mizuki-sanada/,https://cdn.javmiku.com/wp-content/uploads/2023/03/pb_e_731aege-0014-550x374.jpg
https://jav.guru/1050851/xvsr-385-incontinence-sex-wetting-ban-lifted-the-young-ladys-holy-water-aori-arihoshi/,https://cdn.javmiku.com/wp-content/uploads/2026/09/xvsr385sopl-550x374.jpg
https://jav.guru/1050852/tnoz-050-crushing-the-arrogant-pride-of-a-19-year-old-cosplayer-who-thinks-shes-an-idol-with-deepthroat-throat-piston-fucking-from-a-super-huge-cock-that-nearly-unhinges-her-jaw/,https://cdn.javmiku.com/wp-content/uploads/2026/09/tnoz050pl-550x374.jpg
https://jav.guru/1050856/scop-921-at-an-underground-brothel-that-offers-real-sex-i-secretly-took-off-the-condom-without-the-girl-noticing-and-plunged-in-for-a-deep-raw-creampie-8-tokyo-ota-ku-kamata-rental-room/,https://cdn.javmiku.com/wp-content/uploads/2026/09/scop921pl-550x374.jpg
https://jav.guru/1050857/rebd-1065-sora3-the-sunshine-that-envelops-you-eren-sora/,https://cdn.javmiku.com/wp-content/uploads/2026/09/h_346rebd1065pl-550x374.jpg
https://jav.guru/1050858/rebd-1064-non9-love-colored-vacation-nonoura-non/,https://cdn.javmiku.com/wp-content/uploads/2026/09/h_346rebd1064pl-550x374.jpg
https://jav.guru/1050859/rebd-1063-aika4-happy-gal-rush-aika/,https://cdn.javmiku.com/wp-content/uploads/2026/09/h_346rebd1063pl-550x374.jpg
https://jav.guru/1050860/rebd-1062-meguri-3-sweet-whispers-of-paradise-meguri/,https://cdn.javmiku.com/wp-content/uploads/2026/09/h_346rebd1062pl-550x374.jpg
https://jav.guru/1050861/prin-066-eh-milk-cow-tits-the-cosplayer-girl-who-shakes-her-holstein-natural-beautiful-huge-tits-all-bouncy-and-the-strongest-legal-cosplayer-girl-with-a-minimum-body-g-cup-big-tits-anime/,https://cdn.javmiku.com/wp-content/uploads/2026/09/prin066pl-550x374.jpg
https://jav.guru/1050863/love-088-the-tiny-girl-is-a-lewd-sex-doll-kagami-shuna/,https://cdn.javmiku.com/wp-content/uploads/2026/09/h_491love88pl-550x374.jpg
https://jav.guru/1050864/ksbj-175-having-an-affair-at-home-behind-her-husbands-back-mayuka-kitagawa/,https://cdn.javmiku.com/wp-content/uploads/2026/09/ksbj175pl-550x374.jpg
https://jav.guru/1050865/ksbj-174-8-beautiful-fifty-something-mothers-in-law-who-ended-up-having-sex-with-their-sons-in-law-during-a-man-drought/,https://cdn.javmiku.com/wp-content/uploads/2026/09/ksbj174pl-550x374.jpg
https://jav.guru/1050866/ksbj-144-reunion-natsu-tojo/,https://cdn.javmiku.com/wp-content/uploads/2026/09/ksbj144pl-550x374.jpg
https://jav.guru/1050872/id-047-my-beloved-call-girl-is-like-a-gentle-mother-shes-a-spoiled-girl-who-is-buried-in-her-voluptuous-body-i-push-her-thick-pussy-aside-and-insert-it-raw-i-shoot-raw-semen-into-the-vagina/,https://cdn.javmiku.com/wp-content/uploads/2026/09/h_113id047pl-550x374.jpg
https://jav.guru/1050873/id-043-beloved-deriheru-miss-serious-neighborhood-big-ass-beautiful-wife-edition-a-beautiful-and-plump-new-married-woman-tsukasa-nagano/,https://cdn.javmiku.com/wp-content/uploads/2026/09/h_113id043pl-550x374.jpg
https://jav.guru/1050876/hsm-090-virginity-graduation-minimum-lli-type-beautiful-virgin-otoko-no-ko-tomoe-mei-18-years-old-av-debut/,https://cdn.javmiku.com/wp-content/uploads/2026/09/h_458hsm090pl-550x374.jpg
https://jav.guru/1050877/hez-922-lewd-wife-who-wants-to-reboot-i-want-to-expose-my-true-slutty-self/,https://cdn.javmiku.com/wp-content/uploads/2026/09/59hez922pl-550x374.jpg
https://jav.guru/1050878/hez-920-even-though-im-in-a-shared-room-my-dick-is-throbbing-and-i-cant-sleep-so-a-sexy-and-cute-married-nurse-is-there-to-squeeze-out-my-sperm-for-me/,https://cdn.javmiku.com/wp-content/uploads/2026/09/59hez920pl-550x374.jpg
https://jav.guru/1050879/hez-919-a-pre-menopausal-mature-woman-who-handles-the-sexual-desire-left-over-from-being-busy-with-housework-and-childcare-via-anal-at-home-from-midday-saying-cheating-is-impossible-so-yuria/,https://cdn.javmiku.com/wp-content/uploads/2026/09/59hez919pl-550x374.jpg
https://jav.guru/1050880/hez-916-convenience-store-part-time-wife-starts-a-meat-onahole-side-job-with-the-male-part-timer-in-the-break-room-asami-mizumi/,https://cdn.javmiku.com/wp-content/uploads/2026/09/59hez916pl-550x374.jpg
https://jav.guru/1050884/fneo-066-someone-like-me-whos-short-and-flat-chested-the-20-year-old-college-girl-whose-embarrassed-smile-is-cute-loses-her-virginity/,https://cdn.javmiku.com/wp-content/uploads/2026/09/h_491fneo066pl-550x374.jpg
https://jav.guru/1050885/fit-008-first-shoot-now-that-ive-turned-20-i-tried-appearing-in-an-av-on-a-whim-nanami-yagami/,https://cdn.javmiku.com/wp-content/uploads/2026/09/118fit008pl-550x374.jpg
https://jav.guru/1050886/fays-016-my-student-turns-into-a-sex-friend-ayaka-matsumoto/,https://cdn.javmiku.com/wp-content/uploads/2026/09/55fays016pl-550x374.jpg
https://jav.guru/1050895/dldss-533-today-again-an-after-school-on-campus-date-with-my-older-girlfriend-naho-ozawa/,https://cdn.javmiku.com/wp-content/uploads/2026/09/1dldss533pl-550x374.jpg
https://jav.guru/1050896/cnstv-032-married-woman-ambushed-unconscious-with-a-sleeper-hold-free-rein-over-her-whole-body-and-breeding-her-at-will-008/,https://cdn.javmiku.com/wp-content/uploads/2026/09/h_1472cnstv00032pl-550x374.jpg
https://jav.guru/1050897/cnstv-031-43-year-old-super-lewd-glamorous-l-cup-huge-tits-body-lust-monster-married-womans-challenge-reika-toyota/,https://cdn.javmiku.com/wp-content/uploads/2026/09/h_1472cnstv00031pl-550x374.jpg
https://jav.guru/1050898/cesd-103-the-moment-a-woman-becomes-a-bitch-first-experience-at-23-the-unleashed-sexual-desire-of-a-late-blooming-sensitive-married-woman-sakura-hanamitsu/,https://cdn.javmiku.com/wp-content/uploads/2026/09/cesd103pl-550x374.jpg
https://jav.guru/1050899/cesd-098-the-proprietress-of-the-downtown-oden-shop-that-brings-happiness-chiori-shirakawa/,https://cdn.javmiku.com/wp-content/uploads/2026/09/cesd098pl-550x374.jpg
https://jav.guru/1050900/c-2493-married-womans-cuckold-hot-spring-trip/,https://cdn.javmiku.com/wp-content/uploads/2026/09/140c02493pl-550x374.jpg
https://jav.guru/1050901/c-2466-married-woman-selfie-ntr-cuckold-report-video-03/,https://cdn.javmiku.com/wp-content/uploads/2026/09/140c2466pl-550x374.jpg
https://jav.guru/1050902/bobb-322-aoyama-ai-sensitive-g-cup-huge-tits-beautiful-girl-convenience-store-clerk-pov-fuck-x-voyeur-her-crotch-is-also-the-loose-fluffy-type-becoming-a-fuckbuddy-with-no-restraint-lol/,https://cdn.javmiku.com/wp-content/uploads/2026/09/bobb322pl-550x374.jpg
https://jav.guru/1050903/bnst-092-pushers-sana/,https://cdn.javmiku.com/wp-content/uploads/2026/09/bnst00092pl-550x374.jpg
https://jav.guru/1050904/bkd-220-mother-son-mating-mei-yuzuki/,https://cdn.javmiku.com/wp-content/uploads/2026/09/bkd220sopl-550x374.jpg
https://jav.guru/1050905/basj-049-three-middle-aged-kunoichi-time-slip-the-chapter-where-they-go-wild-at-a-reiwa-era-temple-school/,https://cdn.javmiku.com/wp-content/uploads/2026/09/basj049pl-550x374.jpg
https://jav.guru/1050906/basj-048-slutty-mom-friends-well-side-sex-diary-married-women-who-dive-into-orgies-while-their-husbands-are-away/,https://cdn.javmiku.com/wp-content/uploads/2026/09/basj048pl-550x374.jpg
https://jav.guru/1050907/bacj-191-the-nighttime-classroom-is-my-private-love-hotel-a-serious-schoolgirl-wildly-fucks-a-man-in-the-empty-classroom-umi-jini/,https://cdn.javmiku.com/wp-content/uploads/2026/09/bacj191pl-550x374.jpg
https://jav.guru/1050908/apgh-059-the-secret-sugar-daddy-arrangement-of-a-naive-pure-beautiful-girl-tinged-with-a-sense-of-immorality-she-surrenders-herself-to-unknown-pleasures-a-pure-and-obedient-love-doll-sana-takeuc/,https://cdn.javmiku.com/wp-content/uploads/2026/09/apgh059pl-550x374.jpg
https://jav.guru/1050912/abf-384-softly-whispering-in-your-ear-an-invitation-to-an-affair-guaranteed-to-destroy-your-family-nonoura-non/,https://cdn.javmiku.com/wp-content/uploads/2026/09/118abf384pl-550x374.jpg
https://jav.guru/1050913/abf-383-monthly-pov-fuck-instincts-laid-bare-3-full-sex-scenes-remu-suzumori/,https://cdn.javmiku.com/wp-content/uploads/2026/09/118abf383pl-550x374.jpg
https://jav.guru/1051230/vod-063-if-you-like-tits-that-much-ill-keep-sandwiching-them-until-your-balls-are-empty-colossal-tits-demon-squeeze-paizuri-titjob-cumshot-shiho-terashima/,https://cdn.javmiku.com/wp-content/uploads/2026/09/vod063pl-550x374.jpg
https://jav.guru/1051231/vod-062-virgin-boys-assemble-oguri-misao-lures-you-to-cum-with-ultra-dirty-talk-in-the-ultimate-deflowering-creampie-documentary/,https://cdn.javmiku.com/wp-content/uploads/2026/09/vod062pl-550x374.jpg
https://jav.guru/1051232/venx-381-my-aunt-who-came-to-stay-at-my-house-is-so-lovable-that-i-fuck-her-nonstop-from-morning-till-night-for-the-best-two-days-filled-with-eroticism-kaori-mori/,https://cdn.javmiku.com/wp-content/uploads/2026/09/venx381pl-550x374.jpg
https://jav.guru/1051233/vagu-295-locked-up-and-unable-to-hold-her-pee-the-mother-in-law-gushes-with-incontinence-and-my-lust-wont-stop-as-i-creampie-her-to-climax-over-and-over-while-fucking-and-spraying-piss-in-incest/,https://cdn.javmiku.com/wp-content/uploads/2026/09/vagu295pl-550x374.jpg
https://jav.guru/1051237/snos-299-extra-large-newcomer-no-1-style-miu-kibou-av-debut/,https://cdn.javmiku.com/wp-content/uploads/2026/09/snos299pl-550x374.jpg
https://jav.guru/1051238/skmj-789-shonan-bikini-beauties-overflowing-with-babumi-and-maternal-instinct-let-you-suckle-their-tits-while-babying-and-pampering-your-cock-to-make-you-cum-with-nursing-handjobs-30-tit-beauties-4/,https://cdn.javmiku.com/wp-content/uploads/2026/09/h_1324skmj789pl-550x374.jpg
https://jav.guru/1051239/skmj-788-double-bikini-gals-frolicking-at-enoshima-take-on-the-continuous-ejaculation-challenge-showdown-with-an-insatiable-huge-cock-ww-make-the-rock-hard-fully-erect-huge-dick-cum-even-one-more-ti/,https://cdn.javmiku.com/wp-content/uploads/2026/09/h_1324skmj788pl-550x374.jpg
https://jav.guru/1051240/skmj-787-amateur-college-girls-only-knock-cover-rock-paper-scissors-win-and-get-the-prize-money-lose-and-its-immediate-raw-fucking-creampie-sex/,https://cdn.javmiku.com/wp-content/uploads/2026/09/h_1324skmj787pl-550x374.jpg
https://jav.guru/1051241/skmj-786-active-estheticians-working-at-a-luxury-esthetic-salon-take-on-the-challenge-first-time-slippery-oil-handjob-edition/,https://cdn.javmiku.com/wp-content/uploads/2026/09/h_1324skmj786pl-550x374.jpg
https://jav.guru/1051242/skmj-785-its-summer-its-the-sea-its-swimsuit-gals-amateur-young-ladies-in-dazzling-bikinis-on-shonan-beach-wont-you-help-a-virgin-guy-with-his-masturbation-nosebleed-boom-ww-from-those/,https://cdn.javmiku.com/wp-content/uploads/2026/09/h_1324skmj785pl-550x374.jpg
https://jav.guru/1051243/prwf-016-at-the-inn-run-by-a-married-couple-summoned-for-an-old-male-guests-evening-drinks-the-wife-who-fell-into-creampie-hospitality-that-doesnt-end-even-when-morning-comes-sora-komatsu/,https://cdn.javmiku.com/wp-content/uploads/2026/09/prwf016pl-550x374.jpg
https://jav.guru/1051244/prpm-002-intense-old-man-x-sister-brainwashing-we-are-our-new-stepfathers-sex-toys-miyu-aizawa-nanao-ayatsuki/,https://cdn.javmiku.com/wp-content/uploads/2026/09/prpm002pl-550x374.jpg
https://jav.guru/1051245/pred-902-while-my-girlfriend-was-away-i-spent-three-days-having-sweaty-creampie-cheating-sex-nonstop-with-her-best-friend-yuka-miyoshi/,https://cdn.javmiku.com/wp-content/uploads/2026/09/pred902pl-550x374.jpg
https://jav.guru/1051246/pred-899-class-reunion-cuckold-on-a-night-of-no-contact-my-wife-was-being-creampied-by-her-perfectly-compatible-ex-boyfriend-behind-my-back-yukimura-izuki/,https://cdn.javmiku.com/wp-content/uploads/2026/09/pred899pl-550x374.jpg
https://jav.guru/1051247/pred-898-even-old-geezer-customers-get-rock-hard-and-insatiable-tongue-kissing-ptom-until-your-cock-goes-stupid-full-power-service-in-embarrassing-outfits-cumming-nonstop-creampie-massage-kana-ta/,https://cdn.javmiku.com/wp-content/uploads/2026/09/pred898pl-550x374.jpg
https://jav.guru/1051248/pred-894-mom-is-hooked-on-a-scumbag-guy-im-being-frced-to-help-with-that-yuna-hinata/,https://cdn.javmiku.com/wp-content/uploads/2026/09/pred894pl-550x374.jpg
https://jav.guru/1051249/pred-890-continuous-creampie-sex-record-densely-filming-yuzuriha-karens-super-slutty-body-solely-for-masturbation-yuzuriha-karen/,https://cdn.javmiku.com/wp-content/uploads/2026/09/pred890pl-550x374.jpg
https://jav.guru/1051250/pppe-446-i-lost-all-reason-over-my-students-big-tits-and-ended-up-having-creampie-sex-with-rena-over-and-over-again-at-a-love-hotel-after-school-rena-momozono/,https://cdn.javmiku.com/wp-content/uploads/2026/09/pppe446pl-550x374.jpg
https://jav.guru/1051251/pppe-443-timid-big-tits-club-girl-who-couldnt-say-the-word-no-and-kept-getting-made-to-cum-embarrassingly-by-an-erotic-masseur-miyu-aizawa/,https://cdn.javmiku.com/wp-content/uploads/2026/09/pppe443pl-550x374.jpg
https://jav.guru/1051252/pppe-442-spence-mammary-gland-development-clinic-special-anzu-an/,https://cdn.javmiku.com/wp-content/uploads/2026/09/pppe442pl-550x374.jpg
https://jav.guru/1051253/pppe-441-slutty-rejuvenation-esthetic-that-guides-you-to-ball-reviving-ejaculation-with-fully-exposed-huge-tits-in-a-lewd-outfit-and-dirty-talk-titjobs-fumika-nakayama/,https://cdn.javmiku.com/wp-content/uploads/2026/09/pppe441pl-550x374.jpg
https://jav.guru/1051254/pppe-440-unable-to-endure-living-with-my-j-cup-huge-titted-stepdaughter-from-remarriage-i-hide-from-my-wife-and-stickily-lick-rape-and-impregnate-her-domestic-tongue-kiss-molestation-creampie-ra/,https://cdn.javmiku.com/wp-content/uploads/2026/09/pppe440pl-550x374.jpg
https://jav.guru/1051255/pppe-439-how-to-spences-mammary-gland-development-academy-textbook-av-that-lets-you-make-women-feel-pleasure-with-their-tits-if-you-watch-it-karen-yuzuriha/,https://cdn.javmiku.com/wp-content/uploads/2026/09/pppe439pl-550x374.jpg
https://jav.guru/1051256/nima-083-live-action-version-the-clumsy-duo-misaki-kanna/,https://cdn.javmiku.com/wp-content/uploads/2026/09/nima083pl-550x374.jpg
https://jav.guru/1051257/mukd-585-still-doesnt-know-a-thing-zero-romantic-experience-tsumugi-chan/,https://cdn.javmiku.com/wp-content/uploads/2026/09/mukd585pl-550x374.jpg
https://jav.guru/1051258/mukc-129-ill-show-you-the-daily-life-of-a-selfie-secret-account-girl-who-posts-naughty-pics-all-day-cosplay-sex-with-a-minato-ku-style-influencer-girl-nonstop-pov-fucking-offline-meetup/,https://cdn.javmiku.com/wp-content/uploads/2026/09/mukc129pl-550x374.jpg
https://jav.guru/1051259/mufr-010-pure-type-underground-idol-connected-pov-fuck-video-leakd/,https://cdn.javmiku.com/wp-content/uploads/2026/09/mufr010pl-550x374.jpg
https://jav.guru/1051260/mudr-406-since-that-day-beautiful-girl-in-uniform-gets-bondage-trained-and-creampied-hinano-minami/,https://cdn.javmiku.com/wp-content/uploads/2026/09/mudr406pl-550x374.jpg
https://jav.guru/1051261/mudr-404-g-cup-big-tits-real-athlete-who-competed-in-freestyle-swimming-at-the-national-tournament-makes-her-av-debut-pure-and-innocent-competitive-swimming-girl-reaches-intense-orgasmic-climax-wit/,https://cdn.javmiku.com/wp-content/uploads/2026/09/mudr404pl-550x374.jpg
https://jav.guru/1051262/mudr-403-exclusive-kuramoto-sumire-fan-appreciation-festival-special-where-she-gulps-down-every-last-drop-of-fans-sperm-in-jk-cosplay-kuramoto-sumire/,https://cdn.javmiku.com/wp-content/uploads/2026/09/mudr403pl-550x374.jpg
https://jav.guru/1051263/mudr-402-chemistry-club-jk-drinks-an-aphrodisiac-that-works-too-well-and-instantly-goes-into-heat-sensitivity-maxed-out-begging-to-cum-cum-old-man-cocks-and-creepy-guys-cocks-are-all-welcome/,https://cdn.javmiku.com/wp-content/uploads/2026/09/mudr402pl-550x374.jpg
https://jav.guru/1051264/mudr-397-i-found-an-adult-toy-calling-out-a-pure-girl-for-a-private-shoot-teasing-instant-fuck-deepthroat-exposure-pissing-and-the-plan-to-turn-her-into-an-onahole-shiori-chan/,https://cdn.javmiku.com/wp-content/uploads/2026/09/mudr397pl-550x374.jpg
https://jav.guru/1051265/mngs-082-the-year-repeating-gal-who-wants-credits-begs-for-it-infinite-ptom-of-blowjob-cum-swallowing-and-pile-driving-creampies-empties-the-balls-of-me-her-teacher-moka-haruhi/,https://cdn.javmiku.com/wp-content/uploads/2026/09/mngs082pl-550x374.jpg
https://jav.guru/1051266/mngs-077-ive-been-waiting-for-you-to-come-home-all-this-time-the-hated-father-in-law-i-reunited-with-after-a-long-time-had-turned-into-a-reeking-old-man-in-a-garbage-room/,https://cdn.javmiku.com/wp-content/uploads/2026/09/mngs077pl-550x374.jpg
https://jav.guru/1051267/mngs-074-kupa-fully-exposed-pussy-parting-the-labia-majora-and-labia-minora-vaginal-opening-left-wide-open-for-120-minutes-rima-arai/,https://cdn.javmiku.com/wp-content/uploads/2026/09/mngs074pl-550x374.jpg
https://jav.guru/1051268/mngs-072-secretly-no-bra-seducing-little-devil-nurse-whispers-sweet-sadistic-dirty-talk-to-an-abstinent-cock-for-a-titjob-sandwiched-cumshot-nanao-ayatsuki/,https://cdn.javmiku.com/wp-content/uploads/2026/09/mngs072pl-550x374.jpg
https://jav.guru/1051269/mimk-291-papa-katsu-save-data-with-time-leap-ability-to-make-cold-girls-fall-for-you-kitaoka-karin/,https://cdn.javmiku.com/wp-content/uploads/2026/09/mimk291pl-550x374.jpg
https://jav.guru/1051270/mikr-123-shirakawa-juices-massive-explosion-3500cc-of-lewd-juices-5200cc-of-orgasm-squirts-5819-convulsions-a-beautiful-lady-sprays-sweat-and-squirt-everywhere-cumming-nonstop-in-a-body-fluids/,https://cdn.javmiku.com/wp-content/uploads/2026/09/mikr123pl-550x374.jpg
https://jav.guru/1051271/mikr-122-hinako-moris-berating-masturbation-support-that-smashes-masochistic-mens-brains-in-6-segments/,https://cdn.javmiku.com/wp-content/uploads/2026/09/mikr122pl-550x374.jpg
https://jav.guru/1051272/mikr-108-the-brat-of-my-mom-friend-who-lives-on-the-high-floors-of-a-tower-mansion-and-always-unconsciously-one-ups-me-pissing-me-off-bullied-my-kd-into-becoming-a-shut-in/,https://cdn.javmiku.com/wp-content/uploads/2026/09/mikr108pl-550x374.jpg
https://jav.guru/1051275/mifd-735-eh-no-way-right-after-our-exciting-first-date-with-the-boyfriend-i-started-a-mutual-office-romance-with-we-went-to-a-hotel-only-to-find-lecherous-old-guys-from-a-client-company-there/,https://cdn.javmiku.com/wp-content/uploads/2026/09/mifd735pl-550x374.jpg
https://jav.guru/1051276/mida-790-two-timing-academy-side-unpai-two-stories-intertwine-in-a-youthful-love-triangle-creampie-linked-dual-work-project-part-1-unpai-matsumoto-ichika/,https://cdn.javmiku.com/wp-content/uploads/2026/09/mida790pl-550x374.jpg
https://jav.guru/1051277/mida-788-whenever-im-pissed-off-i-can-call-her-and-she-comes-right-away-the-plain-glasses-big-tits-15-loads-ejaculated-into-the-convenient-meaty-k-cup-onahole-komomo-koikawa/,https://cdn.javmiku.com/wp-content/uploads/2026/09/mida788pl-550x374.jpg
https://jav.guru/1051278/mida-787-i-got-the-right-to-turn-my-admired-teacher-kuno-into-an-obedient-maid-and-do-whatever-i-want-with-her-for-one-day-hinano-kuno/,https://cdn.javmiku.com/wp-content/uploads/2026/09/mida787pl-550x374.jpg
https://jav.guru/1051279/mida-786-the-mistake-on-that-summer-day-when-i-kept-creampieing-over-and-over-while-dripping-with-sweat-with-my-little-sister-who-had-awakened-to-sex-ever-since-the-time-she-witnessed-her-big-brothe/,https://cdn.javmiku.com/wp-content/uploads/2026/09/mida786pl-550x374.jpg
https://jav.guru/1051280/mida-785-fair-skinned-body-thrashing-in-ultra-intense-pleasure-orgasms-portio-and-g-spot-development-squirting-climax-nozomi-ishihara/,https://cdn.javmiku.com/wp-content/uploads/2026/09/mida785pl-550x374.jpg
https://jav.guru/1051281/mida-783-j-cup-swimming-club-advisor-whose-massive-tits-trembled-through-endless-orgasms-from-50-pursuit-creampie-loads-in-a-gangbang-by-the-insatiable-students-who-turned-into-horny-monkeys-over-he/,https://cdn.javmiku.com/wp-content/uploads/2026/09/mida783pl-550x374.jpg
https://jav.guru/1051282/mida-781-i-looove-blowjobs-the-adolescent-cock-sucking-stepsister-who-became-family-through-her-parents-remarriage-begs-for-cock-in-obscene-cosplay-and-slurps-every-last-drop-of-the-cleanup-too/,https://cdn.javmiku.com/wp-content/uploads/2026/09/mida781pl-550x374.jpg
https://jav.guru/1051283/mida-780-infinite-milking-course-that-wont-stop-no-matter-how-many-times-you-cum-masochist-specialized-soapland-that-leads-you-to-frced-ejaculation-once-every-5-minutes-himari/,https://cdn.javmiku.com/wp-content/uploads/2026/09/mida780pl-550x374.jpg
https://jav.guru/1051287/mida-758-the-new-secretary-whose-pussy-was-managed-with-a-fixed-suction-vibrator-by-the-perverted-boss-she-hates-wetting-training-mayu-misaki/,https://cdn.javmiku.com/wp-content/uploads/2026/09/mida758pl-550x374.jpg
https://jav.guru/1051293/mida-744-the-affair-life-that-was-way-too-good-sweet-lovey-dovey-sex-that-melts-my-reason-with-a-slender-little-devil-mistress-who-sucks-me-in-with-everything-sex-and-daily-life-mia-nanasawa/,https://cdn.javmiku.com/wp-content/uploads/2026/09/mida744pl-550x374.jpg
https://jav.guru/1051294/miab-677-dream-woman-vol-101-miyu-aizawa/,https://cdn.javmiku.com/wp-content/uploads/2026/09/miab677pl-550x374.jpg
https://jav.guru/1051295/mfyd-195-a-wife-who-was-doing-erotic-streams-on-sns-with-a-lived-in-feel-tits-and-libido-wants-maximum-sex-for-her-av-debut-yura-tsukishiro/,https://cdn.javmiku.com/wp-content/uploads/2026/09/mfyd195pl-550x374.jpg
https://jav.guru/1051296/mfyd-194-white-skin-elegance-lust-a-pure-white-married-woman-raised-by-kyoto-far-lewder-than-youd-imagine-supernova-suzuka-shirato-32-av-debut/,https://cdn.javmiku.com/wp-content/uploads/2026/09/mfyd194pl-550x374.jpg
https://jav.guru/1051297/mfyd-191-the-sexually-frustrated-married-teacher-turns-into-a-slut-at-5-oclock-after-school-we-kept-getting-fucked-by-the-teacher-whod-unleashed-her-libido-and-gone-full-dirty-slut-until-our-ba/,https://cdn.javmiku.com/wp-content/uploads/2026/09/mfyd191pl-550x374.jpg
https://jav.guru/1051298/mfyd-190-s1-x-tameike-20th-anniversary-commemorative-collaboration-work-while-my-wife-pregnant-was-back-home-with-her-parents-i-fucked-like-crazy-at-home-with-the-nursery-school-teacher-my/,https://cdn.javmiku.com/wp-content/uploads/2026/09/mfyd190pl-550x374.jpg
https://jav.guru/1051299/mfyd-189-a-married-woman-returns-to-the-countryside-and-awakens-to-ecstasy-through-wild-kissing-with-her-ex-boyfriend-natsuki-waka/,https://cdn.javmiku.com/wp-content/uploads/2026/09/mfyd189pl-550x374.jpg
https://jav.guru/1051300/mfyd-188-the-craziest-ever-holy-water-oasis-x-thick-bush-jungle-x-vulgar-bitch-two-womens-nonstop-orgasm-lesbian-sara-isshiki-misao-oguri/,https://cdn.javmiku.com/wp-content/uploads/2026/09/mfyd188pl-550x374.jpg
https://jav.guru/1051301/mfyd-187-i-fucked-the-married-woman-who-tried-to-scam-300000-yen-with-an-aphrodisiac-and-turned-it-into-a-creampie-festival-with-my-best-friend-lol-noa-koizuki/,https://cdn.javmiku.com/wp-content/uploads/2026/09/mfyd187pl-550x374.jpg
https://jav.guru/1051302/mfyd-186-a-demure-plain-wife-has-a-hardcore-masochist-awakening-sm-training-date-where-she-gets-brutally-fucked-by-a-super-sadistic-man-anytime-anywhere/,https://cdn.javmiku.com/wp-content/uploads/2026/09/mfyd186pl-550x374.jpg
https://jav.guru/1051303/mfyd-185-if-its-just-kissing-its-not-cheating-right-a-married-woman-and-a-young-part-timer-at-a-late-night-convenience-store-kiss-nonstop-rei-saegusa/,https://cdn.javmiku.com/wp-content/uploads/2026/09/mfyd185pl-550x374.jpg
https://jav.guru/1051304/mfyd-184-fellatio-meister-x-semen-taster-x-licking-technique-junkie-rena-dan-licks-and-licks-gulping-down-7-ejaculations-all-real-semen-all-cum-swallowing-special-rena-dan/,https://cdn.javmiku.com/wp-content/uploads/2026/09/mfyd184pl-550x374.jpg
https://jav.guru/1051305/mfyd-183-tameike-w-exclusive-reptilians-co-star-two-sex-elite-stamina-monster-beasts-who-know-no-limits-drain-every-drop-of-sperm-all-night-futaba-otani-ruisa-tsuzuki/,https://cdn.javmiku.com/wp-content/uploads/2026/09/mfyd183pl-550x374.jpg
https://jav.guru/1051306/mfyd-182-kanae-yumemis-how-to-for-truly-feel-good-married-couple-sex-put-the-6-methods-into-practice-and-you-too-can-end-a-sexless-marriage-and-have-passionate-sex-that-burns-like-it-did-when-you/,https://cdn.javmiku.com/wp-content/uploads/2026/09/mfyd182pl-550x374.jpg
https://jav.guru/1051307/manx-034-screaming-room-confined-and-frced-to-cum-over-and-over-until-she-breaks-frced-climaxes-kikuno-ran/,https://cdn.javmiku.com/wp-content/uploads/2026/09/manx034pl-550x374.jpg
https://jav.guru/1051308/kibd-355-plump-fleshy-big-assed-gal-gets-94-consecutive-hard-pounding-doggy-style-piston-thrusts/,https://cdn.javmiku.com/wp-content/uploads/2026/09/kibd355pl-550x374.jpg
https://jav.guru/1051312/jufe-630-old-guys-pov-fuck-documentary-stickily-and-richly-devouring-her-completely-in-body-fluid-smeared-sweat-drenched-sex-mia-kosaka/,https://cdn.javmiku.com/wp-content/uploads/2026/09/jufe630pl-550x374.jpg
https://jav.guru/1051318/hrsm-159-too-cute-ice-cream-truck-lady-i-want-to-impregnate-plenty-of-fresh-cream-breeding-obscenity-with-4-girls/,https://cdn.javmiku.com/wp-content/uploads/2026/09/h_1745hrsm159pl-550x374.jpg
https://jav.guru/1051319/hmn-918-introducing-my-overly-erotic-girlfriend-the-fearsome-sexual-desire-of-a-20-year-old-creampie-sex-with-a-college-girl-who-has-a-super-weak-pussy-that-gets-wet-immediately-and-cums-nonstop/,https://cdn.javmiku.com/wp-content/uploads/2026/09/hmn918pl-550x374.jpg
https://jav.guru/1051320/hmn-910-beautiful-flight-attendant-from-a-struggling-airline-serves-customers-flashing-her-pussy-in-black-pantyhose-with-no-panties/,https://cdn.javmiku.com/wp-content/uploads/2026/09/hmn910pl-550x374.jpg
https://jav.guru/1051321/hmn-907-caught-in-her-bosss-trap-gang-raped-unconscious-next-to-her-boyfriend-who-passed-out-drunk-made-to-cum-over-and-over-and-creampied-endlessly-until-she-fell-into-pleasure-the-ultra-skinn/,https://cdn.javmiku.com/wp-content/uploads/2026/09/hmn907pl-550x374.jpg
https://jav.guru/1051322/hmn-903-since-the-classmate-i-used-to-like-long-ago-was-drowning-in-debt-i-hired-her-daughter-who-looks-exactly-like-that-girl-from-back-then-as-my-exclusive-substitute-meat-toilet-maid-for-one-wee/,https://cdn.javmiku.com/wp-content/uploads/2026/09/hmn903pl-550x374.jpg
https://jav.guru/1051323/hmn-901-she-decided-to-become-a-new-av-actress-because-of-a-fortune-telling-prophecy-a-ballerina-who-has-even-competed-in-world-class-ballet-competitions-firmly-quits-and-makes-her-av-creampie-deb/,https://cdn.javmiku.com/wp-content/uploads/2026/09/hmn901pl-550x374.jpg
https://jav.guru/1051324/hjmo-735-big-ass-tight-pants-manguri-orgasm-endurance-battle-breaking-past-the-limit-with-stained-blushing-peeing-massive-climaxes-losers-get-pussy-fully-exposed-for-mating-press-creampie-fuck/,https://cdn.javmiku.com/wp-content/uploads/2026/09/hjmo735pl-550x374.jpg
https://jav.guru/1051325/fpre-245-ordered-by-her-husbands-subordinate-into-a-super-perverted-voluptuous-pose-with-her-anus-fully-exposed-the-beautiful-wife-in-her-prime-whose-weakness-was-seized-ao-ebisaki/,https://cdn.javmiku.com/wp-content/uploads/2026/09/fpre245pl-550x374.jpg
https://jav.guru/1051326/eyan-221-dont-touch-me-dont-lick-me-dont-put-it-in-creepy-sexual-harassment-from-her-father-in-law-the-nightmare-of-a-married-woman-who-kept-enduring-sex-she-had-no-choice-but-to-have-m/,https://cdn.javmiku.com/wp-content/uploads/2026/09/eyan221pl-550x374.jpg
https://jav.guru/1051327/ebwh-369-hidden-big-tits-send-the-sns-industry-into-an-uproar-the-top-lead-of-the-salon-model-world-when-she-strips-moist-j-cups-100cm-face-hidden-debut-akina/,https://cdn.javmiku.com/wp-content/uploads/2026/09/ebwh369pl-550x374.jpg
https://jav.guru/1051328/ebwh-368-treat-me-like-a-video-the-h-cup-erotic-dvd-shop-clerk-24-who-gets-double-takes-every-inventory-is-messily-sunk-with-anal-pearls-and-deepthroat-in-her-hardcore-masochist-awakening-deb/,https://cdn.javmiku.com/wp-content/uploads/2026/09/ebwh368pl-550x374.jpg
https://jav.guru/1051329/ebwh-367-i-want-you-to-rape-me-roughly-the-literary-girl-whose-whole-body-is-an-erogenous-zone-found-in-the-corner-of-an-antiquarian-bookstore-an-extreme-masochist-with-fair-s/,https://cdn.javmiku.com/wp-content/uploads/2026/09/ebwh367pl-550x374.jpg
https://jav.guru/1051330/ebwh-366-when-i-returned-to-my-countryside-family-home-for-summer-vacation-my-cousin-hinako-was-secretly-masturbating-nonstop-if-mom-or-the-relatives-find-out-ill-die-she-gently-jerks-me/,https://cdn.javmiku.com/wp-content/uploads/2026/09/ebwh366pl-550x374.jpg
https://jav.guru/1051331/ebwh-365-when-i-asked-my-gentle-easygoing-sister-in-law-let-me-drink-your-breast-milk-fumika-kashiwagi-blu-ray-disc/,https://cdn.javmiku.com/wp-content/uploads/2026/09/ebwh365pl-550x374.jpg
https://jav.guru/1051332/ebwh-363-raping-the-big-titted-housekeeping-service-woman-who-cant-say-no-until-i-creampie-her-riri-haruka-blu-ray-disc/,https://cdn.javmiku.com/wp-content/uploads/2026/09/ebwh363pl-550x374.jpg
https://jav.guru/1051333/ebwh-362-the-natural-g-cup-big-tits-flexible-cheerleader-the-club-members-jerked-off-to-endlessly/,https://cdn.javmiku.com/wp-content/uploads/2026/09/ebwh362pl-550x374.jpg
https://jav.guru/1051334/ebwh-361-face-65-points-body-120-points-i-live-at-my-parents-house-and-masturbate-8-times-a-week-a-fetish-k-cup-college-girl-21-aiming-to-become-a-dental-assistant-looks-like-this-but-shes/,https://cdn.javmiku.com/wp-content/uploads/2026/09/ebwh361pl-550x374.jpg
https://jav.guru/1051335/ebwh-352-take-out-your-cocks-and-line-up-the-teachers-will-slut-it-up-for-you-in-sexy-swimsuits-kiyomiya-jinai-momota-mitsuki/,https://cdn.javmiku.com/wp-content/uploads/2026/09/ebwh352pl-550x374.jpg
https://jav.guru/1051336/dvmm-445-immediately-fucked-the-fair-skinned-big-assed-housekeeper-lady-the-married-woman-who-became-addicted-to-the-big-cock-showed-up-uninvited-the-next-day-so-i-creampied-her-over-and-over-unti/,https://cdn.javmiku.com/wp-content/uploads/2026/09/dvmm445pl-550x374.jpg
https://jav.guru/1051337/dvmm-442-ordinary-men-and-women-monitoring-av-on-the-other-side-of-the-magic-mirror-is-her-boyfriend-best-friend/,https://cdn.javmiku.com/wp-content/uploads/2026/09/dvmm442pl-550x374.jpg
https://jav.guru/1051686/yjns-001-latchkey-girl-watch-squad-file-1/,https://cdn.javmiku.com/wp-content/uploads/2026/09/yjns001pl-550x374.jpg
https://jav.guru/1051687/urkk-124-ill-cool-your-fever-with-my-pussy-200-bliss-harem-nursing/,https://cdn.javmiku.com/wp-content/uploads/2026/09/urkk124pl-550x374.jpg
https://jav.guru/1051688/ubug-017-all-you-can-eat-convenient-k-cup-girl-for-a-flat-3000-yen-travel-fee/,https://cdn.javmiku.com/wp-content/uploads/2026/09/h_1133ubug017pl-550x374.jpg
https://jav.guru/1051689/tikb-226-infiltrating-the-off-paco-photoshoot-of-a-god-tier-slutty-beautiful-girl-cosplayer-lust-fully-exposed-cock-addict/,https://cdn.javmiku.com/wp-content/uploads/2026/09/tikb226pl-550x374.jpg
https://jav.guru/1051690/tenn-052-kotone-fuyuai-seven-temptations-the-freely-transforming-heroine-who-captivates-men/,https://cdn.javmiku.com/wp-content/uploads/2026/09/h_491tenn052pl-550x374.jpg
https://jav.guru/1051691/tanp-056-the-quiet-super-perverted-it-engineer-was-a-creampie-meat-toilet-femboy-ok-with-endless-deepthroat-gulping-getting-huge-cocks-slammed-into-him-and-going-crazy-with-ahegao-orgasms-as-a-maso/,https://cdn.javmiku.com/wp-content/uploads/2026/09/tanp056pl-550x374.jpg
https://jav.guru/1051692/suji-319-shaved-country-beautiful-girl-suddenly-going-to-confirm-the-childhood-memories-she-recalled-flat-chested-shaved-pissing-meru-chan-149cm-kohinata-meru/,https://cdn.javmiku.com/wp-content/uploads/2026/09/suji319pl-550x374.jpg
https://jav.guru/1051693/suji-318-i-happened-to-talk-to-a-cute-girl-stalking-indecent-acts-abduction-rape-semen-ingestion-hina-chan-149cm-satsuki-hina/,https://cdn.javmiku.com/wp-content/uploads/2026/09/suji318pl-550x374.jpg
https://jav.guru/1051694/sqte-719-hit-me-more-chke-me-the-perverted-extreme-masochist-with-big-tits-who-wants-to-be-bullied-yuka-chiba/,https://cdn.javmiku.com/wp-content/uploads/2026/09/sqte719pl-550x374.jpg
https://jav.guru/1051695/sqte-718-anytime-use-onahole-junior-sui-tsukinoe/,https://cdn.javmiku.com/wp-content/uploads/2026/09/sqte718pl-550x374.jpg
https://jav.guru/1051696/sqte-717-on-a-holiday-with-my-girlfriend-lovey-dovey-fucking-hot-spring-date-with-my-clingy-girlfriend-mami-zenba/,https://cdn.javmiku.com/wp-content/uploads/2026/09/sqte717pl-550x374.jpg
https://jav.guru/1051697/sqte-716-after-school-overnight-sex-a-body-that-gets-wetter-the-more-we-make-out-and-clothed-sex-natsuho-hanamori/,https://cdn.javmiku.com/wp-content/uploads/2026/09/sqte716pl-550x374.jpg
https://jav.guru/1051699/scmf-004-sweet-sadist-full-pov-sex-with-a-godly-h-cup-beautiful-girl-cosplayer-it-feels-better-than-jerking-yourself-off-right-she-deprives-me-of-sage-time-with-edging-handjobs-and-long-tongu/,https://cdn.javmiku.com/wp-content/uploads/2026/09/scmf004pl-550x374.jpg
https://jav.guru/1051700/scd-252-daughter-who-cares-for-her-father-7/,https://cdn.javmiku.com/wp-content/uploads/2026/09/scd252pl-550x374.jpg
https://jav.guru/1051701/pppe-445-made-to-cum-to-fainting-orgasms-in-6-cosplays-pursuit-reboot-instant-flying-brain-bug-fuck-marina-yakuno/,https://cdn.javmiku.com/wp-content/uploads/2026/09/pppe445pl-550x374.jpg
https://jav.guru/1051702/pkpd-435-private-creampie-hot-spring-trip-hiiragi-provisional/,https://cdn.javmiku.com/wp-content/uploads/2026/09/pkpd435pl-550x374.jpg
https://jav.guru/1051703/pkpd-434-creampie-room-drinking-documentary-g-cup-clingy-beautiful-older-sister-honoka-ashina/,https://cdn.javmiku.com/wp-content/uploads/2026/09/pkpd434pl-550x374.jpg
https://jav.guru/1051704/pako-108-calling-over-my-married-sex-friend-and-having-a-stranger-with-a-huge-cock-cuckold-her-with-consecutive-creampies-freshly-newlywed-full-time-housewife-30-years-old/,https://cdn.javmiku.com/wp-content/uploads/2026/09/h_1133pako108pl-550x374.jpg
https://jav.guru/1051705/otin-028-lovey-dovey-swamp-affair-with-a-former-classmate-ahegao-orgasms-with-tongue-out-nonstop-titjobs-huge-tits-cowgirl-2sex-creampies-cosplay-cum-on-tits-sunao-kui/,https://cdn.javmiku.com/wp-content/uploads/2026/09/h_1133otin028pl-550x374.jpg
https://jav.guru/1051706/oftr-016-found-a-young-lady-with-big-tits-in-a-hot-spring-town-storming-the-mens-bath-for-a-semen-extraction-challenge-aiming-for-the-1-million-yen-prize-in-atami/,https://cdn.javmiku.com/wp-content/uploads/2026/09/1oftr016pl-550x374.jpg
https://jav.guru/1051707/oftr-015-super-secretly-perverted-guys-and-girls-hold-an-after-school-masturbation-presentation-when-they-show-each-other-their-masturbation-in-a-mixed-gender-group-everyone-gets-horny-and-it-turn/,https://cdn.javmiku.com/wp-content/uploads/2026/09/1oftr015pl-550x374.jpg
https://jav.guru/1051708/nvh-087-newhalf-lesbian-the-doting-female-beast-slutty-lesbian-sisters-crazed-with-possessive-desire-and-jealousy-for-their-younger-brother-hanamiya-hime-niimura-akari-hibiki-tsukasa/,https://cdn.javmiku.com/wp-content/uploads/2026/09/nvh00087pl-550x374.jpg
https://jav.guru/1051709/nine-124-when-i-approached-her-for-a-diet-supplement-monitor-pickup-i-reeled-in-unprecedented-matured-h-cup%e2%98%86super-a5-rank-top-grade-meat-tsubasa-45-years-old/,https://cdn.javmiku.com/wp-content/uploads/2026/09/h_1133nine00124pl-550x374.jpg
https://jav.guru/1051710/mvg-173-asshole-addicted-doujin-cosplayer-in-heat-for-an-anal-fuck-photoshoot-misaki-oto/,https://cdn.javmiku.com/wp-content/uploads/2026/09/mvg00173pl-550x374.jpg
https://jav.guru/1051711/mukc-132-raw-gem-newcomer-idols-first-pov-personal-sex-video-putting-her-career-aside-shes-hooked-on-pillow-trade-sex-and-getting-irresponsible-breeding-creampies-in-her-precocious-womb-erin/,https://cdn.javmiku.com/wp-content/uploads/2026/09/mukc132pl-550x374.jpg
https://jav.guru/1051712/mrss-192-shady-delivery-men-target-a-married-woman-whose-big-ass-is-obvious-even-through-her-clothes-day-after-day-of-raw-insertion-and-creampies-until-she-cant-stand-up-yui-onozaka/,https://cdn.javmiku.com/wp-content/uploads/2026/09/mrss192pl-550x374.jpg
https://jav.guru/1051713/mrhp-052-i-got-horny-for-my-sexually-frustrated-sister-in-laws-plump-ass-and-was-jerking-off-when-she-got-turned-on-by-my-young-cock-instead-and-we-had-creampie-sex-until-my-balls-were-empty-tsuba/,https://cdn.javmiku.com/wp-content/uploads/2026/09/mrhp052pl-550x374.jpg
https://jav.guru/1051714/mmpv-005-face-jerk-off-face-close-up-seduction-pov-i-want-to-be-adored-by-matsui-san-who-loves-staring-hard-at-orgasm-faces-while-being-scorned-and-verbally-abusd-hinako-matsui/,https://cdn.javmiku.com/wp-content/uploads/2026/09/mmpv005pl-550x374.jpg
https://jav.guru/1051715/mkon-148-i-an-introvert-get-used-as-material-for-my-little-sisters-punishment-game-and-end-up-having-creampie-harem-sex-nonstop/,https://cdn.javmiku.com/wp-content/uploads/2026/09/mkon148pl-550x374.jpg
https://jav.guru/1051724/lock-017-lock-onhina-manager-wont-you-have-sex-with-me-propositioned-for-an-adult-relationship-by-the-flat-chested-j-type-part-timer-they-tangled-together-over-and-over-and-climaxed-with-e/,https://cdn.javmiku.com/wp-content/uploads/2026/09/h_491lock017pl-550x374.jpg
https://jav.guru/1051725/ksbj-446-father-in-laws-warped-lust-a-thirty-something-married-woman-tricked-by-its-a-massage-that-helps-with-trying-to-conceive-into-having-her-exquisite-love-juice-spots-developed-by-a-ha/,https://cdn.javmiku.com/wp-content/uploads/2026/09/ksbj446pl-550x374.jpg
https://jav.guru/1051726/ksbj-445-the-lewd-mother-who-seduces-her-son-because-she-doesnt-want-him-to-leave-the-nest-rieko-hiraoka/,https://cdn.javmiku.com/wp-content/uploads/2026/09/ksbj445pl-550x374.jpg
https://jav.guru/1051727/kam-282-perverted-gynecological-examination-the-corrupt-erotic-gynecologist-who-endlessly-gives-wet-slippery-exams-to-the-crotch-of-the-beautiful-wife-who-came-in-for-a-checkup-05/,https://cdn.javmiku.com/wp-content/uploads/2026/09/kam282pl-550x374.jpg
https://jav.guru/1051728/kam-281-married-private-tutor-and-huge-cock-exam-students-secret-room-lewd-sex-voyeur-recording-4/,https://cdn.javmiku.com/wp-content/uploads/2026/09/kam281pl-550x374.jpg
https://jav.guru/1051734/juan-032-super-masochistic-plump-young-wife-who-opens-both-holes-for-her-perverted-relative-father-and-son-hina-akikawa/,https://cdn.javmiku.com/wp-content/uploads/2026/09/juan032pl-550x374.jpg
https://jav.guru/1051738/hrsm-160-the-super-erotic-pink-companion-rumored-for-excessive-service-super-long-extension-until-morning-activated-the-extreme-erotic-secret-option-balls-sperm-depleted-lol/,https://cdn.javmiku.com/wp-content/uploads/2026/09/h_1745hrsm160pl-550x374.jpg
https://jav.guru/1051739/honb-499-if-its-the-showa-era-its-safe-10/,https://cdn.javmiku.com/wp-content/uploads/2026/09/h_1133honb00499pl-550x374.jpg
https://jav.guru/1051740/hoks-235-serious-wifes-first-cheating-sex-mai-fuyuki/,https://cdn.javmiku.com/wp-content/uploads/2026/09/hoks235pl-550x374.jpg
https://jav.guru/1051741/hoks-234-single-mature-woman-in-her-40s-a-life-full-of-troubles-caregiving-debt-affair-sex-fujisaki-murasaki/,https://cdn.javmiku.com/wp-content/uploads/2026/09/hoks234pl-550x374.jpg
https://jav.guru/1051742/hjmo-741-when-they-lose-the-cruel-mirror-game-its-an-erotic-punishment-game-pure-young-wives-get-creampie-sex-with-huge-cocks-theyve-never-tasted-before-not-caring-one-bit-even-with-their-husb/,https://cdn.javmiku.com/wp-content/uploads/2026/09/hjmo741pl-550x374.jpg
https://jav.guru/1051743/hjmo-739-if-shes-your-girlfriend-she-should-be-able-to-pick-out-her-boyfriends-cock-right-pick-his-dick-from-the-row-of-lined-up-cocks-and-suck-him-off-if-she-gets-it-wrong-bukkake-creampie/,https://cdn.javmiku.com/wp-content/uploads/2026/09/hjmo739pl-550x374.jpg
https://jav.guru/1051744/hjbb-244-even-though-i-have-a-boyfriend-pissing-ntr-orgasm-of-a-uniformed-girl-cuckolded-by-a-perverted-old-man-while-covered-in-bodily-fluids/,https://cdn.javmiku.com/wp-content/uploads/2026/09/hjbb244pl-550x374.jpg
https://jav.guru/1051745/gvh-880-the-female-cult-leader-of-a-sex-cult-who-repeatedly-climaxes-every-day-while-intertwining-lewd-body-fluids-with-the-fanatics-hikaru-minazuki/,https://cdn.javmiku.com/wp-content/uploads/2026/09/gvh880pl-550x374.jpg
https://jav.guru/1051746/gvh-879-forbidden-care-shitara-yuuhi/,https://cdn.javmiku.com/wp-content/uploads/2026/09/gvh879pl-550x374.jpg
https://jav.guru/1051747/fsbk-026-celebrity-miu-nakamura-x-ideapocket-2020-4-2026-2-complete-best/,https://cdn.javmiku.com/wp-content/uploads/2026/09/h_491fsbk026pl-550x374.jpg
https://jav.guru/1051748/fns-261-if-its-blowing-up-online-then-its-okay-to-do-xxx-right-yachimitsu-rin/,https://cdn.javmiku.com/wp-content/uploads/2026/09/FNS-261-550x374.jpg
https://jav.guru/1051749/fnew-024-slender-schoolgirl-has-her-erogenous-zones-developed-in-a-massage-experience-nipples-erect-as-she-arches-like-a-shrimp-and-pisses-herself/,https://cdn.javmiku.com/wp-content/uploads/2026/09/h_491fnew024pl-550x374.jpg
https://jav.guru/1051750/dvmm-444-the-creampie-only-onahole-wife-who-comes-in-10-seconds-when-called-when-i-get-horny-i-use-the-pussy-of-the-big-tits-big-ass-married-woman-living-in-the-next-room-for-sexual-relief-yuri-os/,https://cdn.javmiku.com/wp-content/uploads/2026/09/dvmm444pl-550x374.jpg
https://jav.guru/1051751/dvmm-443-amateur-men-and-women-monitoring-av-limited-to-h-cup-and-above-three-close-college-girl-friends-hold-milk-in-their-mouths-then-get-their-huge-tits-groped-then-take-a-nipple-kneading-orgasm/,https://cdn.javmiku.com/wp-content/uploads/2026/09/dvmm443pl-550x374.jpg
https://jav.guru/1051754/ddk-241-bushy-meat-toilet-splash-monster-sara-isshiki/,https://cdn.javmiku.com/wp-content/uploads/2026/09/ddk241pl-550x374.jpg
https://jav.guru/1051755/ddff-055-a-beautiful-girl-targeted-by-a-scumbag-with-abnormal-sexual-desires-hinako-seto/,https://cdn.javmiku.com/wp-content/uploads/2026/09/ddff055pl-550x374.jpg
https://jav.guru/1051756/bbtu-120-tits-daycare-yuria-yoshine/,https://cdn.javmiku.com/wp-content/uploads/2026/09/bbtu120pl-550x374.jpg
https://jav.guru/1051757/bbtu-119-tit-shower-cum-bukkake-on-ahegao-big-tits-sunao-kui/,https://cdn.javmiku.com/wp-content/uploads/2026/09/bbtu119pl-550x374.jpg
https://jav.guru/1051758/bank-248-big-tits-married-woman-hot-spring-date-beautiful-young-wife-with-little-experience-with-men-because-she-married-young-koharu-26-years-old/,https://cdn.javmiku.com/wp-content/uploads/2026/09/h_1495bank248pl-550x374.jpg
https://jav.guru/1051759/bank-247-serious-girl-and-sticky-cunnilingus-hot-spring-training-camp/,https://cdn.javmiku.com/wp-content/uploads/2026/09/h_1495bank247pl-550x374.jpg
https://jav.guru/1051760/bank-246-big-tits-sisters-hot-spring-trip-to-release-their-sexual-desires/,https://cdn.javmiku.com/wp-content/uploads/2026/09/h_1495bank246pl-550x374.jpg
https://jav.guru/1051761/awaw-030-the-plain-short-cut-glasses-girl-with-big-tits-whos-popular-for-her-hole-is-a-god-tier-fuck-buddy-who-comes-over-whenever-convenient-riko-19-natural-g-cups/,https://cdn.javmiku.com/wp-content/uploads/2026/09/h_1819awaw030pl-550x374.jpg
https://jav.guru/1051762/awaw-029-pov-sex-documentary-orgy-party-at-a-secret-hideout-gen-z-girls-with-an-ultra-low-sense-of-chastity-at-a-hangout-where-sluts-and-fuckboys-gather-men-and-women-meeting-for-the-first-time/,https://cdn.javmiku.com/wp-content/uploads/2026/09/h_1819awaw029pl-550x374.jpg
https://jav.guru/1051763/aukg-659-slippery-wet-lesbian-dripping-lotion-and-melting-body-to-body-lesbian-sex/,https://cdn.javmiku.com/wp-content/uploads/2026/09/aukg00659pl-550x374.jpg
https://jav.guru/1051764/alog-032-creampie-copy/,https://cdn.javmiku.com/wp-content/uploads/2026/09/h_491alog032pl-550x374.jpg
https://jav.guru/1051765/aczd-250-ropes-lewd-flower-arisa-togawa/,https://cdn.javmiku.com/wp-content/uploads/2026/09/h_019aczd250pl-550x374.jpg
https://jav.guru/1052315/xvsr-399-a-beautiful-girl-who-seriously-blushes-while-pissing-climax-3-fuck-special-mami-nagase/,https://cdn.javmiku.com/wp-content/uploads/2026/09/xvsr399sopl-550x374.jpg
https://jav.guru/1052316/xvsr-352-welcome-to-maxcafe-enjoy-nagase-mami-maamins-special-menu/,https://cdn.javmiku.com/wp-content/uploads/2026/09/xvsr352sopl-550x374.jpg
https://jav.guru/1052317/xvsr-350-i-want-to-try-cumming-even-deeper-sexual-development-of-a-19-year-old-beautiful-girl-with-tiny-tits-aori-arihoshi/,https://cdn.javmiku.com/wp-content/uploads/2026/09/xvsr350sopl-550x374.jpg
https://jav.guru/1052318/wa-592-amateur-wife-pickup-all-get-raw-creampies-5-hour-celeb-dx-106/,https://cdn.javmiku.com/wp-content/uploads/2026/09/h_047wa592pl-550x374.jpg
https://jav.guru/1052319/vio-080-amateur-lesbian-i-filmed-the-naughty-side-she-only-shows-to-me/,https://cdn.javmiku.com/wp-content/uploads/2026/09/36vio80pl-550x374.jpg
https://jav.guru/1052320/usag-098-no-way-they-say-yet-these-amateur-girls-cum-like-crazy-from-dildo-masturbation-anytime-anywhere-even-outdoors/,https://cdn.javmiku.com/wp-content/uploads/2026/09/usag098pl-550x374.jpg
https://jav.guru/1052322/ss-155-etoile-ririko-kinoshita/,https://cdn.javmiku.com/wp-content/uploads/2026/09/n_1428ss155pl-550x374.jpg
https://jav.guru/1052323/sal-264-kondo-mumu-the-otokonoko-with-a-cute-smile-gets-horny-and-hard-tight-pants-cameltoe-black-pantyhose-teasing-and-dirty-talk-from-double-cock-girls-in-a-threesome-fuck-with-three-raw-cream/,https://cdn.javmiku.com/wp-content/uploads/2026/09/sal264pl-550x374.jpg
https://jav.guru/1052324/rpin-093-plump-fleshy-huge-titted-inn-maid-whos-reliable-cheerful-and-has-outstanding-communication-skills-her-tits-bounce-bounce-sticky-sensual-massage-and-big-cock-pistoning-turn-her-ahegao/,https://cdn.javmiku.com/wp-content/uploads/2026/09/rpin093pl-550x374.jpg
https://jav.guru/1052327/qrdf-013-sm-queen-road-vol-48-erika/,https://cdn.javmiku.com/wp-content/uploads/2026/09/qrdf013pl-550x374.jpg
https://jav.guru/1052328/pfas-044-ripe-and-soft-the-tits-of-a-secretly-lewd-mature-woman/,https://cdn.javmiku.com/wp-content/uploads/2026/09/pfas044pl-550x374.jpg
https://jav.guru/1052329/nmsl-047-college-girl-who-got-into-sugar-dating-and-was-turned-into-a-meat-toilet-squirting-and-wetting-herself-sui-tsukinoe/,https://cdn.javmiku.com/wp-content/uploads/2026/09/h_1814nmsl00047pl-550x374.jpg
https://jav.guru/1052330/nghj-074-exclusive-to-shy-cunnilingus-less-girls-who-want-to-be-licked-but-cant-tell-their-boyfriends-a-relentless-cunnilingus-therapy-experience-that-makes-their-clits-get-soggy-clit-peeling-li/,https://cdn.javmiku.com/wp-content/uploads/2026/09/nghj074pl-550x374.jpg
https://jav.guru/1052331/naac-077-best-naked-02-ruka-itoi/,https://cdn.javmiku.com/wp-content/uploads/2026/09/n_1541naac077pl-550x374.jpg
https://jav.guru/1052332/naac-076-best-naked-yuuka/,https://cdn.javmiku.com/wp-content/uploads/2026/09/n_1541naac076pl-550x374.jpg
https://jav.guru/1052333/naac-075-best-naked-02-arisa-hanyu/,https://cdn.javmiku.com/wp-content/uploads/2026/09/n_1541naac075pl-550x374.jpg
https://jav.guru/1052334/naac-074-best-naked-04-unpai/,https://cdn.javmiku.com/wp-content/uploads/2026/09/n_1541naac074pl-550x374.jpg
https://jav.guru/1052335/myba-098-married-womans-petal-spreading-sakura-tsukishima/,https://cdn.javmiku.com/wp-content/uploads/2026/09/myba098pl-550x374.jpg
https://jav.guru/1052336/murikuri-015-big-nippled-schoolgirl-molestation-genuine-bareback-route-training-teasing-wrecks-her-sensitivity-tiny-pussy-convulsing-and-clamping-for-creampie/,https://cdn.javmiku.com/wp-content/uploads/2026/09/1murikuri015pl-550x374.jpg
https://jav.guru/1052337/mopg-047-clothed-masochist-man-hunting-skin-tight-jeans-harassment-mirei-aika/,https://cdn.javmiku.com/wp-content/uploads/2026/09/mopg047sopl-550x374.jpg
https://jav.guru/1052338/mmraa-397-teen-graduation%e2%98%86a-melting-premonition-kanon-akagawa/,https://cdn.javmiku.com/wp-content/uploads/2026/09/n_709mmraa397pl-550x374.jpg
https://jav.guru/1052339/mmraa-396-you-a-teenager-a-premonition-of-love-yui-yuuki/,https://cdn.javmiku.com/wp-content/uploads/2026/09/n_709mmraa396pl-550x374.jpg
https://jav.guru/1052340/mird-281-moodyz-fan-appreciation-festival-bakobako-bus-tour-2026-20-hours-25-minutes-bakobako-bus-13-hours-40-minutes-ura-bako-4-hours-unreleased-scenes-included-complete-version/,https://cdn.javmiku.com/wp-content/uploads/2026/09/mird281pl-550x374.jpg
https://jav.guru/1052344/mbraa-360-overdoing-it-debut-matsuri-kosaka/,https://cdn.javmiku.com/wp-content/uploads/2026/09/n_709mbraa360pl-550x374.jpg
https://jav.guru/1052345/mbraa-359-absolutely-must-not-feel-it-merumo-tsunoda-merumo-tsunoda/,https://cdn.javmiku.com/wp-content/uploads/2026/09/n_709mbraa359pl-550x374.jpg
https://jav.guru/1052346/mbraa-358-im-gonna-go-crazy-aimis-erotic-prescription-aimi/,https://cdn.javmiku.com/wp-content/uploads/2026/09/n_709mbraa358pl-550x374.jpg
https://jav.guru/1052347/mbraa-357-love-vibration-ren-okubo/,https://cdn.javmiku.com/wp-content/uploads/2026/09/n_709mbraa357pl-550x374.jpg
https://jav.guru/1052348/maraa-233-out-safe-moon-gazing-moon-gazing/,https://cdn.javmiku.com/wp-content/uploads/2026/09/n_709maraa233pl-550x374.jpg
https://jav.guru/1052349/love-053-please-keep-the-small-titts-me-as-your-livestock-2/,https://cdn.javmiku.com/wp-content/uploads/2026/09/h_491love53pl-550x374.jpg
https://jav.guru/1052351/ksbj-143-and-then-i-could-no-longer-be-satisfied-with-my-husband-chitose-shinohara/,https://cdn.javmiku.com/wp-content/uploads/2026/09/ksbj143pl-550x374.jpg
https://jav.guru/1052352/ksbj-142-my-sons-wife-was-a-natural-born-slut-kiriyama-yuha/,https://cdn.javmiku.com/wp-content/uploads/2026/09/ksbj142pl-550x374.jpg
https://jav.guru/1052353/kagp-404-amateur-girls-pussy-juice-sopping-wet-hole-plunging-masturbation-2/,https://cdn.javmiku.com/wp-content/uploads/2026/09/kagp404pl-550x374.jpg
https://jav.guru/1052360/jjda-080-wife-who-fell-for-an-unemployed-bastards-huge-cock/,https://cdn.javmiku.com/wp-content/uploads/2026/09/jjda080pl-550x374.jpg
https://jav.guru/1052361/jera-050-first-time-cum-swallowing-part-timer-girl-invited-to-a-love-hotel-out-of-interest-in-the-younger-big-tits-girl-kosuzu-mikan-who-works-at-a-bento-shop/,https://cdn.javmiku.com/wp-content/uploads/2026/09/1jera050pl-550x374.jpg
https://jav.guru/1052366/hbla-009-pussy-gacha-indiscriminate-rpe-4-hour-best/,https://cdn.javmiku.com/wp-content/uploads/2026/09/hbla009pl-550x374.jpg
https://jav.guru/1052367/hawa-386-the-mature-wife-with-strong-maternal-instincts-and-sexual-desire-who-handles-my-self-indulgent-sexual-relief-is-the-best-feeling-toy-free-to-cum-as-much-as-i-want-into-the-ripe-aunties-m/,https://cdn.javmiku.com/wp-content/uploads/2026/09/1hawa386pl-550x374.jpg
https://jav.guru/1052369/goju-320-wont-stop-even-if-you-cum-endless-cleanup-blowjobs-from-an-amateur-wife-who-loves-sucking-cock/,https://cdn.javmiku.com/wp-content/uploads/2026/09/h_1165goju320pl-550x374.jpg
https://jav.guru/1052370/gohm-012-documentary-sex-of-working-women-who-applied-for-private-shoots-in-search-of-money-and-thrills-6/,https://cdn.javmiku.com/wp-content/uploads/2026/09/gohm012pl-550x374.jpg
https://jav.guru/1052371/fskt-032-big-tits-real-chan-super-amateur-jk-compilation-omnibus-240-minutes-4-girls/,https://cdn.javmiku.com/wp-content/uploads/2026/09/h_491fskt032pl-550x374.jpg
https://jav.guru/1052372/fns-257-after-our-respective-lovers-cheated-on-us-my-female-friend-and-i-started-having-sex-where-we-lick-each-others-wounds-and-pussies-and-it-felt-so-good-weve-sunk-into-a-quagmire-akari-ts/,https://cdn.javmiku.com/wp-content/uploads/2026/09/FNS-257-550x374.jpg
https://jav.guru/1052374/fgan-175-provocation-bloomers-loose-socks-mania-i-want-to-be-tormented-by-the-golden-combo-of-bloomers-and-loose-socks/,https://cdn.javmiku.com/wp-content/uploads/2026/09/h_1440fgan175pl-550x374.jpg
https://jav.guru/1052375/ebod-555-saliva-male-female-sweat-male-female-squirt-female-semen-male-mixed-body-fluid-sex-between-a-middle-aged-guy-and-a-beautiful-girl-koharu-suzuki/,https://cdn.javmiku.com/wp-content/uploads/2026/09/ebod555pl-550x374.jpg
https://jav.guru/1052376/dori-077-pakodori-no-77-i-lied-to-a-high-school-girl-who-likes-watching-the-face-of-an-old-man-whos-feeling-good-by-saying-i-forgot-the-condom-and-she-replied-bareback-is-totally-fine/,https://cdn.javmiku.com/wp-content/uploads/2026/09/h_491dori077pl-550x374.jpg
https://jav.guru/1052377/dori-041-korean-beauty-straddling-the-crotch-and-stretching-out-her-legs-barefoot-footjob-special-packed-with-realistic-sensation-that-keeps-you-excited-for-24-hours/,https://cdn.javmiku.com/wp-content/uploads/2026/09/h_491dori041pl-550x374.jpg
https://jav.guru/1052378/dandya-050-you-shouldnt-get-your-cock-hard-should-you-all-the-sperm-id-saved-up-for-baby-making-with-my-beloved-wife-gets-completely-milked-out/,https://cdn.javmiku.com/wp-content/uploads/2026/09/1dandya050pl-550x374.jpg
https://jav.guru/1052379/cesd-110-female-scumbag-lawyer-2-from-divorce-defense-to-criminal-cases-i-accept-them-cheaply-with-my-supreme-anal-chisato-shoda/,https://cdn.javmiku.com/wp-content/uploads/2026/09/cesd110pl-550x374.jpg
https://jav.guru/1052380/cead-767-onahole-transforms-into-an-actresss-mouth-13-ultra-slutty-actresses-skilled-at-oral-sex-who-milk-you-with-onahole-blowjobs/,https://cdn.javmiku.com/wp-content/uploads/2026/09/cead767pl-550x374.jpg
https://jav.guru/1052381/c-2508-day-trip-hot-spring-mature-woman-erotic-journey-the-best-2018-12-2019-05/,https://cdn.javmiku.com/wp-content/uploads/2026/09/140c2508pl-550x374.jpg
https://jav.guru/1052382/bobb-288-three-amateur-girls-with-big-tits-if-we-put-on-glasses-wont-we-get-found-out-part-3/,https://cdn.javmiku.com/wp-content/uploads/2026/09/bobb288pl-550x374.jpg
https://jav.guru/1052383/bobb-287-three-amateur-girls-with-big-tits-if-we-put-on-glasses-wont-we-get-caught-part-2/,https://cdn.javmiku.com/wp-content/uploads/2026/09/bobb287pl-550x374.jpg
https://jav.guru/1052384/anb-262-i-became-moms-toy-the-lewd-beautiful-stepmother-with-beautiful-tits-and-beautiful-legs-madoka-miyashita/,https://cdn.javmiku.com/wp-content/uploads/2026/09/anb262pl-550x374.jpg
https://jav.guru/1052386/akdl-148-if-you-want-to-have-sex-with-me-then-study-i-got-milked-dry-over-and-over-by-the-private-tutor-with-secret-options-usami-rena/,https://cdn.javmiku.com/wp-content/uploads/2026/09/1akdl00148pl-1-550x374.jpg
https://jav.guru/1052387/akdl-147-hey-lets-have-sex-the-day-i-gave-in-to-sudden-temptation-from-my-daughters-friend-ena-who-seeks-forbidden-acts-with-her-pure-and-innocent-smile-satsuki-ena/,https://cdn.javmiku.com/wp-content/uploads/2026/09/1akdl00147pl-1-550x374.jpg
https://jav.guru/1052389/aarm-365-fully-naked-seiza-blowjob/,https://cdn.javmiku.com/wp-content/uploads/2026/09/aarm365pl-550x374.jpg
https://jav.guru/1052495/xmom-121-the-muscular-wife-loves-cock-kaori-yamamoto/,https://cdn.javmiku.com/wp-content/uploads/2026/09/h_086xmom121pl-550x374.jpg
https://jav.guru/1052496/sykh-188-streetwalker-wife-b-grade-mature-woman-shoko-38-years-old/,https://cdn.javmiku.com/wp-content/uploads/2026/09/sykh188pl-550x374.jpg
https://jav.guru/1052497/piyo-240-i-secretly-wanted-to-make-that-girl-i-see-around-town-drink-sperm-adding-special-white-syrup-to-croissants-cakes-pudding-and-drinks-and-in-the-end-making-her-drink-seething-hot-se/,https://cdn.javmiku.com/wp-content/uploads/2026/09/1piyo240pl-550x374.jpg
https://jav.guru/1052498/mesu-146-incompetent-at-work-but-at-night-a-super-stud-who-never-pulls-out-the-close-contact-position-that-made-the-female-boss-fall-remi-saegiki/,https://cdn.javmiku.com/wp-content/uploads/2026/09/h_086mesu146pl-550x374.jpg
https://jav.guru/1052499/mesu-145-affair-exposed-spreads-on-sns-and-blows-up-plan-to-turn-the-beautiful-female-principal-into-a-sex-toy-chiharu-yahiro/,https://cdn.javmiku.com/wp-content/uploads/2026/09/h_086mesu145pl-550x374.jpg
https://jav.guru/1052500/mdvij-029-wives-who-are-made-to-cum-over-and-over-by-their-big-cocked-insatiable-bosses-completely-fall-and-even-end-up-allowing-creampies-5/,https://cdn.javmiku.com/wp-content/uploads/2026/09/48mdvij029pl-550x374.jpg
https://jav.guru/1052501/jura-211-first-time-married-woman-documentary-chapter-2-sayaka-yukihira/,https://cdn.javmiku.com/wp-content/uploads/2026/09/h_086jura211pl-550x374.jpg
https://jav.guru/1052502/gdjp-009-tracking-dogeza-pickup-screaming-married-woman-killer-9/,https://cdn.javmiku.com/wp-content/uploads/2026/09/gdjp009pl-550x374.jpg
https://jav.guru/1052503/dldss-554-lust-starved-company-presidents-wife-secretly-visits-the-middle-aged-mans-janitor-room-reeking-of-sweat-and-oil-kasuga-hine/,https://cdn.javmiku.com/wp-content/uploads/2026/09/1dldss554pl-550x374.jpg
https://jav.guru/1052504/akdl-367-sexual-harassment-desired-female-employee-yurira-25-years-old-a-perverted-beautiful-office-lady-who-wants-to-become-a-sex-pet-for-her-employees/,https://cdn.javmiku.com/wp-content/uploads/2026/09/1akdl00367pl-550x374.jpg
https://jav.guru/1052505/agav-171-please-rpe-me-a-lot-sex-android-arina-kuninaka-arina/,https://cdn.javmiku.com/wp-content/uploads/2026/09/agav171pl-550x374.jpg
https://jav.guru/1052506/agav-170-the-gut-wrenchingly-disgusting-worst-record-of-a-pure-girl-becoming-an-obedient-sex-slave-mikoto-momomi/,https://cdn.javmiku.com/wp-content/uploads/2026/09/agav170pl-550x374.jpg
https://jav.guru/1052577/xvsr-308-nonstop-drinking-x-the-most-erotic-sex-asami-nagase/,https://cdn.javmiku.com/wp-content/uploads/2026/09/xvsr308sopl-550x374.jpg
https://jav.guru/1052578/whx-042-how-to-make-a-woman-who-gets-fucked-case02-why-dont-you-try-drowning-in-sex-how-to-make-a-pleasure-woman-who-feels-good/,https://cdn.javmiku.com/wp-content/uploads/2026/09/h_849whx042pl-550x374.jpg
https://jav.guru/1052579/wa-593-ntr-orgy-with-a-mom-friend-i-met-at-a-festival-first-time-massive-sex-party-god-tier-development-lol/,https://cdn.javmiku.com/wp-content/uploads/2026/09/h_047wa593pl-550x374.jpg
https://jav.guru/1052580/t28-524-schoolgirl-corner-masturbation-submission-videos-purchased-through-website-recruitment/,https://cdn.javmiku.com/wp-content/uploads/2026/09/55t28524pl-550x374.jpg
https://jav.guru/1052581/start-637-28-creampie-massive-orgy-nonstop-and-uncut-getting-relentlessly-pounded-by-30-cocks-and-bukkake-hikari-aozora/,https://cdn.javmiku.com/wp-content/uploads/2026/09/1start637vpl-550x374.jpg
https://jav.guru/1052582/start-633-watch-me-get-pregnant-by-someone-other-than-you-the-wife-who-implants-30-days-later-a-record-of-open-cuckold-impregnation-ntr-sex-where-a-newlywed-couple-trying-to-conceive-has-the/,https://cdn.javmiku.com/wp-content/uploads/2026/09/1start633pl-550x374.jpg
https://jav.guru/1052583/start-604-at-the-school-festival-student-council-president-nano-chan-is-way-too-erotic-in-her-almost-fully-nude-cosplay-and-the-shop-has-a-huge-line-booming-business-she-seduces-in-reverse-bunny/,https://cdn.javmiku.com/wp-content/uploads/2026/09/1start604pl-550x374.jpg
https://jav.guru/1052584/sods-090-anal-virgin-6-girls-first-anal-milk-enema-massive-gushing-compilation-fully-enjoy-300-minutes-of-dripping-intestinal-juices-and-straining-orgasms-special/,https://cdn.javmiku.com/wp-content/uploads/2026/09/1sods090pl-550x374.jpg
https://jav.guru/1052585/sdmm-239-magic-mirror-number-health-and-pe-extracurricular-lesson-flaunting-intense-adult-sex-right-in-front-of-current-high-school-girls/,https://cdn.javmiku.com/wp-content/uploads/2026/09/1sdmm00239pl-550x374.jpg
https://jav.guru/1052586/sdjs-382-sod-female-employee-second-year-hr-department-hikage-yoda-challenges-the-agonizing-endurance-duty-tormented-at-a-company-information-session-while-future-juniors-watch-over-her/,https://cdn.javmiku.com/wp-content/uploads/2026/09/1sdjs382pl-550x374.jpg
https://jav.guru/1052587/sdab-359-18-year-old-sexual-development-the-baby-faced-kyudo-girl-cums-continuously-her-body-loosened-by-oil-massage-gets-sexual-development-with-follow-up-hold-pistoning-yua-kaname/,https://cdn.javmiku.com/wp-content/uploads/2026/09/1sdab359pl-550x374.jpg
https://jav.guru/1052588/pym-577-cowgirl-focused-hip-pounding-dildo-masturbation-with-love-juices-dripping-as-they-swallow-cocks-whole-10-selfie-girls/,https://cdn.javmiku.com/wp-content/uploads/2026/09/h_283pym577pl-550x374.jpg
https://jav.guru/1052589/pts-555-sweaty-pantyhose-office-ladies-only-orgasm-endurance-challenge-via-shameful-restrained-cunnilingus/,https://cdn.javmiku.com/wp-content/uploads/2026/09/h_021pts555pl-550x374.jpg
https://jav.guru/1052590/pts-554-i-tried-turning-an-introverted-girl-into-a-different-person-with-druggd-sex/,https://cdn.javmiku.com/wp-content/uploads/2026/09/h_021pts554pl-550x374.jpg
https://jav.guru/1052591/pkpd-175-completely-private-footage-of-bareback-loving-e-cup-college-slut-kanna-shirosaki-chan-on-her-first-overnight-stay-alone-together-kanna-shirosaki/,https://cdn.javmiku.com/wp-content/uploads/2026/09/pkpd175pl-550x374.jpg
https://jav.guru/1052593/nps-476-real-nanpa-can-male-female-friendship-really-exist-the-female-senior-innocent-looking-carnivore-and-male-junior-infinite-lust-virgin-play-strip-rock-paper-scissors/,https://cdn.javmiku.com/wp-content/uploads/2026/09/h_021nps476pl-550x374.jpg
https://jav.guru/1052594/mvsh-006-the-woman-who-moved-into-the-room-across-the-way-was-a-crazy-exhibitionist-nudist-beauty-who-flaunted-her-full-nudity-masturbation-and-sex-at-the-middle-aged-guy-only-his-wife-knows-about/,https://cdn.javmiku.com/wp-content/uploads/2026/09/mvsh00006pl-550x374.jpg
https://jav.guru/1052595/mvsd-706-married-womans-home-salon-the-young-wife-esthetician-who-fell-to-her-lowlife-scumbag-neighbors-filthy-huge-cock-mochino-yomogi/,https://cdn.javmiku.com/wp-content/uploads/2026/09/mvsd00706pl-550x374.jpg
https://jav.guru/1052596/mvsd-700-od-trans-chemsex-aphrodisiac-addicted-pussy-half-gal-cums-crazily-with-male-moans-in-explosive-piss-squirting-explosive-piston-fuck/,https://cdn.javmiku.com/wp-content/uploads/2026/09/mvsd00700pl-550x374.jpg
https://jav.guru/1052597/mopg-010-a-mans-fantasy-office-the-ideal-senior-ol-who-makes-me-have-a-female-orgasm-with-massive-ejaculation-and-a-huge-strap-on-an-takase/,https://cdn.javmiku.com/wp-content/uploads/2026/09/mopg010sopl-550x374.jpg
https://jav.guru/1052598/mope-026-anal-fisting-foot-fucking-the-pleasure-a-man-feels-in-his-anus-dry-orgasm/,https://cdn.javmiku.com/wp-content/uploads/2026/09/mope026sopl-550x374.jpg
https://jav.guru/1052599/mopa-025-mans-nipples-x-a-womans-body-odor-and-fluids-dry-orgasms-that-make-him-cum-over-and-over-yuna-hoshizaki/,https://cdn.javmiku.com/wp-content/uploads/2026/09/mopa025sopl-550x374.jpg
https://jav.guru/1052600/midd-964-soaking-wet-sex-with-incontinence-and-squirting-kokone-mizutani/,https://cdn.javmiku.com/wp-content/uploads/2026/09/midd964pl-550x374.jpg
https://jav.guru/1052608/jbjb-038-the-pure-looking-beautiful-girl-overflowing-with-clear-beauty-was-actually-an-innocent-super-slut-who-can-handle-both-extreme-s-and-extreme-m-machi-ikuta/,https://cdn.javmiku.com/wp-content/uploads/2026/09/h_687jbjb038pl-550x374.jpg
https://jav.guru/1052610/fskt-030-compensated-dating-business-trip-expedition-diary-fukushima-countryside-plain-big-tits-high-school-girl-creampie-sperm-soaked/,https://cdn.javmiku.com/wp-content/uploads/2026/09/h_491fskt030pl-550x374.jpg
https://jav.guru/1052619/c-2464-raw-footage-lesbian-hot-spring-trip-03/,https://cdn.javmiku.com/wp-content/uploads/2026/09/140c2464pl-550x374.jpg
https://jav.guru/1052620/c-2463-mature-married-woman-interview-pov-fuck-19/,https://cdn.javmiku.com/wp-content/uploads/2026/09/140c2463pl-550x374.jpg
https://jav.guru/1052621/c-2414-mature-womans-erotic-journey-004/,https://cdn.javmiku.com/wp-content/uploads/2026/09/140c2414pl-550x374.jpg
https://jav.guru/1052622/bobb-286-three-amateur-girls-with-big-tits-if-we-wear-glasses-wont-we-get-found-out/,https://cdn.javmiku.com/wp-content/uploads/2026/09/bobb286pl-550x374.jpg
https://jav.guru/1052623/bobb-279-completely-newly-filmed-big-tits-night-crawling/,https://cdn.javmiku.com/wp-content/uploads/2026/09/bobb279pl-550x374.jpg
https://jav.guru/1052737/t38-071-the-real-target-is-the-innocent-stepdaughters-of-his-remarried-wife-haru-shiori-nanaha/,https://cdn.javmiku.com/wp-content/uploads/2026/09/55t38071pl-550x374.jpg
https://jav.guru/1052739/mxgs-1447-the-ultimate-kiss-demon-ririka-amaha-melting-from-sticky-sweet-kisses/,https://cdn.javmiku.com/wp-content/uploads/2026/09/h_068mxgs1447pl-550x374.jpg
https://jav.guru/1052740/mxgs-1446-office-shared-room-ntr-during-a-business-trip-i-became-the-hated-bosss-business-trip-onapet-rio-asahina/,https://cdn.javmiku.com/wp-content/uploads/2026/09/h_068mxgs1446pl-550x374.jpg
https://jav.guru/1052741/mxgs-1445-pilates-experience-special-instruction-from-a-perverted-instructor-yuka-chiba/,https://cdn.javmiku.com/wp-content/uploads/2026/09/h_068mxgs1445pl-550x374.jpg
https://jav.guru/1052742/mxgs-1444-the-story-of-how-an-insecure-plain-girl-with-glasses-turned-out-to-have-an-erotic-body-when-she-stripped-so-after-i-endlessly-praised-her-erotic-body-and-blowjob-skills-she-awakened-into/,https://cdn.javmiku.com/wp-content/uploads/2026/09/h_068mxgs1444pl-550x374.jpg
https://jav.guru/1052745/jimmy-009-days-spent-with-a-male-relative-i-have-to-teach-this-girl-who-doesnt-know-how-to-handle-women-that-the-portio-isnt-food-sakuragi-nagisa/,https://cdn.javmiku.com/wp-content/uploads/2026/09/JIMMY-009-550x374.jpg
https://jav.guru/1052746/ienf-470-lewd-schoolgirls-dirty-talk-to-you-with-squelching-continuous-orgasms-in-school-swimsuit-masturbation-9/,https://cdn.javmiku.com/wp-content/uploads/2026/09/1ienf470pl-550x374.jpg
https://jav.guru/1052747/ienf-458-you-were-looking-at-my-panties-right-a-little-devil-schoolgirl-sets-up-panty-flash-traps-by-deliberately-posing-to-show-her-panties-and-toys-with-unknown-men-komatu-motoka-kawakami/,https://cdn.javmiku.com/wp-content/uploads/2026/09/1ienf458pl-550x374.jpg
https://jav.guru/1052761/akdl-371-armpit-love-my-fuck-buddy-is-in-love-with-my-armpits-the-downtime-of-a-corporate-slave-office-lady-is-filled-with-a-sex-life-where-shes-spoiled-by-men-sales-mami-25-years-old-zenba-m/,https://cdn.javmiku.com/wp-content/uploads/2026/09/1akdl00371pl-550x374.jpg
https://jav.guru/1052875/wawa-045-exquisite-soap-princess-relaxation-soap-infinite-climaxes-the-ultimate-healing-misaki-kanna/,https://cdn.javmiku.com/wp-content/uploads/2026/09/1wawa045pl-550x374.jpg
https://jav.guru/1052876/tenh-025-suddenly-but-may-i-play-with-your-nipples-big-tits-all-firm-small-tits-rock-hard-pinching-and-kneading-those-nipples-and-while-at-it-developing-amateur-mature-women-for-nipple-orgas/,https://cdn.javmiku.com/wp-content/uploads/2026/09/h_086tenh25pl-550x374.jpg
https://jav.guru/1052877/sw-1067-big-ass-close-contact-mens-esthetic-her-oil-smeared-big-ass-tempts-you-with-a-defenseless-miniskirt-panty-flash-because-my-rock-hard-cock-wouldnt-settle-down-the-secretly-perverted-e/,https://cdn.javmiku.com/wp-content/uploads/2026/09/1sw1067pl-550x374.jpg
https://jav.guru/1052880/onsd-911-raped-schoolgirl-the-soiled-uniform/,https://cdn.javmiku.com/wp-content/uploads/2026/09/onsd911pl-550x374.jpg
https://jav.guru/1052881/onsd-777-best-easy-to-cum-woman-on-top/,https://cdn.javmiku.com/wp-content/uploads/2026/09/onsd777pl-550x374.jpg
https://jav.guru/1052882/nhdtc-254-timid-girl-fingered-while-sleeping-on-a-night-bus-too-terrified-to-open-her-eyes-so-she-pretends-to-sleep-while-cumming-over-and-over-5-extra-creampie-sp/,https://cdn.javmiku.com/wp-content/uploads/2026/09/1nhdtc254pl-550x374.jpg
https://jav.guru/1052883/nhdtc-253-women-only-apartment-shame-2-the-plain-girl-who-twitches-her-hips-and-cums-hard-from-sticky-small-tit-teasing/,https://cdn.javmiku.com/wp-content/uploads/2026/09/1nhdtc253pl-550x374.jpg
https://jav.guru/1052884/nhdtc-252-the-married-woman-who-cant-move-on-a-crowded-bus-gets-tongue-kissed-for-a-long-time-has-her-melting-face-seen-and-starts-gripping-a-young-cock/,https://cdn.javmiku.com/wp-content/uploads/2026/09/1nhdtc252pl-550x374.jpg
https://jav.guru/1052885/nhdtc-245-cant-resist-consecutive-creampies-in-the-calligraphy-girls-seiza-ass-unable-to-refuse-the-sexual-harassment-practice-she-gets-pounded-hard-with-her-asshole-twitching-in-an-incontinen/,https://cdn.javmiku.com/wp-content/uploads/2026/09/1nhdtc245pl-550x374.jpg
https://jav.guru/1052886/neo-954-farts-and-innocence-iku-toba/,https://cdn.javmiku.com/wp-content/uploads/2026/09/433neo954pl-550x374.jpg
https://jav.guru/1052889/mmr-az040-misa-kubota/,https://cdn.javmiku.com/wp-content/uploads/2026/09/1560702734_mmr-az040-550x374.jpg
https://jav.guru/1052890/mmr-ar003-rie-matsuoka/,https://cdn.javmiku.com/wp-content/uploads/2026/09/mmr-ar003-550x374.jpg
https://jav.guru/1052891/mmr-aq033-mariko-takayama/,https://cdn.javmiku.com/wp-content/uploads/2026/09/306294716_2498-550x374.jpg
https://jav.guru/1052892/mmr-aq030-iwasaki-mana/,https://cdn.javmiku.com/wp-content/uploads/2026/09/1689-550x374.jpg
https://jav.guru/1052893/mmr-aq023-konomi-tachibana/,https://cdn.javmiku.com/wp-content/uploads/2026/09/1572210777_mmr-aq023-550x374.jpg
https://jav.guru/1052894/mmr-aq012-saori-ninomiya/,https://cdn.javmiku.com/wp-content/uploads/2026/09/1569504017_mmr-aq012-550x374.jpg
https://jav.guru/1052895/mmr-ap012-yuzuna-aida-g-goda-yuna/,https://cdn.javmiku.com/wp-content/uploads/2026/09/1573089219_mmr-ap012-550x374.jpg
https://jav.guru/1052896/mmr-ak068-moe-hirano/,https://cdn.javmiku.com/wp-content/uploads/2026/09/1563466821_mmr-ak068-550x374.jpg
https://jav.guru/1052900/mmr-ak041-rika-ootaki/,https://cdn.javmiku.com/wp-content/uploads/2026/09/345-550x374.jpg
https://jav.guru/1052901/mmr-ak034-nana-arima/,https://cdn.javmiku.com/wp-content/uploads/2026/09/3020-550x374.jpg
https://jav.guru/1052902/mmr-ak012-chihiro-minegishi/,https://cdn.javmiku.com/wp-content/uploads/2026/09/2824-550x374.jpg
https://jav.guru/1052903/mmr-ak011-nana-arima/,https://cdn.javmiku.com/wp-content/uploads/2026/09/1563-550x374.jpg
https://jav.guru/1052904/mmr-ab003-asuka-okamoto-i-kawai-mayu-kawai-mayu/,https://cdn.javmiku.com/wp-content/uploads/2026/09/406mmrab00003pl-550x374.jpg
https://jav.guru/1052905/mmr-aa081-fuga-fuga-takimoto-shizuki/,https://cdn.javmiku.com/wp-content/uploads/2026/09/n_709mmraa081pl-550x374.jpg
https://jav.guru/1052906/mmr-aa071-milky-purun-reika-senoo/,https://cdn.javmiku.com/wp-content/uploads/2026/09/n_709mmraa071pl-550x374.jpg
https://jav.guru/1052909/mmr-aa059-kobayashi-kasumi/,https://cdn.javmiku.com/wp-content/uploads/2026/09/1596530368_mmr-aa059-550x374.jpg
https://jav.guru/1052910/mmr-aa048-hd-ayaka-fushimi/,https://cdn.javmiku.com/wp-content/uploads/2026/09/2535-550x374.jpg
https://jav.guru/1052911/mmr-aa036-chia-kinoshita/,https://cdn.javmiku.com/wp-content/uploads/2026/09/674-550x374.jpg
https://jav.guru/1052912/mmr-aa031-akina/,https://cdn.javmiku.com/wp-content/uploads/2026/09/547623093_1418-550x374.jpg
https://jav.guru/1052913/mmr-aa009-the-switch-of-desire-karen-terashima/,https://cdn.javmiku.com/wp-content/uploads/2026/09/406mmraa00009pl-550x374.jpg
https://jav.guru/1052914/mmr-aa002-umeda-nonoka/,https://cdn.javmiku.com/wp-content/uploads/2026/09/1346-550x374.jpg
https://jav.guru/1052915/milk-308-akari-niimura-10th-debut-anniversary-commemorative-5-hour-best-milk-special-compilation/,https://cdn.javmiku.com/wp-content/uploads/2026/09/h_1240milk308pl-550x374.jpg
https://jav.guru/1052916/milk-307-sexual-desire-runs-wild-sweaty-and-juice-drenched-intense-sexercise-with-a-g-cup-huge-tits-trainer-until-the-sperm-runs-dry-ayase-kokoro/,https://cdn.javmiku.com/wp-content/uploads/2026/09/h_1240milk307pl-550x374.jpg
https://jav.guru/1052926/jura-213-first-time-married-woman-documentary-chapter-2-akari-moriyama/,https://cdn.javmiku.com/wp-content/uploads/2026/09/h_086jura213pl-550x374.jpg
https://jav.guru/1052929/jrze-321-first-filming-documentary-of-a-sixty-year-old-wife-yukiko-ozawa/,https://cdn.javmiku.com/wp-content/uploads/2026/09/h_086jrze321pl-550x374.jpg
https://jav.guru/1052930/jrze-320-first-time-filming-documentary-of-a-fifty-year-old-wife-misako-enami/,https://cdn.javmiku.com/wp-content/uploads/2026/09/h_086jrze320pl-550x374.jpg
https://jav.guru/1052931/jrze-319-first-filming-married-woman-documentary-shinobu-namisaka/,https://cdn.javmiku.com/wp-content/uploads/2026/09/h_086jrze319pl-550x374.jpg
https://jav.guru/1052932/iro-064-the-busty-married-woman-whose-tits-are-so-incredible-that-molesters-flock-right-over-for-creampie-on-the-train-momose-jougasaki/,https://cdn.javmiku.com/wp-content/uploads/2026/09/h_086iro64pl-550x374.jpg
https://jav.guru/1052933/iqqqx-005-married-woman-teachers-who-get-10-times-wetter-in-silent-orgasm-lessons-dx5-10-women-4-hours/,https://cdn.javmiku.com/wp-content/uploads/2026/09/h_086iqqqx05pl-550x374.jpg
https://jav.guru/1052935/hone-299-i-never-thought-id-end-up-giving-my-virginity-to-my-beloved-grandmother-saki-sunohara/,https://cdn.javmiku.com/wp-content/uploads/2026/09/h_086hone299pl-550x374.jpg
https://jav.guru/1052937/euud-92-honoka-mitsuhara-forgets-the-everyday-world-bares-her-true-nature-and-fucks-relentlessly-on-a-breeding-mixed-bath-hot-spring-trip/,https://cdn.javmiku.com/wp-content/uploads/2026/09/h_086euud92pl-550x374.jpg
https://jav.guru/1052940/dldss-540-during-exams-after-a-month-of-abstinence-i-ended-up-impregnating-my-friends-mother-miyagami-yuika/,https://cdn.javmiku.com/wp-content/uploads/2026/09/1dldss540pl-550x374.jpg
https://jav.guru/1052941/cherd-108-would-you-mind-if-your-first-time-is-bareback-with-an-older-woman-a-virgin-boy-has-the-best-deflowering-sex-with-a-married-mature-woman-shiori-kimika/,https://cdn.javmiku.com/wp-content/uploads/2026/09/h_086cherd108pl-550x374.jpg
https://jav.guru/1052942/aarm-367-endless-saliva-slurping-nipple-licking-x-tornado-edging-oil-handjob-6/,https://cdn.javmiku.com/wp-content/uploads/2026/09/aarm367pl-550x374.jpg
https://jav.guru/1053032/abf-386-creampie-sex-log-of-a-perverted-couple-living-together-dominated-by-lust-miyoshi-uta/,https://cdn.javmiku.com/wp-content/uploads/2026/09/pb_e_abf-386-550x374.jpg
https://jav.guru/1053033/abf-385-sweet-melting-close-contact-esthetic-milked-dry-to-the-very-last-drop-in-an-exquisite-detox-unlimited-ejaculations-asuna-kawai/,https://cdn.javmiku.com/wp-content/uploads/2026/09/pb_e_abf-385-550x374.jpg
https://jav.guru/1053080/ure-142-exclusive-iyo-shinoharas-first-original-collaboration-original-work-irodori-gyunyu-4-5-trop-1-taking-the-postpartum-virginity-of-the-married-woman-caught-masturbating-live-action-vers/,https://cdn.javmiku.com/wp-content/uploads/2026/09/ure142pl-550x374.jpg
https://jav.guru/1053081/ure-140-tina-nanamis-first-original-work-collaboration-original-work-tama-go-manager-youve-got-big-tits-and-youre-a-bit-m-right-live-action-version/,https://cdn.javmiku.com/wp-content/uploads/2026/09/ure140pl-550x374.jpg
https://jav.guru/1053082/snos-444-170cm-g-cup-new-graduate-av-actress-fresh-pussy-in-massive-convulsions-the-ultimate-working-woman-squirts-arches-her-back-and-reaches-the-first-massive-orgasmic-climax-of-her-life-ne/,https://cdn.javmiku.com/wp-content/uploads/2026/09/snos444pl-550x374.jpg
https://jav.guru/1053083/snos-405-the-slutty-office-lady-who-cant-forget-the-pleasure-of-being-groped-in-the-crowd-and-boards-a-packed-train-braless-wanting-to-get-molested-aika-yumeno/,https://cdn.javmiku.com/wp-content/uploads/2026/09/snos405pl-550x374.jpg
https://jav.guru/1053084/snos-403-even-during-class-she-secretly-masturbates-this-adolescent-girl-overflowing-with-sexual-hormones-and-every-day-at-school-i-her-classmate-get-secretly-fucked-by-her-shirakami-saki/,https://cdn.javmiku.com/wp-content/uploads/2026/09/snos403pl-550x374.jpg
https://jav.guru/1053085/snos-402-if-i-treat-her-gently-the-way-too-easy-yandere-girl-at-my-part-time-job-who-lets-me-do-cum-swallowing-and-real-sex-too-airi-nagisa/,https://cdn.javmiku.com/wp-content/uploads/2026/09/snos402pl-550x374.jpg
https://jav.guru/1053086/snos-400-right-after-abstinence-she-turns-into-a-beast-in-an-aphrodisiac-bath-non-stop-ahegao-and-massive-incontinence-riri-nanatsumori/,https://cdn.javmiku.com/wp-content/uploads/2026/09/snos400pl-550x374.jpg
https://jav.guru/1053087/snos-399-huge-cock-adultery-ntr-my-girlfriend-who-accepted-my-8cm-cock-with-a-smile-gets-completely-turned-into-a-bitch-by-my-scumbag-senpais-20cm-cock-asano-kokoro/,https://cdn.javmiku.com/wp-content/uploads/2026/09/snos399pl-550x374.jpg
https://jav.guru/1053088/snos-398-the-newly-dispatched-pta-member-washio-san-who-values-discipline-morality-and-order-is-excessively-strict-has-fucking-huge-tits-and-is-just-plain-erotic/,https://cdn.javmiku.com/wp-content/uploads/2026/09/snos398pl-550x374.jpg
https://jav.guru/1053089/snos-397-the-tipsy-nightlife-older-sisters-sticky-sweet-alcohol-laced-tongue-kiss-temptation-that-melts-this-part-timer-into-falling-kuraki-hana/,https://cdn.javmiku.com/wp-content/uploads/2026/09/snos397pl-550x374.jpg
https://jav.guru/1053090/snos-396-dynamic-m-cup-that-shakes-the-world-in-9-situations-minami-haru/,https://cdn.javmiku.com/wp-content/uploads/2026/09/snos396pl-550x374.jpg
https://jav.guru/1053091/snos-393-the-sexual-harassment-boss-she-hates-to-death-obtains-a-time-stopping-skill-nanoka-hatsumi/,https://cdn.javmiku.com/wp-content/uploads/2026/09/snos393pl-550x374.jpg
https://jav.guru/1053092/snos-387-full-orgasm-course-that-destroys-a-womans-erogenous-zones-into-batshit-crazy-taught-by-an-ai-fed-10000-avs-yuka-murakami/,https://cdn.javmiku.com/wp-content/uploads/2026/09/snos387pl-550x374.jpg
https://jav.guru/1053093/snos-377-today-i-want-abnormal-sex-when-i-fucked-my-flight-attendant-girlfriend-senseless-after-she-sweet-talked-me-like-that-she-awakened-as-a-hardcore-masochist-saika-kawakita/,https://cdn.javmiku.com/wp-content/uploads/2026/09/snos377pl-550x374.jpg
https://jav.guru/1053094/snos-375-she-pulls-down-the-zipper-right-after-we-meet-a-cute-but-insanely-vulgar-rental-girlfriend-natsuo-natsu/,https://cdn.javmiku.com/wp-content/uploads/2026/09/snos375pl-550x374.jpg
https://jav.guru/1053095/snos-367-the-plain-classmate-has-amazing-tits-when-she-strips-the-temptation-of-her-way-too-unaware-precocious-i-cups-kanon-hayasaka/,https://cdn.javmiku.com/wp-content/uploads/2026/09/snos367pl-550x374.jpg
https://jav.guru/1053096/snos-350-ill-teach-you-something-good-cocks-and-sperm-are-drinks-you-know-my-older-cousin-who-came-back-to-our-hometown-swallows-my-cock-whole-and-gulps-it-down-kisora-araki/,https://cdn.javmiku.com/wp-content/uploads/2026/09/snos350pl-550x374.jpg
https://jav.guru/1053097/snos-344-my-girlfriends-little-sister-who-missed-the-last-train-and-came-to-stay-over-flashes-her-j-cup-big-tits-and-slender-bare-legs-as-she-goes-after-my-cock-with-every-trick-in-the-book-hon/,https://cdn.javmiku.com/wp-content/uploads/2026/09/snos344pl-550x374.jpg
https://jav.guru/1053098/snos-337-strikingly-beautiful-20-year-old-goddess-body-blasts-through-the-limits-of-orgasm-awakening-climax-konoa-mitsu/,https://cdn.javmiku.com/wp-content/uploads/2026/09/snos337pl-550x374.jpg
https://jav.guru/1053099/jur-865-only-i-the-class-rep-know-the-hidden-face-of-student-guidance-teacher-ms-rei-after-school-im-spending-all-my-time-on-campus-exhibitionism-with-the-most-serious-female-teacher-in-the-s/,https://cdn.javmiku.com/wp-content/uploads/2026/09/jur865pl-550x374.jpg
https://jav.guru/1053100/jur-863-my-girlfriends-mother-has-an-excessively-strong-sex-drive-and-is-a-total-strike-for-me-so-im-offering-her-my-erect-cock-over-and-over-again-in-secret-from-my-girlfriend-ayano-kato/,https://cdn.javmiku.com/wp-content/uploads/2026/09/jur863pl-550x374.jpg
https://jav.guru/1053101/jur-855-dear-manager-ive-decided-to-transfer-my-residence-to-your-wifes-big-ass/,https://cdn.javmiku.com/wp-content/uploads/2026/09/jur855pl-550x374.jpg
https://jav.guru/1053102/jur-828-window-side-close-contact-molestation-continuously-fondled-all-over-my-body-during-my-commute-i-was-made-to-fall-into-pleasure-and-today-i-offer-my-body-again/,https://cdn.javmiku.com/wp-content/uploads/2026/09/jur828pl-550x374.jpg
https://jav.guru/1053103/jur-825-the-too-beautiful-married-housekeeper-with-a-huge-ass-who-gets-her-defenseless-ass-immediately-penetrated-while-cleaning-goes-crazy-cumming-with-her-asshole-unexpectedly-exposed-and-drowns/,https://cdn.javmiku.com/wp-content/uploads/2026/09/jur825pl-550x374.jpg
https://jav.guru/1053104/jur-264-submitted-true-story-my-wife-was-passed-around-kana-mito-part-2-the-white-body-soaked-bright-red-with-humiliation/,https://cdn.javmiku.com/wp-content/uploads/2026/09/jur264pl-550x374.jpg
https://jav.guru/1053105/jur-093-the-nameless-diamond-in-the-rough-wife-28-years-old-av-appearance-the-late-arriving-real-deal-birth-of-the-next-generation-mrs/,https://cdn.javmiku.com/wp-content/uploads/2026/09/jur093pl-550x374.jpg
https://jav.guru/1053106/dsod-088-edging-camp-with-the-crazy-swimming-clubs-twin-carnivorous-athletes-even-with-precum-dripping-everywhere-their-merciless-slutty-torment-causes-consecutive-premature-ejaculations-and/,https://cdn.javmiku.com/wp-content/uploads/2026/09/dsod088pl-550x374.jpg
https://jav.guru/1053107/dsod-080-youre-secretly-filming-bring-it-on-the-former-gal-young-landlady-who-inherited-her-familys-inn-edges-the-complaining-guest-who-showed-up-with-handjobs-and-pussyjobs-until-hes-left/,https://cdn.javmiku.com/wp-content/uploads/2026/09/dsod080pl-550x374.jpg
https://jav.guru/1053108/dsod-072-a-very-happy-destructive-impulse-this-stuck-up-woman-ill-thoroughly-corner-her-and-turn-her-into-a-training-sandbag-miu-shiromine/,https://cdn.javmiku.com/wp-content/uploads/2026/09/dsod072pl-550x374.jpg
https://jav.guru/1053109/dsod-038-busty-wife-who-falls-into-orgasm-from-the-trainers-womb-gouging-doggy-style-pounding-and-goes-every-day-to-get-cuckolded-ayasa-sasakura/,https://cdn.javmiku.com/wp-content/uploads/2026/09/dsod038pl-550x374.jpg
