page_url,image_url
https://jav.guru/1051231/vod-062-virgin-boys-assemble-oguri-misao-lures-you-to-cum-with-ultra-dirty-talk-in-the-ultimate-deflowering-creampie-documentary/,https://cdn.javmiku.com/wp-content/uploads/2026/09/vod062pl-550x374.jpg
https://jav.guru/1051232/venx-381-my-aunt-who-came-to-stay-at-my-house-is-so-lovable-that-i-fuck-her-nonstop-from-morning-till-night-for-the-best-two-days-filled-with-eroticism-kaori-mori/,https://cdn.javmiku.com/wp-content/uploads/2026/09/venx381pl-550x374.jpg
https://jav.guru/1051233/vagu-295-locked-up-and-unable-to-hold-her-pee-the-mother-in-law-gushes-with-incontinence-and-my-lust-wont-stop-as-i-creampie-her-to-climax-over-and-over-while-fucking-and-spraying-piss-in-incest/,https://cdn.javmiku.com/wp-content/uploads/2026/09/vagu295pl-550x374.jpg
https://jav.guru/1051243/prwf-016-at-the-inn-run-by-a-married-couple-summoned-for-an-old-male-guests-evening-drinks-the-wife-who-fell-into-creampie-hospitality-that-doesnt-end-even-when-morning-comes-sora-komatsu/,https://cdn.javmiku.com/wp-content/uploads/2026/09/prwf016pl-550x374.jpg
https://jav.guru/1051246/pred-899-class-reunion-cuckold-on-a-night-of-no-contact-my-wife-was-being-creampied-by-her-perfectly-compatible-ex-boyfriend-behind-my-back-yukimura-izuki/,https://cdn.javmiku.com/wp-content/uploads/2026/09/pred899pl-550x374.jpg
https://jav.guru/1051247/pred-898-even-old-geezer-customers-get-rock-hard-and-insatiable-tongue-kissing-ptom-until-your-cock-goes-stupid-full-power-service-in-embarrassing-outfits-cumming-nonstop-creampie-massage-kana-ta/,https://cdn.javmiku.com/wp-content/uploads/2026/09/pred898pl-550x374.jpg
https://jav.guru/1051248/pred-894-mom-is-hooked-on-a-scumbag-guy-im-being-frced-to-help-with-that-yuna-hinata/,https://cdn.javmiku.com/wp-content/uploads/2026/09/pred894pl-550x374.jpg
https://jav.guru/1051250/pppe-446-i-lost-all-reason-over-my-students-big-tits-and-ended-up-having-creampie-sex-with-rena-over-and-over-again-at-a-love-hotel-after-school-rena-momozono/,https://cdn.javmiku.com/wp-content/uploads/2026/09/pppe446pl-550x374.jpg
https://jav.guru/1051251/pppe-443-timid-big-tits-club-girl-who-couldnt-say-the-word-no-and-kept-getting-made-to-cum-embarrassingly-by-an-erotic-masseur-miyu-aizawa/,https://cdn.javmiku.com/wp-content/uploads/2026/09/pppe443pl-550x374.jpg
https://jav.guru/1051252/pppe-442-spence-mammary-gland-development-clinic-special-anzu-an/,https://cdn.javmiku.com/wp-content/uploads/2026/09/pppe442pl-550x374.jpg
https://jav.guru/1051253/pppe-441-slutty-rejuvenation-esthetic-that-guides-you-to-ball-reviving-ejaculation-with-fully-exposed-huge-tits-in-a-lewd-outfit-and-dirty-talk-titjobs-fumika-nakayama/,https://cdn.javmiku.com/wp-content/uploads/2026/09/pppe441pl-550x374.jpg
https://jav.guru/1051254/pppe-440-unable-to-endure-living-with-my-j-cup-huge-titted-stepdaughter-from-remarriage-i-hide-from-my-wife-and-stickily-lick-rape-and-impregnate-her-domestic-tongue-kiss-molestation-creampie-ra/,https://cdn.javmiku.com/wp-content/uploads/2026/09/pppe440pl-550x374.jpg
https://jav.guru/1051255/pppe-439-how-to-spences-mammary-gland-development-academy-textbook-av-that-lets-you-make-women-feel-pleasure-with-their-tits-if-you-watch-it-karen-yuzuriha/,https://cdn.javmiku.com/wp-content/uploads/2026/09/pppe439pl-550x374.jpg
https://jav.guru/1051256/nima-083-live-action-version-the-clumsy-duo-misaki-kanna/,https://cdn.javmiku.com/wp-content/uploads/2026/09/nima083pl-550x374.jpg
https://jav.guru/1051263/mudr-402-chemistry-club-jk-drinks-an-aphrodisiac-that-works-too-well-and-instantly-goes-into-heat-sensitivity-maxed-out-begging-to-cum-cum-old-man-cocks-and-creepy-guys-cocks-are-all-welcome/,https://cdn.javmiku.com/wp-content/uploads/2026/09/mudr402pl-550x374.jpg
https://jav.guru/1051264/mudr-397-i-found-an-adult-toy-calling-out-a-pure-girl-for-a-private-shoot-teasing-instant-fuck-deepthroat-exposure-pissing-and-the-plan-to-turn-her-into-an-onahole-shiori-chan/,https://cdn.javmiku.com/wp-content/uploads/2026/09/mudr397pl-550x374.jpg
https://jav.guru/1051265/mngs-082-the-year-repeating-gal-who-wants-credits-begs-for-it-infinite-ptom-of-blowjob-cum-swallowing-and-pile-driving-creampies-empties-the-balls-of-me-her-teacher-moka-haruhi/,https://cdn.javmiku.com/wp-content/uploads/2026/09/mngs082pl-550x374.jpg
https://jav.guru/1051266/mngs-077-ive-been-waiting-for-you-to-come-home-all-this-time-the-hated-father-in-law-i-reunited-with-after-a-long-time-had-turned-into-a-reeking-old-man-in-a-garbage-room/,https://cdn.javmiku.com/wp-content/uploads/2026/09/mngs077pl-550x374.jpg
https://jav.guru/1051267/mngs-074-kupa-fully-exposed-pussy-parting-the-labia-majora-and-labia-minora-vaginal-opening-left-wide-open-for-120-minutes-rima-arai/,https://cdn.javmiku.com/wp-content/uploads/2026/09/mngs074pl-550x374.jpg
https://jav.guru/1051268/mngs-072-secretly-no-bra-seducing-little-devil-nurse-whispers-sweet-sadistic-dirty-talk-to-an-abstinent-cock-for-a-titjob-sandwiched-cumshot-nanao-ayatsuki/,https://cdn.javmiku.com/wp-content/uploads/2026/09/mngs072pl-550x374.jpg
https://jav.guru/1051269/mimk-291-papa-katsu-save-data-with-time-leap-ability-to-make-cold-girls-fall-for-you-kitaoka-karin/,https://cdn.javmiku.com/wp-content/uploads/2026/09/mimk291pl-550x374.jpg
https://jav.guru/1051270/mikr-123-shirakawa-juices-massive-explosion-3500cc-of-lewd-juices-5200cc-of-orgasm-squirts-5819-convulsions-a-beautiful-lady-sprays-sweat-and-squirt-everywhere-cumming-nonstop-in-a-body-fluids/,https://cdn.javmiku.com/wp-content/uploads/2026/09/mikr123pl-550x374.jpg
https://jav.guru/1051272/mikr-108-the-brat-of-my-mom-friend-who-lives-on-the-high-floors-of-a-tower-mansion-and-always-unconsciously-one-ups-me-pissing-me-off-bullied-my-kd-into-becoming-a-shut-in/,https://cdn.javmiku.com/wp-content/uploads/2026/09/mikr108pl-550x374.jpg
https://jav.guru/1051277/mida-788-whenever-im-pissed-off-i-can-call-her-and-she-comes-right-away-the-plain-glasses-big-tits-15-loads-ejaculated-into-the-convenient-meaty-k-cup-onahole-komomo-koikawa/,https://cdn.javmiku.com/wp-content/uploads/2026/09/mida788pl-550x374.jpg
https://jav.guru/1051282/mida-781-i-looove-blowjobs-the-adolescent-cock-sucking-stepsister-who-became-family-through-her-parents-remarriage-begs-for-cock-in-obscene-cosplay-and-slurps-every-last-drop-of-the-cleanup-too/,https://cdn.javmiku.com/wp-content/uploads/2026/09/mida781pl-550x374.jpg
https://jav.guru/1051283/mida-780-infinite-milking-course-that-wont-stop-no-matter-how-many-times-you-cum-masochist-specialized-soapland-that-leads-you-to-frced-ejaculation-once-every-5-minutes-himari/,https://cdn.javmiku.com/wp-content/uploads/2026/09/mida780pl-550x374.jpg
https://jav.guru/1051287/mida-758-the-new-secretary-whose-pussy-was-managed-with-a-fixed-suction-vibrator-by-the-perverted-boss-she-hates-wetting-training-mayu-misaki/,https://cdn.javmiku.com/wp-content/uploads/2026/09/mida758pl-550x374.jpg
https://jav.guru/1051294/miab-677-dream-woman-vol-101-miyu-aizawa/,https://cdn.javmiku.com/wp-content/uploads/2026/09/miab677pl-550x374.jpg
https://jav.guru/1051295/mfyd-195-a-wife-who-was-doing-erotic-streams-on-sns-with-a-lived-in-feel-tits-and-libido-wants-maximum-sex-for-her-av-debut-yura-tsukishiro/,https://cdn.javmiku.com/wp-content/uploads/2026/09/mfyd195pl-550x374.jpg
https://jav.guru/1051296/mfyd-194-white-skin-elegance-lust-a-pure-white-married-woman-raised-by-kyoto-far-lewder-than-youd-imagine-supernova-suzuka-shirato-32-av-debut/,https://cdn.javmiku.com/wp-content/uploads/2026/09/mfyd194pl-550x374.jpg
https://jav.guru/1051297/mfyd-191-the-sexually-frustrated-married-teacher-turns-into-a-slut-at-5-oclock-after-school-we-kept-getting-fucked-by-the-teacher-whod-unleashed-her-libido-and-gone-full-dirty-slut-until-our-ba/,https://cdn.javmiku.com/wp-content/uploads/2026/09/mfyd191pl-550x374.jpg
https://jav.guru/1051302/mfyd-186-a-demure-plain-wife-has-a-hardcore-masochist-awakening-sm-training-date-where-she-gets-brutally-fucked-by-a-super-sadistic-man-anytime-anywhere/,https://cdn.javmiku.com/wp-content/uploads/2026/09/mfyd186pl-550x374.jpg
https://jav.guru/1051303/mfyd-185-if-its-just-kissing-its-not-cheating-right-a-married-woman-and-a-young-part-timer-at-a-late-night-convenience-store-kiss-nonstop-rei-saegusa/,https://cdn.javmiku.com/wp-content/uploads/2026/09/mfyd185pl-550x374.jpg
https://jav.guru/1051304/mfyd-184-fellatio-meister-x-semen-taster-x-licking-technique-junkie-rena-dan-licks-and-licks-gulping-down-7-ejaculations-all-real-semen-all-cum-swallowing-special-rena-dan/,https://cdn.javmiku.com/wp-content/uploads/2026/09/mfyd184pl-550x374.jpg
https://jav.guru/1051305/mfyd-183-tameike-w-exclusive-reptilians-co-star-two-sex-elite-stamina-monster-beasts-who-know-no-limits-drain-every-drop-of-sperm-all-night-futaba-otani-ruisa-tsuzuki/,https://cdn.javmiku.com/wp-content/uploads/2026/09/mfyd183pl-550x374.jpg
https://jav.guru/1051306/mfyd-182-kanae-yumemis-how-to-for-truly-feel-good-married-couple-sex-put-the-6-methods-into-practice-and-you-too-can-end-a-sexless-marriage-and-have-passionate-sex-that-burns-like-it-did-when-you/,https://cdn.javmiku.com/wp-content/uploads/2026/09/mfyd182pl-550x374.jpg
https://jav.guru/1051312/jufe-630-old-guys-pov-fuck-documentary-stickily-and-richly-devouring-her-completely-in-body-fluid-smeared-sweat-drenched-sex-mia-kosaka/,https://cdn.javmiku.com/wp-content/uploads/2026/09/jufe630pl-550x374.jpg
https://jav.guru/1051319/hmn-918-introducing-my-overly-erotic-girlfriend-the-fearsome-sexual-desire-of-a-20-year-old-creampie-sex-with-a-college-girl-who-has-a-super-weak-pussy-that-gets-wet-immediately-and-cums-nonstop/,https://cdn.javmiku.com/wp-content/uploads/2026/09/hmn918pl-550x374.jpg
https://jav.guru/1051320/hmn-910-beautiful-flight-attendant-from-a-struggling-airline-serves-customers-flashing-her-pussy-in-black-pantyhose-with-no-panties/,https://cdn.javmiku.com/wp-content/uploads/2026/09/hmn910pl-550x374.jpg
https://jav.guru/1051321/hmn-907-caught-in-her-bosss-trap-gang-raped-unconscious-next-to-her-boyfriend-who-passed-out-drunk-made-to-cum-over-and-over-and-creampied-endlessly-until-she-fell-into-pleasure-the-ultra-skinn/,https://cdn.javmiku.com/wp-content/uploads/2026/09/hmn907pl-550x374.jpg
https://jav.guru/1051323/hmn-901-she-decided-to-become-a-new-av-actress-because-of-a-fortune-telling-prophecy-a-ballerina-who-has-even-competed-in-world-class-ballet-competitions-firmly-quits-and-makes-her-av-creampie-deb/,https://cdn.javmiku.com/wp-content/uploads/2026/09/hmn901pl-550x374.jpg
https://jav.guru/1051325/fpre-245-ordered-by-her-husbands-subordinate-into-a-super-perverted-voluptuous-pose-with-her-anus-fully-exposed-the-beautiful-wife-in-her-prime-whose-weakness-was-seized-ao-ebisaki/,https://cdn.javmiku.com/wp-content/uploads/2026/09/fpre245pl-550x374.jpg
https://jav.guru/1051327/ebwh-369-hidden-big-tits-send-the-sns-industry-into-an-uproar-the-top-lead-of-the-salon-model-world-when-she-strips-moist-j-cups-100cm-face-hidden-debut-akina/,https://cdn.javmiku.com/wp-content/uploads/2026/09/ebwh369pl-550x374.jpg
https://jav.guru/1051328/ebwh-368-treat-me-like-a-video-the-h-cup-erotic-dvd-shop-clerk-24-who-gets-double-takes-every-inventory-is-messily-sunk-with-anal-pearls-and-deepthroat-in-her-hardcore-masochist-awakening-deb/,https://cdn.javmiku.com/wp-content/uploads/2026/09/ebwh368pl-550x374.jpg
https://jav.guru/1051329/ebwh-367-i-want-you-to-rape-me-roughly-the-literary-girl-whose-whole-body-is-an-erogenous-zone-found-in-the-corner-of-an-antiquarian-bookstore-an-extreme-masochist-with-fair-s/,https://cdn.javmiku.com/wp-content/uploads/2026/09/ebwh367pl-550x374.jpg
https://jav.guru/1051332/ebwh-363-raping-the-big-titted-housekeeping-service-woman-who-cant-say-no-until-i-creampie-her-riri-haruka-blu-ray-disc/,https://cdn.javmiku.com/wp-content/uploads/2026/09/ebwh363pl-550x374.jpg
https://jav.guru/1051333/ebwh-362-the-natural-g-cup-big-tits-flexible-cheerleader-the-club-members-jerked-off-to-endlessly/,https://cdn.javmiku.com/wp-content/uploads/2026/09/ebwh362pl-550x374.jpg
https://jav.guru/1051334/ebwh-361-face-65-points-body-120-points-i-live-at-my-parents-house-and-masturbate-8-times-a-week-a-fetish-k-cup-college-girl-21-aiming-to-become-a-dental-assistant-looks-like-this-but-shes/,https://cdn.javmiku.com/wp-content/uploads/2026/09/ebwh361pl-550x374.jpg
https://jav.guru/1051335/ebwh-352-take-out-your-cocks-and-line-up-the-teachers-will-slut-it-up-for-you-in-sexy-swimsuits-kiyomiya-jinai-momota-mitsuki/,https://cdn.javmiku.com/wp-content/uploads/2026/09/ebwh352pl-550x374.jpg
https://jav.guru/1051336/dvmm-445-immediately-fucked-the-fair-skinned-big-assed-housekeeper-lady-the-married-woman-who-became-addicted-to-the-big-cock-showed-up-uninvited-the-next-day-so-i-creampied-her-over-and-over-unti/,https://cdn.javmiku.com/wp-content/uploads/2026/09/dvmm445pl-550x374.jpg
https://jav.guru/1051692/suji-319-shaved-country-beautiful-girl-suddenly-going-to-confirm-the-childhood-memories-she-recalled-flat-chested-shaved-pissing-meru-chan-149cm-kohinata-meru/,https://cdn.javmiku.com/wp-content/uploads/2026/09/suji319pl-550x374.jpg
https://jav.guru/1051693/suji-318-i-happened-to-talk-to-a-cute-girl-stalking-indecent-acts-abduction-rape-semen-ingestion-hina-chan-149cm-satsuki-hina/,https://cdn.javmiku.com/wp-content/uploads/2026/09/suji318pl-550x374.jpg
https://jav.guru/1051694/sqte-719-hit-me-more-chke-me-the-perverted-extreme-masochist-with-big-tits-who-wants-to-be-bullied-yuka-chiba/,https://cdn.javmiku.com/wp-content/uploads/2026/09/sqte719pl-550x374.jpg
https://jav.guru/1051697/sqte-716-after-school-overnight-sex-a-body-that-gets-wetter-the-more-we-make-out-and-clothed-sex-natsuho-hanamori/,https://cdn.javmiku.com/wp-content/uploads/2026/09/sqte716pl-550x374.jpg
https://jav.guru/1051699/scmf-004-sweet-sadist-full-pov-sex-with-a-godly-h-cup-beautiful-girl-cosplayer-it-feels-better-than-jerking-yourself-off-right-she-deprives-me-of-sage-time-with-edging-handjobs-and-long-tongu/,https://cdn.javmiku.com/wp-content/uploads/2026/09/scmf004pl-550x374.jpg
https://jav.guru/1051700/scd-252-daughter-who-cares-for-her-father-7/,https://cdn.javmiku.com/wp-content/uploads/2026/09/scd252pl-550x374.jpg
https://jav.guru/1051701/pppe-445-made-to-cum-to-fainting-orgasms-in-6-cosplays-pursuit-reboot-instant-flying-brain-bug-fuck-marina-yakuno/,https://cdn.javmiku.com/wp-content/uploads/2026/09/pppe445pl-550x374.jpg
https://jav.guru/1051702/pkpd-435-private-creampie-hot-spring-trip-hiiragi-provisional/,https://cdn.javmiku.com/wp-content/uploads/2026/09/pkpd435pl-550x374.jpg
https://jav.guru/1051703/pkpd-434-creampie-room-drinking-documentary-g-cup-clingy-beautiful-older-sister-honoka-ashina/,https://cdn.javmiku.com/wp-content/uploads/2026/09/pkpd434pl-550x374.jpg
https://jav.guru/1051704/pako-108-calling-over-my-married-sex-friend-and-having-a-stranger-with-a-huge-cock-cuckold-her-with-consecutive-creampies-freshly-newlywed-full-time-housewife-30-years-old/,https://cdn.javmiku.com/wp-content/uploads/2026/09/h_1133pako108pl-550x374.jpg
https://jav.guru/1051705/otin-028-lovey-dovey-swamp-affair-with-a-former-classmate-ahegao-orgasms-with-tongue-out-nonstop-titjobs-huge-tits-cowgirl-2sex-creampies-cosplay-cum-on-tits-sunao-kui/,https://cdn.javmiku.com/wp-content/uploads/2026/09/h_1133otin028pl-550x374.jpg
https://jav.guru/1051709/nine-124-when-i-approached-her-for-a-diet-supplement-monitor-pickup-i-reeled-in-unprecedented-matured-h-cup%e2%98%86super-a5-rank-top-grade-meat-tsubasa-45-years-old/,https://cdn.javmiku.com/wp-content/uploads/2026/09/h_1133nine00124pl-550x374.jpg
https://jav.guru/1051711/mukc-132-raw-gem-newcomer-idols-first-pov-personal-sex-video-putting-her-career-aside-shes-hooked-on-pillow-trade-sex-and-getting-irresponsible-breeding-creampies-in-her-precocious-womb-erin/,https://cdn.javmiku.com/wp-content/uploads/2026/09/mukc132pl-550x374.jpg
https://jav.guru/1051712/mrss-192-shady-delivery-men-target-a-married-woman-whose-big-ass-is-obvious-even-through-her-clothes-day-after-day-of-raw-insertion-and-creampies-until-she-cant-stand-up-yui-onozaka/,https://cdn.javmiku.com/wp-content/uploads/2026/09/mrss192pl-550x374.jpg
https://jav.guru/1051713/mrhp-052-i-got-horny-for-my-sexually-frustrated-sister-in-laws-plump-ass-and-was-jerking-off-when-she-got-turned-on-by-my-young-cock-instead-and-we-had-creampie-sex-until-my-balls-were-empty-tsuba/,https://cdn.javmiku.com/wp-content/uploads/2026/09/mrhp052pl-550x374.jpg
https://jav.guru/1051714/mmpv-005-face-jerk-off-face-close-up-seduction-pov-i-want-to-be-adored-by-matsui-san-who-loves-staring-hard-at-orgasm-faces-while-being-scorned-and-verbally-abusd-hinako-matsui/,https://cdn.javmiku.com/wp-content/uploads/2026/09/mmpv005pl-550x374.jpg
https://jav.guru/1051715/mkon-148-i-an-introvert-get-used-as-material-for-my-little-sisters-punishment-game-and-end-up-having-creampie-harem-sex-nonstop/,https://cdn.javmiku.com/wp-content/uploads/2026/09/mkon148pl-550x374.jpg
https://jav.guru/1051727/kam-282-perverted-gynecological-examination-the-corrupt-erotic-gynecologist-who-endlessly-gives-wet-slippery-exams-to-the-crotch-of-the-beautiful-wife-who-came-in-for-a-checkup-05/,https://cdn.javmiku.com/wp-content/uploads/2026/09/kam282pl-550x374.jpg
https://jav.guru/1051728/kam-281-married-private-tutor-and-huge-cock-exam-students-secret-room-lewd-sex-voyeur-recording-4/,https://cdn.javmiku.com/wp-content/uploads/2026/09/kam281pl-550x374.jpg
https://jav.guru/1051734/juan-032-super-masochistic-plump-young-wife-who-opens-both-holes-for-her-perverted-relative-father-and-son-hina-akikawa/,https://cdn.javmiku.com/wp-content/uploads/2026/09/juan032pl-550x374.jpg
https://jav.guru/1051740/hoks-235-serious-wifes-first-cheating-sex-mai-fuyuki/,https://cdn.javmiku.com/wp-content/uploads/2026/09/hoks235pl-550x374.jpg
https://jav.guru/1051741/hoks-234-single-mature-woman-in-her-40s-a-life-full-of-troubles-caregiving-debt-affair-sex-fujisaki-murasaki/,https://cdn.javmiku.com/wp-content/uploads/2026/09/hoks234pl-550x374.jpg
https://jav.guru/1051742/hjmo-741-when-they-lose-the-cruel-mirror-game-its-an-erotic-punishment-game-pure-young-wives-get-creampie-sex-with-huge-cocks-theyve-never-tasted-before-not-caring-one-bit-even-with-their-husb/,https://cdn.javmiku.com/wp-content/uploads/2026/09/hjmo741pl-550x374.jpg
https://jav.guru/1051743/hjmo-739-if-shes-your-girlfriend-she-should-be-able-to-pick-out-her-boyfriends-cock-right-pick-his-dick-from-the-row-of-lined-up-cocks-and-suck-him-off-if-she-gets-it-wrong-bukkake-creampie/,https://cdn.javmiku.com/wp-content/uploads/2026/09/hjmo739pl-550x374.jpg
https://jav.guru/1051744/hjbb-244-even-though-i-have-a-boyfriend-pissing-ntr-orgasm-of-a-uniformed-girl-cuckolded-by-a-perverted-old-man-while-covered-in-bodily-fluids/,https://cdn.javmiku.com/wp-content/uploads/2026/09/hjbb244pl-550x374.jpg
https://jav.guru/1051745/gvh-880-the-female-cult-leader-of-a-sex-cult-who-repeatedly-climaxes-every-day-while-intertwining-lewd-body-fluids-with-the-fanatics-hikaru-minazuki/,https://cdn.javmiku.com/wp-content/uploads/2026/09/gvh880pl-550x374.jpg
https://jav.guru/1051746/gvh-879-forbidden-care-shitara-yuuhi/,https://cdn.javmiku.com/wp-content/uploads/2026/09/gvh879pl-550x374.jpg
https://jav.guru/1051748/fns-261-if-its-blowing-up-online-then-its-okay-to-do-xxx-right-yachimitsu-rin/,https://cdn.javmiku.com/wp-content/uploads/2026/09/FNS-261-550x374.jpg
https://jav.guru/1051751/dvmm-443-amateur-men-and-women-monitoring-av-limited-to-h-cup-and-above-three-close-college-girl-friends-hold-milk-in-their-mouths-then-get-their-huge-tits-groped-then-take-a-nipple-kneading-orgasm/,https://cdn.javmiku.com/wp-content/uploads/2026/09/dvmm443pl-550x374.jpg
https://jav.guru/1051754/ddk-241-bushy-meat-toilet-splash-monster-sara-isshiki/,https://cdn.javmiku.com/wp-content/uploads/2026/09/ddk241pl-550x374.jpg
https://jav.guru/1051765/aczd-250-ropes-lewd-flower-arisa-togawa/,https://cdn.javmiku.com/wp-content/uploads/2026/09/h_019aczd250pl-550x374.jpg
https://jav.guru/1052315/xvsr-399-a-beautiful-girl-who-seriously-blushes-while-pissing-climax-3-fuck-special-mami-nagase/,https://cdn.javmiku.com/wp-content/uploads/2026/09/xvsr399sopl-550x374.jpg
https://jav.guru/1052316/xvsr-352-welcome-to-maxcafe-enjoy-nagase-mami-maamins-special-menu/,https://cdn.javmiku.com/wp-content/uploads/2026/09/xvsr352sopl-550x374.jpg
https://jav.guru/1052317/xvsr-350-i-want-to-try-cumming-even-deeper-sexual-development-of-a-19-year-old-beautiful-girl-with-tiny-tits-aori-arihoshi/,https://cdn.javmiku.com/wp-content/uploads/2026/09/xvsr350sopl-550x374.jpg
https://jav.guru/1052324/rpin-093-plump-fleshy-huge-titted-inn-maid-whos-reliable-cheerful-and-has-outstanding-communication-skills-her-tits-bounce-bounce-sticky-sensual-massage-and-big-cock-pistoning-turn-her-ahegao/,https://cdn.javmiku.com/wp-content/uploads/2026/09/rpin093pl-550x374.jpg
https://jav.guru/1052327/qrdf-013-sm-queen-road-vol-48-erika/,https://cdn.javmiku.com/wp-content/uploads/2026/09/qrdf013pl-550x374.jpg
https://jav.guru/1052329/nmsl-047-college-girl-who-got-into-sugar-dating-and-was-turned-into-a-meat-toilet-squirting-and-wetting-herself-sui-tsukinoe/,https://cdn.javmiku.com/wp-content/uploads/2026/09/h_1814nmsl00047pl-550x374.jpg
https://jav.guru/1052330/nghj-074-exclusive-to-shy-cunnilingus-less-girls-who-want-to-be-licked-but-cant-tell-their-boyfriends-a-relentless-cunnilingus-therapy-experience-that-makes-their-clits-get-soggy-clit-peeling-li/,https://cdn.javmiku.com/wp-content/uploads/2026/09/nghj074pl-550x374.jpg
https://jav.guru/1052335/myba-098-married-womans-petal-spreading-sakura-tsukishima/,https://cdn.javmiku.com/wp-content/uploads/2026/09/myba098pl-550x374.jpg
https://jav.guru/1052336/murikuri-015-big-nippled-schoolgirl-molestation-genuine-bareback-route-training-teasing-wrecks-her-sensitivity-tiny-pussy-convulsing-and-clamping-for-creampie/,https://cdn.javmiku.com/wp-content/uploads/2026/09/1murikuri015pl-550x374.jpg
https://jav.guru/1052337/mopg-047-clothed-masochist-man-hunting-skin-tight-jeans-harassment-mirei-aika/,https://cdn.javmiku.com/wp-content/uploads/2026/09/mopg047sopl-550x374.jpg
https://jav.guru/1052340/mird-281-moodyz-fan-appreciation-festival-bakobako-bus-tour-2026-20-hours-25-minutes-bakobako-bus-13-hours-40-minutes-ura-bako-4-hours-unreleased-scenes-included-complete-version/,https://cdn.javmiku.com/wp-content/uploads/2026/09/mird281pl-550x374.jpg
https://jav.guru/1052352/ksbj-142-my-sons-wife-was-a-natural-born-slut-kiriyama-yuha/,https://cdn.javmiku.com/wp-content/uploads/2026/09/ksbj142pl-550x374.jpg
https://jav.guru/1052360/jjda-080-wife-who-fell-for-an-unemployed-bastards-huge-cock/,https://cdn.javmiku.com/wp-content/uploads/2026/09/jjda080pl-550x374.jpg
https://jav.guru/1052361/jera-050-first-time-cum-swallowing-part-timer-girl-invited-to-a-love-hotel-out-of-interest-in-the-younger-big-tits-girl-kosuzu-mikan-who-works-at-a-bento-shop/,https://cdn.javmiku.com/wp-content/uploads/2026/09/1jera050pl-550x374.jpg
https://jav.guru/1052367/hawa-386-the-mature-wife-with-strong-maternal-instincts-and-sexual-desire-who-handles-my-self-indulgent-sexual-relief-is-the-best-feeling-toy-free-to-cum-as-much-as-i-want-into-the-ripe-aunties-m/,https://cdn.javmiku.com/wp-content/uploads/2026/09/1hawa386pl-550x374.jpg
https://jav.guru/1052370/gohm-012-documentary-sex-of-working-women-who-applied-for-private-shoots-in-search-of-money-and-thrills-6/,https://cdn.javmiku.com/wp-content/uploads/2026/09/gohm012pl-550x374.jpg
https://jav.guru/1052371/fskt-032-big-tits-real-chan-super-amateur-jk-compilation-omnibus-240-minutes-4-girls/,https://cdn.javmiku.com/wp-content/uploads/2026/09/h_491fskt032pl-550x374.jpg
https://jav.guru/1052372/fns-257-after-our-respective-lovers-cheated-on-us-my-female-friend-and-i-started-having-sex-where-we-lick-each-others-wounds-and-pussies-and-it-felt-so-good-weve-sunk-into-a-quagmire-akari-ts/,https://cdn.javmiku.com/wp-content/uploads/2026/09/FNS-257-550x374.jpg
https://jav.guru/1052375/ebod-555-saliva-male-female-sweat-male-female-squirt-female-semen-male-mixed-body-fluid-sex-between-a-middle-aged-guy-and-a-beautiful-girl-koharu-suzuki/,https://cdn.javmiku.com/wp-content/uploads/2026/09/ebod555pl-550x374.jpg
https://jav.guru/1052376/dori-077-pakodori-no-77-i-lied-to-a-high-school-girl-who-likes-watching-the-face-of-an-old-man-whos-feeling-good-by-saying-i-forgot-the-condom-and-she-replied-bareback-is-totally-fine/,https://cdn.javmiku.com/wp-content/uploads/2026/09/h_491dori077pl-550x374.jpg
https://jav.guru/1052377/dori-041-korean-beauty-straddling-the-crotch-and-stretching-out-her-legs-barefoot-footjob-special-packed-with-realistic-sensation-that-keeps-you-excited-for-24-hours/,https://cdn.javmiku.com/wp-content/uploads/2026/09/h_491dori041pl-550x374.jpg
https://jav.guru/1052378/dandya-050-you-shouldnt-get-your-cock-hard-should-you-all-the-sperm-id-saved-up-for-baby-making-with-my-beloved-wife-gets-completely-milked-out/,https://cdn.javmiku.com/wp-content/uploads/2026/09/1dandya050pl-550x374.jpg
https://jav.guru/1052379/cesd-110-female-scumbag-lawyer-2-from-divorce-defense-to-criminal-cases-i-accept-them-cheaply-with-my-supreme-anal-chisato-shoda/,https://cdn.javmiku.com/wp-content/uploads/2026/09/cesd110pl-550x374.jpg
https://jav.guru/1052380/cead-767-onahole-transforms-into-an-actresss-mouth-13-ultra-slutty-actresses-skilled-at-oral-sex-who-milk-you-with-onahole-blowjobs/,https://cdn.javmiku.com/wp-content/uploads/2026/09/cead767pl-550x374.jpg
https://jav.guru/1052381/c-2508-day-trip-hot-spring-mature-woman-erotic-journey-the-best-2018-12-2019-05/,https://cdn.javmiku.com/wp-content/uploads/2026/09/140c2508pl-550x374.jpg
https://jav.guru/1052382/bobb-288-three-amateur-girls-with-big-tits-if-we-put-on-glasses-wont-we-get-found-out-part-3/,https://cdn.javmiku.com/wp-content/uploads/2026/09/bobb288pl-550x374.jpg
https://jav.guru/1052383/bobb-287-three-amateur-girls-with-big-tits-if-we-put-on-glasses-wont-we-get-caught-part-2/,https://cdn.javmiku.com/wp-content/uploads/2026/09/bobb287pl-550x374.jpg
https://jav.guru/1052386/akdl-148-if-you-want-to-have-sex-with-me-then-study-i-got-milked-dry-over-and-over-by-the-private-tutor-with-secret-options-usami-rena/,https://cdn.javmiku.com/wp-content/uploads/2026/09/1akdl00148pl-1-550x374.jpg
https://jav.guru/1052387/akdl-147-hey-lets-have-sex-the-day-i-gave-in-to-sudden-temptation-from-my-daughters-friend-ena-who-seeks-forbidden-acts-with-her-pure-and-innocent-smile-satsuki-ena/,https://cdn.javmiku.com/wp-content/uploads/2026/09/1akdl00147pl-1-550x374.jpg
https://jav.guru/1052389/aarm-365-fully-naked-seiza-blowjob/,https://cdn.javmiku.com/wp-content/uploads/2026/09/aarm365pl-550x374.jpg
https://jav.guru/1052495/xmom-121-the-muscular-wife-loves-cock-kaori-yamamoto/,https://cdn.javmiku.com/wp-content/uploads/2026/09/h_086xmom121pl-550x374.jpg
https://jav.guru/1052496/sykh-188-streetwalker-wife-b-grade-mature-woman-shoko-38-years-old/,https://cdn.javmiku.com/wp-content/uploads/2026/09/sykh188pl-550x374.jpg
https://jav.guru/1052498/mesu-146-incompetent-at-work-but-at-night-a-super-stud-who-never-pulls-out-the-close-contact-position-that-made-the-female-boss-fall-remi-saegiki/,https://cdn.javmiku.com/wp-content/uploads/2026/09/h_086mesu146pl-550x374.jpg
https://jav.guru/1052499/mesu-145-affair-exposed-spreads-on-sns-and-blows-up-plan-to-turn-the-beautiful-female-principal-into-a-sex-toy-chiharu-yahiro/,https://cdn.javmiku.com/wp-content/uploads/2026/09/h_086mesu145pl-550x374.jpg
https://jav.guru/1052500/mdvij-029-wives-who-are-made-to-cum-over-and-over-by-their-big-cocked-insatiable-bosses-completely-fall-and-even-end-up-allowing-creampies-5/,https://cdn.javmiku.com/wp-content/uploads/2026/09/48mdvij029pl-550x374.jpg
https://jav.guru/1052502/gdjp-009-tracking-dogeza-pickup-screaming-married-woman-killer-9/,https://cdn.javmiku.com/wp-content/uploads/2026/09/gdjp009pl-550x374.jpg
https://jav.guru/1052504/akdl-367-sexual-harassment-desired-female-employee-yurira-25-years-old-a-perverted-beautiful-office-lady-who-wants-to-become-a-sex-pet-for-her-employees/,https://cdn.javmiku.com/wp-content/uploads/2026/09/1akdl00367pl-550x374.jpg
https://jav.guru/1052505/agav-171-please-rpe-me-a-lot-sex-android-arina-kuninaka-arina/,https://cdn.javmiku.com/wp-content/uploads/2026/09/agav171pl-550x374.jpg
https://jav.guru/1052506/agav-170-the-gut-wrenchingly-disgusting-worst-record-of-a-pure-girl-becoming-an-obedient-sex-slave-mikoto-momomi/,https://cdn.javmiku.com/wp-content/uploads/2026/09/agav170pl-550x374.jpg
https://jav.guru/1054914/svmgm-052-magic-mirror-go-hard-boiled-limited-to-married-women-walking-the-streets-squirting-endurance-challenge-while-fully-exposing-their-pussy-spread-wide-open-and-getting-their-clit-teased/,https://cdn.javmiku.com/wp-content/uploads/2026/09/1svmgm052pl-550x374.jpg
https://jav.guru/1054915/start-644-two-older-onee-sans-gently-let-me-act-spoiled-and-guide-me-to-unknown-pleasures-that-cant-be-experienced-with-men-hoshino-riko/,https://cdn.javmiku.com/wp-content/uploads/2026/09/1start644pl-550x374.jpg
https://jav.guru/1054916/start-638-the-cowgirl-nurse-who-takes-care-of-hospitalized-patients-sexual-desires-with-360-degree-all-around-hip-twisting-piston-thrusts-sora-niikawa/,https://cdn.javmiku.com/wp-content/uploads/2026/09/1start638pl-550x374.jpg
https://jav.guru/1054917/start-634-spasming-trance-state-back-arching-climax-development-documentary-high-sensitivity-uterus-over-orgasm-special-mei-miyajima/,https://cdn.javmiku.com/wp-content/uploads/2026/09/1start634pl-550x374.jpg
https://jav.guru/1054928/sdde-768-masturbation-addiction-rehab-center/,https://cdn.javmiku.com/wp-content/uploads/2026/09/1sdde00768pl-550x374.jpg
https://jav.guru/1054929/scop-714-my-shocking-experience-of-having-been-a-virgin-until-just-one-hour-ago-a-miraculous-4-hour-special-encountering-50-women-who-cant-help-but-deflower-an-inexperienced-man-the-moment-they/,https://cdn.javmiku.com/wp-content/uploads/2026/09/84scop714pl-550x374.jpg
https://jav.guru/1054930/scop-678-i-wasnt-planning-on-having-sex-today-happening-sex-closing-in-on-defenseless-exquisite-beauties-40-women-4-hours-4/,https://cdn.javmiku.com/wp-content/uploads/2026/09/84scop678pl-550x374.jpg
https://jav.guru/1054932/mopg-067-i-wish-that-girl-was-a-mean-slut-who-chokes-me-while-playing-with-my-nipples-kisaragi-natsuki/,https://cdn.javmiku.com/wp-content/uploads/2026/09/mopg067sopl-550x374.jpg
https://jav.guru/1054933/mopg-064-ego-masochist-guy-and-the-edging-gal-bitchy-ruined-orgasm-kana-igarashi/,https://cdn.javmiku.com/wp-content/uploads/2026/09/mopg064sopl-550x374.jpg
https://jav.guru/1054934/mbraa-216-going-this-far-kazuna-yuki/,https://cdn.javmiku.com/wp-content/uploads/2026/09/n_709mbraa216pl-550x374.jpg
https://jav.guru/1054935/love-080-there-were-still-more-extremely-painful-real-incest-i-havent-paid-the-school-lunch-fees/,https://cdn.javmiku.com/wp-content/uploads/2026/09/h_491love80pl-550x374.jpg
https://jav.guru/1054936/love-079-ibarakis-tenacious-delinquent-yurika-birthday-celebration/,https://cdn.javmiku.com/wp-content/uploads/2026/09/h_491love79pl-550x374.jpg
https://jav.guru/1054937/love-072-school-student-loses-her-virginity-for-real/,https://cdn.javmiku.com/wp-content/uploads/2026/09/h_491love72pl-550x374.jpg
https://jav.guru/1054938/lcbd-00861-madoka-hashimoto-madoka-moyo-lcdv-40861-madoka-hashimoto/,https://cdn.javmiku.com/wp-content/uploads/2026/09/1559-550x374.jpg
https://jav.guru/1054939/lcbd-00854-an-angel-who-has-descended-sayumi-makino/,https://cdn.javmiku.com/wp-content/uploads/2026/09/316273022_3133-550x374.jpg
https://jav.guru/1054940/kv-327-100-minutes-of-non-stop-filming-uncut-editing-with-28-consecutive-raw-creampies-followed-by-extra-pistoning-cleanup-and-14-consecutive-bukkakes-hikaru-konno/,https://cdn.javmiku.com/wp-content/uploads/2026/09/h_955kv327pl-550x374.jpg
https://jav.guru/1054941/ksbj-168-my-new-stepmother-who-toys-with-me-natsukawa-kaho/,https://cdn.javmiku.com/wp-content/uploads/2026/09/ksbj168pl-550x374.jpg
https://jav.guru/1054942/ksbj-165-12-tall-slender-beauties/,https://cdn.javmiku.com/wp-content/uploads/2026/09/ksbj165pl-550x374.jpg
https://jav.guru/1054943/ksbj-160-beautiful-breasts-and-waists-that-are-irresistible-12-s-line-actresses/,https://cdn.javmiku.com/wp-content/uploads/2026/09/ksbj160pl-550x374.jpg
https://jav.guru/1054951/juda-001-mother-in-law-you-feel-better-than-my-wife/,https://cdn.javmiku.com/wp-content/uploads/2026/09/juda001pl-550x374.jpg
https://jav.guru/1054952/hodv-21779-middle-aged-woman-who-got-horny-from-a-younger-handsome-guys-erect-cock-and-hustled-too-hard-during-long-awaited-sex-ascending-to-heaven/,https://cdn.javmiku.com/wp-content/uploads/2026/09/41hodv21779pl-550x374.jpg
https://jav.guru/1054955/fneo-058-even-though-i-only-did-compensated-dating-my-video-that-got-filmed-my-identity-exposed-and-in-the-end-i-was-publicly-shamed-chiharu-sakurai/,https://cdn.javmiku.com/wp-content/uploads/2026/09/h_491fneo058pl-550x374.jpg
https://jav.guru/1054956/fneo-057-blue-spring-dirtied-by-milky-white-attendance-book-of-two-uniforms-in-full-bloom/,https://cdn.javmiku.com/wp-content/uploads/2026/09/h_491fneo057pl-550x374.jpg
https://jav.guru/1054958/euud-090-the-ultimate-mature-woman-ruins-you-with-filthy-dirty-talk-and-situations-the-best-full-pov-jerk-off-masturbation-support-remi-saegiki/,https://cdn.javmiku.com/wp-content/uploads/2026/09/h_086euud90pl-550x374.jpg
https://jav.guru/1054959/enfd-5924-light-and-pure-white-vertical-video-miyuu-sano/,https://cdn.javmiku.com/wp-content/uploads/2026/09/ENFD-5924-550x374.jpg
https://jav.guru/1054960/enfd-5581-shiori-aiba/,https://cdn.javmiku.com/wp-content/uploads/2026/09/1544181231_enfd-5581-550x374.jpg
https://jav.guru/1054961/enfd-5580-peche-momoko-kuroki/,https://cdn.javmiku.com/wp-content/uploads/2026/09/2521-550x374.jpg
https://jav.guru/1054962/enfd-5559-mariko-seyama/,https://cdn.javmiku.com/wp-content/uploads/2026/09/2825-550x374.jpg
https://jav.guru/1054963/enfd-5527-karen-kobayashi/,https://cdn.javmiku.com/wp-content/uploads/2026/09/309-550x374.jpg
https://jav.guru/1054964/dori-061-pov-fuck-no-61-made-the-slender-fair-skinned-gyaru-high-school-girl-whose-pussy-tightly-squeezes-my-raw-cock-beg-please-shoot-uncles-sperm-into-my-pussy%e2%99%aa-and-ended-up-creamp/,https://cdn.javmiku.com/wp-content/uploads/2026/09/h_491dori061pl-550x374.jpg
https://jav.guru/1054965/dori-059-paco-dori-no-59-i-gave-three-creampies-just-as-she-wanted-to-the-high-school-girl-who-begged-please-shoot-out-lots-of-cum%e2%99%aa/,https://cdn.javmiku.com/wp-content/uploads/2026/09/h_491dori059pl-550x374.jpg
https://jav.guru/1054966/dori-058-pako-dori-no-58-pinched-the-nipples-of-a-huge-h-cup-high-school-girl-who-smiled-and-said-my-whole-body-got-all-sensitive-then-gave-her-an-unauthorized-creampie/,https://cdn.javmiku.com/wp-content/uploads/2026/09/h_491dori058pl-550x374.jpg
https://jav.guru/1054967/dori-056-paco-tori-no-56-consecutive-creampies-for-a-big-tits-schoolgirl-whos-ok-with-tongue-kissing-at-the-end-i-thought-id-do-a-facial-but-creampied-her-a-third-time-too/,https://cdn.javmiku.com/wp-content/uploads/2026/09/h_491dori056pl-550x374.jpg
https://jav.guru/1054968/dldss-547-for-a-reason-im-working-as-a-soapland-girl-right-in-front-of-my-husbands-workplace-miyu-imai/,https://cdn.javmiku.com/wp-content/uploads/2026/09/1dldss547pl-550x374.jpg
https://jav.guru/1054969/cesd-092-slave-wife-with-circumstances-the-twisted-sex-situation-of-an-upper-class-family-a-young-doe-thrown-in-as-collateral-for-a-debt-azusa-itagaki/,https://cdn.javmiku.com/wp-content/uploads/2026/09/cesd092pl-550x374.jpg
https://jav.guru/1054970/cesd-089-emotions-1-pleasure-supremacist-feeling-the-ultimate-joy-in-perverted-sex-emotions-et-cetera-yumi-kazama/,https://cdn.javmiku.com/wp-content/uploads/2026/09/cesd089pl-550x374.jpg
https://jav.guru/1054971/cesd-087-masturbation-pleasure-paranoid-15-ayu-sakurai/,https://cdn.javmiku.com/wp-content/uploads/2026/09/cesd087pl-550x374.jpg
https://jav.guru/1054972/c-2535-cuckolded-married-woman-hot-spring-steam-journey-21-women-barge-in-for-lesbian-cuckolding-and-orgy-special/,https://cdn.javmiku.com/wp-content/uploads/2026/09/140c2535pl-550x374.jpg
https://jav.guru/1054973/c-2486-cuckolded-married-woman-hot-spring-steam-journey-17/,https://cdn.javmiku.com/wp-content/uploads/2026/09/140c2486pl-550x374.jpg
https://jav.guru/1054974/c-2483-mature-wife-interview-pov-fuck-forties-wife-writhes-6/,https://cdn.javmiku.com/wp-content/uploads/2026/09/140c2483pl-550x374.jpg
https://jav.guru/1054975/bobb-315-firmly-gripping-the-waist-of-her-godly-tits-and-godly-slim-waisted-body-and-thrusting-up-from-behind-swaying-tits-rising-moans-thoroughly-savoring-the-big-titted-beauty-all-the-way-to-th/,https://cdn.javmiku.com/wp-content/uploads/2026/09/bobb315pl-550x374.jpg
https://jav.guru/1054976/bobb-313-these-huge-volume-100cm-i-cup-colossal-tits-alone-are-enough-to-get-you-off-tits-you-never-get-tired-of-no-matter-how-many-hours-you-knead-lick-or-pull-them-sensitive-pussy-in-a-massive/,https://cdn.javmiku.com/wp-content/uploads/2026/09/bobb313pl-550x374.jpg
https://jav.guru/1054977/bobb-310-bouncy-huge-tits-fondle-her-firm-beautiful-big-tits-as-much-as-you-want-shake-them-as-much-as-you-want-intense-hip-thrusting-aimed-at-her-sensitive-body-that-cums-right-away-for-continuo/,https://cdn.javmiku.com/wp-content/uploads/2026/09/bobb310pl-550x374.jpg
https://jav.guru/1054978/bkd-216-mother-son-mating-miyamoto-saori/,https://cdn.javmiku.com/wp-content/uploads/2026/09/bkd216sopl-550x374.jpg
https://jav.guru/1054979/bkd-213-mother-son-mating-rieko-hiraoka/,https://cdn.javmiku.com/wp-content/uploads/2026/09/bkd213sopl-550x374.jpg
https://jav.guru/1054980/bkd-212-mother-son-mating-nozomi-tanihara/,https://cdn.javmiku.com/wp-content/uploads/2026/09/bkd212sopl-550x374.jpg
https://jav.guru/1055071/sods-088-savor-and-thoroughly-enjoy-all-the-sodstar-juices-in-12-corners-best-sex-covered-in-sweat-squirt-and-drool-with-6-sodstar-actresses-5-hour-special/,https://cdn.javmiku.com/wp-content/uploads/2026/09/1sods088pl-550x374.jpg
https://jav.guru/1055073/sdmm-240-magic-mirror-number-five-fashionably-dressed-amateur-girls-with-beautiful-waistlines-all-filmed-having-sex-embarrassed-but-leaking-moans-will-these-sensitive-tits-girls-even-accept-a-ra/,https://cdn.javmiku.com/wp-content/uploads/2026/09/1sdmm00240pl-550x374.jpg
https://jav.guru/1055179/uzu-040-onaman-girl-jimiin-she-is-introverted-but-actually-has-a-strong-sex-drive-barely-leaves-an-impression-at-the-company-the-junior-girl-from-the-same-department-at-the-same-company-who-live/,https://cdn.javmiku.com/wp-content/uploads/2026/09/uzu040pl-550x374.jpg
https://jav.guru/1055180/tsds-43117-kureha-yumi-title-undecided/,https://cdn.javmiku.com/wp-content/uploads/2026/09/n_701tsds43117pl-550x374.jpg
https://jav.guru/1055181/t38-072-hina-chan-is-the-seniors-pet-doll-kana-yura-nitori/,https://cdn.javmiku.com/wp-content/uploads/2026/09/55t38072pl-550x374.jpg
https://jav.guru/1055191/scpx-566-blushing-yakyuken-with-a-sister-and-brother-who-are-like-friends/,https://cdn.javmiku.com/wp-content/uploads/2026/09/scpx566pl-550x374.jpg
https://jav.guru/1055192/scop-722-a-long-awaited-reunion-with-the-yankee-girl-who-was-the-cutest-in-school-even-though-she-used-to-make-fun-of-me-for-being-a-virgin/,https://cdn.javmiku.com/wp-content/uploads/2026/09/scop722sopl-550x374.jpg
https://jav.guru/1055193/sbvd-0585-sugoi-io-ioki/,https://cdn.javmiku.com/wp-content/uploads/2026/09/5294sbvd00585pl-550x374.jpg
https://jav.guru/1055194/real-787-real-2021-top-30-titles-ultimate-collection-4-hours/,https://cdn.javmiku.com/wp-content/uploads/2026/09/real787sopl-550x374.jpg
https://jav.guru/1055195/real-785-kiwami-intense-orgasm-sex-that-blows-away-both-consciousness-and-reason-4-hour-ultimate-best/,https://cdn.javmiku.com/wp-content/uploads/2026/09/real785sopl-550x374.jpg
https://jav.guru/1055196/real-783-kiwami-the-most-vicious-frced-creampie-impregnation-sex-4-hour-ultimate-best/,https://cdn.javmiku.com/wp-content/uploads/2026/09/real783sopl-550x374.jpg
https://jav.guru/1055198/nsfs-515-ai-remastered-version-raping-a-cheeky-woman-masterpiece-permanent-preservation-edition/,https://cdn.javmiku.com/wp-content/uploads/2026/09/nsfs515pl-550x374.jpg
https://jav.guru/1055199/nsfs-512-mature-mother-40-under-one-roof-devouring-forbidden-nights-with-an-exam-student-rina-ayana/,https://cdn.javmiku.com/wp-content/uploads/2026/09/nsfs512pl-550x374.jpg
https://jav.guru/1055200/nnit-018-stalking-a-high-school-girl-for-anal-three-hole-gang-rpe-240-minutes/,https://cdn.javmiku.com/wp-content/uploads/2026/09/nnit018pl-550x374.jpg
https://jav.guru/1055201/nask-423-unbearable-sexual-desire-of-a-woman-in-her-fifties-female-pleasure-revives-with-hot-semen-10/,https://cdn.javmiku.com/wp-content/uploads/2026/09/nask423pl-550x374.jpg
https://jav.guru/1055202/moil-009-new-forbidden-sex-with-my-wifes-mother-part-8-after-all-my-mother-in-law-is-better-than-my-wife-sayaka-yoshino/,https://cdn.javmiku.com/wp-content/uploads/2026/09/moil009pl-550x374.jpg
https://jav.guru/1055203/mmr-bm119-moe-wakaki/,https://cdn.javmiku.com/wp-content/uploads/2026/09/2589-550x374.jpg
https://jav.guru/1055204/mmr-bm118-bijou-box-saki-sakurai/,https://cdn.javmiku.com/wp-content/uploads/2026/09/2588-550x374.jpg
https://jav.guru/1055205/mmr-az584-eternal-glow-nozomi-shiraishi/,https://cdn.javmiku.com/wp-content/uploads/2026/09/2557-550x374.jpg
https://jav.guru/1055206/mmr-az583-each-time-thank-blooms-saki-funaoka/,https://cdn.javmiku.com/wp-content/uploads/2026/09/2556-550x374.jpg
https://jav.guru/1055207/mmr-az582-fumie57-fumie-nakajima/,https://cdn.javmiku.com/wp-content/uploads/2026/09/2555-550x374.jpg
https://jav.guru/1055211/mbr-ab052-naked-beautiful-girl-her-pussy-is-shaved/,https://cdn.javmiku.com/wp-content/uploads/2026/09/n_709mbrab052pl-550x374.jpg
https://jav.guru/1055212/marr-013-yurara-dream-yakuno-marina/,https://cdn.javmiku.com/wp-content/uploads/2026/09/n_1064marr013pl-550x374.jpg
https://jav.guru/1055213/lucy-031-when-i-called-an-escort-my-mother-in-law-showed-up-of-all-people-miki-yoshii/,https://cdn.javmiku.com/wp-content/uploads/2026/09/lucy031pl-550x374.jpg
https://jav.guru/1055214/love-133-obedient-blonde-hot-spring-janice-miller-hisui-janice-griffith/,https://cdn.javmiku.com/wp-content/uploads/2026/09/h_491love133pl-550x374.jpg
https://jav.guru/1055215/lcdv-41296-summer-vacation-with-marina-marina-nagasawa/,https://cdn.javmiku.com/wp-content/uploads/2026/09/2553-550x374.jpg
https://jav.guru/1055216/lcdv-41033-nine-gates-mari-takamiya/,https://cdn.javmiku.com/wp-content/uploads/2026/09/2572-550x374.jpg
https://jav.guru/1055217/ktve-004-showing-you-the-entire-underside-of-a-female-influencer-expose-streamer-zs-underground-stream-covered-in-sweat-spit-and-body-fluids/,https://cdn.javmiku.com/wp-content/uploads/2026/09/ktve004pl-550x374.jpg
https://jav.guru/1055218/ksbj-209-sex-addicted-wife-who-indiscriminately-devours-men-yuu-kawakami/,https://cdn.javmiku.com/wp-content/uploads/2026/09/ksbj209pl-550x374.jpg
https://jav.guru/1055219/ksbj-207-i-absolutely-hate-my-fathers-new-wife-so-ive-decided-to-train-my-sexy-voluptuous-stepmother/,https://cdn.javmiku.com/wp-content/uploads/2026/09/ksbj207pl-550x374.jpg
https://jav.guru/1055220/ksbj-205-complete-domination-compilation-beautiful-wives-dominated-by-their-relatives/,https://cdn.javmiku.com/wp-content/uploads/2026/09/ksbj205pl-550x374.jpg
https://jav.guru/1055221/juda-011-right-next-to-her-sleeping-boss-breeding-fuck-with-his-slutty-wife-ill-make-that-pussy-all-gooey/,https://cdn.javmiku.com/wp-content/uploads/2026/09/juda011pl-550x374.jpg
https://jav.guru/1055222/juda-010-creampie-incest-immoral-parent-and-chld/,https://cdn.javmiku.com/wp-content/uploads/2026/09/juda010pl-550x374.jpg
https://jav.guru/1055223/juda-009-creampie-in-my-best-friends-mother/,https://cdn.javmiku.com/wp-content/uploads/2026/09/juda009pl-550x374.jpg
https://jav.guru/1055224/juda-007-creampie-incest-immoral-parent-and-chld/,https://cdn.javmiku.com/wp-content/uploads/2026/09/juda007pl-550x374.jpg
https://jav.guru/1055225/juda-006-creampie-in-my-best-friends-mother/,https://cdn.javmiku.com/wp-content/uploads/2026/09/juda006pl-550x374.jpg
https://jav.guru/1055226/juda-005-creampie-in-my-beautiful-aunt/,https://cdn.javmiku.com/wp-content/uploads/2026/09/juda005pl-550x374.jpg
https://jav.guru/1055227/juda-004-mother-in-law-it-feels-better-than-with-my-wife-okouchi-nami-misaki-haruka-sakura-yumiko/,https://cdn.javmiku.com/wp-content/uploads/2026/09/juda004pl-550x374.jpg
https://jav.guru/1055228/juda-003-creampie-in-my-best-friends-mother-nanami-hisayo-oohashi-hitomi-maya-keiko/,https://cdn.javmiku.com/wp-content/uploads/2026/09/juda003pl-550x374.jpg
https://jav.guru/1055230/jimmy-011-breakup-agent-since-all-men-in-the-world-are-idiots-a-little-temptation-makes-them-erect-and-boosts-my-sales-too-aoshima-nazuki/,https://cdn.javmiku.com/wp-content/uploads/2026/09/JIMMY-011-550x374.jpg
https://jav.guru/1055231/jimmy-010-dreaming-twin-bowl-why-are-both-the-same-in-taste-and-size-whether-you-suck-them-insert-them-or-creampie-them-kurosawa-nanami/,https://cdn.javmiku.com/wp-content/uploads/2026/09/JIMMY-010-550x374.jpg
https://jav.guru/1055232/hpxr-50-ikumi-hisamatsu/,https://cdn.javmiku.com/wp-content/uploads/2026/09/1578455416_hpxr-50-550x374.jpg
https://jav.guru/1055234/gun-789-everything-fully-visible-soles-of-the-feet-and-full-nudity-ayana-rina-koume-ena-marumo-rea-watarai-fuu-toba-iku/,https://cdn.javmiku.com/wp-content/uploads/2026/09/433gun789pl-550x374.jpg
https://jav.guru/1055235/grabd-033-closed-room-photoshoot-hikari-misaki-translucent-body-trembling-v-line-a-forbidden-close-up-record-of-just-the-two-of-them-hikari-misaki-blu-ray-disc/,https://cdn.javmiku.com/wp-content/uploads/2026/09/n_1535grabd033pl-550x374.jpg
https://jav.guru/1055236/gqw-001-doctor-neet-old-mans-neighborhood-girl-take-home-mischief-collection-3-girls/,https://cdn.javmiku.com/wp-content/uploads/2026/09/gqw001pl-550x374.jpg
https://jav.guru/1055237/euud-092-honoka-mitsuhara-forgets-the-mundane-world-and-with-her-true-nature-fully-exposed-fucks-relentlessly-on-a-breeding-mixed-bath-hot-spring-trip/,https://cdn.javmiku.com/wp-content/uploads/2026/09/h_086euud92pl-1-550x374.jpg
https://jav.guru/1055238/enki-099-trashy-pussy-gal-but-a-loyal-creampie-only-meat-toilet-violently-fulfilling-the-written-pledge-with-brutal-fucking-gangbang-yuri/,https://cdn.javmiku.com/wp-content/uploads/2026/09/enki099pl-550x374.jpg
https://jav.guru/1055243/dori-102-pov-fuck-no-102-the-beautiful-bodied-gyaru-with-leftover-tan-lines-who-started-compensated-dating-in-search-of-pleasure-rena-chan-munakata-rena/,https://cdn.javmiku.com/wp-content/uploads/2026/09/h_491dori102pl-550x374.jpg
https://jav.guru/1055244/dori-101-pov-fuck-no-101-no-condom-ok-the-shy-beautiful-girl-soaking-wet-with-love-juices-mayuna-chan-mitsuharu-mayuna/,https://cdn.javmiku.com/wp-content/uploads/2026/09/h_491dori101pl-550x374.jpg
https://jav.guru/1055245/dori-100-fuck-shoot-no-100-the-pure-looking-beautiful-girl-with-small-tits-who-feels-so-good-she-ends-up-allowing-a-creampie-niina-chan-fukunaga-niina/,https://cdn.javmiku.com/wp-content/uploads/2026/09/h_491dori100pl-550x374.jpg
https://jav.guru/1055246/dori-098-pov-fuck-no-98-the-slender-beautiful-girl-with-a-melty-pussy-who-came-for-compensated-dating-before-hanging-out-with-friends-reina-chan-murase-reina/,https://cdn.javmiku.com/wp-content/uploads/2026/09/h_491dori098pl-550x374.jpg
https://jav.guru/1055248/chib-006-girlz-high-hinata-inori-kitayama-yu/,https://cdn.javmiku.com/wp-content/uploads/2026/09/chib006pl-550x374.jpg
https://jav.guru/1055249/cesd-149-my-mother-is-the-female-manager-of-a-no-panties-cafe-the-reason-why-a-mother-and-son-who-love-each-other-dont-commit-incest-yumi-kazama/,https://cdn.javmiku.com/wp-content/uploads/2026/09/cesd149pl-550x374.jpg
https://jav.guru/1055250/cesd-148-dad-and-mom-6-family-bonds-that-overcome-difficulties-the-loving-sex-story-of-a-married-couple-who-embrace-each-other-chisato-shoda/,https://cdn.javmiku.com/wp-content/uploads/2026/09/cesd148pl-550x374.jpg
https://jav.guru/1055251/cesd-144-sorry-for-squirting-so-much-from-feeling-too-good-4-unstoppable-climaxes-and-squirting-that-draws-parabolas-came-73-times-squirted-53-times-mio-kayama/,https://cdn.javmiku.com/wp-content/uploads/2026/09/cesd144pl-550x374.jpg
https://jav.guru/1055252/cesd-143-breakup-agent-relationship-severer-3-deceiving-men-with-skillful-techniques-luring-them-to-ejaculate-and-cutting-ties-chisato-shoda/,https://cdn.javmiku.com/wp-content/uploads/2026/09/cesd143pl-550x374.jpg
https://jav.guru/1055253/cesd-142-the-last-shame-desire-ive-always-wanted-to-be-treated-this-way-exposing-my-hidden-sexual-fetish-this-is-the-real-yuki-misa/,https://cdn.javmiku.com/wp-content/uploads/2026/09/cesd142pl-550x374.jpg
https://jav.guru/1055254/c-2543-girls-trip-014/,https://cdn.javmiku.com/wp-content/uploads/2026/09/140c2543pl-550x374.jpg
https://jav.guru/1055255/c-2542-please-cuckold-my-wife-t-ka-27-84/,https://cdn.javmiku.com/wp-content/uploads/2026/09/140c2542pl-550x374.jpg
https://jav.guru/1055256/c-2541-cuckolding-the-wife-right-next-to-her-dead-drunk-husband-the-best-2019-mar-2019-aug/,https://cdn.javmiku.com/wp-content/uploads/2026/09/140c2541pl-550x374.jpg
https://jav.guru/1055257/c-2540-married-woman-selfie-ntr-cuckold-report-video-07-kanno-yona/,https://cdn.javmiku.com/wp-content/uploads/2026/09/140c2540pl-550x374.jpg
https://jav.guru/1055258/c-2539-raw-footage-lesbian-hot-spring-trip-08/,https://cdn.javmiku.com/wp-content/uploads/2026/09/140c2539pl-550x374.jpg
https://jav.guru/1055259/c-2538-life-journey-012-extra-edition-married-womans-travelogue-06/,https://cdn.javmiku.com/wp-content/uploads/2026/09/140c2538pl-550x374.jpg
https://jav.guru/1055260/c-2537-i-end-up-making-a-move-as-if-it-were-only-natural-on-my-wifes-female-friend-married-woman-mitsue-san-alias-52-years-old-who-ended-up-staying-in-my-room/,https://cdn.javmiku.com/wp-content/uploads/2026/09/140c2537pl-550x374.jpg
https://jav.guru/1055261/bobb-359-j-cup-beautiful-huge-tits-charm-maximized-to-the-fullest-breast-fetish-erotic-cosplay-7-boin-seiri-toa-box-3/,https://cdn.javmiku.com/wp-content/uploads/2026/09/bobb359pl-550x374.jpg
https://jav.guru/1055262/bkd-263-mother-son-mating-takakura-rina/,https://cdn.javmiku.com/wp-content/uploads/2026/09/bkd263sopl-550x374.jpg
https://jav.guru/1055263/bkd-262-mother-son-mating-miki-yamase/,https://cdn.javmiku.com/wp-content/uploads/2026/09/bkd262sopl-550x374.jpg
https://jav.guru/1055264/bkd-261-mother-son-mating-iroha-narumiya/,https://cdn.javmiku.com/wp-content/uploads/2026/09/bkd261sopl-550x374.jpg
https://jav.guru/1055265/bkd-256-mother-son-mating-narumi-sakagami/,https://cdn.javmiku.com/wp-content/uploads/2026/09/bkd256sopl-550x374.jpg
https://jav.guru/1055266/beb-006-the-beautiful-woman-living-next-doors-hot-kisses-and-embraces-nanako-mori/,https://cdn.javmiku.com/wp-content/uploads/2026/09/beb006pl-550x374.jpg
https://jav.guru/1055267/beb-004-revival-the-hot-kisses-and-embraces-of-a-transcendent-body-haruka-sanada/,https://cdn.javmiku.com/wp-content/uploads/2026/09/beb004pl-550x374.jpg
https://jav.guru/1055268/beb-002-rookie-av-actresss-hot-kisses-and-embraces-mahiru/,https://cdn.javmiku.com/wp-content/uploads/2026/09/beb002pl-550x374.jpg
https://jav.guru/1055269/bbi-088-attacked-by-the-kiss-maniac-older-sister-ive-always-admired-yuria-satomi/,https://cdn.javmiku.com/wp-content/uploads/2026/09/bbi088pl-550x374.jpg
https://jav.guru/1055270/aprg-008-hard-pounding-climax-pov-fuck-great-tits-great-personality-guaranteed-repeat-jackpot-girl-g-cup-schoolgirl-ruka-itoi/,https://cdn.javmiku.com/wp-content/uploads/2026/09/aprg008pl-550x374.jpg
https://jav.guru/1055271/appt-005-ejaculation-on-a-beautiful-girl-in-uniform-chapter-2-nana-himeko/,https://cdn.javmiku.com/wp-content/uploads/2026/09/appt005pl-550x374.jpg
https://jav.guru/1055272/apkh-199-please-film-me-fucking-convulsing-pussy-slit-slender-body-drowning-in-pleasure-i-love-being-pounded-the-innocent-girls-lewd-service-sex-hazuki-sano/,https://cdn.javmiku.com/wp-content/uploads/2026/09/apkh199pl-550x374.jpg
https://jav.guru/1055274/agav-181-polygamous-family-murdr-case-the-tragedy-born-from-a-distorted-form-of-love-looking-back-at-the-time-before-the-incident-through-testimonies-who-is-the-culprit-who-is-lying/,https://cdn.javmiku.com/wp-content/uploads/2026/09/agav181pl-550x374.jpg
https://jav.guru/1055459/xvsr-376-genuine-creampie-3-fucks-asami-nagase/,https://cdn.javmiku.com/wp-content/uploads/2026/09/xvsr376sopl-550x374.jpg
https://jav.guru/1055460/tokutani-004-tougenkyo-mizuki-riko-active-cabaret-girl-violates-the-gravure-worlds-taboo-with-fetishism-mizuki-riko/,https://cdn.javmiku.com/wp-content/uploads/2026/09/n_937tokutani004pl-550x374.jpg
https://jav.guru/1055467/sdni-004-visual-rape-shikan-nao-eguchi/,https://cdn.javmiku.com/wp-content/uploads/2026/09/1sdni004pl-550x374.jpg
https://jav.guru/1055468/scop-723-thoroughly-scooping-up-women-drenched-in-sweat-the-intensely-released-female-scent-makes-an-erection-unavoidable-best-of-33-sweaty-sex-scenes/,https://cdn.javmiku.com/wp-content/uploads/2026/09/scop723sopl-550x374.jpg
https://jav.guru/1055469/scop-715-hot-spring-resort-happening-spontaneous-intense-sex-between-men-and-women-who-get-relaxed-on-their-trip-and-follow-their-instincts-while-completely-naked-4-hours/,https://cdn.javmiku.com/wp-content/uploads/2026/09/84scop715pl-550x374.jpg
https://jav.guru/1055470/real-790-kiwami-bondage-sex-where-the-rough-rope-digging-in-induces-climax-4-hour-ultimate-best/,https://cdn.javmiku.com/wp-content/uploads/2026/09/real790sopl-550x374.jpg
https://jav.guru/1055471/real-781-kiwami-extreme-bondage-sex-pounding-into-defenseless-pussies-4-hour-ultimate-best/,https://cdn.javmiku.com/wp-content/uploads/2026/09/real781sopl-550x374.jpg
https://jav.guru/1055472/real-780-complete-rape-of-30-schoolgirls-leaving-them-unable-to-recover-best-4-hours/,https://cdn.javmiku.com/wp-content/uploads/2026/09/real780sopl-550x374.jpg
https://jav.guru/1055473/real-778-kiwami-saliva-covered-cock-sucking-4-hour-ultimate-best/,https://cdn.javmiku.com/wp-content/uploads/2026/09/real778sopl-550x374.jpg
https://jav.guru/1055477/ome-717-vs-virtual-eros-vs-nami-seto/,https://cdn.javmiku.com/wp-content/uploads/2026/09/2575-550x374.jpg
https://jav.guru/1055478/ome-716-wanted-riko-konoe/,https://cdn.javmiku.com/wp-content/uploads/2026/09/2574-550x374.jpg
https://jav.guru/1055479/ome-715-desalium-momo-hinata/,https://cdn.javmiku.com/wp-content/uploads/2026/09/2573-550x374.jpg
https://jav.guru/1055480/nitr-005-masochistic-dirty-talk-the-hardcore-masochist-girl-who-utters-dirty-talk-herself-and-seeks-training/,https://cdn.javmiku.com/wp-content/uploads/2026/09/49nitr005pl-550x374.jpg
https://jav.guru/1055481/mmr-az586-sweet-impact-yuki-arimura/,https://cdn.javmiku.com/wp-content/uploads/2026/09/2592-550x374.jpg
https://jav.guru/1055482/mmr-az585-by-your-side-riri-nishio/,https://cdn.javmiku.com/wp-content/uploads/2026/09/2591-550x374.jpg
https://jav.guru/1055483/mmr-az580-puritto-short-marika-minato/,https://cdn.javmiku.com/wp-content/uploads/2026/09/2590-550x374.jpg
https://jav.guru/1055484/mmr-az565-i-d-yuuka-kohinata/,https://cdn.javmiku.com/wp-content/uploads/2026/09/2577-550x374.jpg
https://jav.guru/1055485/love-078-please-keep-me-a-virgin-as-livestock-4/,https://cdn.javmiku.com/wp-content/uploads/2026/09/h_491love78pl-550x374.jpg
https://jav.guru/1055486/lcdv-41332-i-love-you-aoi-fujino/,https://cdn.javmiku.com/wp-content/uploads/2026/09/2587-550x374.jpg
https://jav.guru/1055487/lcdv-41128-a-day-in-the-life-mari-takamiya/,https://cdn.javmiku.com/wp-content/uploads/2026/09/2600-550x374.jpg
https://jav.guru/1055488/ksbj-211-after-all-mature-women-are-the-most-erotic-22-women-vol-04/,https://cdn.javmiku.com/wp-content/uploads/2026/09/ksbj211pl-550x374.jpg
https://jav.guru/1055489/ksbj-164-my-sons-wife-was-a-slut-through-and-through-himari-kinoshita/,https://cdn.javmiku.com/wp-content/uploads/2026/09/ksbj164pl-550x374.jpg
https://jav.guru/1055490/kidm-796-kitaya-yuri-remix-final-edition/,https://cdn.javmiku.com/wp-content/uploads/2026/09/70787425_1450506l-550x374.jpg
https://jav.guru/1055491/kidm-726-maya-shinohara-gray-zone/,https://cdn.javmiku.com/wp-content/uploads/2026/09/46097809_i336760-550x374.jpg
https://jav.guru/1055492/kidm-711-maya-shinohara-body-heat/,https://cdn.javmiku.com/wp-content/uploads/2026/09/42135780_i331019-550x374.jpg
https://jav.guru/1055493/kidm-708-kizaki-natsu-uncensored-2-disc-set-atami-edition-kyoto-edition/,https://cdn.javmiku.com/wp-content/uploads/2026/09/42256589_i329874-550x374.jpg
https://jav.guru/1055494/kidm-570b-untitled-shiori-kawana-blu-ray-disc/,https://cdn.javmiku.com/wp-content/uploads/2026/09/n_945kidm570bpl-550x374.jpg
https://jav.guru/1055495/kidm-1063b-adventure-oda-asuka/,https://cdn.javmiku.com/wp-content/uploads/2026/09/1246-550x374.jpg
https://jav.guru/1055496/kidm-078-18-year-old-ban-lifted-mizuki-fujinaga/,https://cdn.javmiku.com/wp-content/uploads/2026/09/n_945kidm078pl-550x374.jpg
https://jav.guru/1055497/kbynb-005-wet-beauties-see-through-ton-3-soaking-wet-beauties-neverland-blu-ray-disc/,https://cdn.javmiku.com/wp-content/uploads/2026/09/n_1010kbynb005pl-550x374.jpg
https://jav.guru/1055498/kbynb-004-wet-beauties-see-through-ton-2-never-never-ending-numery-blu-ray-disc/,https://cdn.javmiku.com/wp-content/uploads/2026/09/n_1010kbynb004pl-550x374.jpg
https://jav.guru/1055499/juda-013-creampie-in-my-beautiful-aunt/,https://cdn.javmiku.com/wp-content/uploads/2026/09/juda013pl-550x374.jpg
https://jav.guru/1055500/juda-012-mother-in-law-you-feel-better-than-my-wife/,https://cdn.javmiku.com/wp-content/uploads/2026/09/juda012pl-550x374.jpg
https://jav.guru/1055501/juda-002-creampie-in-my-beautiful-aunt/,https://cdn.javmiku.com/wp-content/uploads/2026/09/juda002pl-550x374.jpg
https://jav.guru/1055502/fneo-056-when-peeping-into-his-daughters-room-fathers-mischief-makes-her-pubescent-uterus-start-throbbing-chiharu-sakurai/,https://cdn.javmiku.com/wp-content/uploads/2026/09/h_491fneo056pl-550x374.jpg
https://jav.guru/1055504/enfd-5030-freedom-sayuki-matsumoto/,https://cdn.javmiku.com/wp-content/uploads/2026/09/2579-550x374.jpg
https://jav.guru/1055507/dori-104-pakodori-no-104-the-devilish-beautiful-girl-who-loves-bareback-sex-and-captivates-all-the-sugar-daddy-old-men-rei-chan-misumi-rei/,https://cdn.javmiku.com/wp-content/uploads/2026/09/h_491dori104pl-550x374.jpg
https://jav.guru/1055508/dori-103-pov-fuck-no-103-the-natural-born-extreme-masochist-beautiful-girl-who-wants-to-be-slapped-and-choked-mai-chan-arisu-mai/,https://cdn.javmiku.com/wp-content/uploads/2026/09/h_491dori103pl-550x374.jpg
https://jav.guru/1055509/dori-060-pov-fuck-no-60-creampied-3-times-the-h-cup-big-tits-schoolgirl-who-rubs-her-tits-first-whenever-she-masturbates/,https://cdn.javmiku.com/wp-content/uploads/2026/09/h_491dori060pl-550x374.jpg
https://jav.guru/1055510/cesd-152-loving-sex-healer-3-yuki-tanihara/,https://cdn.javmiku.com/wp-content/uploads/2026/09/cesd152pl-550x374.jpg
https://jav.guru/1055511/cesd-151-ryoko-murakami-in-heat-4sex-completely-newly-filmed-ecstatic-climax-unstoppable-wetting-squirting-endless-vol-3/,https://cdn.javmiku.com/wp-content/uploads/2026/09/cesd151pl-550x374.jpg
https://jav.guru/1055512/cesd-141-yumi-kazama-in-heat-4sex-completely-newly-filmed-genuine-orgasm-sex-with-unstoppable-convulsions-28-continuous-climaxes-with-no-time-to-dry-yumi-kazama/,https://cdn.javmiku.com/wp-content/uploads/2026/09/cesd141pl-550x374.jpg
https://jav.guru/1055513/cesd-140-oton-and-okan-5-even-without-money-marital-love-bonds-and-cock-get-hard-downtown-pure-love-passionate-sex-asahi-mizuno/,https://cdn.javmiku.com/wp-content/uploads/2026/09/cesd140pl-550x374.jpg
https://jav.guru/1055514/cesd-135-female-scumbag-lawyer-3-pleasure-slut-torment-turnabout-trial-sex-that-uses-any-means-to-bribe-any-opponent-reiko-makihara/,https://cdn.javmiku.com/wp-content/uploads/2026/09/cesd135pl-550x374.jpg
https://jav.guru/1055515/cesd-133-first-shoot-married-woman-av-debut-in-her-third-year-of-marriage-a-real-30-year-old-wifes-decision-wanting-to-show-off-her-naughty-side-she-makes-her-av-debut-kimi-kitano/,https://cdn.javmiku.com/wp-content/uploads/2026/09/cesd133pl-550x374.jpg
https://jav.guru/1055516/c-2547-cuckolding-the-wife-right-next-to-her-dead-drunk-husband-13/,https://cdn.javmiku.com/wp-content/uploads/2026/09/140c2547pl-550x374.jpg
https://jav.guru/1055517/c-2546-please-cuckold-my-wife-n%e3%80%85o-31-85/,https://cdn.javmiku.com/wp-content/uploads/2026/09/140c2546pl-550x374.jpg
https://jav.guru/1055518/c-2536-raw-footage-lesbian-hot-spring-trip-07/,https://cdn.javmiku.com/wp-content/uploads/2026/09/140c2536pl-550x374.jpg
https://jav.guru/1055519/c-2533-married-womans-cuckold-hot-spring-trip/,https://cdn.javmiku.com/wp-content/uploads/2026/09/140c2533pl-550x374.jpg
https://jav.guru/1055520/c-2531-married-womans-self-filmed-ntr-cuckold-report-video-06/,https://cdn.javmiku.com/wp-content/uploads/2026/09/140c2531pl-550x374.jpg
https://jav.guru/1055521/bobb-360-bomb-like-plump-h-cups-get-completely-dismantled-in-breast-fetish-play-rubbing-licking-sandwiching-and-savoring-them-freely-to-the-fullest-boin-kotoko-sakurawa-box/,https://cdn.javmiku.com/wp-content/uploads/2026/09/bobb360pl-550x374.jpg
https://jav.guru/1055522/bobb-314-natural-i-cup-way-too-big-huge-tits-corrupting-an-innocent-beautiful-girl-in-uniform-into-a-pervert/,https://cdn.javmiku.com/wp-content/uploads/2026/09/bobb314pl-550x374.jpg
https://jav.guru/1055523/beb-013-seductive-sister-in-laws-hot-kisses-and-embraces-reira-aisaki/,https://cdn.javmiku.com/wp-content/uploads/2026/09/beb013pl-550x374.jpg
https://jav.guru/1055524/beb-010-kissing-teacher-harukas-deflowering-sanada-haruka/,https://cdn.javmiku.com/wp-content/uploads/2026/09/beb010pl-550x374.jpg
https://jav.guru/1055525/arb-006-dragon-bondage-love-pet-training-6-slut-actress-junko-asamiya/,https://cdn.javmiku.com/wp-content/uploads/2026/09/arb00006pl-550x374.jpg
https://jav.guru/1055601/abf-388-my-obedient-pet-candidate-09-mai-nanashima/,https://cdn.javmiku.com/wp-content/uploads/2026/09/118abf388pl-550x374.jpg
https://jav.guru/1055602/abf-387-sharp-tongued-waitress-umi-yatsugake/,https://cdn.javmiku.com/wp-content/uploads/2026/09/118abf387pl-550x374.jpg
https://jav.guru/1055638/waaa-697-yui-will-make-you-spurt-and-cum-staring-right-at-you-for-an-intense-jerk-off-support-orgasm-clinic-the-tempting-little-devil-cock-stroking-nurse-grins-as-she-edges-you-with-whispered-dir/,https://cdn.javmiku.com/wp-content/uploads/2026/09/waaa697pl-550x374.jpg
https://jav.guru/1055639/t38-070-stalking-and-break-in-three-hole-impregnation-rape-targeting-a-schoolgirl-on-her-way-home-from-school/,https://cdn.javmiku.com/wp-content/uploads/2026/09/55t38070pl-550x374.jpg
https://jav.guru/1055640/snos-385-tits-remote-vibe-stroll-toys-inserted-into-her-l-cup-big-nipples-as-shes-dragged-around-in-public-no-making-noise-allowed-trembling-moans-frced-shame-ecstasy-kimura-aishin/,https://cdn.javmiku.com/wp-content/uploads/2026/09/snos385pl-550x374.jpg
https://jav.guru/1055641/rki-765-beauty-and-the-beast-gal-and-creepy-otaku-2-they-have-a-history-of-fucking-she-gets-a-massive-load-of-creepy-otaku-sperm-poured-into-her-womb-and-cums-like-crazy-she-just-cant-leave-th/,https://cdn.javmiku.com/wp-content/uploads/2026/09/rki765pl-550x374.jpg
https://jav.guru/1055642/rebdb-096-rina-sleepless-nights-in-new-york-rukawa-rina-blu-ray-disc/,https://cdn.javmiku.com/wp-content/uploads/2026/09/n_1010rebdb096pl-550x374.jpg
https://jav.guru/1055643/rebd-1069-shizuku-one-drop-of-love-kashiwagi-shizuku/,https://cdn.javmiku.com/wp-content/uploads/2026/09/h_346rebd1069pl-550x374.jpg
https://jav.guru/1055644/rebd-1068-nozomi-the-oracle-in-the-depths-of-the-eyes-yuuki-nozomi/,https://cdn.javmiku.com/wp-content/uploads/2026/09/h_346rebd1068pl-550x374.jpg
https://jav.guru/1055645/rebd-1067-emika3-the-whereabouts-of-love-and-a-slight-fever-sakika-shirakami/,https://cdn.javmiku.com/wp-content/uploads/2026/09/h_346rebd1067pl-550x374.jpg
https://jav.guru/1055646/rebd-1066-julia18-emerald-elegance-%c2%b7-julia/,https://cdn.javmiku.com/wp-content/uploads/2026/09/h_346rebd1066pl-550x374.jpg
https://jav.guru/1055647/pred-901-captured-female-investigator-relentlessly-interrogated-on-her-clitoris-and-nipples-with-a-super-powerful-suction-sex-toy-the-sucking-one-brain-bug-convulsing-orgasms-alice-shaku/,https://cdn.javmiku.com/wp-content/uploads/2026/09/pred901pl-550x374.jpg
https://jav.guru/1055648/pppe-427-spences-mammary-gland-development-clinic-claire-hasumi/,https://cdn.javmiku.com/wp-content/uploads/2026/09/pppe427pl-550x374.jpg
https://jav.guru/1055649/npjs-276-if-you-wont-break-up-with-your-girlfriend-lets-make-this-the-last-time-contact-from-the-free-fuck-buddy-id-had-for-3-years-saying-we-wont-meet-anymore/,https://cdn.javmiku.com/wp-content/uploads/2026/09/npjs276pl-550x374.jpg
https://jav.guru/1055650/nima-086-i-got-horny-so-i-tried-getting-taken-home-during-my-commute-nao-ayatsuki/,https://cdn.javmiku.com/wp-content/uploads/2026/09/nima086pl-550x374.jpg
https://jav.guru/1055651/mudr-399-we-otaku-friends-the-plump-big-tits-freckled-glasses-otaku-girl-her-first-experience-is-a-4p-with-her-otaku-friends-where-she-climaxes-and-cums-over-and-over-hana-himesaki/,https://cdn.javmiku.com/wp-content/uploads/2026/09/mudr399pl-550x374.jpg
https://jav.guru/1055652/mism-464-anus-deep-throat-and-pussy-hole-greedy-three-hole-maso-fucker-iku-toba/,https://cdn.javmiku.com/wp-content/uploads/2026/09/mism464pl-550x374.jpg
https://jav.guru/1055653/mimk-288-the-girl-whos-insanely-erotic-but-if-you-take-her-up-on-the-invitation-it-seems-like-youll-be-ruined-live-action-version/,https://cdn.javmiku.com/wp-content/uploads/2026/09/mimk288pl-550x374.jpg
https://jav.guru/1055654/mfyd-181-the-plain-glasses-wife-across-the-hall-whose-moaning-is-noisy-every-night-has-an-incredible-body-and-sex-drive-and-seduces-me-while-her-husband-is-away-i-get-fucked-over-and-over-again-un/,https://cdn.javmiku.com/wp-content/uploads/2026/09/mfyd181pl-550x374.jpg
https://jav.guru/1055655/jur-854-the-hot-woman-who-straddles-the-world-sumire-mizukawa-retires-horny-intimate-overnight-date-farewell-cherishing-creampie-sex/,https://cdn.javmiku.com/wp-content/uploads/2026/09/jur854pl-550x374.jpg
https://jav.guru/1055656/ipzz-912-highest-class-masochist-slave-the-abnormal-training-record-of-a-proud-female-company-president-blackmailed-with-a-scandal-threatened-tormented-and-fucked-until-she-kneels-to-masochistic/,https://cdn.javmiku.com/wp-content/uploads/2026/09/ipzz912pl-550x374.jpg
https://jav.guru/1055657/hsoda-133-anal-fuck-addict-cosplayer-wants-to-become-an-anal-meat-toilet-toba-iku/,https://cdn.javmiku.com/wp-content/uploads/2026/09/hsoda133pl-550x374.jpg
https://jav.guru/1055658/hmn-904-my-big-tits-have-been-targeted-during-the-daytime-when-my-husband-is-away-i-keep-getting-stripped-and-creampie-gang-raped-by-my-father-in-law-and-the-old-men-from-the-neighborhood-associati/,https://cdn.javmiku.com/wp-content/uploads/2026/09/hmn904pl-550x374.jpg
https://jav.guru/1055659/fns-260-fully-visible-anal-ass-fetish-sex-service-paradise-nene-yoshitaka/,https://cdn.javmiku.com/wp-content/uploads/2026/09/1fns260pl-550x374.jpg
https://jav.guru/1055661/dsod-046-getting-on-your-knees-is-cheating-a-beautiful-high-school-girl-who-cant-refuse-for-fear-of-being-disliked-when-i-kept-begging-her-with-dogeza-she-casually-spread-her-legs-and-even/,https://cdn.javmiku.com/wp-content/uploads/2026/09/dsod046pl-550x374.jpg
https://jav.guru/1055662/dal-012-fantasy-summer-festival-beautiful-girl-ai-model-av-debut/,https://cdn.javmiku.com/wp-content/uploads/2026/09/h_1711dal00012pl-550x374.jpg
https://jav.guru/1055663/cawb-039-uniform-fantasy-eroticism-always-obsessed-with-uniforms-my-precum-wont-stop/,https://cdn.javmiku.com/wp-content/uploads/2026/09/cawb039pl-550x374.jpg
https://jav.guru/1055664/bban-603-going-without-panties-is-our-secret-signal-ever-since-the-day-i-gave-in-to-lesbian-temptation-ive-been-having-secret-molestation-meetings-every-morning-with-that-girl-from-the-neighbori/,https://cdn.javmiku.com/wp-content/uploads/2026/09/bban603pl-550x374.jpg
https://jav.guru/1055665/atid-698-decoy-investigator-corrupted-by-aphrodisiac-molestation/,https://cdn.javmiku.com/wp-content/uploads/2026/09/atid698pl-550x374.jpg
https://jav.guru/1055666/arso-26210-mai-wife-celeb-club-210/,https://cdn.javmiku.com/wp-content/uploads/2026/09/1arso26210pl-550x374.jpg
https://jav.guru/1055769/star-617-rina-rukawa-retirement/,https://cdn.javmiku.com/wp-content/uploads/2026/09/1star617pl-550x374.jpg
https://jav.guru/1055770/sps-011-splash-fuck-the-unstoppable-squirting-rina-rukawa/,https://cdn.javmiku.com/wp-content/uploads/2026/09/sps011pl-550x374.jpg
https://jav.guru/1055779/skmj-794-amateur-girls-found-at-hot-springs-all-over-japan-wont-you-try-entering-the-mens-bath-with-just-one-towel-ordinary-tourists-who-had-sightseeing-plans-that-day-all-climax-in-consecutiv/,https://cdn.javmiku.com/wp-content/uploads/2026/09/h_1324skmj794pl-550x374.jpg
https://jav.guru/1055780/skmj-793-blue-sky-no-bra-challenge-amateur-college-girl-takes-on-her-first-outdoor-exposure-under-the-blue-sky-tits-flop-out-lol-seen-by-a-crowd-her-heart-wont-stop-pounding-and-nipples-go-rock/,https://cdn.javmiku.com/wp-content/uploads/2026/09/h_1324skmj793pl-550x374.jpg
https://jav.guru/1055781/skmj-792-current-cabin-attendants-wont-you-give-a-virgin-boy-the-hospitality-of-taking-his-virginity-rubbing-his-phimosis-cock-against-women-from-another-world-who-dont-know-the-word-thi/,https://cdn.javmiku.com/wp-content/uploads/2026/09/h_1324skmj792pl-550x374.jpg
https://jav.guru/1055782/royd-353-the-boyish-girl-who-seems-like-a-male-friend-has-adult-lingerie-and-a-plump-huge-tits-nice-body-beyond-imagination/,https://cdn.javmiku.com/wp-content/uploads/2026/09/royd353pl-550x374.jpg
https://jav.guru/1055786/prian-060-cherry-blossom-color-sakura-wakana/,https://cdn.javmiku.com/wp-content/uploads/2026/09/n_1544prian060pl-550x374.jpg
https://jav.guru/1055787/prian-059-colors-aya-sasakura/,https://cdn.javmiku.com/wp-content/uploads/2026/09/n_1544prian059pl-550x374.jpg
https://jav.guru/1055788/ntr-013-my-lover-who-was-cuckolded-by-my-father-rina-rukawa/,https://cdn.javmiku.com/wp-content/uploads/2026/09/1ntr013pl-550x374.jpg
https://jav.guru/1055789/nmsl-048-bottomless-ejaculation-management-enforcer-who-extracts-every-last-drop-of-semen-from-men-with-abnormal-sexual-desires-rie-miyagi/,https://cdn.javmiku.com/wp-content/uploads/2026/09/h_1814nmsl00048pl-550x374.jpg
https://jav.guru/1055790/nhdta-695-the-mama-chari-premature-ejaculation-wife-whose-sensitivity-skyrocketed-after-giving-birth-x-rina-rukawa-days-of-climax-steeped-in-desire-a-torrent-of-4-real-fucks/,https://cdn.javmiku.com/wp-content/uploads/2026/09/1nhdta695pl-550x374.jpg
https://jav.guru/1055791/nhdt-165-milking-a-lactating-mama/,https://cdn.javmiku.com/wp-content/uploads/2026/09/1nhdt165pl-550x374.jpg
https://jav.guru/1055792/mizd-553-bukkake-aimed-straight-at-beautiful-girls-faces-one-shot-laser-beam-facial-best/,https://cdn.javmiku.com/wp-content/uploads/2026/09/mizd553pl-550x374.jpg
https://jav.guru/1055794/mbmh-097-huge-way-too-huge-until-a-pure-looking-beauty-in-her-20s-with-big-tits-falls-for-a-massive-cock/,https://cdn.javmiku.com/wp-content/uploads/2026/09/h_460mbmh097pl-550x374.jpg
https://jav.guru/1055797/jmty-085-tadaman-file-30-seira-27-a-record-of-making-my-convenient-fuck-buddy-swallow-cum-and-creampieing-her-over-and-over/,https://cdn.javmiku.com/wp-content/uploads/2026/09/jmty00085pl-550x374.jpg
https://jav.guru/1055798/id-027-100-schoolgirls-creampie-sex-records-2-disc-set-8-hours/,https://cdn.javmiku.com/wp-content/uploads/2026/09/5534id027pl-550x374.jpg
https://jav.guru/1055799/id-026-amateur-cosplayers-off-paco-pov-fuck-videos-2-disc-set-8-hours/,https://cdn.javmiku.com/wp-content/uploads/2026/09/5534id026pl-550x374.jpg
https://jav.guru/1055800/id-025-a-busty-female-student-is-molested-and-violated-by-a-group-of-perverts-on-a-train/,https://cdn.javmiku.com/wp-content/uploads/2026/09/5534id025pl-550x374.jpg
https://jav.guru/1055801/huntc-623-did-your-cock-get-all-big-auntie-will-take-care-of-it-for-you-when-i-rode-the-train-with-my-aunt-it-was-packed-solid-and-for-some-reason-there-were-only-sexy-women-around-me/,https://cdn.javmiku.com/wp-content/uploads/2026/09/huntc623pl-550x374.jpg
https://jav.guru/1055802/hrsm-162-freshly-stripped-panty-fetishism-want-to-soil-the-directly-worn-panties-packed-with-pussy-scent-four-beautiful-girls-who-sell-panties/,https://cdn.javmiku.com/wp-content/uploads/2026/09/h_1745hrsm162pl-550x374.jpg
https://jav.guru/1055803/hrsm-161-hunting-the-door-to-door-sales-lady-of-the-most-famous-lactic-acid-bacteria/,https://cdn.javmiku.com/wp-content/uploads/2026/09/h_1745hrsm161pl-550x374.jpg
https://jav.guru/1055804/hodv-22114-ive-started-a-home-esthetic-salon-the-bewitching-married-woman-who-ruins-men-ayasa-sasakura/,https://cdn.javmiku.com/wp-content/uploads/2026/09/41hodv22114pl-550x374.jpg
https://jav.guru/1055805/hodv-22113-reunited-with-my-mistress-after-a-year-and-fucked-her-wildly-while-completely-naked-on-a-day-off-during-a-business-trip-hibiki-ren/,https://cdn.javmiku.com/wp-content/uploads/2026/09/41hodv22113pl-550x374.jpg
https://jav.guru/1055806/hodv-22112-the-plain-glasses-girl-at-my-part-time-job-is-a-hidden-huge-tits-sullen-slut-sakurano-momo/,https://cdn.javmiku.com/wp-content/uploads/2026/09/41hodv22112pl-550x374.jpg
https://jav.guru/1055807/hjmo-730-pressing-my-bulging-erect-cock-against-the-pussy-of-an-esthetician-whos-weak-to-pressure-and-grinding-the-tip-in-through-her-panties-if-i-tease-and-rub-until-she-craves-it-can-i-get-raw/,https://cdn.javmiku.com/wp-content/uploads/2026/09/hjmo730pl-550x374.jpg
https://jav.guru/1055808/ebwh-357-doesnt-mind-even-with-her-ass-fully-exposed-this-gal-in-a-5cm-fully-visible-mini-skirt-is-so-easygoing-that-even-a-guy-like-me-can-fuck-her-instantly-in-5-seconds-if-i-get-hard/,https://cdn.javmiku.com/wp-content/uploads/2026/09/ebwh357pl-550x374.jpg
https://jav.guru/1055809/dsam-007-amateur-av-newbie-cosplayer-who-does-home-cosplay-on-sns-has-her-first-cosplay-video-shoot-surrounding-the-super-slutty-cosplay-girl-whose-pussy-is-way-too-sensitive-for-a-lewd-private-sh/,https://cdn.javmiku.com/wp-content/uploads/2026/09/dsam007pl-550x374.jpg
https://jav.guru/1055810/dldss-555-if-you-dont-move-then-brother-in-law-isnt-at-fault-one-sided-hip-grinding-cowgirl-from-a-married-woman-her-husband-ignores-rika-aimi/,https://cdn.javmiku.com/wp-content/uploads/2026/09/1dldss555pl-550x374.jpg
https://jav.guru/1055811/cjod-538-im-erotic-because-im-an-auntie-im-totally-hooked-on-mama-katsu-creampie-adultery-with-intense-carnal-sex-alongside-a-super-lustful-horny-beautiful-mature-woman-rena-fukii/,https://cdn.javmiku.com/wp-content/uploads/2026/09/cjod538pl-550x374.jpg
https://jav.guru/1055812/bdsm-091-bondage-pitiful-dog-wife-hikaru-miyanishi/,https://cdn.javmiku.com/wp-content/uploads/2026/09/h_1096bdsm091pl-550x374.jpg
https://jav.guru/1055980/urkn-017-ura-kin-bareback-sex-video-collection-017/,https://cdn.javmiku.com/wp-content/uploads/2026/09/1urkn017pl-550x374.jpg
https://jav.guru/1055981/tnjs-005-natural-peach-butt-country-girls-no-panties-tokyo-sightseeing-momona-chan-95cm-hips-sakuraba-momona/,https://cdn.javmiku.com/wp-content/uploads/2026/09/tnjs005pl-550x374.jpg
https://jav.guru/1055982/tkd-20-the-downtown-izakaya-landlady-im-proud-of-my-seafood-dishes-pinch-and-drink-my-secret-pussy-too-jun-segawa/,https://cdn.javmiku.com/wp-content/uploads/2026/09/17tkd20pl-550x374.jpg
https://jav.guru/1055983/tkd-19-the-sumo-stable-proprietress-the-disciples-pampering-is-the-proprietresss-body-taeeko-koizumi/,https://cdn.javmiku.com/wp-content/uploads/2026/09/17tkd19pl-550x374.jpg
https://jav.guru/1055984/tkd-15-the-proprietress-of-a-downtown-sushi-shop-yes-sir-one-tea-coming-right-up-reiko-kurosawa/,https://cdn.javmiku.com/wp-content/uploads/2026/09/17tkd15pl-550x374.jpg
https://jav.guru/1055985/timd-043-slutty-femboys-anal-orgasm/,https://cdn.javmiku.com/wp-content/uploads/2026/09/h_019timd043pl-550x374.jpg
https://jav.guru/1055986/sps-008-rinas-secret-sensual-switch-keep-it-secret-from-big-brother-rina-rukawa/,https://cdn.javmiku.com/wp-content/uploads/2026/09/sps008pl-550x374.jpg
https://jav.guru/1055987/spar-012-lust-slave-imprisoned-married-woman-the-true-pleasure-awakened-by-training-that-blossoms-her-masochistic-potential/,https://cdn.javmiku.com/wp-content/uploads/2026/09/57spar012pl-550x374.jpg
https://jav.guru/1055988/spar-010-mom-let-me-have-sex-with-you-pressed-by-her-son-the-mother-who-ended-up-accepting-the-forbidden-love-drowns-in-pleasure-in-this-record-of-mother-son-intercourse-240-minutes/,https://cdn.javmiku.com/wp-content/uploads/2026/09/57spar010pl-550x374.jpg
https://jav.guru/1055989/spar-009-intense-sex-with-an-extremely-erotic-beautiful-mature-woman-who-cant-control-her-body-in-heat/,https://cdn.javmiku.com/wp-content/uploads/2026/09/57spar009pl-550x374.jpg
https://jav.guru/1055994/skth-001-shikota-holdings-nyota-co-ltd-the-female-employee-accompanying-sales-calls-hits-her-pee-holding-limit-i-made-her-piss-right-in-front-of-me/,https://cdn.javmiku.com/wp-content/uploads/2026/09/1skth00001pl-550x374.jpg
https://jav.guru/1055995/skmj-791-spartan-style-premature-ejaculation-improvement-training-by-active-shibuya-gals-virgins-welcome-if-you-really-want-to-cure-your-premature-ejaculation-get-fired-up-virgins-i-love-you/,https://cdn.javmiku.com/wp-content/uploads/2026/09/h_1324skmj791pl-550x374.jpg
https://jav.guru/1055996/skmj-790-serious-and-cute-national-university-girls-wont-you-help-improve-the-premature-ejaculation-of-a-virgin-guy-struggling-with-premature-bursts-at-your-home-plain/,https://cdn.javmiku.com/wp-content/uploads/2026/09/h_1324skmj790pl-550x374.jpg
https://jav.guru/1055997/sgsr-407-eh-you-like-sex-so-much-that-you-skip-grooming-your-pubic-hair-married-women-who-have-incredible-sex-without-caring-about-appearances-15-women-4-hours/,https://cdn.javmiku.com/wp-content/uploads/2026/09/57sgsr407pl-550x374.jpg
https://jav.guru/1055998/sgsr-406-im-a-married-woman-but-is-it-okay-if-you-get-me-pregnant-im-addicted-to-intimate-ntr-sex-ver2-0-12-women-4-hours/,https://cdn.javmiku.com/wp-content/uploads/2026/09/57sgsr406pl-550x374.jpg
https://jav.guru/1056000/rlmp-020-deepthroat-that-makes-throat-juices-overflow-and-drool-best/,https://cdn.javmiku.com/wp-content/uploads/2026/09/rlmp020pl-550x374.jpg
https://jav.guru/1056001/rlmp-018-raped-by-an-old-mans-filthy-sperm-innocent-girls-drown-in-adult-mens-cloudy-white-semen-in-unwilling-rape-best/,https://cdn.javmiku.com/wp-content/uploads/2026/09/rlmp018pl-550x374.jpg
https://jav.guru/1056002/prin-063-brown-skinned-purple-haired-bikini-gal-cock-addicted-sex-with-a-blowjob-loving-cum-milking-gal-whose-suction-power-is-insanely-strong/,https://cdn.javmiku.com/wp-content/uploads/2026/09/prin063pl-550x374.jpg
https://jav.guru/1056003/onsd-746-high-definition-super-thick-dildo-masturbation-blu-ray-disc/,https://cdn.javmiku.com/wp-content/uploads/2026/09/onsd746pl-550x374.jpg
https://jav.guru/1056004/ome-718-1st-impact-the-chewiness-is-insane-1st-impact-futaba-suzuki/,https://cdn.javmiku.com/wp-content/uploads/2026/09/2617-550x374.jpg
https://jav.guru/1056005/nxgs-023-at-the-front-door-the-neighbors-wife-seduces-me-into-kissing-bareback-adulterous-sex/,https://cdn.javmiku.com/wp-content/uploads/2026/09/h_1664nxgs023pl-550x374.jpg
https://jav.guru/1056006/neo-645-i-want-to-lick-all-over-a-beautiful-mature-womans-face-kimika-ichijo-a-matured-50-year-old-lets-moisten-her-dry-skin-with-saliva/,https://cdn.javmiku.com/wp-content/uploads/2026/09/433neo645pl-550x374.jpg
https://jav.guru/1056007/moor-066-yuuri-who-loves-being-filmed-while-fucked/,https://cdn.javmiku.com/wp-content/uploads/2026/09/moor066pl-550x374.jpg
https://jav.guru/1056008/moor-065-momona-who-loves-getting-fucked-on-camera/,https://cdn.javmiku.com/wp-content/uploads/2026/09/moor065pl-550x374.jpg
https://jav.guru/1056009/mmr-az589-why-dont-you-make-a-deal-with-me-%ef%bc%9f-nanoka-nakane/,https://cdn.javmiku.com/wp-content/uploads/2026/09/2616-550x374.jpg
https://jav.guru/1056010/mmr-az588-supple-round-maruku-maruku-kinashi/,https://cdn.javmiku.com/wp-content/uploads/2026/09/2628-550x374.jpg
https://jav.guru/1056011/mmr-az587-miyabi-senseis-secret-miyabi-miyagawa/,https://cdn.javmiku.com/wp-content/uploads/2026/09/2627-550x374.jpg
https://jav.guru/1056012/mmr-az038-my-older-sister-mika-nonomiya-%e3%80%85/,https://cdn.javmiku.com/wp-content/uploads/2026/09/mmr-az038-550x374.jpg
https://jav.guru/1056014/mkmp-757-shaved-sluts-lewd-soft-pussy-temptation-riles-you-up-into-semen-milking-sex-4-hour-best/,https://cdn.javmiku.com/wp-content/uploads/2026/09/mkmp757pl-550x374.jpg
https://jav.guru/1056016/mbr-ab056-mbrab-056-i-tried-capturing-a-teenage-pubescent-schoolgirl-whose-pussy-is-smooth-even-though-her-hair-is-short-2/,https://cdn.javmiku.com/wp-content/uploads/2026/09/n_709mbrab056pl-550x374.jpg
https://jav.guru/1056017/mbr-ab055-mbrab-055-the-young-lady-i-longed-for-i-thought-she-was-a-pure-and-innocent-schoolgirl-but-actually-3/,https://cdn.javmiku.com/wp-content/uploads/2026/09/n_709mbrab055pl-550x374.jpg
https://jav.guru/1056018/mbma-309-hemp-rope-play-young-girls-secretly-succumb-to-masochistic-pleasure-in-an-old-storehouse/,https://cdn.javmiku.com/wp-content/uploads/2026/09/h_460mbma309pl-550x374.jpg
https://jav.guru/1056019/lcdv-41409-the-reason-our-summer-didnt-end-miyu-suenaga/,https://cdn.javmiku.com/wp-content/uploads/2026/09/2626-550x374.jpg
https://jav.guru/1056020/lcdv-41406-fresh-venus-maya-kamiya/,https://cdn.javmiku.com/wp-content/uploads/2026/09/2625-550x374.jpg
https://jav.guru/1056021/lcdv-41298-i-still-like-tsumugi-tsumugi-hara/,https://cdn.javmiku.com/wp-content/uploads/2026/09/2636-550x374.jpg
https://jav.guru/1056022/lcdv-40991-teach-me-teacher-pan/,https://cdn.javmiku.com/wp-content/uploads/2026/09/2635-550x374.jpg
https://jav.guru/1056023/lcbd-00919-asuka-kishi-i-still-love-kishi-%e2%99%a1/,https://cdn.javmiku.com/wp-content/uploads/2026/09/2613-550x374.jpg
https://jav.guru/1056025/kidm-852-hoshino-miyu-the-anus-mirror/,https://cdn.javmiku.com/wp-content/uploads/2026/09/97420273_1494311l-550x374.jpg
https://jav.guru/1056026/kidm-718-asami-kubota-water-gun-2/,https://cdn.javmiku.com/wp-content/uploads/2026/09/42132731_i332214-550x374.jpg
https://jav.guru/1056027/kidm-567-sentimental-journey-hoshino-miyu/,https://cdn.javmiku.com/wp-content/uploads/2026/09/n_945kidm567pl-550x374.jpg
https://jav.guru/1056028/kidm-473-title-undecided-natsuki/,https://cdn.javmiku.com/wp-content/uploads/2026/09/n_945kidm473pl-550x374.jpg
https://jav.guru/1056033/jksr-752-all-you-can-lick-married-womens-pussies-72-consecutive-cunnilingus-sessions-on-dripping-wet-pussies-overflowing-with-pussy-juice/,https://cdn.javmiku.com/wp-content/uploads/2026/09/57jksr752pl-550x374.jpg
https://jav.guru/1056034/jksr-749-unlimited-pay-for-the-super-invincible-legally-aged-loli-beauty-in-a-school-uniform-with-bare-legs-peachy-buttocks-and-a-naughty-girl-a-first-year-student-prostitute-is-born/,https://cdn.javmiku.com/wp-content/uploads/2026/09/57jksr749pl-550x374.jpg
https://jav.guru/1056036/imo-036-i-called-a-delivery-health-service-and-my-little-sister-showed-up-as-a-result-we-end-up-having-creampie-real-sex-in-secret-from-the-shop-14/,https://cdn.javmiku.com/wp-content/uploads/2026/09/12imo036pl-550x374.jpg
https://jav.guru/1056037/husr-307-newhalf-reverse-pick-up-sex-the-cute-otoko-no-kos-acmes-and-orgasms-wont-stop-252-minutes/,https://cdn.javmiku.com/wp-content/uploads/2026/09/57husr307pl-550x374.jpg
https://jav.guru/1056038/hodv-22120-amateur-pickup-the-amateur-office-ladies-picked-up-by-asking-want-a-lucrative-part-time-job-are-cock-loving-sexually-frustrated-women-featuring-6/,https://cdn.javmiku.com/wp-content/uploads/2026/09/41hodv22120pl-550x374.jpg
https://jav.guru/1056039/hodv-22116-the-private-tutor-is-a-monster-class-erotic-kaiju-of-sexual-desire/,https://cdn.javmiku.com/wp-content/uploads/2026/09/41hodv22116pl-550x374.jpg
https://jav.guru/1056040/hodv-22115-married-woman-nampa-instant-creampie-sex-with-high-class-tower-mansion-wives-4-women-257-minutes/,https://cdn.javmiku.com/wp-content/uploads/2026/09/41hodv22115pl-550x374.jpg
https://jav.guru/1056042/gbsa-100-promiscuous-inappropriate-relationship-1/,https://cdn.javmiku.com/wp-content/uploads/2026/09/gbsa100pl-550x374.jpg
https://jav.guru/1056045/dogg-003-maria-samas-erotic-rampage-she-fucks-as-she-pleases-and-the-set-is-a-total-mess-maria-yumeno/,https://cdn.javmiku.com/wp-content/uploads/2026/09/dogg003pl-550x374.jpg
https://jav.guru/1056046/dldss-559-probably-likes-my-daughter-engaging-in-adulterous-acts-at-home-three-days-a-week-with-my-daughters-private-tutor-naho-kado/,https://cdn.javmiku.com/wp-content/uploads/2026/09/1dldss559pl-550x374.jpg
https://jav.guru/1056047/chc-036-toying-with-a-beautiful-girl-in-private-pov-fuck-complete-submission-sex-to-an-old-man-hinano-chan-college-girl-hinano-miki/,https://cdn.javmiku.com/wp-content/uploads/2026/09/h_1751chc036pl-550x374.jpg
https://jav.guru/1056048/cesd-090-joy-anger-sorrow-pleasure-2-a-tall-long-legged-slut-teases-a-mans-cock-to-the-limit-and-greedily-devours-the-pleasure-in-a-pleasure-sex-game-ichika-kamihata/,https://cdn.javmiku.com/wp-content/uploads/2026/09/cesd090pl-550x374.jpg
https://jav.guru/1056050/bufe-094-hairy-girls-2/,https://cdn.javmiku.com/wp-content/uploads/2026/09/h_1786bufe00094pl-550x374.jpg
https://jav.guru/1056051/bufe-092-beautiful-girls-nude-body-is-a-shaved-pussy-6/,https://cdn.javmiku.com/wp-content/uploads/2026/09/h_1786bufe00092pl-550x374.jpg
https://jav.guru/1056053/agav-174-glasses-facial-story-the-repressed-married-woman-who-wants-to-be-raped-yukari-shizuki/,https://cdn.javmiku.com/wp-content/uploads/2026/09/agav174pl-550x374.jpg
https://jav.guru/1056237/yst-359-even-though-my-stepfather-treats-me-as-a-mouth-pussy-i-drip-pussy-juice-im-a-pervert-minato-nami/,https://cdn.javmiku.com/wp-content/uploads/2026/09/540yst359pl-550x374.jpg
https://jav.guru/1056238/ysn-666-im-being-licked-and-kissed-all-over-by-minatoha-ryuu-and-hes-been-playing-with-my-nipples-the-whole-time-but-i-dont-think-i-can-get-away/,https://cdn.javmiku.com/wp-content/uploads/2026/09/h_127ysn666pl-550x374.jpg
https://jav.guru/1056239/ysn-665-i-want-to-devour-my-little-sisters-insane-body-haruno-ando/,https://cdn.javmiku.com/wp-content/uploads/2026/09/h_127ysn665pl-550x374.jpg
https://jav.guru/1056248/xvsr-380-creampie-sex-log-of-ayumi-the-little-devil-schoolgirl-who-loves-middle-aged-men-kimito-ayumi/,https://cdn.javmiku.com/wp-content/uploads/2026/09/xvsr380sopl-550x374.jpg
https://jav.guru/1056249/wfr-033-i-love-m-mens-nipples-%e2%97%86-the-nipple-licking-j-girl-who-keeps-tongue-teasing-nipples-nonstop-suehiro-jun/,https://cdn.javmiku.com/wp-content/uploads/2026/09/2wfr033pl-550x374.jpg
https://jav.guru/1056250/vdd-209-female-teacher-in-blackmail-suite-aoi-nakajo/,https://cdn.javmiku.com/wp-content/uploads/2026/09/24vdd209pl-550x374.jpg
https://jav.guru/1056251/ubug-018-a-student-who-was-wandering-around-kabukicho-her-unlucky-looking-has-circumstances-vibe-is-the-best/,https://cdn.javmiku.com/wp-content/uploads/2026/09/h_1133ubug018pl-550x374.jpg
https://jav.guru/1056252/totk-025-hanamiya-hime-documentary-bound-and-frced-to-cum-massive-squirting-anal-brutal-pounding-threesome-fuck/,https://cdn.javmiku.com/wp-content/uploads/2026/09/h_1133totk025pl-550x374.jpg
https://jav.guru/1056255/star-601-rina-rukawa-chan-wont-you-try-entering-the-mens-bath-with-just-one-towel-hard/,https://cdn.javmiku.com/wp-content/uploads/2026/09/1star601pl-550x374.jpg
https://jav.guru/1056256/sora-001-eyes-mansuji-of-crotch-bites-intensely-director-of-such-director-of-i-but-been-keeping-konashi-and-operations-crunchy-pants-look-of-patsupatsu-every-day-money-from-month-boss-woman/,https://cdn.javmiku.com/wp-content/uploads/2026/09/sora0001pl-550x374.jpg
https://jav.guru/1056257/smra-005-mistress-hunt%e2%97%87-reverse-pick-up-trip-im-seriously-looking-for-my-love-partner-aya-sasakura/,https://cdn.javmiku.com/wp-content/uploads/2026/09/2smra005pl-550x374.jpg
https://jav.guru/1056258/scop-727-defenseless-women-in-highly-revealing-slutty-outfits-that-make-you-get-hard-involuntarily-4-hour-best/,https://cdn.javmiku.com/wp-content/uploads/2026/09/scop727sopl-550x374.jpg
https://jav.guru/1056260/real-794-kiwami-black-mens-super-thick-cocks-gouge-deep-into-the-vagina-in-intense-sex-4-hour-ultimate-best/,https://cdn.javmiku.com/wp-content/uploads/2026/09/real794sopl-550x374.jpg
https://jav.guru/1056261/qbd-104-sex-with-a-beautiful-girl-in-uniform-meru-kohinata/,https://cdn.javmiku.com/wp-content/uploads/2026/09/24qbd104pl-550x374.jpg
https://jav.guru/1056262/pdvij-002-mother-becomes-addicted-to-her-daughters-big-cock-husbands-incredibly-amazing-sex-yumi-aikawa/,https://cdn.javmiku.com/wp-content/uploads/2026/09/48pdvij002pl-550x374.jpg
https://jav.guru/1056263/odvhj-081-married-womens-fully-visible-real-orgasm-dildo-masturbation-20/,https://cdn.javmiku.com/wp-content/uploads/2026/09/48odvhj081pl-550x374.jpg
https://jav.guru/1056266/nine-125-japans-sluttiest-super-a5-rank-finest-meat-releasing-the-private-video-of-the-charismatic-huge-tits-i-cup-sex-worker-from-an-ol-specialty-shop-who-sluts-it-up-nonstop-and-makes-him-cum-1/,https://cdn.javmiku.com/wp-content/uploads/2026/09/h_1133nine125pl-550x374.jpg
https://jav.guru/1056270/mdvij-035-married-woman-forbidden-sensual-drama-theater-chapter-two-the-sexy-sons-wife-who-gets-creampie-fucked-and-impregnated-by-her-tireless-huge-cocked-father-in-law/,https://cdn.javmiku.com/wp-content/uploads/2026/09/48mdvij035pl-550x374.jpg
https://jav.guru/1056271/love-145-av-debut-hayakawa-sari-19-years-old/,https://cdn.javmiku.com/wp-content/uploads/2026/09/h_491love145pl-550x374.jpg
https://jav.guru/1056272/love-082-obedient-exposure-hot-spring-aoi-ichigo/,https://cdn.javmiku.com/wp-content/uploads/2026/09/h_491love82pl-550x374.jpg
https://jav.guru/1056273/love-081-obedient-exhibitionist-hot-spring-aimi-usui/,https://cdn.javmiku.com/wp-content/uploads/2026/09/h_491love81pl-550x374.jpg
https://jav.guru/1056274/lock-018-lock-onnanaha-her-longed-for-entertainment-industry-debut-is-a-surprise-av-unscrupulous-talent-agency-sexual-harassment-creampie-interview-kiyomiya-nanaha/,https://cdn.javmiku.com/wp-content/uploads/2026/09/h_491lock018pl-550x374.jpg
https://jav.guru/1056275/ksbj-214-reunion-yuka-aota/,https://cdn.javmiku.com/wp-content/uploads/2026/09/ksbj214pl-550x374.jpg
https://jav.guru/1056276/ksbj-170-domestic-adultery-ayame-kinoshita/,https://cdn.javmiku.com/wp-content/uploads/2026/09/ksbj170pl-550x374.jpg
https://jav.guru/1056277/ksbj-169-i-found-a-call-girl-on-an-adult-info-site-who-looks-a-lot-like-someone-i-know-the-result-of-calling-her-over-to-my-place/,https://cdn.javmiku.com/wp-content/uploads/2026/09/ksbj169pl-550x374.jpg
https://jav.guru/1056278/knmb-133-big-tits-insurance-saleswoman-who-lets-you-creampie-her-if-you-sign-a-corporate-contract-urara-momojiri/,https://cdn.javmiku.com/wp-content/uploads/2026/09/h_491knmb133pl-550x374.jpg
https://jav.guru/1056279/knmb-132-the-senior-female-employee-whos-normally-strict-but-becomes-an-obedient-extreme-masochist-at-night-sakurai-rea/,https://cdn.javmiku.com/wp-content/uploads/2026/09/h_491knmb132pl-550x374.jpg
https://jav.guru/1056283/iro-15-married-woman-groped-on-the-train-the-fondled-fifty-year-old-mother-nobuko-odawara/,https://cdn.javmiku.com/wp-content/uploads/2026/09/h_086iro15pl-550x374.jpg
https://jav.guru/1056286/honb-500-demand-supply-7/,https://cdn.javmiku.com/wp-content/uploads/2026/09/h_1133honb500pl-550x374.jpg
https://jav.guru/1056287/hodv-21787-cheating-wives-wives-secret-meetings-because-theyre-married-they-seek-the-thrills-of-a-pleasure-paradise-immersing-themselves-in-the-extraordinary-through-sex-with-others-and-greed/,https://cdn.javmiku.com/wp-content/uploads/2026/09/41hodv21787pl-550x374.jpg
https://jav.guru/1056289/fsbk-027-tiny-ass-a-little-girl-playing-alone-in-the-park-is-stuffed-into-a-carrier-her-immature-anus-is-abused-and-trained/,https://cdn.javmiku.com/wp-content/uploads/2026/09/h_491fsbk027pl-550x374.jpg
https://jav.guru/1056290/fneo-060-mom-told-me-wait-here-tsukihane-aihara/,https://cdn.javmiku.com/wp-content/uploads/2026/09/h_491fneo060pl-550x374.jpg
https://jav.guru/1056291/ecb-172-premature-ejaculation-accidental-bursts-cum-leaking-ruined-orgasms/,https://cdn.javmiku.com/wp-content/uploads/2026/09/2ecb172pl-550x374.jpg
https://jav.guru/1056292/dori-109-fuck-video-no-109-her-favorite-subject-is-health-and-pe-the-extreme-masochist-girl-manaka-chan-who-cums-like-crazy-in-her-first-bareback-sex-hoshina-manaka/,https://cdn.javmiku.com/wp-content/uploads/2026/09/h_491dori109pl-550x374.jpg
https://jav.guru/1056293/dori-108-pov-fuck-no-108-plump-big-assed-lli-jk-who-loves-getting-pounded-doggy-style-himari-misono/,https://cdn.javmiku.com/wp-content/uploads/2026/09/h_491dori108pl-550x374.jpg
https://jav.guru/1056294/dori-105-pov-fuck-no-105-fluffy-bodied-gal-who-started-compensated-dating-as-a-distraction-from-studying-rena-chan-miyachi-rena/,https://cdn.javmiku.com/wp-content/uploads/2026/09/h_491dori105pl-550x374.jpg
https://jav.guru/1056295/dori-063-pov-fuck-no-63-creampied-twice-in-the-raw-pussy-of-the-brass-band-club-high-school-girl-who-gets-me-hard-with-her-erotic-thick-lips-on-the-third-time-i-shot-on-top-of-her-skirt-and-got-a/,https://cdn.javmiku.com/wp-content/uploads/2026/09/h_491dori063pl-550x374.jpg
https://jav.guru/1056296/dori-062-pako-dori-no-62-the-refined-high-school-girl-was-impressed-saying-what-kind-of-cock-do-you-have-you-can-go-so-many-times-and-i-ended-up-creampieing-her-shaved-pussy-three-times/,https://cdn.javmiku.com/wp-content/uploads/2026/09/h_491dori062pl-550x374.jpg
https://jav.guru/1056298/dldss-557-just-because-its-a-famous-hot-spring-my-wife-went-to-the-hot-spring-and-hasnt-come-back-saki-ishida/,https://cdn.javmiku.com/wp-content/uploads/2026/09/1dldss557pl-550x374.jpg
https://jav.guru/1056300/dfe-117-i-request-a-deep-throat-ejaculation-mano-inori/,https://cdn.javmiku.com/wp-content/uploads/2026/09/2dfe117pl-550x374.jpg
https://jav.guru/1056301/chuc-193-g-cup-beautiful-big-tits-college-girl-mari-alias-who-feels-it-deep-in-her-pussy/,https://cdn.javmiku.com/wp-content/uploads/2026/09/h_491chuc193pl-550x374.jpg
https://jav.guru/1056302/chuc-192-job-hunting-student-cant-refuse-creampie-requests-hono-21/,https://cdn.javmiku.com/wp-content/uploads/2026/09/h_491chuc192pl-550x374.jpg
https://jav.guru/1056303/chuc-191-blonde-girls-bar-beauty-is-a-full-on-oho-voiced-hardcore-erotic-bitch-suzu-22/,https://cdn.javmiku.com/wp-content/uploads/2026/09/h_491chuc191pl-550x374.jpg
https://jav.guru/1056304/chuc-190-legal-lli-neet-creampie-regular-delivery-hina-20/,https://cdn.javmiku.com/wp-content/uploads/2026/09/h_491chuc190pl-550x374.jpg
https://jav.guru/1056305/cesd-158-the-downtown-oden-shop-proprietress-who-brings-happiness-5-yumi-anno/,https://cdn.javmiku.com/wp-content/uploads/2026/09/cesd158pl-550x374.jpg
https://jav.guru/1056306/cesd-157-woman-who-rapes-men-the-law-cant-punish-2-mio-kayama/,https://cdn.javmiku.com/wp-content/uploads/2026/09/cesd157pl-550x374.jpg
https://jav.guru/1056307/cesd-154-the-moment-azumi-chino-gets-serious-3/,https://cdn.javmiku.com/wp-content/uploads/2026/09/cesd154pl-550x374.jpg
https://jav.guru/1056308/cesd-093-relationship-breaker-breakup-arranger-reiko-makihara/,https://cdn.javmiku.com/wp-content/uploads/2026/09/cesd093pl-550x374.jpg
https://jav.guru/1056309/c-2551-i-end-up-naturally-making-a-move-on-my-wifes-female-friend-the-married-woman-hanako-san-alias-45-years-old-who-ended-up-staying-in-my-room/,https://cdn.javmiku.com/wp-content/uploads/2026/09/140c2551pl-550x374.jpg
https://jav.guru/1056310/c-2550-girls-trip-015/,https://cdn.javmiku.com/wp-content/uploads/2026/09/140c2550pl-550x374.jpg
https://jav.guru/1056311/c-2549-married-womans-cuckold-hot-spring-trip/,https://cdn.javmiku.com/wp-content/uploads/2026/09/140c2549pl-550x374.jpg
https://jav.guru/1056312/c-2548-mature-wife-interview-pov-fuck-forties-wife-writhes-the-best-grand-finale/,https://cdn.javmiku.com/wp-content/uploads/2026/09/140c2548pl-550x374.jpg
https://jav.guru/1056313/c-2490-raw-footage-lesbian-hot-spring-trip-05/,https://cdn.javmiku.com/wp-content/uploads/2026/09/140c2490pl-550x374.jpg
https://jav.guru/1056314/c-2489-mature-wife-interview-pov-fuck-21/,https://cdn.javmiku.com/wp-content/uploads/2026/09/140c2489pl-550x374.jpg
https://jav.guru/1056315/c-2488-girls-trip-013/,https://cdn.javmiku.com/wp-content/uploads/2026/09/140c2488pl-550x374.jpg
https://jav.guru/1056316/c-2485-married-womans-self-filmed-ntr-cuckold-report-video-05/,https://cdn.javmiku.com/wp-content/uploads/2026/09/140c2485pl-550x374.jpg
https://jav.guru/1056317/bobb-318-wakamiya-hono-master-please-mess-up-my-tits-the-pure-innocent-beautiful-girl-with-big-tits-being-trained-into-a-total-pervert/,https://cdn.javmiku.com/wp-content/uploads/2026/09/bobb318pl-550x374.jpg
https://jav.guru/1056318/bobb-317-nishimura-nina-super-flesh-bomb-huge-tits-even-though-relatively-the-same-i-cup-theyre-about-1-5-times-bigger-overwhelming-size-you-cant-fully-grope/,https://cdn.javmiku.com/wp-content/uploads/2026/09/bobb317pl-550x374.jpg
https://jav.guru/1056319/bobb-316-arisa-hanyu-the-immoral-huge-tits-of-a-thirties-married-woman-who-appeared-without-telling-her-husband-to-relieve-her-overflowing-sexual-desire-she-casually-came-over-to-the-room-of-a-man/,https://cdn.javmiku.com/wp-content/uploads/2026/09/bobb316pl-550x374.jpg
https://jav.guru/1056320/bkd-268-mother-son-mating-arisa-hanyu/,https://cdn.javmiku.com/wp-content/uploads/2026/09/bkd268sopl-550x374.jpg
https://jav.guru/1056321/bkd-267-mother-son-copulation-tsubaki-kato/,https://cdn.javmiku.com/wp-content/uploads/2026/09/bkd267sopl-550x374.jpg
https://jav.guru/1056322/bkd-265-mother-son-mating-touko-namiki/,https://cdn.javmiku.com/wp-content/uploads/2026/09/bkd265sopl-550x374.jpg
https://jav.guru/1056323/bkd-219-mother-son-mating-miki-matsuzaka/,https://cdn.javmiku.com/wp-content/uploads/2026/09/bkd219sopl-550x374.jpg
https://jav.guru/1056324/bkd-218-mother-son-copulation-hamanamino/,https://cdn.javmiku.com/wp-content/uploads/2026/09/bkd218sopl-550x374.jpg
https://jav.guru/1056325/bkd-217-mother-son-copulation-ayame-ichinose/,https://cdn.javmiku.com/wp-content/uploads/2026/09/bkd217sopl-550x374.jpg
https://jav.guru/1056326/beb-017-the-beautiful-woman-living-next-doors-hot-kisses-and-embraces-yuri-sakano/,https://cdn.javmiku.com/wp-content/uploads/2026/09/beb017pl-550x374.jpg
https://jav.guru/1056327/beb-015-lewd-hip-action-vol-2-haruka-sanada/,https://cdn.javmiku.com/wp-content/uploads/2026/09/beb015pl-550x374.jpg
https://jav.guru/1056328/beb-014-lewd-hip-movements-vol-1-hasegawa-seina/,https://cdn.javmiku.com/wp-content/uploads/2026/09/beb014pl-550x374.jpg
https://jav.guru/1056329/bbi-099-teacher-yurias-deepthroat-classroom-yuria-satomi/,https://cdn.javmiku.com/wp-content/uploads/2026/09/bbi099pl-550x374.jpg
https://jav.guru/1056640/kv-328-blowjob-prep-school-110-mei-mizuki/,https://cdn.javmiku.com/wp-content/uploads/2026/09/h_955kv328pl-550x374.jpg
https://jav.guru/1056641/ftkd-045-revenge-seduction-academy-the-bully-girls-brainwashed-into-believing-that-receiving-sexual-torment-from-someone-they-hate-is-the-greatest-humiliation-kosuzu-mikan-adachi-meru-shikano-a/,https://cdn.javmiku.com/wp-content/uploads/2026/09/1ftkd00045pl-550x374.jpg
https://jav.guru/1056642/ftkd-044-when-i-was-sleeping-in-a-row-with-my-remarried-partners-stepdaughters-who-have-lesbian-tendencies-wet-squelching-sounds-came-from-beside-me/,https://cdn.javmiku.com/wp-content/uploads/2026/09/1ftkd00044pl-550x374.jpg
https://jav.guru/1056643/fthtd-234-the-plain-otaku-girl-who-got-too-hooked-on-card-games-and-turned-into-her-dark-personality-slut-ruka-itoi/,https://cdn.javmiku.com/wp-content/uploads/2026/09/1fthtd00234pl-550x374.jpg
https://jav.guru/1056644/fthtd-231-once-a-year-seduction-big-showdown-20-useless-ol-female-employees-presented-with-a-wage-cut-at-the-salary-evaluation-interview-bet-on-a-major-reversal-for-a-big-raise-with-no-hands-blow/,https://cdn.javmiku.com/wp-content/uploads/2026/09/1fthtd00231pl-550x374.jpg
https://jav.guru/1056645/fthtd-228-find-the-key-sleeping-in-the-womens-bath-and-open-the-treasure-chest-a-former-great-pirate-reincarnates-in-the-womens-bath-and-rises-erect-to-clear-his-regrets/,https://cdn.javmiku.com/wp-content/uploads/2026/09/1fthtd00228pl-550x374.jpg
https://jav.guru/1056646/fthtd-227-unexpected-shared-room-on-a-business-trip-with-my-female-boss-who-has-a-complex-about-her-oho-voice-when-i-fully-affirmed-her-roles-reversed-with-the-usually-tough-acting-boss-and-she-we/,https://cdn.javmiku.com/wp-content/uploads/2026/09/1fthtd00227pl-550x374.jpg
https://jav.guru/1056647/fthtd-225-the-end-of-the-world-ohame-apocalypse-the-final-sex-battle/,https://cdn.javmiku.com/wp-content/uploads/2026/09/1fthtd00225pl-550x374.jpg
https://jav.guru/1056648/fthtd-219-please-give-ejaculation-support-to-guys-troubled-by-too-much-built-up-sperm-until-theyre-satisfied-blowjob-continuous-ejaculation-support-challenge/,https://cdn.javmiku.com/wp-content/uploads/2026/09/1fthtd00219pl-550x374.jpg
https://jav.guru/1056649/fthtd-213-the-single-mom-who-always-greets-me-at-daycare-drop-off-and-pickup-and-the-sexy-big-tits-livestreamer-turn-out-to-be-the-same-person/,https://cdn.javmiku.com/wp-content/uploads/2026/09/1fthtd00213pl-550x374.jpg
https://jav.guru/1056650/dldss-553-what-is-my-wife-doing-on-the-other-side-of-this-door-pin-code-9434-married-woman-cuckold-skewered-room-fuka-sakurazaka/,https://cdn.javmiku.com/wp-content/uploads/2026/09/1dldss553pl-550x374.jpg
https://jav.guru/1056771/xvsr-305-is-a-highly-revealing-instructor-really-erotic-instant-fuck-x-continuous-orgasms-x-sweaty-sex-ena-sasaki/,https://cdn.javmiku.com/wp-content/uploads/2026/09/xvsr305sopl-550x374.jpg
https://jav.guru/1056772/xvsr-304-raw-creampie-for-the-girl-i-loved-so-much-hiratsuka-yui-4-hours/,https://cdn.javmiku.com/wp-content/uploads/2026/09/xvsr304sopl-550x374.jpg
https://jav.guru/1056773/whx-040-how-to-make-a-woman-who-gets-fucked-case01-wont-you-liberate-your-sexual-desire-how-to-make-a-good-feeling-pleasure-woman-erina-sugisaki/,https://cdn.javmiku.com/wp-content/uploads/2026/09/h_849whx040pl-550x374.jpg
https://jav.guru/1056774/whx-037-i-came-by-bicycle-because-it-was-nearby-im-excited-and-looking-forward-to-my-av-debut-i-like-cocks-i-love-them-looking-at-them-makes-me-happy-and-filled-with-joy-my-tits-spill-out-fro/,https://cdn.javmiku.com/wp-content/uploads/2026/09/h_849whx037pl-550x374.jpg
https://jav.guru/1056777/tyod-073-sorry-for-getting-too-high-ellie-akira/,https://cdn.javmiku.com/wp-content/uploads/2026/09/tyod073pl-550x374.jpg
https://jav.guru/1056778/tyod-071-feels-so-good-the-two-of-them-roll-their-eyes-back-serina-hayakawa-rio-hamasaki/,https://cdn.javmiku.com/wp-content/uploads/2026/09/tyod071pl-550x374.jpg
https://jav.guru/1056779/tyod-070-when-i-cum-its-crazy-crazy-yui-igawa/,https://cdn.javmiku.com/wp-content/uploads/2026/09/tyod070pl-550x374.jpg
https://jav.guru/1056780/tyod-069-even-more-extremely-slutty-igu-igu-igu-igu-igu-massive-orgy/,https://cdn.javmiku.com/wp-content/uploads/2026/09/tyod069pl-550x374.jpg
https://jav.guru/1056781/tmy-016-called-fallen-3-the-erotic-dance-thatll-be-erased-anyway-jumping-off-the-roof-and-after-that-mizuki-shida/,https://cdn.javmiku.com/wp-content/uploads/2026/09/h_580tmy016pl-550x374.jpg
https://jav.guru/1056782/svmgm-054-magic-mirror-go-hard-boiled-limited-to-female-college-students-walking-the-streets-pussy-pressure-crane-game-challenge-catch-the-prizes-with-your-pussys-grip-succeed-and-get-the-cash/,https://cdn.javmiku.com/wp-content/uploads/2026/09/1svmgm054pl-550x374.jpg
https://jav.guru/1056783/start-640-my-capable-older-beautiful-boss-has-a-completely-different-private-life-the-gap-of-her-spoiled-maiden-who-cant-stop-showing-i-like-you-appeals-from-the-first-date-is-way-too-erotic-hon/,https://cdn.javmiku.com/wp-content/uploads/2026/09/1start640pl-550x374.jpg
https://jav.guru/1056784/start-639-after-an-8-year-hiatus-this-real-estate-lady-steals-the-boyfriend-of-a-couple-who-came-to-view-a-property-for-cohabitation-and-makes-him-give-her-a-raw-creampie-sakura-mana/,https://cdn.javmiku.com/wp-content/uploads/2026/09/1start639pl-550x374.jpg
https://jav.guru/1056785/start-632-massive-incontinence-diuretic-prank-causes-peeing-in-a-closed-room-with-no-toilet-during-work-incontinence-orgasm-from-creampie-sex-when-holding-it-to-the-limit-nagisa-kosei/,https://cdn.javmiku.com/wp-content/uploads/2026/09/1start632pl-550x374.jpg
https://jav.guru/1056786/start-628-abstinence-release-first-time-in-life-sucking-dry-the-male-who-becomes-female-after-a-month-of-teasing-super-intense-orgasm-sex-document-koibuchi-momona/,https://cdn.javmiku.com/wp-content/uploads/2026/09/1start628pl-550x374.jpg
https://jav.guru/1056787/sora-007-in-the-field-rpe-trture-your-a-pseudonym-school-girls-with-rpe-desire/,https://cdn.javmiku.com/wp-content/uploads/2026/09/sora007pl-550x374.jpg
https://jav.guru/1056788/sora-005-married-oma-%e2%97%8f-co-affair-exposure-journey-kaori-a-pseudonym-28-years-old/,https://cdn.javmiku.com/wp-content/uploads/2026/09/sora005pl-550x374.jpg
https://jav.guru/1056789/sora-0004-tsuremawashi-busty-amateur-exposure-torture-rn-chan-h-cup/,https://cdn.javmiku.com/wp-content/uploads/2026/09/sora0004pl-550x374.jpg
https://jav.guru/1056790/1056790/,https://cdn.javmiku.com/wp-content/uploads/2026/09/sora0003pl-550x374.jpg
https://jav.guru/1056791/1056791/,https://cdn.javmiku.com/wp-content/uploads/2026/09/sora0002pl-550x374.jpg
https://jav.guru/1056792/sgsr-387-absolutely-guaranteed-to-make-you-cum-convenient-stepmoms-with-100-adult-charm-that-make-you-want-to-plunge-right-in-i-can-do-whatever-i-want-with-my-meat-onaholes-24-women-8-hours/,https://cdn.javmiku.com/wp-content/uploads/2026/09/57sgsr387pl-550x374.jpg
https://jav.guru/1056793/sgsr-386-god-tier-highlight-clips-impregnation-sex-real-orgasms-amateur-raw-creampie-married-women-who-cant-resist-the-pleasure-and-climax-repeatedly-16-women-4-hours/,https://cdn.javmiku.com/wp-content/uploads/2026/09/57sgsr386pl-550x374.jpg
https://jav.guru/1056794/scop-732-the-ultimate-lucky-skebe-miraculous-undercover-scoop-where-i-got-to-fuck-a-slutty-woman-at-the-beauty-salon-4-hour-best/,https://cdn.javmiku.com/wp-content/uploads/2026/09/scop732sopl-550x374.jpg
https://jav.guru/1056795/scop-731-sexually-frustrated-married-women-and-intensely-intertwining-creampie-sex-impregnating-finish-50-loads-4-hour-best-even-if-she-refuses-even-if-she-resists-in-the-end-her-body-craves-it/,https://cdn.javmiku.com/wp-content/uploads/2026/09/scop731sopl-550x374.jpg
https://jav.guru/1056796/mopg-008-masochist-human-body-dissection-simultaneous-climax-from-simultaneous-anal-and-penis-male-rpe-rina-takakura/,https://cdn.javmiku.com/wp-content/uploads/2026/09/mopg008sopl-550x374.jpg
https://jav.guru/1056797/mopg-007-i-tried-raping-them-men-who-were-made-to-cum-until-their-heads-went-crazy-mikan-kururugi/,https://cdn.javmiku.com/wp-content/uploads/2026/09/mopg007sopl-550x374.jpg
https://jav.guru/1056798/mopa-023-oreonna-gender-reversed-sex-nanami-hirose/,https://cdn.javmiku.com/wp-content/uploads/2026/09/mopa023sopl-550x374.jpg
https://jav.guru/1056799/mopa-022-tongue-slave-yapoo-cunnilingus-violence-yu-asagiri/,https://cdn.javmiku.com/wp-content/uploads/2026/09/mopa022sopl-550x374.jpg
https://jav.guru/1056800/mond-025-even-if-it-was-a-drinking-party-i-will-absolutely-never-forgive-that-drunkard-who-put-a-chonmage-on-my-beloved-wifes-head-in-the-ryokan-banquet-hall-haga-sorami/,https://cdn.javmiku.com/wp-content/uploads/2026/09/18mond025pl-550x374.jpg
https://jav.guru/1056801/mist-243-impregnation-incest-4-the-little-sister-turned-into-a-meat-toilet-by-her-older-brother-aoi-rena/,https://cdn.javmiku.com/wp-content/uploads/2026/09/1mist243pl-550x374.jpg
https://jav.guru/1056802/mist-240-legal-public-indecency-calling-a-molestation-delivery-girl-to-the-office-and-freely-touching-her-from-behind-and-from-the-front-the-ban-on-real-sex-doesnt-matter-inserting-raw-from-beh/,https://cdn.javmiku.com/wp-content/uploads/2026/09/1mist240pl-550x374.jpg
https://jav.guru/1056803/mgold-064-garbage-room-masochistic-orgasm-begging-the-college-girl-who-kept-being-frced-to-filthy-climaxes-by-the-neighborhoods-troublesome-old-man-asumi-miona/,https://cdn.javmiku.com/wp-content/uploads/2026/09/1mgold00064pl-550x374.jpg
https://jav.guru/1056807/mbmp-134-oh-what-is-this%e2%99%a1-european-big-tit-mature-women-awaken-to-climax-with-samurai-sex-international-pickup-sex-6-women-4-hours/,https://cdn.javmiku.com/wp-content/uploads/2026/09/h_460mbmp134pl-550x374.jpg
https://jav.guru/1056808/mbma-130-i-can-still-do-it-sex-for-women-in-their-fifties-knows-no-limits-around-fifty-mature-women-savoring-menopausal-ecstasy-12-women-4-hours-2/,https://cdn.javmiku.com/wp-content/uploads/2026/09/h_460mbma130pl-550x374.jpg
https://jav.guru/1056809/mbma-129-even-at-my-age-its-embarrassing-but-i-want-to-have-sex-too-uncontrollable-total-amateurs-carnal-lustful-wives-12-women-4-hours-6/,https://cdn.javmiku.com/wp-content/uploads/2026/09/h_460mbma129pl-550x374.jpg
https://jav.guru/1056810/mbma-126-i-wonder-if-its-really-that-big-i-might-be-a-little-interested-mature-women-picked-up-by-black-men-are-fascinated-by-big-black-cocks-huge-cocks-bigger-than-imagined-get-thrust-deep/,https://cdn.javmiku.com/wp-content/uploads/2026/09/h_460mbma126pl-550x374.jpg
https://jav.guru/1056811/love-153-poolside-sari-hayakawa-19-years-old/,https://cdn.javmiku.com/wp-content/uploads/2026/09/h_491love153pl-550x374.jpg
https://jav.guru/1056812/ksbj-216-16-married-women-who-have-sex-with-their-fathers-in-law-or-stepsons-next-to-their-sleeping-husbands/,https://cdn.javmiku.com/wp-content/uploads/2026/09/ksbj216pl-550x374.jpg
https://jav.guru/1056813/ksbj-100-sex-addicted-wife-who-indiscriminately-devours-men-azusa-tani/,https://cdn.javmiku.com/wp-content/uploads/2026/09/ksbj100pl-550x374.jpg
https://jav.guru/1056814/jksr-712-carefully-selected-30-schoolgirls-in-a-240-minute-blowjob-special-masochistic-slutty-schoolgirls-lick-and-slurp-cock/,https://cdn.javmiku.com/wp-content/uploads/2026/09/57jksr712pl-550x374.jpg
https://jav.guru/1056815/jbjb-035-a-beauty-conscious-girl-services-an-older-man-with-sex-using-her-f-cup-slender-hourglass-body-azusa-misaki/,https://cdn.javmiku.com/wp-content/uploads/2026/09/h_687jbjb035pl-550x374.jpg
https://jav.guru/1056816/hodv-21700-new-adult-av-sensual-drama-masterpiece-selection-vol-12-10-works-with-full-main-features-included/,https://cdn.javmiku.com/wp-content/uploads/2026/09/41hodv21700pl-550x374.jpg
https://jav.guru/1056817/hhf-094-i-ordered-an-at-home-service-and-a-kind-pushover-beautiful-caregiver-%ce%b1-showed-up-4-hour-best-spoiling-myself-rotten-led-to-unexpected-instant-sex-dreamlike-god-tier-development/,https://cdn.javmiku.com/wp-content/uploads/2026/09/hhf094pl-550x374.jpg
https://jav.guru/1056818/gigl-763-no-way-cumming-from-a-kiss-between-women-the-mature-woman-who-suddenly-gets-lesbian-kissed-by-two-women-in-a-locked-room-and-has-her-lust-switch-flipped-cant-refuse-even-when-shes-l/,https://cdn.javmiku.com/wp-content/uploads/2026/09/gigl763pl-550x374.jpg
https://jav.guru/1056819/gigl-762-secretly-appearing-in-av-without-her-husbands-knowledge-an-amateur-extreme-masochist-wife-has-a-real-orgasm-from-creampie-sex/,https://cdn.javmiku.com/wp-content/uploads/2026/09/gigl762pl-550x374.jpg
https://jav.guru/1056823/dori-110-pako-tori-no-110-f-cup-slender-beautiful-girl-mion-chan-doing-compensated-dating-for-her-graduation-trip-usami-mion/,https://cdn.javmiku.com/wp-content/uploads/2026/09/h_491dori110pl-550x374.jpg
https://jav.guru/1056824/cou-011-dont-put-it-in-my-wifes-mother-was-too-erotic-so-i-ended-up-having-creampie-sex-with-her-2-disc-set/,https://cdn.javmiku.com/wp-content/uploads/2026/09/h_1664cou011pl-550x374.jpg
https://jav.guru/1056825/cesd-162-yoga-flexible-body-sex-nozomi-mikimoto/,https://cdn.javmiku.com/wp-content/uploads/2026/09/cesd162pl-550x374.jpg
https://jav.guru/1056826/cesd-160-today-your-wife-will-appear-in-an-av-sayaka-tsurumi/,https://cdn.javmiku.com/wp-content/uploads/2026/09/cesd160pl-550x374.jpg
https://jav.guru/1056827/c-2556-this-is-our-job-001/,https://cdn.javmiku.com/wp-content/uploads/2026/09/140c2556pl-550x374.jpg
https://jav.guru/1056828/c-2554-raw-footage-lesbian-hot-spring-trip-09/,https://cdn.javmiku.com/wp-content/uploads/2026/09/140c2554pl-550x374.jpg
https://jav.guru/1056829/c-2553-day-trip-hot-spring-mature-woman-erotic-journey-012/,https://cdn.javmiku.com/wp-content/uploads/2026/09/140c2553pl-550x374.jpg
https://jav.guru/1056830/c-2552-please-cuckold-my-wife-e-rika-29-86/,https://cdn.javmiku.com/wp-content/uploads/2026/09/140c2552pl-550x374.jpg
https://jav.guru/1056831/c-2407-taking-an-acquaintances-wife-on-a-hot-spring-trip-010/,https://cdn.javmiku.com/wp-content/uploads/2026/09/140c2407pl-550x374.jpg
https://jav.guru/1056832/bobb-366-huge-tits-fuzoku-6-tour-hospitality-with-breasts-the-breast-play-palace-of-the-highest-class-full-course-tit-service-boin-seiri-toa-box-5/,https://cdn.javmiku.com/wp-content/uploads/2026/09/bobb366pl-550x374.jpg
https://jav.guru/1056833/bkd-272-mother-son-mating-izumi-sakuma/,https://cdn.javmiku.com/wp-content/uploads/2026/09/bkd272sopl-550x374.jpg
https://jav.guru/1056834/beb-018-revival-lewd-hip-movements-vol-3-erika/,https://cdn.javmiku.com/wp-content/uploads/2026/09/beb018pl-550x374.jpg
https://jav.guru/1056835/bbi-105-the-slobbering-slug-onee-san-who-licks-men-all-over-when-she-gets-drunk-riona-suzune/,https://cdn.javmiku.com/wp-content/uploads/2026/09/bbi105pl-550x374.jpg
https://jav.guru/1056841/aarm-368-blowjob-in-the-office/,https://cdn.javmiku.com/wp-content/uploads/2026/09/aarm368pl-550x374.jpg
