page_url,image_url
https://jav.guru/1052503/dldss-554-lust-starved-company-presidents-wife-secretly-visits-the-middle-aged-mans-janitor-room-reeking-of-sweat-and-oil-kasuga-hine/,https://cdn.javmiku.com/wp-content/uploads/2026/09/1dldss554pl-550x374.jpg
https://jav.guru/1052581/start-637-28-creampie-massive-orgy-nonstop-and-uncut-getting-relentlessly-pounded-by-30-cocks-and-bukkake-hikari-aozora/,https://cdn.javmiku.com/wp-content/uploads/2026/09/1start637vpl-550x374.jpg
https://jav.guru/1052582/start-633-watch-me-get-pregnant-by-someone-other-than-you-the-wife-who-implants-30-days-later-a-record-of-open-cuckold-impregnation-ntr-sex-where-a-newlywed-couple-trying-to-conceive-has-the/,https://cdn.javmiku.com/wp-content/uploads/2026/09/1start633pl-550x374.jpg
https://jav.guru/1052583/start-604-at-the-school-festival-student-council-president-nano-chan-is-way-too-erotic-in-her-almost-fully-nude-cosplay-and-the-shop-has-a-huge-line-booming-business-she-seduces-in-reverse-bunny/,https://cdn.javmiku.com/wp-content/uploads/2026/09/1start604pl-550x374.jpg
https://jav.guru/1052584/sods-090-anal-virgin-6-girls-first-anal-milk-enema-massive-gushing-compilation-fully-enjoy-300-minutes-of-dripping-intestinal-juices-and-straining-orgasms-special/,https://cdn.javmiku.com/wp-content/uploads/2026/09/1sods090pl-550x374.jpg
https://jav.guru/1052586/sdjs-382-sod-female-employee-second-year-hr-department-hikage-yoda-challenges-the-agonizing-endurance-duty-tormented-at-a-company-information-session-while-future-juniors-watch-over-her/,https://cdn.javmiku.com/wp-content/uploads/2026/09/1sdjs382pl-550x374.jpg
https://jav.guru/1052587/sdab-359-18-year-old-sexual-development-the-baby-faced-kyudo-girl-cums-continuously-her-body-loosened-by-oil-massage-gets-sexual-development-with-follow-up-hold-pistoning-yua-kaname/,https://cdn.javmiku.com/wp-content/uploads/2026/09/1sdab359pl-550x374.jpg
https://jav.guru/1052737/t38-071-the-real-target-is-the-innocent-stepdaughters-of-his-remarried-wife-haru-shiori-nanaha/,https://cdn.javmiku.com/wp-content/uploads/2026/09/55t38071pl-550x374.jpg
https://jav.guru/1052739/mxgs-1447-the-ultimate-kiss-demon-ririka-amaha-melting-from-sticky-sweet-kisses/,https://cdn.javmiku.com/wp-content/uploads/2026/09/h_068mxgs1447pl-550x374.jpg
https://jav.guru/1052740/mxgs-1446-office-shared-room-ntr-during-a-business-trip-i-became-the-hated-bosss-business-trip-onapet-rio-asahina/,https://cdn.javmiku.com/wp-content/uploads/2026/09/h_068mxgs1446pl-550x374.jpg
https://jav.guru/1052741/mxgs-1445-pilates-experience-special-instruction-from-a-perverted-instructor-yuka-chiba/,https://cdn.javmiku.com/wp-content/uploads/2026/09/h_068mxgs1445pl-550x374.jpg
https://jav.guru/1052742/mxgs-1444-the-story-of-how-an-insecure-plain-girl-with-glasses-turned-out-to-have-an-erotic-body-when-she-stripped-so-after-i-endlessly-praised-her-erotic-body-and-blowjob-skills-she-awakened-into/,https://cdn.javmiku.com/wp-content/uploads/2026/09/h_068mxgs1444pl-550x374.jpg
https://jav.guru/1052745/jimmy-009-days-spent-with-a-male-relative-i-have-to-teach-this-girl-who-doesnt-know-how-to-handle-women-that-the-portio-isnt-food-sakuragi-nagisa/,https://cdn.javmiku.com/wp-content/uploads/2026/09/JIMMY-009-550x374.jpg
https://jav.guru/1052746/ienf-470-lewd-schoolgirls-dirty-talk-to-you-with-squelching-continuous-orgasms-in-school-swimsuit-masturbation-9/,https://cdn.javmiku.com/wp-content/uploads/2026/09/1ienf470pl-550x374.jpg
https://jav.guru/1052747/ienf-458-you-were-looking-at-my-panties-right-a-little-devil-schoolgirl-sets-up-panty-flash-traps-by-deliberately-posing-to-show-her-panties-and-toys-with-unknown-men-komatu-motoka-kawakami/,https://cdn.javmiku.com/wp-content/uploads/2026/09/1ienf458pl-550x374.jpg
https://jav.guru/1052761/akdl-371-armpit-love-my-fuck-buddy-is-in-love-with-my-armpits-the-downtime-of-a-corporate-slave-office-lady-is-filled-with-a-sex-life-where-shes-spoiled-by-men-sales-mami-25-years-old-zenba-m/,https://cdn.javmiku.com/wp-content/uploads/2026/09/1akdl00371pl-550x374.jpg
https://jav.guru/1052875/wawa-045-exquisite-soap-princess-relaxation-soap-infinite-climaxes-the-ultimate-healing-misaki-kanna/,https://cdn.javmiku.com/wp-content/uploads/2026/09/1wawa045pl-550x374.jpg
https://jav.guru/1052876/tenh-025-suddenly-but-may-i-play-with-your-nipples-big-tits-all-firm-small-tits-rock-hard-pinching-and-kneading-those-nipples-and-while-at-it-developing-amateur-mature-women-for-nipple-orgas/,https://cdn.javmiku.com/wp-content/uploads/2026/09/h_086tenh25pl-550x374.jpg
https://jav.guru/1052877/sw-1067-big-ass-close-contact-mens-esthetic-her-oil-smeared-big-ass-tempts-you-with-a-defenseless-miniskirt-panty-flash-because-my-rock-hard-cock-wouldnt-settle-down-the-secretly-perverted-e/,https://cdn.javmiku.com/wp-content/uploads/2026/09/1sw1067pl-550x374.jpg
https://jav.guru/1052880/onsd-911-raped-schoolgirl-the-soiled-uniform/,https://cdn.javmiku.com/wp-content/uploads/2026/09/onsd911pl-550x374.jpg
https://jav.guru/1052881/onsd-777-best-easy-to-cum-woman-on-top/,https://cdn.javmiku.com/wp-content/uploads/2026/09/onsd777pl-550x374.jpg
https://jav.guru/1052882/nhdtc-254-timid-girl-fingered-while-sleeping-on-a-night-bus-too-terrified-to-open-her-eyes-so-she-pretends-to-sleep-while-cumming-over-and-over-5-extra-creampie-sp/,https://cdn.javmiku.com/wp-content/uploads/2026/09/1nhdtc254pl-550x374.jpg
https://jav.guru/1052883/nhdtc-253-women-only-apartment-shame-2-the-plain-girl-who-twitches-her-hips-and-cums-hard-from-sticky-small-tit-teasing/,https://cdn.javmiku.com/wp-content/uploads/2026/09/1nhdtc253pl-550x374.jpg
https://jav.guru/1052884/nhdtc-252-the-married-woman-who-cant-move-on-a-crowded-bus-gets-tongue-kissed-for-a-long-time-has-her-melting-face-seen-and-starts-gripping-a-young-cock/,https://cdn.javmiku.com/wp-content/uploads/2026/09/1nhdtc252pl-550x374.jpg
https://jav.guru/1052885/nhdtc-245-cant-resist-consecutive-creampies-in-the-calligraphy-girls-seiza-ass-unable-to-refuse-the-sexual-harassment-practice-she-gets-pounded-hard-with-her-asshole-twitching-in-an-incontinen/,https://cdn.javmiku.com/wp-content/uploads/2026/09/1nhdtc245pl-550x374.jpg
https://jav.guru/1052886/neo-954-farts-and-innocence-iku-toba/,https://cdn.javmiku.com/wp-content/uploads/2026/09/433neo954pl-550x374.jpg
https://jav.guru/1052887/mmr-az054-aoyama-hikaru/,https://cdn.javmiku.com/wp-content/uploads/2026/09/1514699947_mmr-az054-550x374.jpg
https://jav.guru/1052888/mmr-az053-title-undecided-shiho-ito/,https://cdn.javmiku.com/wp-content/uploads/2026/09/n_709mmraz053pl-550x374.jpg
https://jav.guru/1052889/mmr-az040-misa-kubota/,https://cdn.javmiku.com/wp-content/uploads/2026/09/1560702734_mmr-az040-550x374.jpg
https://jav.guru/1052890/mmr-ar003-rie-matsuoka/,https://cdn.javmiku.com/wp-content/uploads/2026/09/mmr-ar003-550x374.jpg
https://jav.guru/1052891/mmr-aq033-mariko-takayama/,https://cdn.javmiku.com/wp-content/uploads/2026/09/306294716_2498-550x374.jpg
https://jav.guru/1052892/mmr-aq030-iwasaki-mana/,https://cdn.javmiku.com/wp-content/uploads/2026/09/1689-550x374.jpg
https://jav.guru/1052893/mmr-aq023-konomi-tachibana/,https://cdn.javmiku.com/wp-content/uploads/2026/09/1572210777_mmr-aq023-550x374.jpg
https://jav.guru/1052894/mmr-aq012-saori-ninomiya/,https://cdn.javmiku.com/wp-content/uploads/2026/09/1569504017_mmr-aq012-550x374.jpg
https://jav.guru/1052895/mmr-ap012-yuzuna-aida-g-goda-yuna/,https://cdn.javmiku.com/wp-content/uploads/2026/09/1573089219_mmr-ap012-550x374.jpg
https://jav.guru/1052896/mmr-ak068-moe-hirano/,https://cdn.javmiku.com/wp-content/uploads/2026/09/1563466821_mmr-ak068-550x374.jpg
https://jav.guru/1052900/mmr-ak041-rika-ootaki/,https://cdn.javmiku.com/wp-content/uploads/2026/09/345-550x374.jpg
https://jav.guru/1052901/mmr-ak034-nana-arima/,https://cdn.javmiku.com/wp-content/uploads/2026/09/3020-550x374.jpg
https://jav.guru/1052902/mmr-ak012-chihiro-minegishi/,https://cdn.javmiku.com/wp-content/uploads/2026/09/2824-550x374.jpg
https://jav.guru/1052903/mmr-ak011-nana-arima/,https://cdn.javmiku.com/wp-content/uploads/2026/09/1563-550x374.jpg
https://jav.guru/1052904/mmr-ab003-asuka-okamoto-i-kawai-mayu-kawai-mayu/,https://cdn.javmiku.com/wp-content/uploads/2026/09/406mmrab00003pl-550x374.jpg
https://jav.guru/1052905/mmr-aa081-fuga-fuga-takimoto-shizuki/,https://cdn.javmiku.com/wp-content/uploads/2026/09/n_709mmraa081pl-550x374.jpg
https://jav.guru/1052906/mmr-aa071-milky-purun-reika-senoo/,https://cdn.javmiku.com/wp-content/uploads/2026/09/n_709mmraa071pl-550x374.jpg
https://jav.guru/1052908/mmr-aa063-pure-chronicle-sakaguchi-china/,https://cdn.javmiku.com/wp-content/uploads/2026/09/n_709mmraa063pl-550x374.jpg
https://jav.guru/1052909/mmr-aa059-kobayashi-kasumi/,https://cdn.javmiku.com/wp-content/uploads/2026/09/1596530368_mmr-aa059-550x374.jpg
https://jav.guru/1052910/mmr-aa048-hd-ayaka-fushimi/,https://cdn.javmiku.com/wp-content/uploads/2026/09/2535-550x374.jpg
https://jav.guru/1052911/mmr-aa036-chia-kinoshita/,https://cdn.javmiku.com/wp-content/uploads/2026/09/674-550x374.jpg
https://jav.guru/1052912/mmr-aa031-akina/,https://cdn.javmiku.com/wp-content/uploads/2026/09/547623093_1418-550x374.jpg
https://jav.guru/1052913/mmr-aa009-the-switch-of-desire-karen-terashima/,https://cdn.javmiku.com/wp-content/uploads/2026/09/406mmraa00009pl-550x374.jpg
https://jav.guru/1052914/mmr-aa002-umeda-nonoka/,https://cdn.javmiku.com/wp-content/uploads/2026/09/1346-550x374.jpg
https://jav.guru/1052915/milk-308-akari-niimura-10th-debut-anniversary-commemorative-5-hour-best-milk-special-compilation/,https://cdn.javmiku.com/wp-content/uploads/2026/09/h_1240milk308pl-550x374.jpg
https://jav.guru/1052916/milk-307-sexual-desire-runs-wild-sweaty-and-juice-drenched-intense-sexercise-with-a-g-cup-huge-tits-trainer-until-the-sperm-runs-dry-ayase-kokoro/,https://cdn.javmiku.com/wp-content/uploads/2026/09/h_1240milk307pl-550x374.jpg
https://jav.guru/1052926/jura-213-first-time-married-woman-documentary-chapter-2-akari-moriyama/,https://cdn.javmiku.com/wp-content/uploads/2026/09/h_086jura213pl-550x374.jpg
https://jav.guru/1052929/jrze-321-first-filming-documentary-of-a-sixty-year-old-wife-yukiko-ozawa/,https://cdn.javmiku.com/wp-content/uploads/2026/09/h_086jrze321pl-550x374.jpg
https://jav.guru/1052930/jrze-320-first-time-filming-documentary-of-a-fifty-year-old-wife-misako-enami/,https://cdn.javmiku.com/wp-content/uploads/2026/09/h_086jrze320pl-550x374.jpg
https://jav.guru/1052931/jrze-319-first-filming-married-woman-documentary-shinobu-namisaka/,https://cdn.javmiku.com/wp-content/uploads/2026/09/h_086jrze319pl-550x374.jpg
https://jav.guru/1052932/iro-064-the-busty-married-woman-whose-tits-are-so-incredible-that-molesters-flock-right-over-for-creampie-on-the-train-momose-jougasaki/,https://cdn.javmiku.com/wp-content/uploads/2026/09/h_086iro64pl-550x374.jpg
https://jav.guru/1052933/iqqqx-005-married-woman-teachers-who-get-10-times-wetter-in-silent-orgasm-lessons-dx5-10-women-4-hours/,https://cdn.javmiku.com/wp-content/uploads/2026/09/h_086iqqqx05pl-550x374.jpg
https://jav.guru/1052935/hone-299-i-never-thought-id-end-up-giving-my-virginity-to-my-beloved-grandmother-saki-sunohara/,https://cdn.javmiku.com/wp-content/uploads/2026/09/h_086hone299pl-550x374.jpg
https://jav.guru/1052937/euud-92-honoka-mitsuhara-forgets-the-everyday-world-bares-her-true-nature-and-fucks-relentlessly-on-a-breeding-mixed-bath-hot-spring-trip/,https://cdn.javmiku.com/wp-content/uploads/2026/09/h_086euud92pl-550x374.jpg
https://jav.guru/1052940/dldss-540-during-exams-after-a-month-of-abstinence-i-ended-up-impregnating-my-friends-mother-miyagami-yuika/,https://cdn.javmiku.com/wp-content/uploads/2026/09/1dldss540pl-550x374.jpg
https://jav.guru/1052941/cherd-108-would-you-mind-if-your-first-time-is-bareback-with-an-older-woman-a-virgin-boy-has-the-best-deflowering-sex-with-a-married-mature-woman-shiori-kimika/,https://cdn.javmiku.com/wp-content/uploads/2026/09/h_086cherd108pl-550x374.jpg
https://jav.guru/1052942/aarm-367-endless-saliva-slurping-nipple-licking-x-tornado-edging-oil-handjob-6/,https://cdn.javmiku.com/wp-content/uploads/2026/09/aarm367pl-550x374.jpg
https://jav.guru/1053032/abf-386-creampie-sex-log-of-a-perverted-couple-living-together-dominated-by-lust-miyoshi-uta/,https://cdn.javmiku.com/wp-content/uploads/2026/09/pb_e_abf-386-550x374.jpg
https://jav.guru/1053033/abf-385-sweet-melting-close-contact-esthetic-milked-dry-to-the-very-last-drop-in-an-exquisite-detox-unlimited-ejaculations-asuna-kawai/,https://cdn.javmiku.com/wp-content/uploads/2026/09/pb_e_abf-385-550x374.jpg
https://jav.guru/1053080/ure-142-exclusive-iyo-shinoharas-first-original-collaboration-original-work-irodori-gyunyu-4-5-trop-1-taking-the-postpartum-virginity-of-the-married-woman-caught-masturbating-live-action-vers/,https://cdn.javmiku.com/wp-content/uploads/2026/09/ure142pl-550x374.jpg
https://jav.guru/1053081/ure-140-tina-nanamis-first-original-work-collaboration-original-work-tama-go-manager-youve-got-big-tits-and-youre-a-bit-m-right-live-action-version/,https://cdn.javmiku.com/wp-content/uploads/2026/09/ure140pl-550x374.jpg
https://jav.guru/1053086/snos-400-right-after-abstinence-she-turns-into-a-beast-in-an-aphrodisiac-bath-non-stop-ahegao-and-massive-incontinence-riri-nanatsumori/,https://cdn.javmiku.com/wp-content/uploads/2026/09/snos400pl-550x374.jpg
https://jav.guru/1053087/snos-399-huge-cock-adultery-ntr-my-girlfriend-who-accepted-my-8cm-cock-with-a-smile-gets-completely-turned-into-a-bitch-by-my-scumbag-senpais-20cm-cock-asano-kokoro/,https://cdn.javmiku.com/wp-content/uploads/2026/09/snos399pl-550x374.jpg
https://jav.guru/1053089/snos-397-the-tipsy-nightlife-older-sisters-sticky-sweet-alcohol-laced-tongue-kiss-temptation-that-melts-this-part-timer-into-falling-kuraki-hana/,https://cdn.javmiku.com/wp-content/uploads/2026/09/snos397pl-550x374.jpg
https://jav.guru/1053091/snos-393-the-sexual-harassment-boss-she-hates-to-death-obtains-a-time-stopping-skill-nanoka-hatsumi/,https://cdn.javmiku.com/wp-content/uploads/2026/09/snos393pl-550x374.jpg
https://jav.guru/1053093/snos-377-today-i-want-abnormal-sex-when-i-fucked-my-flight-attendant-girlfriend-senseless-after-she-sweet-talked-me-like-that-she-awakened-as-a-hardcore-masochist-saika-kawakita/,https://cdn.javmiku.com/wp-content/uploads/2026/09/snos377pl-550x374.jpg
https://jav.guru/1053095/snos-367-the-plain-classmate-has-amazing-tits-when-she-strips-the-temptation-of-her-way-too-unaware-precocious-i-cups-kanon-hayasaka/,https://cdn.javmiku.com/wp-content/uploads/2026/09/snos367pl-550x374.jpg
https://jav.guru/1053097/snos-344-my-girlfriends-little-sister-who-missed-the-last-train-and-came-to-stay-over-flashes-her-j-cup-big-tits-and-slender-bare-legs-as-she-goes-after-my-cock-with-every-trick-in-the-book-hon/,https://cdn.javmiku.com/wp-content/uploads/2026/09/snos344pl-550x374.jpg
https://jav.guru/1053102/jur-828-window-side-close-contact-molestation-continuously-fondled-all-over-my-body-during-my-commute-i-was-made-to-fall-into-pleasure-and-today-i-offer-my-body-again/,https://cdn.javmiku.com/wp-content/uploads/2026/09/jur828pl-550x374.jpg
https://jav.guru/1053106/dsod-088-edging-camp-with-the-crazy-swimming-clubs-twin-carnivorous-athletes-even-with-precum-dripping-everywhere-their-merciless-slutty-torment-causes-consecutive-premature-ejaculations-and/,https://cdn.javmiku.com/wp-content/uploads/2026/09/dsod088pl-550x374.jpg
https://jav.guru/1053107/dsod-080-youre-secretly-filming-bring-it-on-the-former-gal-young-landlady-who-inherited-her-familys-inn-edges-the-complaining-guest-who-showed-up-with-handjobs-and-pussyjobs-until-hes-left/,https://cdn.javmiku.com/wp-content/uploads/2026/09/dsod080pl-550x374.jpg
https://jav.guru/1053108/dsod-072-a-very-happy-destructive-impulse-this-stuck-up-woman-ill-thoroughly-corner-her-and-turn-her-into-a-training-sandbag-miu-shiromine/,https://cdn.javmiku.com/wp-content/uploads/2026/09/dsod072pl-550x374.jpg
https://jav.guru/1053330/royd-362-ill-lick-your-cock-so-pretend-to-be-my-boyfriend-i-became-the-one-day-boyfriend-of-a-super-cute-female-coworker-to-reassure-her-parents-who-keep-nagging-her-to-hurry-up-and-get-married-s/,https://cdn.javmiku.com/wp-content/uploads/2026/09/royd362pl-550x374.jpg
https://jav.guru/1053331/royd-355-kami-machi-runaway-girl-protected-and-penetrated-turned-into-an-outlet-for-the-sexual-desires-of-bad-adults-and-creampied-over-and-over-until-the-morning-sun-rose/,https://cdn.javmiku.com/wp-content/uploads/2026/09/royd355pl-550x374.jpg
https://jav.guru/1053332/roe-561-monroe-exclusive-active-model-married-woman-shockingly-lifts-the-creampie-ban-beautiful-friends-mother-the-days-she-drowned-in-kissing-and-impregnation/,https://cdn.javmiku.com/wp-content/uploads/2026/09/roe561pl-550x374.jpg
https://jav.guru/1053333/roe-559-in-the-family-home-where-everyone-has-left-the-nest-the-days-of-incest-spent-with-my-mother-sugisaki-hoka/,https://cdn.javmiku.com/wp-content/uploads/2026/09/roe559pl-550x374.jpg
https://jav.guru/1053334/roe-556-after-dating-my-girlfriend-with-a-5-pm-curfew-i-have-creampie-sex-with-her-mother-to-make-her-little-sister-momoko-isshiki/,https://cdn.javmiku.com/wp-content/uploads/2026/09/roe556pl-550x374.jpg
https://jav.guru/1053335/roe-551-sacrificial-love-training-suite-for-her-sons-sake-the-mother-who-offers-up-her-body-yurika-aoi/,https://cdn.javmiku.com/wp-content/uploads/2026/09/roe551pl-550x374.jpg
https://jav.guru/1053336/roe-549-manager-please-get-pregnant-with-my-seed-i-a-second-year-new-graduate-impregnate-my-power-harassing-female-boss-whos-trying-to-conceive-during-breeding-service-overtime-tomoda-maki/,https://cdn.javmiku.com/wp-content/uploads/2026/09/roe549pl-550x374.jpg
https://jav.guru/1053698/yhh-006-deadly-hell-thrusts-even-if-her-eyes-roll-back-sakisaka-karen/,https://cdn.javmiku.com/wp-content/uploads/2026/09/h_127yhh006pl-550x374.jpg
https://jav.guru/1053699/xmom-88-hotel-orgy-with-a-female-ground-staffer-from-a-major-airline-company-hinano-sonoda/,https://cdn.javmiku.com/wp-content/uploads/2026/09/h_086xmom88pl-550x374.jpg
https://jav.guru/1053700/wtex-025-completely-capturing-hairless-pussies-in-intense-shots-shaved-beautiful-girl-cosplayer-creampie-private-shoot-sex-collection-300-minutes/,https://cdn.javmiku.com/wp-content/uploads/2026/09/wtex025pl-550x374.jpg
https://jav.guru/1053701/tpin-102-mothers-love-and-twisted-family-circumstances/,https://cdn.javmiku.com/wp-content/uploads/2026/09/tpin102pl-550x374.jpg
https://jav.guru/1053702/smom-010-shin-abnormal-sexual-intercourse-mother-and-chld-in-the-storehouse-part-one-twisted-parent-chld-love-woven-together-in-a-damp-secret-room-in-a-rural-village-chisato-shoda/,https://cdn.javmiku.com/wp-content/uploads/2026/09/smom010pl-550x374.jpg
https://jav.guru/1053708/ppr-011-nonoura-non-8-hour-best-prestige-premium-restricted-vol-13/,https://cdn.javmiku.com/wp-content/uploads/2026/09/pb_e_ppr-011-550x374.jpg
https://jav.guru/1053712/oae-315-punsuka-pink-otsuka-biru/,https://cdn.javmiku.com/wp-content/uploads/2026/09/oae315pl-550x374.jpg
https://jav.guru/1053713/nsfs-514-super-humiliation-the-wife-who-was-turned-into-everyones-toy-on-the-company-trip-8-yumi-nijimura/,https://cdn.javmiku.com/wp-content/uploads/2026/09/nsfs514pl-550x374.jpg
https://jav.guru/1053714/mkmp-754-asshole-marking-of-bored-sexless-young-wives-in-the-countryside-taming-them-with-anal-rimming-until-their-anuses-get-soggy-then-a-big-ass-smothering-harem-that-milks-you-dry-until-their-a/,https://cdn.javmiku.com/wp-content/uploads/2026/09/mkmp754pl-550x374.jpg
https://jav.guru/1053715/mkmp-752-hairdresser-ntr-3-hours-until-the-last-train-my-apprentice-hairdresser-girlfriend-apparently-writhes-in-ecstasy-on-the-managers-cock-every-night-after-the-shop-closes-ena-satsuki/,https://cdn.javmiku.com/wp-content/uploads/2026/09/mkmp752pl-550x374.jpg
https://jav.guru/1053724/mibb-087-slender-sexy-stylish-race-queen-clothed-sex-without-taking-off-the-admired-cool-costume-aya-sasakura/,https://cdn.javmiku.com/wp-content/uploads/2026/09/mibb087pl-550x374.jpg
https://jav.guru/1053725/mibb-086-170cm-tall-full-volume-h-cups-a-godlike-body-just-like-a-figurine-clothed-sex-that-seeks-nothing-but-pleasure-mina-fukuhara/,https://cdn.javmiku.com/wp-content/uploads/2026/09/mibb086pl-550x374.jpg
https://jav.guru/1053729/madv-642-unexpected-sexual-service-duties-during-training-the-huge-assed-big-tits-new-hires-stress-relief-method-she-cant-tell-anyone-about-is-being-a-full-body-sheer-tights-slut-ruka-itoi/,https://cdn.javmiku.com/wp-content/uploads/2026/09/madv642pl-550x374.jpg
https://jav.guru/1053730/jyma-115-huge-titted-young-wife-transforms-on-an-aphrodisiac-for-druggd-sex/,https://cdn.javmiku.com/wp-content/uploads/2026/09/jyma115pl-550x374.jpg
https://jav.guru/1053736/huntc-659-ill-wash-your-back-we-are-the-hot-spring-girls-back-washing-squad-at-a-local-volunteer-event-schoolgirls-wash-your-back-at-a-hot-spring-inn-they-wash-your-back-in-gym-clothes-schoo/,https://cdn.javmiku.com/wp-content/uploads/2026/09/huntc659pl-550x374.jpg
https://jav.guru/1053737/huntc-658-harem-orgy-at-the-countryside-grandpas-house-thats-become-a-hangout-for-runaway-gals-when-i-go-visit-my-senile-grandpa-its-turned-into-a-hangout-for-runaway-gals/,https://cdn.javmiku.com/wp-content/uploads/2026/09/huntc658pl-550x374.jpg
https://jav.guru/1053745/gvh-881-using-the-new-bushy-haired-j-type-esthetician-who-came-to-apply-for-a-part-time-job-at-a-hair-removal-salon-as-a-guinea-pig-devouring-her-steamy-pussy-hair-and-ass-hair-in-agonizing-vio-cun/,https://cdn.javmiku.com/wp-content/uploads/2026/09/gvh881pl-550x374.jpg
https://jav.guru/1053746/gs-2148-creampie-my-beloved-wife-the-underside-of-the-affairs-end-extra-episode-married-woman-tchi-sequel/,https://cdn.javmiku.com/wp-content/uploads/2026/09/140gs2148pl-550x374.jpg
https://jav.guru/1053747/gs-2147-married-womans-hot-spring-love-trip-182/,https://cdn.javmiku.com/wp-content/uploads/2026/09/140gs2147pl-550x374.jpg
https://jav.guru/1053750/dsod-093-serious-cock-training-the-beautiful-hot-pussy-teacher-keeps-having-insanely-intense-sex-anytime-and-anywhere-on-campus-with-her-useless-cock-student-rin-otonashi/,https://cdn.javmiku.com/wp-content/uploads/2026/09/dsod093pl-550x374.jpg
https://jav.guru/1053751/dsod-010-women-prohibited-cock-night-pool-marina-ikeda-renka-yuzuki-momiji-hiiragi-ramu-ichinose/,https://cdn.javmiku.com/wp-content/uploads/2026/09/dsod010pl-550x374.jpg
https://jav.guru/1053753/dldss-546-public-pool-shes-definitely-getting-banned-eventually-the-married-woman-in-a-bugged-competitive-swimsuit-comes-to-swim-three-times-a-week-kanae-ai/,https://cdn.javmiku.com/wp-content/uploads/2026/09/1dldss546pl-550x374.jpg
https://jav.guru/1053755/cjod-592-the-quiet-plain-faced-schoolgirl-who-likes-her-homeroom-teacher-and-became-his-obedient-onahole-student-is-addicted-to-their-immoral-after-school-creampie-physical-relationship-where-she-cu/,https://cdn.javmiku.com/wp-content/uploads/2026/09/cjod592pl-550x374.jpg
https://jav.guru/1053756/cjod-537-reiwa-no-1-drool-dripping-tongue-kissing-gal-lewd-service-with-her-exquisite-body-in-an-unlimited-ejaculation-soapland-course-that-milks-you-dry-for-20-loads-rima-arai/,https://cdn.javmiku.com/wp-content/uploads/2026/09/cjod537pl-550x374.jpg
https://jav.guru/1053757/cjod-536-hot-spring-pov-fuck-a-lewd-creampie-trip-love-juice-soaked-close-contact-flirty-super-suction-funny-face-vacuum-meaty-ass-jiggling-with-incredible-hip-swinging/,https://cdn.javmiku.com/wp-content/uploads/2026/09/cjod536pl-550x374.jpg
https://jav.guru/1053758/cjod-521-when-i-woke-up-there-was-a-junior-gal-in-her-underwear-next-to-me-i-got-slut-teased-over-and-over-by-mokas-constant-kneading-nipple-play-haruhi-moka/,https://cdn.javmiku.com/wp-content/uploads/2026/09/cjod521pl-550x374.jpg
https://jav.guru/1053762/cemd-892-the-extreme-masochist-widow-who-got-drunk-on-rope-and-drowned-in-it-2-hikari-kisaki/,https://cdn.javmiku.com/wp-content/uploads/2026/09/cemd892pl-550x374.jpg
https://jav.guru/1053764/c-2989-adult-maker-raids-ntr-couple-barging-in-for-av-filming-vault-released-secret-footage-1/,https://cdn.javmiku.com/wp-content/uploads/2026/09/140c2989pl-550x374.jpg
https://jav.guru/1053768/aldn-615-at-the-neighborhood-association-gathering-iroha-narimiya/,https://cdn.javmiku.com/wp-content/uploads/2026/09/aldn615pl-550x374.jpg
https://jav.guru/1053769/aldn-614-my-wife-whos-getting-married-returns-home-to-get-impregnated-shiori-tsukada/,https://cdn.javmiku.com/wp-content/uploads/2026/09/aldn614pl-550x374.jpg
https://jav.guru/1053770/aldn-613-several-days-of-nonstop-creampies-with-my-brothers-wife-yuka-mizuno/,https://cdn.javmiku.com/wp-content/uploads/2026/09/aldn613pl-550x374.jpg
https://jav.guru/1054117/spsf-65-heroines-downfall-beautiful-girl-warrior-sailor-freesia-sumire-takigawa/,https://cdn.javmiku.com/wp-content/uploads/2026/09/h_173spsf65pl-550x374.jpg
https://jav.guru/1054166/kagn-027-blowjobs-anywhere-25-11-girls/,https://cdn.javmiku.com/wp-content/uploads/2026/09/kagn027pl-550x374.jpg
https://jav.guru/1054180/dazd-308-cumming-like-crazy-with-adult-toys-reason-completely-shattered-%e2%88%9e-trembling-violently-beyond-climax-short-of-collapse-best/,https://cdn.javmiku.com/wp-content/uploads/2026/09/dazd308pl-550x374.jpg
https://jav.guru/1054188/aran-114-absolutely-hopeless-ultra-tight-bondage-secret-flesh-thoroughly-tormented-deep-inside-47-despairing-women-incredible-5-hour-footage-of-nonstop-orgasms-ultra-maniac-special/,https://cdn.javmiku.com/wp-content/uploads/2026/09/aran114pl-550x374.jpg
https://jav.guru/1054697/tsds-46078-material-miyu-ozono/,https://cdn.javmiku.com/wp-content/uploads/2026/09/2293-550x374.jpg
https://jav.guru/1054698/tsds-43081-a-quarter-%d1%87%d0%b5%d1%82%d0%b2%d0%b5%d1%80%d1%82%d1%8c-sasha-yurikawa/,https://cdn.javmiku.com/wp-content/uploads/2026/09/1097-550x374.jpg
https://jav.guru/1054699/tsds-43042-holy-fruit-airi-shirakawa/,https://cdn.javmiku.com/wp-content/uploads/2026/09/2405-550x374.jpg
https://jav.guru/1054700/tsds-43017-the-fruit-of-happiness-yui-kudo/,https://cdn.javmiku.com/wp-content/uploads/2026/09/2482-550x374.jpg
https://jav.guru/1054701/tsds-43007-2-hotaru-kusakabe/,https://cdn.javmiku.com/wp-content/uploads/2026/09/2298-550x374.jpg
https://jav.guru/1054702/tsds-42958-milky-glamour-rina-kudo/,https://cdn.javmiku.com/wp-content/uploads/2026/09/2445-550x374.jpg
https://jav.guru/1054705/tsds-42859-shima/,https://cdn.javmiku.com/wp-content/uploads/2026/09/2322-550x374.jpg
https://jav.guru/1054708/tsds-42841-its-hot-to-the-touch-yumi-asahina/,https://cdn.javmiku.com/wp-content/uploads/2026/09/2424-550x374.jpg
https://jav.guru/1054709/tsds-42602-gazing-into-each-others-eyes-mayu-tsukishiro/,https://cdn.javmiku.com/wp-content/uploads/2026/09/2404-550x374.jpg
https://jav.guru/1054710/tsds-42061-heavenly-maidens-feather-robe-mita-ui/,https://cdn.javmiku.com/wp-content/uploads/2026/09/2562-550x374.jpg
https://jav.guru/1054712/spsf-64-handsome-heros-agonizing-defeat-at-the-hands-of-the-most-vicious-female-executive-who-wont-let-him-cum-mei-fukatsuki/,https://cdn.javmiku.com/wp-content/uploads/2026/09/h_173spsf64pl-550x374.jpg
https://jav.guru/1054713/sgki-104-public-phone-booth-fully-visible-from-360-degrees-ojou-sama-type-innocent-cute-beautiful-big-tits-high-school-girl-kikis-nipple-challenge/,https://cdn.javmiku.com/wp-content/uploads/2026/09/1sgki104pl-550x374.jpg
https://jav.guru/1054714/rctd-763-rocket-18th-anniversary-user-request-festival-full-pov-horror-vulgar-erotica-elusive-the-terrifying-extreme-pervert-woman-targeting-my-semen/,https://cdn.javmiku.com/wp-content/uploads/2026/09/1rctd763pl-550x374.jpg
https://jav.guru/1054715/rctd-762-rocket-18th-anniversary-user-request-festival-featureless-zentai-humanization/,https://cdn.javmiku.com/wp-content/uploads/2026/09/1rctd762pl-550x374.jpg
https://jav.guru/1054716/rctd-761-rocket-18th-anniversary-user-request-festival-cock-sniffing-brainwashing/,https://cdn.javmiku.com/wp-content/uploads/2026/09/1rctd761pl-550x374.jpg
https://jav.guru/1054717/rctd-759-rocket-18th-anniversary-commemorative-user-request-festival-lesbian-rough-fight-extreme/,https://cdn.javmiku.com/wp-content/uploads/2026/09/1rctd759pl-550x374.jpg
https://jav.guru/1054718/rctd-758-rocket-18th-anniversary-user-request-festival-miserable-prison-trade-your-sentence-for-shame-female-prisoner-special-rehabilitation-program/,https://cdn.javmiku.com/wp-content/uploads/2026/09/1rctd758pl-550x374.jpg
https://jav.guru/1054719/rapd-014-married-woman-bound-to-a-chair-abducted-and-confined-for-toy-trture-that-collapses-her-reason-immobilized-and-frced-into-continuous-orgasms-in-ahegao-cumming-hell-yuka-tada/,https://cdn.javmiku.com/wp-content/uploads/2026/09/rapd014pl-550x374.jpg
https://jav.guru/1054728/parathd-4538-4-hours-sp-i-tried-to-make-a-beautiful-female-doctor-at-a-university-hospital-thoroughly-squid-with-an-erotic-massage/,https://cdn.javmiku.com/wp-content/uploads/2026/09/parathd04538pl-550x374.jpg
https://jav.guru/1054734/namh-076-god-tier-shaved-pussy-takes-21-extra-thick-loads-uncut-genuine-creampie-in-2-real-fucks-kaho-hanamori/,https://cdn.javmiku.com/wp-content/uploads/2026/09/1namh076pl-550x374.jpg
https://jav.guru/1054736/mmr-az360-nevet-tell-a-secret-kotoko-asuka/,https://cdn.javmiku.com/wp-content/uploads/2026/09/684652181_192-550x374.jpg
https://jav.guru/1054737/mmr-ak189-what-you-like-mei-fujikawa/,https://cdn.javmiku.com/wp-content/uploads/2026/09/2417-550x374.jpg
https://jav.guru/1054741/lcdv-41441-matsuri-chan-cant-swim-matsuri-goto/,https://cdn.javmiku.com/wp-content/uploads/2026/09/2540-550x374.jpg
https://jav.guru/1054742/lcdv-41440-moe-moe-trip-moeka-sasaki/,https://cdn.javmiku.com/wp-content/uploads/2026/09/2539-550x374.jpg
https://jav.guru/1054743/lcdv-41439-taipei-romantica-12-years-later-12-years-later-mariko-seyama/,https://cdn.javmiku.com/wp-content/uploads/2026/09/2413-550x374.jpg
https://jav.guru/1054744/lcdv-41383-brilliant-k-k-rui-kiriyama/,https://cdn.javmiku.com/wp-content/uploads/2026/09/2412-550x374.jpg
https://jav.guru/1054745/lcdv-41351-fantastic-k-cup-healing-huge-breasts-k-%ef%bd%9e-%ef%bd%9e-rui-kiriyama/,https://cdn.javmiku.com/wp-content/uploads/2026/09/2499-550x374.jpg
https://jav.guru/1054746/lcdv-41342-ume-hyakka-pistil-narumi-amaha/,https://cdn.javmiku.com/wp-content/uploads/2026/09/2411-550x374.jpg
https://jav.guru/1054748/lcdv-41175-school-love-meiri/,https://cdn.javmiku.com/wp-content/uploads/2026/09/2441-550x374.jpg
https://jav.guru/1054749/lcdv-41149-oppai-teacher-yanase-saki/,https://cdn.javmiku.com/wp-content/uploads/2026/09/2497-550x374.jpg
https://jav.guru/1054750/lcdv-41030-u-like-yamamoto-yuu/,https://cdn.javmiku.com/wp-content/uploads/2026/09/2518-550x374.jpg
https://jav.guru/1054752/ktkn-011-the-repressed-plain-girl-with-only-one-sexual-partner-whose-sole-hobby-is-daily-masturbation-as-she-commutes-between-home-and-her-factory-picking-job-gets-roughly-toyed-with-by-men-she-met/,https://cdn.javmiku.com/wp-content/uploads/2026/09/ktkn011pl-550x374.jpg
https://jav.guru/1054755/fw-019-in-her-dream-the-stepdaughter-milks-her-father-in-laws-fantasy-huge-cock-she-straddles-him-herself-and-pistons-hard-with-yoga-like-hip-movements/,https://cdn.javmiku.com/wp-content/uploads/2026/09/h_1089fw00019pl-550x374.jpg
https://jav.guru/1054757/ebod-569-the-sculpted-physical-beauty-of-a-competitive-swimmer-active-athlete-who-competed-in-the-national-championships-makes-her-e-body-exclusive-debut-natsuki/,https://cdn.javmiku.com/wp-content/uploads/2026/09/ebod569pl-550x374.jpg
https://jav.guru/1054758/dori-055-pakodori-no-55-the-boyish-schoolgirl-who-loves-bareback-sex-grabbed-my-cock-and-started-licking-it-saying-watch-this%e2%99%aa-then-took-consecutive-creampies-when-the-third-round-was/,https://cdn.javmiku.com/wp-content/uploads/2026/09/h_491dori055pl-550x374.jpg
https://jav.guru/1054759/dldss-558-assigned-to-a-rural-posting-i-always-commute-to-work-by-car-with-my-senior-chiharu-mitsuba/,https://cdn.javmiku.com/wp-content/uploads/2026/09/1dldss558pl-550x374.jpg
https://jav.guru/1054912/xvsr-377-seducing-married-women-submitted-amateur-experience-stories-hibiki-otsuki/,https://cdn.javmiku.com/wp-content/uploads/2026/09/xvsr377sopl-550x374.jpg
https://jav.guru/1054913/xvsr-370-icha-love-creampie-date-with-my-cute-girlfriend-miho-sakasaki/,https://cdn.javmiku.com/wp-content/uploads/2026/09/xvsr370sopl-550x374.jpg
https://jav.guru/1054944/kidm-609b-untitled-ryo-murasaki-blu-ray-disc/,https://cdn.javmiku.com/wp-content/uploads/2026/09/n_945kidm609bpl-550x374.jpg
https://jav.guru/1054945/kidm-607b-untitled-sakurai-ayane-blu-ray-disc/,https://cdn.javmiku.com/wp-content/uploads/2026/09/n_945kidm607bpl-550x374.jpg
https://jav.guru/1054946/kidm-600b-untitled-asuka-oda/,https://cdn.javmiku.com/wp-content/uploads/2026/09/n_945kidm600bpl-550x374.jpg
https://jav.guru/1054947/kidm-599b-title-undecided-yamamoto-riko-2/,https://cdn.javmiku.com/wp-content/uploads/2026/09/n_945kidm599bpl-1-550x374.jpg
https://jav.guru/1054948/kidm-594b-untitled-mieko-arai-blu-ray-disc/,https://cdn.javmiku.com/wp-content/uploads/2026/09/n_945kidm594bpl-550x374.jpg
https://jav.guru/1054949/kidm-590b-untitled-amano-yuri/,https://cdn.javmiku.com/wp-content/uploads/2026/09/n_945kidm590bpl-550x374.jpg
https://jav.guru/1054950/kidm-582b-untitled-noriko-hamada-blu-ray-disc/,https://cdn.javmiku.com/wp-content/uploads/2026/09/n_945kidm582bpl-550x374.jpg
https://jav.guru/1054979/bkd-213-mother-son-mating-rieko-hiraoka/,https://cdn.javmiku.com/wp-content/uploads/2026/09/bkd213sopl-550x374.jpg
https://jav.guru/1054980/bkd-212-mother-son-mating-nozomi-tanihara/,https://cdn.javmiku.com/wp-content/uploads/2026/09/bkd212sopl-550x374.jpg
https://jav.guru/1054981/bkd-211-mother-son-mating-mio-morishita/,https://cdn.javmiku.com/wp-content/uploads/2026/09/bkd211sopl-550x374.jpg
https://jav.guru/1055179/uzu-040-onaman-girl-jimiin-she-is-introverted-but-actually-has-a-strong-sex-drive-barely-leaves-an-impression-at-the-company-the-junior-girl-from-the-same-department-at-the-same-company-who-live/,https://cdn.javmiku.com/wp-content/uploads/2026/09/uzu040pl-550x374.jpg
https://jav.guru/1055180/tsds-43117-kureha-yumi-title-undecided/,https://cdn.javmiku.com/wp-content/uploads/2026/09/n_701tsds43117pl-550x374.jpg
https://jav.guru/1055181/t38-072-hina-chan-is-the-seniors-pet-doll-kana-yura-nitori/,https://cdn.javmiku.com/wp-content/uploads/2026/09/55t38072pl-550x374.jpg
https://jav.guru/1055191/scpx-566-blushing-yakyuken-with-a-sister-and-brother-who-are-like-friends/,https://cdn.javmiku.com/wp-content/uploads/2026/09/scpx566pl-550x374.jpg
https://jav.guru/1055192/scop-722-a-long-awaited-reunion-with-the-yankee-girl-who-was-the-cutest-in-school-even-though-she-used-to-make-fun-of-me-for-being-a-virgin/,https://cdn.javmiku.com/wp-content/uploads/2026/09/scop722sopl-550x374.jpg
https://jav.guru/1055193/sbvd-0585-sugoi-io-ioki/,https://cdn.javmiku.com/wp-content/uploads/2026/09/5294sbvd00585pl-550x374.jpg
https://jav.guru/1055194/real-787-real-2021-top-30-titles-ultimate-collection-4-hours/,https://cdn.javmiku.com/wp-content/uploads/2026/09/real787sopl-550x374.jpg
https://jav.guru/1055195/real-785-kiwami-intense-orgasm-sex-that-blows-away-both-consciousness-and-reason-4-hour-ultimate-best/,https://cdn.javmiku.com/wp-content/uploads/2026/09/real785sopl-550x374.jpg
https://jav.guru/1055196/real-783-kiwami-the-most-vicious-frced-creampie-impregnation-sex-4-hour-ultimate-best/,https://cdn.javmiku.com/wp-content/uploads/2026/09/real783sopl-550x374.jpg
https://jav.guru/1055198/nsfs-515-ai-remastered-version-raping-a-cheeky-woman-masterpiece-permanent-preservation-edition/,https://cdn.javmiku.com/wp-content/uploads/2026/09/nsfs515pl-550x374.jpg
https://jav.guru/1055199/nsfs-512-mature-mother-40-under-one-roof-devouring-forbidden-nights-with-an-exam-student-rina-ayana/,https://cdn.javmiku.com/wp-content/uploads/2026/09/nsfs512pl-550x374.jpg
https://jav.guru/1055200/nnit-018-stalking-a-high-school-girl-for-anal-three-hole-gang-rpe-240-minutes/,https://cdn.javmiku.com/wp-content/uploads/2026/09/nnit018pl-550x374.jpg
https://jav.guru/1055201/nask-423-unbearable-sexual-desire-of-a-woman-in-her-fifties-female-pleasure-revives-with-hot-semen-10/,https://cdn.javmiku.com/wp-content/uploads/2026/09/nask423pl-550x374.jpg
https://jav.guru/1055202/moil-009-new-forbidden-sex-with-my-wifes-mother-part-8-after-all-my-mother-in-law-is-better-than-my-wife-sayaka-yoshino/,https://cdn.javmiku.com/wp-content/uploads/2026/09/moil009pl-550x374.jpg
https://jav.guru/1055203/mmr-bm119-moe-wakaki/,https://cdn.javmiku.com/wp-content/uploads/2026/09/2589-550x374.jpg
https://jav.guru/1055204/mmr-bm118-bijou-box-saki-sakurai/,https://cdn.javmiku.com/wp-content/uploads/2026/09/2588-550x374.jpg
https://jav.guru/1055205/mmr-az584-eternal-glow-nozomi-shiraishi/,https://cdn.javmiku.com/wp-content/uploads/2026/09/2557-550x374.jpg
https://jav.guru/1055206/mmr-az583-each-time-thank-blooms-saki-funaoka/,https://cdn.javmiku.com/wp-content/uploads/2026/09/2556-550x374.jpg
https://jav.guru/1055207/mmr-az582-fumie57-fumie-nakajima/,https://cdn.javmiku.com/wp-content/uploads/2026/09/2555-550x374.jpg
https://jav.guru/1055211/mbr-ab052-naked-beautiful-girl-her-pussy-is-shaved/,https://cdn.javmiku.com/wp-content/uploads/2026/09/n_709mbrab052pl-550x374.jpg
https://jav.guru/1055212/marr-013-yurara-dream-yakuno-marina/,https://cdn.javmiku.com/wp-content/uploads/2026/09/n_1064marr013pl-550x374.jpg
https://jav.guru/1055213/lucy-031-when-i-called-an-escort-my-mother-in-law-showed-up-of-all-people-miki-yoshii/,https://cdn.javmiku.com/wp-content/uploads/2026/09/lucy031pl-550x374.jpg
https://jav.guru/1055214/love-133-obedient-blonde-hot-spring-janice-miller-hisui-janice-griffith/,https://cdn.javmiku.com/wp-content/uploads/2026/09/h_491love133pl-550x374.jpg
https://jav.guru/1055215/lcdv-41296-summer-vacation-with-marina-marina-nagasawa/,https://cdn.javmiku.com/wp-content/uploads/2026/09/2553-550x374.jpg
https://jav.guru/1055216/lcdv-41033-nine-gates-mari-takamiya/,https://cdn.javmiku.com/wp-content/uploads/2026/09/2572-550x374.jpg
https://jav.guru/1055217/ktve-004-showing-you-the-entire-underside-of-a-female-influencer-expose-streamer-zs-underground-stream-covered-in-sweat-spit-and-body-fluids/,https://cdn.javmiku.com/wp-content/uploads/2026/09/ktve004pl-550x374.jpg
https://jav.guru/1055218/ksbj-209-sex-addicted-wife-who-indiscriminately-devours-men-yuu-kawakami/,https://cdn.javmiku.com/wp-content/uploads/2026/09/ksbj209pl-550x374.jpg
https://jav.guru/1055219/ksbj-207-i-absolutely-hate-my-fathers-new-wife-so-ive-decided-to-train-my-sexy-voluptuous-stepmother/,https://cdn.javmiku.com/wp-content/uploads/2026/09/ksbj207pl-550x374.jpg
https://jav.guru/1055220/ksbj-205-complete-domination-compilation-beautiful-wives-dominated-by-their-relatives/,https://cdn.javmiku.com/wp-content/uploads/2026/09/ksbj205pl-550x374.jpg
https://jav.guru/1055221/juda-011-right-next-to-her-sleeping-boss-breeding-fuck-with-his-slutty-wife-ill-make-that-pussy-all-gooey/,https://cdn.javmiku.com/wp-content/uploads/2026/09/juda011pl-550x374.jpg
https://jav.guru/1055222/juda-010-creampie-incest-immoral-parent-and-chld/,https://cdn.javmiku.com/wp-content/uploads/2026/09/juda010pl-550x374.jpg
https://jav.guru/1055223/juda-009-creampie-in-my-best-friends-mother/,https://cdn.javmiku.com/wp-content/uploads/2026/09/juda009pl-550x374.jpg
https://jav.guru/1055225/juda-006-creampie-in-my-best-friends-mother/,https://cdn.javmiku.com/wp-content/uploads/2026/09/juda006pl-550x374.jpg
https://jav.guru/1055226/juda-005-creampie-in-my-beautiful-aunt/,https://cdn.javmiku.com/wp-content/uploads/2026/09/juda005pl-550x374.jpg
https://jav.guru/1055227/juda-004-mother-in-law-it-feels-better-than-with-my-wife-okouchi-nami-misaki-haruka-sakura-yumiko/,https://cdn.javmiku.com/wp-content/uploads/2026/09/juda004pl-550x374.jpg
https://jav.guru/1055228/juda-003-creampie-in-my-best-friends-mother-nanami-hisayo-oohashi-hitomi-maya-keiko/,https://cdn.javmiku.com/wp-content/uploads/2026/09/juda003pl-550x374.jpg
https://jav.guru/1055230/jimmy-011-breakup-agent-since-all-men-in-the-world-are-idiots-a-little-temptation-makes-them-erect-and-boosts-my-sales-too-aoshima-nazuki/,https://cdn.javmiku.com/wp-content/uploads/2026/09/JIMMY-011-550x374.jpg
https://jav.guru/1055231/jimmy-010-dreaming-twin-bowl-why-are-both-the-same-in-taste-and-size-whether-you-suck-them-insert-them-or-creampie-them-kurosawa-nanami/,https://cdn.javmiku.com/wp-content/uploads/2026/09/JIMMY-010-550x374.jpg
https://jav.guru/1055234/gun-789-everything-fully-visible-soles-of-the-feet-and-full-nudity-ayana-rina-koume-ena-marumo-rea-watarai-fuu-toba-iku/,https://cdn.javmiku.com/wp-content/uploads/2026/09/433gun789pl-550x374.jpg
https://jav.guru/1055235/grabd-033-closed-room-photoshoot-hikari-misaki-translucent-body-trembling-v-line-a-forbidden-close-up-record-of-just-the-two-of-them-hikari-misaki-blu-ray-disc/,https://cdn.javmiku.com/wp-content/uploads/2026/09/n_1535grabd033pl-550x374.jpg
https://jav.guru/1055236/gqw-001-doctor-neet-old-mans-neighborhood-girl-take-home-mischief-collection-3-girls/,https://cdn.javmiku.com/wp-content/uploads/2026/09/gqw001pl-550x374.jpg
https://jav.guru/1055237/euud-092-honoka-mitsuhara-forgets-the-mundane-world-and-with-her-true-nature-fully-exposed-fucks-relentlessly-on-a-breeding-mixed-bath-hot-spring-trip/,https://cdn.javmiku.com/wp-content/uploads/2026/09/h_086euud92pl-1-550x374.jpg
https://jav.guru/1055238/enki-099-trashy-pussy-gal-but-a-loyal-creampie-only-meat-toilet-violently-fulfilling-the-written-pledge-with-brutal-fucking-gangbang-yuri/,https://cdn.javmiku.com/wp-content/uploads/2026/09/enki099pl-550x374.jpg
https://jav.guru/1055243/dori-102-pov-fuck-no-102-the-beautiful-bodied-gyaru-with-leftover-tan-lines-who-started-compensated-dating-in-search-of-pleasure-rena-chan-munakata-rena/,https://cdn.javmiku.com/wp-content/uploads/2026/09/h_491dori102pl-550x374.jpg
https://jav.guru/1055244/dori-101-pov-fuck-no-101-no-condom-ok-the-shy-beautiful-girl-soaking-wet-with-love-juices-mayuna-chan-mitsuharu-mayuna/,https://cdn.javmiku.com/wp-content/uploads/2026/09/h_491dori101pl-550x374.jpg
https://jav.guru/1055245/dori-100-fuck-shoot-no-100-the-pure-looking-beautiful-girl-with-small-tits-who-feels-so-good-she-ends-up-allowing-a-creampie-niina-chan-fukunaga-niina/,https://cdn.javmiku.com/wp-content/uploads/2026/09/h_491dori100pl-550x374.jpg
https://jav.guru/1055246/dori-098-pov-fuck-no-98-the-slender-beautiful-girl-with-a-melty-pussy-who-came-for-compensated-dating-before-hanging-out-with-friends-reina-chan-murase-reina/,https://cdn.javmiku.com/wp-content/uploads/2026/09/h_491dori098pl-550x374.jpg
https://jav.guru/1055248/chib-006-girlz-high-hinata-inori-kitayama-yu/,https://cdn.javmiku.com/wp-content/uploads/2026/09/chib006pl-550x374.jpg
https://jav.guru/1055249/cesd-149-my-mother-is-the-female-manager-of-a-no-panties-cafe-the-reason-why-a-mother-and-son-who-love-each-other-dont-commit-incest-yumi-kazama/,https://cdn.javmiku.com/wp-content/uploads/2026/09/cesd149pl-550x374.jpg
https://jav.guru/1055250/cesd-148-dad-and-mom-6-family-bonds-that-overcome-difficulties-the-loving-sex-story-of-a-married-couple-who-embrace-each-other-chisato-shoda/,https://cdn.javmiku.com/wp-content/uploads/2026/09/cesd148pl-550x374.jpg
https://jav.guru/1055251/cesd-144-sorry-for-squirting-so-much-from-feeling-too-good-4-unstoppable-climaxes-and-squirting-that-draws-parabolas-came-73-times-squirted-53-times-mio-kayama/,https://cdn.javmiku.com/wp-content/uploads/2026/09/cesd144pl-550x374.jpg
https://jav.guru/1055252/cesd-143-breakup-agent-relationship-severer-3-deceiving-men-with-skillful-techniques-luring-them-to-ejaculate-and-cutting-ties-chisato-shoda/,https://cdn.javmiku.com/wp-content/uploads/2026/09/cesd143pl-550x374.jpg
https://jav.guru/1055253/cesd-142-the-last-shame-desire-ive-always-wanted-to-be-treated-this-way-exposing-my-hidden-sexual-fetish-this-is-the-real-yuki-misa/,https://cdn.javmiku.com/wp-content/uploads/2026/09/cesd142pl-550x374.jpg
https://jav.guru/1055254/c-2543-girls-trip-014/,https://cdn.javmiku.com/wp-content/uploads/2026/09/140c2543pl-550x374.jpg
https://jav.guru/1055255/c-2542-please-cuckold-my-wife-t-ka-27-84/,https://cdn.javmiku.com/wp-content/uploads/2026/09/140c2542pl-550x374.jpg
https://jav.guru/1055256/c-2541-cuckolding-the-wife-right-next-to-her-dead-drunk-husband-the-best-2019-mar-2019-aug/,https://cdn.javmiku.com/wp-content/uploads/2026/09/140c2541pl-550x374.jpg
https://jav.guru/1055257/c-2540-married-woman-selfie-ntr-cuckold-report-video-07-kanno-yona/,https://cdn.javmiku.com/wp-content/uploads/2026/09/140c2540pl-550x374.jpg
https://jav.guru/1055258/c-2539-raw-footage-lesbian-hot-spring-trip-08/,https://cdn.javmiku.com/wp-content/uploads/2026/09/140c2539pl-550x374.jpg
https://jav.guru/1055259/c-2538-life-journey-012-extra-edition-married-womans-travelogue-06/,https://cdn.javmiku.com/wp-content/uploads/2026/09/140c2538pl-550x374.jpg
https://jav.guru/1055260/c-2537-i-end-up-making-a-move-as-if-it-were-only-natural-on-my-wifes-female-friend-married-woman-mitsue-san-alias-52-years-old-who-ended-up-staying-in-my-room/,https://cdn.javmiku.com/wp-content/uploads/2026/09/140c2537pl-550x374.jpg
https://jav.guru/1055261/bobb-359-j-cup-beautiful-huge-tits-charm-maximized-to-the-fullest-breast-fetish-erotic-cosplay-7-boin-seiri-toa-box-3/,https://cdn.javmiku.com/wp-content/uploads/2026/09/bobb359pl-550x374.jpg
https://jav.guru/1055262/bkd-263-mother-son-mating-takakura-rina/,https://cdn.javmiku.com/wp-content/uploads/2026/09/bkd263sopl-550x374.jpg
https://jav.guru/1055263/bkd-262-mother-son-mating-miki-yamase/,https://cdn.javmiku.com/wp-content/uploads/2026/09/bkd262sopl-550x374.jpg
https://jav.guru/1055264/bkd-261-mother-son-mating-iroha-narumiya/,https://cdn.javmiku.com/wp-content/uploads/2026/09/bkd261sopl-550x374.jpg
https://jav.guru/1055265/bkd-256-mother-son-mating-narumi-sakagami/,https://cdn.javmiku.com/wp-content/uploads/2026/09/bkd256sopl-550x374.jpg
https://jav.guru/1055266/beb-006-the-beautiful-woman-living-next-doors-hot-kisses-and-embraces-nanako-mori/,https://cdn.javmiku.com/wp-content/uploads/2026/09/beb006pl-550x374.jpg
https://jav.guru/1055267/beb-004-revival-the-hot-kisses-and-embraces-of-a-transcendent-body-haruka-sanada/,https://cdn.javmiku.com/wp-content/uploads/2026/09/beb004pl-550x374.jpg
https://jav.guru/1055268/beb-002-rookie-av-actresss-hot-kisses-and-embraces-mahiru/,https://cdn.javmiku.com/wp-content/uploads/2026/09/beb002pl-550x374.jpg
https://jav.guru/1055269/bbi-088-attacked-by-the-kiss-maniac-older-sister-ive-always-admired-yuria-satomi/,https://cdn.javmiku.com/wp-content/uploads/2026/09/bbi088pl-550x374.jpg
https://jav.guru/1055270/aprg-008-hard-pounding-climax-pov-fuck-great-tits-great-personality-guaranteed-repeat-jackpot-girl-g-cup-schoolgirl-ruka-itoi/,https://cdn.javmiku.com/wp-content/uploads/2026/09/aprg008pl-550x374.jpg
https://jav.guru/1055271/appt-005-ejaculation-on-a-beautiful-girl-in-uniform-chapter-2-nana-himeko/,https://cdn.javmiku.com/wp-content/uploads/2026/09/appt005pl-550x374.jpg
https://jav.guru/1055272/apkh-199-please-film-me-fucking-convulsing-pussy-slit-slender-body-drowning-in-pleasure-i-love-being-pounded-the-innocent-girls-lewd-service-sex-hazuki-sano/,https://cdn.javmiku.com/wp-content/uploads/2026/09/apkh199pl-550x374.jpg
https://jav.guru/1055274/agav-181-polygamous-family-murdr-case-the-tragedy-born-from-a-distorted-form-of-love-looking-back-at-the-time-before-the-incident-through-testimonies-who-is-the-culprit-who-is-lying/,https://cdn.javmiku.com/wp-content/uploads/2026/09/agav181pl-550x374.jpg
https://jav.guru/1055459/xvsr-376-genuine-creampie-3-fucks-asami-nagase/,https://cdn.javmiku.com/wp-content/uploads/2026/09/xvsr376sopl-550x374.jpg
https://jav.guru/1055460/tokutani-004-tougenkyo-mizuki-riko-active-cabaret-girl-violates-the-gravure-worlds-taboo-with-fetishism-mizuki-riko/,https://cdn.javmiku.com/wp-content/uploads/2026/09/n_937tokutani004pl-550x374.jpg
https://jav.guru/1055467/sdni-004-visual-rape-shikan-nao-eguchi/,https://cdn.javmiku.com/wp-content/uploads/2026/09/1sdni004pl-550x374.jpg
https://jav.guru/1055468/scop-723-thoroughly-scooping-up-women-drenched-in-sweat-the-intensely-released-female-scent-makes-an-erection-unavoidable-best-of-33-sweaty-sex-scenes/,https://cdn.javmiku.com/wp-content/uploads/2026/09/scop723sopl-550x374.jpg
https://jav.guru/1055469/scop-715-hot-spring-resort-happening-spontaneous-intense-sex-between-men-and-women-who-get-relaxed-on-their-trip-and-follow-their-instincts-while-completely-naked-4-hours/,https://cdn.javmiku.com/wp-content/uploads/2026/09/84scop715pl-550x374.jpg
https://jav.guru/1055470/real-790-kiwami-bondage-sex-where-the-rough-rope-digging-in-induces-climax-4-hour-ultimate-best/,https://cdn.javmiku.com/wp-content/uploads/2026/09/real790sopl-550x374.jpg
https://jav.guru/1055471/real-781-kiwami-extreme-bondage-sex-pounding-into-defenseless-pussies-4-hour-ultimate-best/,https://cdn.javmiku.com/wp-content/uploads/2026/09/real781sopl-550x374.jpg
https://jav.guru/1055472/real-780-complete-rape-of-30-schoolgirls-leaving-them-unable-to-recover-best-4-hours/,https://cdn.javmiku.com/wp-content/uploads/2026/09/real780sopl-550x374.jpg
https://jav.guru/1055473/real-778-kiwami-saliva-covered-cock-sucking-4-hour-ultimate-best/,https://cdn.javmiku.com/wp-content/uploads/2026/09/real778sopl-550x374.jpg
https://jav.guru/1055477/ome-717-vs-virtual-eros-vs-nami-seto/,https://cdn.javmiku.com/wp-content/uploads/2026/09/2575-550x374.jpg
https://jav.guru/1055478/ome-716-wanted-riko-konoe/,https://cdn.javmiku.com/wp-content/uploads/2026/09/2574-550x374.jpg
https://jav.guru/1055479/ome-715-desalium-momo-hinata/,https://cdn.javmiku.com/wp-content/uploads/2026/09/2573-550x374.jpg
https://jav.guru/1055480/nitr-005-masochistic-dirty-talk-the-hardcore-masochist-girl-who-utters-dirty-talk-herself-and-seeks-training/,https://cdn.javmiku.com/wp-content/uploads/2026/09/49nitr005pl-550x374.jpg
https://jav.guru/1055481/mmr-az586-sweet-impact-yuki-arimura/,https://cdn.javmiku.com/wp-content/uploads/2026/09/2592-550x374.jpg
https://jav.guru/1055482/mmr-az585-by-your-side-riri-nishio/,https://cdn.javmiku.com/wp-content/uploads/2026/09/2591-550x374.jpg
https://jav.guru/1055483/mmr-az580-puritto-short-marika-minato/,https://cdn.javmiku.com/wp-content/uploads/2026/09/2590-550x374.jpg
https://jav.guru/1055484/mmr-az565-i-d-yuuka-kohinata/,https://cdn.javmiku.com/wp-content/uploads/2026/09/2577-550x374.jpg
https://jav.guru/1055485/love-078-please-keep-me-a-virgin-as-livestock-4/,https://cdn.javmiku.com/wp-content/uploads/2026/09/h_491love78pl-550x374.jpg
https://jav.guru/1055486/lcdv-41332-i-love-you-aoi-fujino/,https://cdn.javmiku.com/wp-content/uploads/2026/09/2587-550x374.jpg
https://jav.guru/1055487/lcdv-41128-a-day-in-the-life-mari-takamiya/,https://cdn.javmiku.com/wp-content/uploads/2026/09/2600-550x374.jpg
https://jav.guru/1055488/ksbj-211-after-all-mature-women-are-the-most-erotic-22-women-vol-04/,https://cdn.javmiku.com/wp-content/uploads/2026/09/ksbj211pl-550x374.jpg
https://jav.guru/1055489/ksbj-164-my-sons-wife-was-a-slut-through-and-through-himari-kinoshita/,https://cdn.javmiku.com/wp-content/uploads/2026/09/ksbj164pl-550x374.jpg
https://jav.guru/1055490/kidm-796-kitaya-yuri-remix-final-edition/,https://cdn.javmiku.com/wp-content/uploads/2026/09/70787425_1450506l-550x374.jpg
https://jav.guru/1055491/kidm-726-maya-shinohara-gray-zone/,https://cdn.javmiku.com/wp-content/uploads/2026/09/46097809_i336760-550x374.jpg
https://jav.guru/1055492/kidm-711-maya-shinohara-body-heat/,https://cdn.javmiku.com/wp-content/uploads/2026/09/42135780_i331019-550x374.jpg
https://jav.guru/1055493/kidm-708-kizaki-natsu-uncensored-2-disc-set-atami-edition-kyoto-edition/,https://cdn.javmiku.com/wp-content/uploads/2026/09/42256589_i329874-550x374.jpg
https://jav.guru/1055494/kidm-570b-untitled-shiori-kawana-blu-ray-disc/,https://cdn.javmiku.com/wp-content/uploads/2026/09/n_945kidm570bpl-550x374.jpg
https://jav.guru/1055495/kidm-1063b-adventure-oda-asuka/,https://cdn.javmiku.com/wp-content/uploads/2026/09/1246-550x374.jpg
https://jav.guru/1055496/kidm-078-18-year-old-ban-lifted-mizuki-fujinaga/,https://cdn.javmiku.com/wp-content/uploads/2026/09/n_945kidm078pl-550x374.jpg
https://jav.guru/1055497/kbynb-005-wet-beauties-see-through-ton-3-soaking-wet-beauties-neverland-blu-ray-disc/,https://cdn.javmiku.com/wp-content/uploads/2026/09/n_1010kbynb005pl-550x374.jpg
https://jav.guru/1055498/kbynb-004-wet-beauties-see-through-ton-2-never-never-ending-numery-blu-ray-disc/,https://cdn.javmiku.com/wp-content/uploads/2026/09/n_1010kbynb004pl-550x374.jpg
https://jav.guru/1055499/juda-013-creampie-in-my-beautiful-aunt/,https://cdn.javmiku.com/wp-content/uploads/2026/09/juda013pl-550x374.jpg
https://jav.guru/1055500/juda-012-mother-in-law-you-feel-better-than-my-wife/,https://cdn.javmiku.com/wp-content/uploads/2026/09/juda012pl-550x374.jpg
https://jav.guru/1055501/juda-002-creampie-in-my-beautiful-aunt/,https://cdn.javmiku.com/wp-content/uploads/2026/09/juda002pl-550x374.jpg
https://jav.guru/1055502/fneo-056-when-peeping-into-his-daughters-room-fathers-mischief-makes-her-pubescent-uterus-start-throbbing-chiharu-sakurai/,https://cdn.javmiku.com/wp-content/uploads/2026/09/h_491fneo056pl-550x374.jpg
https://jav.guru/1055504/enfd-5030-freedom-sayuki-matsumoto/,https://cdn.javmiku.com/wp-content/uploads/2026/09/2579-550x374.jpg
https://jav.guru/1055507/dori-104-pakodori-no-104-the-devilish-beautiful-girl-who-loves-bareback-sex-and-captivates-all-the-sugar-daddy-old-men-rei-chan-misumi-rei/,https://cdn.javmiku.com/wp-content/uploads/2026/09/h_491dori104pl-550x374.jpg
https://jav.guru/1055508/dori-103-pov-fuck-no-103-the-natural-born-extreme-masochist-beautiful-girl-who-wants-to-be-slapped-and-choked-mai-chan-arisu-mai/,https://cdn.javmiku.com/wp-content/uploads/2026/09/h_491dori103pl-550x374.jpg
https://jav.guru/1055509/dori-060-pov-fuck-no-60-creampied-3-times-the-h-cup-big-tits-schoolgirl-who-rubs-her-tits-first-whenever-she-masturbates/,https://cdn.javmiku.com/wp-content/uploads/2026/09/h_491dori060pl-550x374.jpg
https://jav.guru/1055510/cesd-152-loving-sex-healer-3-yuki-tanihara/,https://cdn.javmiku.com/wp-content/uploads/2026/09/cesd152pl-550x374.jpg
https://jav.guru/1055511/cesd-151-ryoko-murakami-in-heat-4sex-completely-newly-filmed-ecstatic-climax-unstoppable-wetting-squirting-endless-vol-3/,https://cdn.javmiku.com/wp-content/uploads/2026/09/cesd151pl-550x374.jpg
https://jav.guru/1055512/cesd-141-yumi-kazama-in-heat-4sex-completely-newly-filmed-genuine-orgasm-sex-with-unstoppable-convulsions-28-continuous-climaxes-with-no-time-to-dry-yumi-kazama/,https://cdn.javmiku.com/wp-content/uploads/2026/09/cesd141pl-550x374.jpg
https://jav.guru/1055513/cesd-140-oton-and-okan-5-even-without-money-marital-love-bonds-and-cock-get-hard-downtown-pure-love-passionate-sex-asahi-mizuno/,https://cdn.javmiku.com/wp-content/uploads/2026/09/cesd140pl-550x374.jpg
https://jav.guru/1055514/cesd-135-female-scumbag-lawyer-3-pleasure-slut-torment-turnabout-trial-sex-that-uses-any-means-to-bribe-any-opponent-reiko-makihara/,https://cdn.javmiku.com/wp-content/uploads/2026/09/cesd135pl-550x374.jpg
https://jav.guru/1055515/cesd-133-first-shoot-married-woman-av-debut-in-her-third-year-of-marriage-a-real-30-year-old-wifes-decision-wanting-to-show-off-her-naughty-side-she-makes-her-av-debut-kimi-kitano/,https://cdn.javmiku.com/wp-content/uploads/2026/09/cesd133pl-550x374.jpg
https://jav.guru/1055516/c-2547-cuckolding-the-wife-right-next-to-her-dead-drunk-husband-13/,https://cdn.javmiku.com/wp-content/uploads/2026/09/140c2547pl-550x374.jpg
https://jav.guru/1055517/c-2546-please-cuckold-my-wife-n%e3%80%85o-31-85/,https://cdn.javmiku.com/wp-content/uploads/2026/09/140c2546pl-550x374.jpg
https://jav.guru/1055518/c-2536-raw-footage-lesbian-hot-spring-trip-07/,https://cdn.javmiku.com/wp-content/uploads/2026/09/140c2536pl-550x374.jpg
https://jav.guru/1055519/c-2533-married-womans-cuckold-hot-spring-trip/,https://cdn.javmiku.com/wp-content/uploads/2026/09/140c2533pl-550x374.jpg
https://jav.guru/1055520/c-2531-married-womans-self-filmed-ntr-cuckold-report-video-06/,https://cdn.javmiku.com/wp-content/uploads/2026/09/140c2531pl-550x374.jpg
https://jav.guru/1055521/bobb-360-bomb-like-plump-h-cups-get-completely-dismantled-in-breast-fetish-play-rubbing-licking-sandwiching-and-savoring-them-freely-to-the-fullest-boin-kotoko-sakurawa-box/,https://cdn.javmiku.com/wp-content/uploads/2026/09/bobb360pl-550x374.jpg
https://jav.guru/1055522/bobb-314-natural-i-cup-way-too-big-huge-tits-corrupting-an-innocent-beautiful-girl-in-uniform-into-a-pervert/,https://cdn.javmiku.com/wp-content/uploads/2026/09/bobb314pl-550x374.jpg
https://jav.guru/1055523/beb-013-seductive-sister-in-laws-hot-kisses-and-embraces-reira-aisaki/,https://cdn.javmiku.com/wp-content/uploads/2026/09/beb013pl-550x374.jpg
https://jav.guru/1055524/beb-010-kissing-teacher-harukas-deflowering-sanada-haruka/,https://cdn.javmiku.com/wp-content/uploads/2026/09/beb010pl-550x374.jpg
https://jav.guru/1055525/arb-006-dragon-bondage-love-pet-training-6-slut-actress-junko-asamiya/,https://cdn.javmiku.com/wp-content/uploads/2026/09/arb00006pl-550x374.jpg
https://jav.guru/1055601/abf-388-my-obedient-pet-candidate-09-mai-nanashima/,https://cdn.javmiku.com/wp-content/uploads/2026/09/118abf388pl-550x374.jpg
https://jav.guru/1055602/abf-387-sharp-tongued-waitress-umi-yatsugake/,https://cdn.javmiku.com/wp-content/uploads/2026/09/118abf387pl-550x374.jpg
https://jav.guru/1055638/waaa-697-yui-will-make-you-spurt-and-cum-staring-right-at-you-for-an-intense-jerk-off-support-orgasm-clinic-the-tempting-little-devil-cock-stroking-nurse-grins-as-she-edges-you-with-whispered-dir/,https://cdn.javmiku.com/wp-content/uploads/2026/09/waaa697pl-550x374.jpg
https://jav.guru/1055639/t38-070-stalking-and-break-in-three-hole-impregnation-rape-targeting-a-schoolgirl-on-her-way-home-from-school/,https://cdn.javmiku.com/wp-content/uploads/2026/09/55t38070pl-550x374.jpg
https://jav.guru/1055640/snos-385-tits-remote-vibe-stroll-toys-inserted-into-her-l-cup-big-nipples-as-shes-dragged-around-in-public-no-making-noise-allowed-trembling-moans-frced-shame-ecstasy-kimura-aishin/,https://cdn.javmiku.com/wp-content/uploads/2026/09/snos385pl-550x374.jpg
https://jav.guru/1055641/rki-765-beauty-and-the-beast-gal-and-creepy-otaku-2-they-have-a-history-of-fucking-she-gets-a-massive-load-of-creepy-otaku-sperm-poured-into-her-womb-and-cums-like-crazy-she-just-cant-leave-th/,https://cdn.javmiku.com/wp-content/uploads/2026/09/rki765pl-550x374.jpg
https://jav.guru/1055642/rebdb-096-rina-sleepless-nights-in-new-york-rukawa-rina-blu-ray-disc/,https://cdn.javmiku.com/wp-content/uploads/2026/09/n_1010rebdb096pl-550x374.jpg
https://jav.guru/1055643/rebd-1069-shizuku-one-drop-of-love-kashiwagi-shizuku/,https://cdn.javmiku.com/wp-content/uploads/2026/09/h_346rebd1069pl-550x374.jpg
https://jav.guru/1055644/rebd-1068-nozomi-the-oracle-in-the-depths-of-the-eyes-yuuki-nozomi/,https://cdn.javmiku.com/wp-content/uploads/2026/09/h_346rebd1068pl-550x374.jpg
https://jav.guru/1055645/rebd-1067-emika3-the-whereabouts-of-love-and-a-slight-fever-sakika-shirakami/,https://cdn.javmiku.com/wp-content/uploads/2026/09/h_346rebd1067pl-550x374.jpg
https://jav.guru/1055646/rebd-1066-julia18-emerald-elegance-%c2%b7-julia/,https://cdn.javmiku.com/wp-content/uploads/2026/09/h_346rebd1066pl-550x374.jpg
https://jav.guru/1055647/pred-901-captured-female-investigator-relentlessly-interrogated-on-her-clitoris-and-nipples-with-a-super-powerful-suction-sex-toy-the-sucking-one-brain-bug-convulsing-orgasms-alice-shaku/,https://cdn.javmiku.com/wp-content/uploads/2026/09/pred901pl-550x374.jpg
https://jav.guru/1055648/pppe-427-spences-mammary-gland-development-clinic-claire-hasumi/,https://cdn.javmiku.com/wp-content/uploads/2026/09/pppe427pl-550x374.jpg
https://jav.guru/1055649/npjs-276-if-you-wont-break-up-with-your-girlfriend-lets-make-this-the-last-time-contact-from-the-free-fuck-buddy-id-had-for-3-years-saying-we-wont-meet-anymore/,https://cdn.javmiku.com/wp-content/uploads/2026/09/npjs276pl-550x374.jpg
https://jav.guru/1055650/nima-086-i-got-horny-so-i-tried-getting-taken-home-during-my-commute-nao-ayatsuki/,https://cdn.javmiku.com/wp-content/uploads/2026/09/nima086pl-550x374.jpg
https://jav.guru/1055651/mudr-399-we-otaku-friends-the-plump-big-tits-freckled-glasses-otaku-girl-her-first-experience-is-a-4p-with-her-otaku-friends-where-she-climaxes-and-cums-over-and-over-hana-himesaki/,https://cdn.javmiku.com/wp-content/uploads/2026/09/mudr399pl-550x374.jpg
https://jav.guru/1055652/mism-464-anus-deep-throat-and-pussy-hole-greedy-three-hole-maso-fucker-iku-toba/,https://cdn.javmiku.com/wp-content/uploads/2026/09/mism464pl-550x374.jpg
https://jav.guru/1055653/mimk-288-the-girl-whos-insanely-erotic-but-if-you-take-her-up-on-the-invitation-it-seems-like-youll-be-ruined-live-action-version/,https://cdn.javmiku.com/wp-content/uploads/2026/09/mimk288pl-550x374.jpg
https://jav.guru/1055654/mfyd-181-the-plain-glasses-wife-across-the-hall-whose-moaning-is-noisy-every-night-has-an-incredible-body-and-sex-drive-and-seduces-me-while-her-husband-is-away-i-get-fucked-over-and-over-again-un/,https://cdn.javmiku.com/wp-content/uploads/2026/09/mfyd181pl-550x374.jpg
https://jav.guru/1055655/jur-854-the-hot-woman-who-straddles-the-world-sumire-mizukawa-retires-horny-intimate-overnight-date-farewell-cherishing-creampie-sex/,https://cdn.javmiku.com/wp-content/uploads/2026/09/jur854pl-550x374.jpg
https://jav.guru/1055656/ipzz-912-highest-class-masochist-slave-the-abnormal-training-record-of-a-proud-female-company-president-blackmailed-with-a-scandal-threatened-tormented-and-fucked-until-she-kneels-to-masochistic/,https://cdn.javmiku.com/wp-content/uploads/2026/09/ipzz912pl-550x374.jpg
https://jav.guru/1055657/hsoda-133-anal-fuck-addict-cosplayer-wants-to-become-an-anal-meat-toilet-toba-iku/,https://cdn.javmiku.com/wp-content/uploads/2026/09/hsoda133pl-550x374.jpg
https://jav.guru/1055658/hmn-904-my-big-tits-have-been-targeted-during-the-daytime-when-my-husband-is-away-i-keep-getting-stripped-and-creampie-gang-raped-by-my-father-in-law-and-the-old-men-from-the-neighborhood-associati/,https://cdn.javmiku.com/wp-content/uploads/2026/09/hmn904pl-550x374.jpg
https://jav.guru/1055659/fns-260-fully-visible-anal-ass-fetish-sex-service-paradise-nene-yoshitaka/,https://cdn.javmiku.com/wp-content/uploads/2026/09/1fns260pl-550x374.jpg
https://jav.guru/1055661/dsod-046-getting-on-your-knees-is-cheating-a-beautiful-high-school-girl-who-cant-refuse-for-fear-of-being-disliked-when-i-kept-begging-her-with-dogeza-she-casually-spread-her-legs-and-even/,https://cdn.javmiku.com/wp-content/uploads/2026/09/dsod046pl-550x374.jpg
https://jav.guru/1055662/dal-012-fantasy-summer-festival-beautiful-girl-ai-model-av-debut/,https://cdn.javmiku.com/wp-content/uploads/2026/09/h_1711dal00012pl-550x374.jpg
https://jav.guru/1055663/cawb-039-uniform-fantasy-eroticism-always-obsessed-with-uniforms-my-precum-wont-stop/,https://cdn.javmiku.com/wp-content/uploads/2026/09/cawb039pl-550x374.jpg
https://jav.guru/1055664/bban-603-going-without-panties-is-our-secret-signal-ever-since-the-day-i-gave-in-to-lesbian-temptation-ive-been-having-secret-molestation-meetings-every-morning-with-that-girl-from-the-neighbori/,https://cdn.javmiku.com/wp-content/uploads/2026/09/bban603pl-550x374.jpg
https://jav.guru/1055665/atid-698-decoy-investigator-corrupted-by-aphrodisiac-molestation/,https://cdn.javmiku.com/wp-content/uploads/2026/09/atid698pl-550x374.jpg
https://jav.guru/1055666/arso-26210-mai-wife-celeb-club-210/,https://cdn.javmiku.com/wp-content/uploads/2026/09/1arso26210pl-550x374.jpg
https://jav.guru/1055769/star-617-rina-rukawa-retirement/,https://cdn.javmiku.com/wp-content/uploads/2026/09/1star617pl-550x374.jpg
https://jav.guru/1055770/sps-011-splash-fuck-the-unstoppable-squirting-rina-rukawa/,https://cdn.javmiku.com/wp-content/uploads/2026/09/sps011pl-550x374.jpg
https://jav.guru/1055779/skmj-794-amateur-girls-found-at-hot-springs-all-over-japan-wont-you-try-entering-the-mens-bath-with-just-one-towel-ordinary-tourists-who-had-sightseeing-plans-that-day-all-climax-in-consecutiv/,https://cdn.javmiku.com/wp-content/uploads/2026/09/h_1324skmj794pl-550x374.jpg
https://jav.guru/1055780/skmj-793-blue-sky-no-bra-challenge-amateur-college-girl-takes-on-her-first-outdoor-exposure-under-the-blue-sky-tits-flop-out-lol-seen-by-a-crowd-her-heart-wont-stop-pounding-and-nipples-go-rock/,https://cdn.javmiku.com/wp-content/uploads/2026/09/h_1324skmj793pl-550x374.jpg
https://jav.guru/1055781/skmj-792-current-cabin-attendants-wont-you-give-a-virgin-boy-the-hospitality-of-taking-his-virginity-rubbing-his-phimosis-cock-against-women-from-another-world-who-dont-know-the-word-thi/,https://cdn.javmiku.com/wp-content/uploads/2026/09/h_1324skmj792pl-550x374.jpg
https://jav.guru/1055782/royd-353-the-boyish-girl-who-seems-like-a-male-friend-has-adult-lingerie-and-a-plump-huge-tits-nice-body-beyond-imagination/,https://cdn.javmiku.com/wp-content/uploads/2026/09/royd353pl-550x374.jpg
https://jav.guru/1055786/prian-060-cherry-blossom-color-sakura-wakana/,https://cdn.javmiku.com/wp-content/uploads/2026/09/n_1544prian060pl-550x374.jpg
https://jav.guru/1055787/prian-059-colors-aya-sasakura/,https://cdn.javmiku.com/wp-content/uploads/2026/09/n_1544prian059pl-550x374.jpg
https://jav.guru/1055788/ntr-013-my-lover-who-was-cuckolded-by-my-father-rina-rukawa/,https://cdn.javmiku.com/wp-content/uploads/2026/09/1ntr013pl-550x374.jpg
https://jav.guru/1055789/nmsl-048-bottomless-ejaculation-management-enforcer-who-extracts-every-last-drop-of-semen-from-men-with-abnormal-sexual-desires-rie-miyagi/,https://cdn.javmiku.com/wp-content/uploads/2026/09/h_1814nmsl00048pl-550x374.jpg
https://jav.guru/1055790/nhdta-695-the-mama-chari-premature-ejaculation-wife-whose-sensitivity-skyrocketed-after-giving-birth-x-rina-rukawa-days-of-climax-steeped-in-desire-a-torrent-of-4-real-fucks/,https://cdn.javmiku.com/wp-content/uploads/2026/09/1nhdta695pl-550x374.jpg
https://jav.guru/1055791/nhdt-165-milking-a-lactating-mama/,https://cdn.javmiku.com/wp-content/uploads/2026/09/1nhdt165pl-550x374.jpg
https://jav.guru/1055792/mizd-553-bukkake-aimed-straight-at-beautiful-girls-faces-one-shot-laser-beam-facial-best/,https://cdn.javmiku.com/wp-content/uploads/2026/09/mizd553pl-550x374.jpg
https://jav.guru/1055794/mbmh-097-huge-way-too-huge-until-a-pure-looking-beauty-in-her-20s-with-big-tits-falls-for-a-massive-cock/,https://cdn.javmiku.com/wp-content/uploads/2026/09/h_460mbmh097pl-550x374.jpg
https://jav.guru/1055797/jmty-085-tadaman-file-30-seira-27-a-record-of-making-my-convenient-fuck-buddy-swallow-cum-and-creampieing-her-over-and-over/,https://cdn.javmiku.com/wp-content/uploads/2026/09/jmty00085pl-550x374.jpg
https://jav.guru/1055798/id-027-100-schoolgirls-creampie-sex-records-2-disc-set-8-hours/,https://cdn.javmiku.com/wp-content/uploads/2026/09/5534id027pl-550x374.jpg
https://jav.guru/1055799/id-026-amateur-cosplayers-off-paco-pov-fuck-videos-2-disc-set-8-hours/,https://cdn.javmiku.com/wp-content/uploads/2026/09/5534id026pl-550x374.jpg
https://jav.guru/1055800/id-025-a-busty-female-student-is-molested-and-violated-by-a-group-of-perverts-on-a-train/,https://cdn.javmiku.com/wp-content/uploads/2026/09/5534id025pl-550x374.jpg
https://jav.guru/1055801/huntc-623-did-your-cock-get-all-big-auntie-will-take-care-of-it-for-you-when-i-rode-the-train-with-my-aunt-it-was-packed-solid-and-for-some-reason-there-were-only-sexy-women-around-me/,https://cdn.javmiku.com/wp-content/uploads/2026/09/huntc623pl-550x374.jpg
https://jav.guru/1055802/hrsm-162-freshly-stripped-panty-fetishism-want-to-soil-the-directly-worn-panties-packed-with-pussy-scent-four-beautiful-girls-who-sell-panties/,https://cdn.javmiku.com/wp-content/uploads/2026/09/h_1745hrsm162pl-550x374.jpg
https://jav.guru/1055803/hrsm-161-hunting-the-door-to-door-sales-lady-of-the-most-famous-lactic-acid-bacteria/,https://cdn.javmiku.com/wp-content/uploads/2026/09/h_1745hrsm161pl-550x374.jpg
https://jav.guru/1055804/hodv-22114-ive-started-a-home-esthetic-salon-the-bewitching-married-woman-who-ruins-men-ayasa-sasakura/,https://cdn.javmiku.com/wp-content/uploads/2026/09/41hodv22114pl-550x374.jpg
https://jav.guru/1055805/hodv-22113-reunited-with-my-mistress-after-a-year-and-fucked-her-wildly-while-completely-naked-on-a-day-off-during-a-business-trip-hibiki-ren/,https://cdn.javmiku.com/wp-content/uploads/2026/09/41hodv22113pl-550x374.jpg
https://jav.guru/1055806/hodv-22112-the-plain-glasses-girl-at-my-part-time-job-is-a-hidden-huge-tits-sullen-slut-sakurano-momo/,https://cdn.javmiku.com/wp-content/uploads/2026/09/41hodv22112pl-550x374.jpg
https://jav.guru/1055807/hjmo-730-pressing-my-bulging-erect-cock-against-the-pussy-of-an-esthetician-whos-weak-to-pressure-and-grinding-the-tip-in-through-her-panties-if-i-tease-and-rub-until-she-craves-it-can-i-get-raw/,https://cdn.javmiku.com/wp-content/uploads/2026/09/hjmo730pl-550x374.jpg
https://jav.guru/1055808/ebwh-357-doesnt-mind-even-with-her-ass-fully-exposed-this-gal-in-a-5cm-fully-visible-mini-skirt-is-so-easygoing-that-even-a-guy-like-me-can-fuck-her-instantly-in-5-seconds-if-i-get-hard/,https://cdn.javmiku.com/wp-content/uploads/2026/09/ebwh357pl-550x374.jpg
https://jav.guru/1055809/dsam-007-amateur-av-newbie-cosplayer-who-does-home-cosplay-on-sns-has-her-first-cosplay-video-shoot-surrounding-the-super-slutty-cosplay-girl-whose-pussy-is-way-too-sensitive-for-a-lewd-private-sh/,https://cdn.javmiku.com/wp-content/uploads/2026/09/dsam007pl-550x374.jpg
https://jav.guru/1055810/dldss-555-if-you-dont-move-then-brother-in-law-isnt-at-fault-one-sided-hip-grinding-cowgirl-from-a-married-woman-her-husband-ignores-rika-aimi/,https://cdn.javmiku.com/wp-content/uploads/2026/09/1dldss555pl-550x374.jpg
https://jav.guru/1055811/cjod-538-im-erotic-because-im-an-auntie-im-totally-hooked-on-mama-katsu-creampie-adultery-with-intense-carnal-sex-alongside-a-super-lustful-horny-beautiful-mature-woman-rena-fukii/,https://cdn.javmiku.com/wp-content/uploads/2026/09/cjod538pl-550x374.jpg
https://jav.guru/1055812/bdsm-091-bondage-pitiful-dog-wife-hikaru-miyanishi/,https://cdn.javmiku.com/wp-content/uploads/2026/09/h_1096bdsm091pl-550x374.jpg
https://jav.guru/1055980/urkn-017-ura-kin-bareback-sex-video-collection-017/,https://cdn.javmiku.com/wp-content/uploads/2026/09/1urkn017pl-550x374.jpg
https://jav.guru/1055981/tnjs-005-natural-peach-butt-country-girls-no-panties-tokyo-sightseeing-momona-chan-95cm-hips-sakuraba-momona/,https://cdn.javmiku.com/wp-content/uploads/2026/09/tnjs005pl-550x374.jpg
https://jav.guru/1055982/tkd-20-the-downtown-izakaya-landlady-im-proud-of-my-seafood-dishes-pinch-and-drink-my-secret-pussy-too-jun-segawa/,https://cdn.javmiku.com/wp-content/uploads/2026/09/17tkd20pl-550x374.jpg
https://jav.guru/1055983/tkd-19-the-sumo-stable-proprietress-the-disciples-pampering-is-the-proprietresss-body-taeeko-koizumi/,https://cdn.javmiku.com/wp-content/uploads/2026/09/17tkd19pl-550x374.jpg
https://jav.guru/1055984/tkd-15-the-proprietress-of-a-downtown-sushi-shop-yes-sir-one-tea-coming-right-up-reiko-kurosawa/,https://cdn.javmiku.com/wp-content/uploads/2026/09/17tkd15pl-550x374.jpg
https://jav.guru/1055985/timd-043-slutty-femboys-anal-orgasm/,https://cdn.javmiku.com/wp-content/uploads/2026/09/h_019timd043pl-550x374.jpg
https://jav.guru/1055986/sps-008-rinas-secret-sensual-switch-keep-it-secret-from-big-brother-rina-rukawa/,https://cdn.javmiku.com/wp-content/uploads/2026/09/sps008pl-550x374.jpg
https://jav.guru/1055987/spar-012-lust-slave-imprisoned-married-woman-the-true-pleasure-awakened-by-training-that-blossoms-her-masochistic-potential/,https://cdn.javmiku.com/wp-content/uploads/2026/09/57spar012pl-550x374.jpg
https://jav.guru/1055988/spar-010-mom-let-me-have-sex-with-you-pressed-by-her-son-the-mother-who-ended-up-accepting-the-forbidden-love-drowns-in-pleasure-in-this-record-of-mother-son-intercourse-240-minutes/,https://cdn.javmiku.com/wp-content/uploads/2026/09/57spar010pl-550x374.jpg
https://jav.guru/1055989/spar-009-intense-sex-with-an-extremely-erotic-beautiful-mature-woman-who-cant-control-her-body-in-heat/,https://cdn.javmiku.com/wp-content/uploads/2026/09/57spar009pl-550x374.jpg
https://jav.guru/1055994/skth-001-shikota-holdings-nyota-co-ltd-the-female-employee-accompanying-sales-calls-hits-her-pee-holding-limit-i-made-her-piss-right-in-front-of-me/,https://cdn.javmiku.com/wp-content/uploads/2026/09/1skth00001pl-550x374.jpg
https://jav.guru/1055995/skmj-791-spartan-style-premature-ejaculation-improvement-training-by-active-shibuya-gals-virgins-welcome-if-you-really-want-to-cure-your-premature-ejaculation-get-fired-up-virgins-i-love-you/,https://cdn.javmiku.com/wp-content/uploads/2026/09/h_1324skmj791pl-550x374.jpg
https://jav.guru/1055996/skmj-790-serious-and-cute-national-university-girls-wont-you-help-improve-the-premature-ejaculation-of-a-virgin-guy-struggling-with-premature-bursts-at-your-home-plain/,https://cdn.javmiku.com/wp-content/uploads/2026/09/h_1324skmj790pl-550x374.jpg
https://jav.guru/1055997/sgsr-407-eh-you-like-sex-so-much-that-you-skip-grooming-your-pubic-hair-married-women-who-have-incredible-sex-without-caring-about-appearances-15-women-4-hours/,https://cdn.javmiku.com/wp-content/uploads/2026/09/57sgsr407pl-550x374.jpg
https://jav.guru/1055998/sgsr-406-im-a-married-woman-but-is-it-okay-if-you-get-me-pregnant-im-addicted-to-intimate-ntr-sex-ver2-0-12-women-4-hours/,https://cdn.javmiku.com/wp-content/uploads/2026/09/57sgsr406pl-550x374.jpg
https://jav.guru/1056000/rlmp-020-deepthroat-that-makes-throat-juices-overflow-and-drool-best/,https://cdn.javmiku.com/wp-content/uploads/2026/09/rlmp020pl-550x374.jpg
https://jav.guru/1056001/rlmp-018-raped-by-an-old-mans-filthy-sperm-innocent-girls-drown-in-adult-mens-cloudy-white-semen-in-unwilling-rape-best/,https://cdn.javmiku.com/wp-content/uploads/2026/09/rlmp018pl-550x374.jpg
https://jav.guru/1056002/prin-063-brown-skinned-purple-haired-bikini-gal-cock-addicted-sex-with-a-blowjob-loving-cum-milking-gal-whose-suction-power-is-insanely-strong/,https://cdn.javmiku.com/wp-content/uploads/2026/09/prin063pl-550x374.jpg
https://jav.guru/1056003/onsd-746-high-definition-super-thick-dildo-masturbation-blu-ray-disc/,https://cdn.javmiku.com/wp-content/uploads/2026/09/onsd746pl-550x374.jpg
https://jav.guru/1056004/ome-718-1st-impact-the-chewiness-is-insane-1st-impact-futaba-suzuki/,https://cdn.javmiku.com/wp-content/uploads/2026/09/2617-550x374.jpg
https://jav.guru/1056005/nxgs-023-at-the-front-door-the-neighbors-wife-seduces-me-into-kissing-bareback-adulterous-sex/,https://cdn.javmiku.com/wp-content/uploads/2026/09/h_1664nxgs023pl-550x374.jpg
https://jav.guru/1056006/neo-645-i-want-to-lick-all-over-a-beautiful-mature-womans-face-kimika-ichijo-a-matured-50-year-old-lets-moisten-her-dry-skin-with-saliva/,https://cdn.javmiku.com/wp-content/uploads/2026/09/433neo645pl-550x374.jpg
https://jav.guru/1056007/moor-066-yuuri-who-loves-being-filmed-while-fucked/,https://cdn.javmiku.com/wp-content/uploads/2026/09/moor066pl-550x374.jpg
https://jav.guru/1056008/moor-065-momona-who-loves-getting-fucked-on-camera/,https://cdn.javmiku.com/wp-content/uploads/2026/09/moor065pl-550x374.jpg
https://jav.guru/1056009/mmr-az589-why-dont-you-make-a-deal-with-me-%ef%bc%9f-nanoka-nakane/,https://cdn.javmiku.com/wp-content/uploads/2026/09/2616-550x374.jpg
https://jav.guru/1056010/mmr-az588-supple-round-maruku-maruku-kinashi/,https://cdn.javmiku.com/wp-content/uploads/2026/09/2628-550x374.jpg
https://jav.guru/1056011/mmr-az587-miyabi-senseis-secret-miyabi-miyagawa/,https://cdn.javmiku.com/wp-content/uploads/2026/09/2627-550x374.jpg
https://jav.guru/1056012/mmr-az038-my-older-sister-mika-nonomiya-%e3%80%85/,https://cdn.javmiku.com/wp-content/uploads/2026/09/mmr-az038-550x374.jpg
https://jav.guru/1056014/mkmp-757-shaved-sluts-lewd-soft-pussy-temptation-riles-you-up-into-semen-milking-sex-4-hour-best/,https://cdn.javmiku.com/wp-content/uploads/2026/09/mkmp757pl-550x374.jpg
https://jav.guru/1056016/mbr-ab056-mbrab-056-i-tried-capturing-a-teenage-pubescent-schoolgirl-whose-pussy-is-smooth-even-though-her-hair-is-short-2/,https://cdn.javmiku.com/wp-content/uploads/2026/09/n_709mbrab056pl-550x374.jpg
https://jav.guru/1056017/mbr-ab055-mbrab-055-the-young-lady-i-longed-for-i-thought-she-was-a-pure-and-innocent-schoolgirl-but-actually-3/,https://cdn.javmiku.com/wp-content/uploads/2026/09/n_709mbrab055pl-550x374.jpg
https://jav.guru/1056018/mbma-309-hemp-rope-play-young-girls-secretly-succumb-to-masochistic-pleasure-in-an-old-storehouse/,https://cdn.javmiku.com/wp-content/uploads/2026/09/h_460mbma309pl-550x374.jpg
https://jav.guru/1056019/lcdv-41409-the-reason-our-summer-didnt-end-miyu-suenaga/,https://cdn.javmiku.com/wp-content/uploads/2026/09/2626-550x374.jpg
https://jav.guru/1056020/lcdv-41406-fresh-venus-maya-kamiya/,https://cdn.javmiku.com/wp-content/uploads/2026/09/2625-550x374.jpg
https://jav.guru/1056021/lcdv-41298-i-still-like-tsumugi-tsumugi-hara/,https://cdn.javmiku.com/wp-content/uploads/2026/09/2636-550x374.jpg
https://jav.guru/1056022/lcdv-40991-teach-me-teacher-pan/,https://cdn.javmiku.com/wp-content/uploads/2026/09/2635-550x374.jpg
https://jav.guru/1056023/lcbd-00919-asuka-kishi-i-still-love-kishi-%e2%99%a1/,https://cdn.javmiku.com/wp-content/uploads/2026/09/2613-550x374.jpg
https://jav.guru/1056025/kidm-852-hoshino-miyu-the-anus-mirror/,https://cdn.javmiku.com/wp-content/uploads/2026/09/97420273_1494311l-550x374.jpg
https://jav.guru/1056026/kidm-718-asami-kubota-water-gun-2/,https://cdn.javmiku.com/wp-content/uploads/2026/09/42132731_i332214-550x374.jpg
https://jav.guru/1056027/kidm-567-sentimental-journey-hoshino-miyu/,https://cdn.javmiku.com/wp-content/uploads/2026/09/n_945kidm567pl-550x374.jpg
https://jav.guru/1056028/kidm-473-title-undecided-natsuki/,https://cdn.javmiku.com/wp-content/uploads/2026/09/n_945kidm473pl-550x374.jpg
https://jav.guru/1056033/jksr-752-all-you-can-lick-married-womens-pussies-72-consecutive-cunnilingus-sessions-on-dripping-wet-pussies-overflowing-with-pussy-juice/,https://cdn.javmiku.com/wp-content/uploads/2026/09/57jksr752pl-550x374.jpg
https://jav.guru/1056034/jksr-749-unlimited-pay-for-the-super-invincible-legally-aged-loli-beauty-in-a-school-uniform-with-bare-legs-peachy-buttocks-and-a-naughty-girl-a-first-year-student-prostitute-is-born/,https://cdn.javmiku.com/wp-content/uploads/2026/09/57jksr749pl-550x374.jpg
https://jav.guru/1056036/imo-036-i-called-a-delivery-health-service-and-my-little-sister-showed-up-as-a-result-we-end-up-having-creampie-real-sex-in-secret-from-the-shop-14/,https://cdn.javmiku.com/wp-content/uploads/2026/09/12imo036pl-550x374.jpg
https://jav.guru/1056037/husr-307-newhalf-reverse-pick-up-sex-the-cute-otoko-no-kos-acmes-and-orgasms-wont-stop-252-minutes/,https://cdn.javmiku.com/wp-content/uploads/2026/09/57husr307pl-550x374.jpg
https://jav.guru/1056038/hodv-22120-amateur-pickup-the-amateur-office-ladies-picked-up-by-asking-want-a-lucrative-part-time-job-are-cock-loving-sexually-frustrated-women-featuring-6/,https://cdn.javmiku.com/wp-content/uploads/2026/09/41hodv22120pl-550x374.jpg
https://jav.guru/1056039/hodv-22116-the-private-tutor-is-a-monster-class-erotic-kaiju-of-sexual-desire/,https://cdn.javmiku.com/wp-content/uploads/2026/09/41hodv22116pl-550x374.jpg
https://jav.guru/1056040/hodv-22115-married-woman-nampa-instant-creampie-sex-with-high-class-tower-mansion-wives-4-women-257-minutes/,https://cdn.javmiku.com/wp-content/uploads/2026/09/41hodv22115pl-550x374.jpg
https://jav.guru/1056042/gbsa-100-promiscuous-inappropriate-relationship-1/,https://cdn.javmiku.com/wp-content/uploads/2026/09/gbsa100pl-550x374.jpg
https://jav.guru/1056045/dogg-003-maria-samas-erotic-rampage-she-fucks-as-she-pleases-and-the-set-is-a-total-mess-maria-yumeno/,https://cdn.javmiku.com/wp-content/uploads/2026/09/dogg003pl-550x374.jpg
https://jav.guru/1056046/dldss-559-probably-likes-my-daughter-engaging-in-adulterous-acts-at-home-three-days-a-week-with-my-daughters-private-tutor-naho-kado/,https://cdn.javmiku.com/wp-content/uploads/2026/09/1dldss559pl-550x374.jpg
https://jav.guru/1056047/chc-036-toying-with-a-beautiful-girl-in-private-pov-fuck-complete-submission-sex-to-an-old-man-hinano-chan-college-girl-hinano-miki/,https://cdn.javmiku.com/wp-content/uploads/2026/09/h_1751chc036pl-550x374.jpg
https://jav.guru/1056048/cesd-090-joy-anger-sorrow-pleasure-2-a-tall-long-legged-slut-teases-a-mans-cock-to-the-limit-and-greedily-devours-the-pleasure-in-a-pleasure-sex-game-ichika-kamihata/,https://cdn.javmiku.com/wp-content/uploads/2026/09/cesd090pl-550x374.jpg
https://jav.guru/1056050/bufe-094-hairy-girls-2/,https://cdn.javmiku.com/wp-content/uploads/2026/09/h_1786bufe00094pl-550x374.jpg
https://jav.guru/1056051/bufe-092-beautiful-girls-nude-body-is-a-shaved-pussy-6/,https://cdn.javmiku.com/wp-content/uploads/2026/09/h_1786bufe00092pl-550x374.jpg
https://jav.guru/1056053/agav-174-glasses-facial-story-the-repressed-married-woman-who-wants-to-be-raped-yukari-shizuki/,https://cdn.javmiku.com/wp-content/uploads/2026/09/agav174pl-550x374.jpg
https://jav.guru/1056237/yst-359-even-though-my-stepfather-treats-me-as-a-mouth-pussy-i-drip-pussy-juice-im-a-pervert-minato-nami/,https://cdn.javmiku.com/wp-content/uploads/2026/09/540yst359pl-550x374.jpg
https://jav.guru/1056238/ysn-666-im-being-licked-and-kissed-all-over-by-minatoha-ryuu-and-hes-been-playing-with-my-nipples-the-whole-time-but-i-dont-think-i-can-get-away/,https://cdn.javmiku.com/wp-content/uploads/2026/09/h_127ysn666pl-550x374.jpg
https://jav.guru/1056239/ysn-665-i-want-to-devour-my-little-sisters-insane-body-haruno-ando/,https://cdn.javmiku.com/wp-content/uploads/2026/09/h_127ysn665pl-550x374.jpg
https://jav.guru/1056248/xvsr-380-creampie-sex-log-of-ayumi-the-little-devil-schoolgirl-who-loves-middle-aged-men-kimito-ayumi/,https://cdn.javmiku.com/wp-content/uploads/2026/09/xvsr380sopl-550x374.jpg
https://jav.guru/1056249/wfr-033-i-love-m-mens-nipples-%e2%97%86-the-nipple-licking-j-girl-who-keeps-tongue-teasing-nipples-nonstop-suehiro-jun/,https://cdn.javmiku.com/wp-content/uploads/2026/09/2wfr033pl-550x374.jpg
https://jav.guru/1056250/vdd-209-female-teacher-in-blackmail-suite-aoi-nakajo/,https://cdn.javmiku.com/wp-content/uploads/2026/09/24vdd209pl-550x374.jpg
https://jav.guru/1056251/ubug-018-a-student-who-was-wandering-around-kabukicho-her-unlucky-looking-has-circumstances-vibe-is-the-best/,https://cdn.javmiku.com/wp-content/uploads/2026/09/h_1133ubug018pl-550x374.jpg
https://jav.guru/1056252/totk-025-hanamiya-hime-documentary-bound-and-frced-to-cum-massive-squirting-anal-brutal-pounding-threesome-fuck/,https://cdn.javmiku.com/wp-content/uploads/2026/09/h_1133totk025pl-550x374.jpg
https://jav.guru/1056255/star-601-rina-rukawa-chan-wont-you-try-entering-the-mens-bath-with-just-one-towel-hard/,https://cdn.javmiku.com/wp-content/uploads/2026/09/1star601pl-550x374.jpg
https://jav.guru/1056256/sora-001-eyes-mansuji-of-crotch-bites-intensely-director-of-such-director-of-i-but-been-keeping-konashi-and-operations-crunchy-pants-look-of-patsupatsu-every-day-money-from-month-boss-woman/,https://cdn.javmiku.com/wp-content/uploads/2026/09/sora0001pl-550x374.jpg
https://jav.guru/1056257/smra-005-mistress-hunt%e2%97%87-reverse-pick-up-trip-im-seriously-looking-for-my-love-partner-aya-sasakura/,https://cdn.javmiku.com/wp-content/uploads/2026/09/2smra005pl-550x374.jpg
https://jav.guru/1056258/scop-727-defenseless-women-in-highly-revealing-slutty-outfits-that-make-you-get-hard-involuntarily-4-hour-best/,https://cdn.javmiku.com/wp-content/uploads/2026/09/scop727sopl-550x374.jpg
https://jav.guru/1056260/real-794-kiwami-black-mens-super-thick-cocks-gouge-deep-into-the-vagina-in-intense-sex-4-hour-ultimate-best/,https://cdn.javmiku.com/wp-content/uploads/2026/09/real794sopl-550x374.jpg
https://jav.guru/1056261/qbd-104-sex-with-a-beautiful-girl-in-uniform-meru-kohinata/,https://cdn.javmiku.com/wp-content/uploads/2026/09/24qbd104pl-550x374.jpg
https://jav.guru/1056262/pdvij-002-mother-becomes-addicted-to-her-daughters-big-cock-husbands-incredibly-amazing-sex-yumi-aikawa/,https://cdn.javmiku.com/wp-content/uploads/2026/09/48pdvij002pl-550x374.jpg
https://jav.guru/1056263/odvhj-081-married-womens-fully-visible-real-orgasm-dildo-masturbation-20/,https://cdn.javmiku.com/wp-content/uploads/2026/09/48odvhj081pl-550x374.jpg
https://jav.guru/1056266/nine-125-japans-sluttiest-super-a5-rank-finest-meat-releasing-the-private-video-of-the-charismatic-huge-tits-i-cup-sex-worker-from-an-ol-specialty-shop-who-sluts-it-up-nonstop-and-makes-him-cum-1/,https://cdn.javmiku.com/wp-content/uploads/2026/09/h_1133nine125pl-550x374.jpg
https://jav.guru/1056270/mdvij-035-married-woman-forbidden-sensual-drama-theater-chapter-two-the-sexy-sons-wife-who-gets-creampie-fucked-and-impregnated-by-her-tireless-huge-cocked-father-in-law/,https://cdn.javmiku.com/wp-content/uploads/2026/09/48mdvij035pl-550x374.jpg
https://jav.guru/1056271/love-145-av-debut-hayakawa-sari-19-years-old/,https://cdn.javmiku.com/wp-content/uploads/2026/09/h_491love145pl-550x374.jpg
https://jav.guru/1056272/love-082-obedient-exposure-hot-spring-aoi-ichigo/,https://cdn.javmiku.com/wp-content/uploads/2026/09/h_491love82pl-550x374.jpg
https://jav.guru/1056273/love-081-obedient-exhibitionist-hot-spring-aimi-usui/,https://cdn.javmiku.com/wp-content/uploads/2026/09/h_491love81pl-550x374.jpg
https://jav.guru/1056274/lock-018-lock-onnanaha-her-longed-for-entertainment-industry-debut-is-a-surprise-av-unscrupulous-talent-agency-sexual-harassment-creampie-interview-kiyomiya-nanaha/,https://cdn.javmiku.com/wp-content/uploads/2026/09/h_491lock018pl-550x374.jpg
https://jav.guru/1056275/ksbj-214-reunion-yuka-aota/,https://cdn.javmiku.com/wp-content/uploads/2026/09/ksbj214pl-550x374.jpg
https://jav.guru/1056276/ksbj-170-domestic-adultery-ayame-kinoshita/,https://cdn.javmiku.com/wp-content/uploads/2026/09/ksbj170pl-550x374.jpg
https://jav.guru/1056277/ksbj-169-i-found-a-call-girl-on-an-adult-info-site-who-looks-a-lot-like-someone-i-know-the-result-of-calling-her-over-to-my-place/,https://cdn.javmiku.com/wp-content/uploads/2026/09/ksbj169pl-550x374.jpg
https://jav.guru/1056278/knmb-133-big-tits-insurance-saleswoman-who-lets-you-creampie-her-if-you-sign-a-corporate-contract-urara-momojiri/,https://cdn.javmiku.com/wp-content/uploads/2026/09/h_491knmb133pl-550x374.jpg
https://jav.guru/1056279/knmb-132-the-senior-female-employee-whos-normally-strict-but-becomes-an-obedient-extreme-masochist-at-night-sakurai-rea/,https://cdn.javmiku.com/wp-content/uploads/2026/09/h_491knmb132pl-550x374.jpg
https://jav.guru/1056283/iro-15-married-woman-groped-on-the-train-the-fondled-fifty-year-old-mother-nobuko-odawara/,https://cdn.javmiku.com/wp-content/uploads/2026/09/h_086iro15pl-550x374.jpg
https://jav.guru/1056286/honb-500-demand-supply-7/,https://cdn.javmiku.com/wp-content/uploads/2026/09/h_1133honb500pl-550x374.jpg
https://jav.guru/1056287/hodv-21787-cheating-wives-wives-secret-meetings-because-theyre-married-they-seek-the-thrills-of-a-pleasure-paradise-immersing-themselves-in-the-extraordinary-through-sex-with-others-and-greed/,https://cdn.javmiku.com/wp-content/uploads/2026/09/41hodv21787pl-550x374.jpg
https://jav.guru/1056289/fsbk-027-tiny-ass-a-little-girl-playing-alone-in-the-park-is-stuffed-into-a-carrier-her-immature-anus-is-abused-and-trained/,https://cdn.javmiku.com/wp-content/uploads/2026/09/h_491fsbk027pl-550x374.jpg
https://jav.guru/1056290/fneo-060-mom-told-me-wait-here-tsukihane-aihara/,https://cdn.javmiku.com/wp-content/uploads/2026/09/h_491fneo060pl-550x374.jpg
https://jav.guru/1056291/ecb-172-premature-ejaculation-accidental-bursts-cum-leaking-ruined-orgasms/,https://cdn.javmiku.com/wp-content/uploads/2026/09/2ecb172pl-550x374.jpg
https://jav.guru/1056292/dori-109-fuck-video-no-109-her-favorite-subject-is-health-and-pe-the-extreme-masochist-girl-manaka-chan-who-cums-like-crazy-in-her-first-bareback-sex-hoshina-manaka/,https://cdn.javmiku.com/wp-content/uploads/2026/09/h_491dori109pl-550x374.jpg
https://jav.guru/1056293/dori-108-pov-fuck-no-108-plump-big-assed-lli-jk-who-loves-getting-pounded-doggy-style-himari-misono/,https://cdn.javmiku.com/wp-content/uploads/2026/09/h_491dori108pl-550x374.jpg
https://jav.guru/1056294/dori-105-pov-fuck-no-105-fluffy-bodied-gal-who-started-compensated-dating-as-a-distraction-from-studying-rena-chan-miyachi-rena/,https://cdn.javmiku.com/wp-content/uploads/2026/09/h_491dori105pl-550x374.jpg
https://jav.guru/1056295/dori-063-pov-fuck-no-63-creampied-twice-in-the-raw-pussy-of-the-brass-band-club-high-school-girl-who-gets-me-hard-with-her-erotic-thick-lips-on-the-third-time-i-shot-on-top-of-her-skirt-and-got-a/,https://cdn.javmiku.com/wp-content/uploads/2026/09/h_491dori063pl-550x374.jpg
https://jav.guru/1056296/dori-062-pako-dori-no-62-the-refined-high-school-girl-was-impressed-saying-what-kind-of-cock-do-you-have-you-can-go-so-many-times-and-i-ended-up-creampieing-her-shaved-pussy-three-times/,https://cdn.javmiku.com/wp-content/uploads/2026/09/h_491dori062pl-550x374.jpg
https://jav.guru/1056298/dldss-557-just-because-its-a-famous-hot-spring-my-wife-went-to-the-hot-spring-and-hasnt-come-back-saki-ishida/,https://cdn.javmiku.com/wp-content/uploads/2026/09/1dldss557pl-550x374.jpg
https://jav.guru/1056300/dfe-117-i-request-a-deep-throat-ejaculation-mano-inori/,https://cdn.javmiku.com/wp-content/uploads/2026/09/2dfe117pl-550x374.jpg
https://jav.guru/1056301/chuc-193-g-cup-beautiful-big-tits-college-girl-mari-alias-who-feels-it-deep-in-her-pussy/,https://cdn.javmiku.com/wp-content/uploads/2026/09/h_491chuc193pl-550x374.jpg
https://jav.guru/1056302/chuc-192-job-hunting-student-cant-refuse-creampie-requests-hono-21/,https://cdn.javmiku.com/wp-content/uploads/2026/09/h_491chuc192pl-550x374.jpg
https://jav.guru/1056303/chuc-191-blonde-girls-bar-beauty-is-a-full-on-oho-voiced-hardcore-erotic-bitch-suzu-22/,https://cdn.javmiku.com/wp-content/uploads/2026/09/h_491chuc191pl-550x374.jpg
https://jav.guru/1056304/chuc-190-legal-lli-neet-creampie-regular-delivery-hina-20/,https://cdn.javmiku.com/wp-content/uploads/2026/09/h_491chuc190pl-550x374.jpg
https://jav.guru/1056305/cesd-158-the-downtown-oden-shop-proprietress-who-brings-happiness-5-yumi-anno/,https://cdn.javmiku.com/wp-content/uploads/2026/09/cesd158pl-550x374.jpg
https://jav.guru/1056306/cesd-157-woman-who-rapes-men-the-law-cant-punish-2-mio-kayama/,https://cdn.javmiku.com/wp-content/uploads/2026/09/cesd157pl-550x374.jpg
https://jav.guru/1056307/cesd-154-the-moment-azumi-chino-gets-serious-3/,https://cdn.javmiku.com/wp-content/uploads/2026/09/cesd154pl-550x374.jpg
https://jav.guru/1056308/cesd-093-relationship-breaker-breakup-arranger-reiko-makihara/,https://cdn.javmiku.com/wp-content/uploads/2026/09/cesd093pl-550x374.jpg
https://jav.guru/1056309/c-2551-i-end-up-naturally-making-a-move-on-my-wifes-female-friend-the-married-woman-hanako-san-alias-45-years-old-who-ended-up-staying-in-my-room/,https://cdn.javmiku.com/wp-content/uploads/2026/09/140c2551pl-550x374.jpg
https://jav.guru/1056310/c-2550-girls-trip-015/,https://cdn.javmiku.com/wp-content/uploads/2026/09/140c2550pl-550x374.jpg
https://jav.guru/1056311/c-2549-married-womans-cuckold-hot-spring-trip/,https://cdn.javmiku.com/wp-content/uploads/2026/09/140c2549pl-550x374.jpg
https://jav.guru/1056312/c-2548-mature-wife-interview-pov-fuck-forties-wife-writhes-the-best-grand-finale/,https://cdn.javmiku.com/wp-content/uploads/2026/09/140c2548pl-550x374.jpg
https://jav.guru/1056313/c-2490-raw-footage-lesbian-hot-spring-trip-05/,https://cdn.javmiku.com/wp-content/uploads/2026/09/140c2490pl-550x374.jpg
https://jav.guru/1056314/c-2489-mature-wife-interview-pov-fuck-21/,https://cdn.javmiku.com/wp-content/uploads/2026/09/140c2489pl-550x374.jpg
https://jav.guru/1056315/c-2488-girls-trip-013/,https://cdn.javmiku.com/wp-content/uploads/2026/09/140c2488pl-550x374.jpg
https://jav.guru/1056316/c-2485-married-womans-self-filmed-ntr-cuckold-report-video-05/,https://cdn.javmiku.com/wp-content/uploads/2026/09/140c2485pl-550x374.jpg
https://jav.guru/1056317/bobb-318-wakamiya-hono-master-please-mess-up-my-tits-the-pure-innocent-beautiful-girl-with-big-tits-being-trained-into-a-total-pervert/,https://cdn.javmiku.com/wp-content/uploads/2026/09/bobb318pl-550x374.jpg
https://jav.guru/1056318/bobb-317-nishimura-nina-super-flesh-bomb-huge-tits-even-though-relatively-the-same-i-cup-theyre-about-1-5-times-bigger-overwhelming-size-you-cant-fully-grope/,https://cdn.javmiku.com/wp-content/uploads/2026/09/bobb317pl-550x374.jpg
https://jav.guru/1056319/bobb-316-arisa-hanyu-the-immoral-huge-tits-of-a-thirties-married-woman-who-appeared-without-telling-her-husband-to-relieve-her-overflowing-sexual-desire-she-casually-came-over-to-the-room-of-a-man/,https://cdn.javmiku.com/wp-content/uploads/2026/09/bobb316pl-550x374.jpg
https://jav.guru/1056320/bkd-268-mother-son-mating-arisa-hanyu/,https://cdn.javmiku.com/wp-content/uploads/2026/09/bkd268sopl-550x374.jpg
https://jav.guru/1056321/bkd-267-mother-son-copulation-tsubaki-kato/,https://cdn.javmiku.com/wp-content/uploads/2026/09/bkd267sopl-550x374.jpg
https://jav.guru/1056322/bkd-265-mother-son-mating-touko-namiki/,https://cdn.javmiku.com/wp-content/uploads/2026/09/bkd265sopl-550x374.jpg
https://jav.guru/1056323/bkd-219-mother-son-mating-miki-matsuzaka/,https://cdn.javmiku.com/wp-content/uploads/2026/09/bkd219sopl-550x374.jpg
https://jav.guru/1056324/bkd-218-mother-son-copulation-hamanamino/,https://cdn.javmiku.com/wp-content/uploads/2026/09/bkd218sopl-550x374.jpg
https://jav.guru/1056325/bkd-217-mother-son-copulation-ayame-ichinose/,https://cdn.javmiku.com/wp-content/uploads/2026/09/bkd217sopl-550x374.jpg
https://jav.guru/1056326/beb-017-the-beautiful-woman-living-next-doors-hot-kisses-and-embraces-yuri-sakano/,https://cdn.javmiku.com/wp-content/uploads/2026/09/beb017pl-550x374.jpg
https://jav.guru/1056327/beb-015-lewd-hip-action-vol-2-haruka-sanada/,https://cdn.javmiku.com/wp-content/uploads/2026/09/beb015pl-550x374.jpg
https://jav.guru/1056328/beb-014-lewd-hip-movements-vol-1-hasegawa-seina/,https://cdn.javmiku.com/wp-content/uploads/2026/09/beb014pl-550x374.jpg
https://jav.guru/1056329/bbi-099-teacher-yurias-deepthroat-classroom-yuria-satomi/,https://cdn.javmiku.com/wp-content/uploads/2026/09/bbi099pl-550x374.jpg
https://jav.guru/1056640/kv-328-blowjob-prep-school-110-mei-mizuki/,https://cdn.javmiku.com/wp-content/uploads/2026/09/h_955kv328pl-550x374.jpg
https://jav.guru/1056641/ftkd-045-revenge-seduction-academy-the-bully-girls-brainwashed-into-believing-that-receiving-sexual-torment-from-someone-they-hate-is-the-greatest-humiliation-kosuzu-mikan-adachi-meru-shikano-a/,https://cdn.javmiku.com/wp-content/uploads/2026/09/1ftkd00045pl-550x374.jpg
https://jav.guru/1056642/ftkd-044-when-i-was-sleeping-in-a-row-with-my-remarried-partners-stepdaughters-who-have-lesbian-tendencies-wet-squelching-sounds-came-from-beside-me/,https://cdn.javmiku.com/wp-content/uploads/2026/09/1ftkd00044pl-550x374.jpg
https://jav.guru/1056643/fthtd-234-the-plain-otaku-girl-who-got-too-hooked-on-card-games-and-turned-into-her-dark-personality-slut-ruka-itoi/,https://cdn.javmiku.com/wp-content/uploads/2026/09/1fthtd00234pl-550x374.jpg
https://jav.guru/1056644/fthtd-231-once-a-year-seduction-big-showdown-20-useless-ol-female-employees-presented-with-a-wage-cut-at-the-salary-evaluation-interview-bet-on-a-major-reversal-for-a-big-raise-with-no-hands-blow/,https://cdn.javmiku.com/wp-content/uploads/2026/09/1fthtd00231pl-550x374.jpg
https://jav.guru/1056645/fthtd-228-find-the-key-sleeping-in-the-womens-bath-and-open-the-treasure-chest-a-former-great-pirate-reincarnates-in-the-womens-bath-and-rises-erect-to-clear-his-regrets/,https://cdn.javmiku.com/wp-content/uploads/2026/09/1fthtd00228pl-550x374.jpg
https://jav.guru/1056646/fthtd-227-unexpected-shared-room-on-a-business-trip-with-my-female-boss-who-has-a-complex-about-her-oho-voice-when-i-fully-affirmed-her-roles-reversed-with-the-usually-tough-acting-boss-and-she-we/,https://cdn.javmiku.com/wp-content/uploads/2026/09/1fthtd00227pl-550x374.jpg
https://jav.guru/1056647/fthtd-225-the-end-of-the-world-ohame-apocalypse-the-final-sex-battle/,https://cdn.javmiku.com/wp-content/uploads/2026/09/1fthtd00225pl-550x374.jpg
https://jav.guru/1056648/fthtd-219-please-give-ejaculation-support-to-guys-troubled-by-too-much-built-up-sperm-until-theyre-satisfied-blowjob-continuous-ejaculation-support-challenge/,https://cdn.javmiku.com/wp-content/uploads/2026/09/1fthtd00219pl-550x374.jpg
https://jav.guru/1056649/fthtd-213-the-single-mom-who-always-greets-me-at-daycare-drop-off-and-pickup-and-the-sexy-big-tits-livestreamer-turn-out-to-be-the-same-person/,https://cdn.javmiku.com/wp-content/uploads/2026/09/1fthtd00213pl-550x374.jpg
https://jav.guru/1056650/dldss-553-what-is-my-wife-doing-on-the-other-side-of-this-door-pin-code-9434-married-woman-cuckold-skewered-room-fuka-sakurazaka/,https://cdn.javmiku.com/wp-content/uploads/2026/09/1dldss553pl-550x374.jpg
https://jav.guru/1056771/xvsr-305-is-a-highly-revealing-instructor-really-erotic-instant-fuck-x-continuous-orgasms-x-sweaty-sex-ena-sasaki/,https://cdn.javmiku.com/wp-content/uploads/2026/09/xvsr305sopl-550x374.jpg
https://jav.guru/1056772/xvsr-304-raw-creampie-for-the-girl-i-loved-so-much-hiratsuka-yui-4-hours/,https://cdn.javmiku.com/wp-content/uploads/2026/09/xvsr304sopl-550x374.jpg
https://jav.guru/1056773/whx-040-how-to-make-a-woman-who-gets-fucked-case01-wont-you-liberate-your-sexual-desire-how-to-make-a-good-feeling-pleasure-woman-erina-sugisaki/,https://cdn.javmiku.com/wp-content/uploads/2026/09/h_849whx040pl-550x374.jpg
https://jav.guru/1056774/whx-037-i-came-by-bicycle-because-it-was-nearby-im-excited-and-looking-forward-to-my-av-debut-i-like-cocks-i-love-them-looking-at-them-makes-me-happy-and-filled-with-joy-my-tits-spill-out-fro/,https://cdn.javmiku.com/wp-content/uploads/2026/09/h_849whx037pl-550x374.jpg
https://jav.guru/1056777/tyod-073-sorry-for-getting-too-high-ellie-akira/,https://cdn.javmiku.com/wp-content/uploads/2026/09/tyod073pl-550x374.jpg
https://jav.guru/1056778/tyod-071-feels-so-good-the-two-of-them-roll-their-eyes-back-serina-hayakawa-rio-hamasaki/,https://cdn.javmiku.com/wp-content/uploads/2026/09/tyod071pl-550x374.jpg
https://jav.guru/1056779/tyod-070-when-i-cum-its-crazy-crazy-yui-igawa/,https://cdn.javmiku.com/wp-content/uploads/2026/09/tyod070pl-550x374.jpg
https://jav.guru/1056780/tyod-069-even-more-extremely-slutty-igu-igu-igu-igu-igu-massive-orgy/,https://cdn.javmiku.com/wp-content/uploads/2026/09/tyod069pl-550x374.jpg
https://jav.guru/1056781/tmy-016-called-fallen-3-the-erotic-dance-thatll-be-erased-anyway-jumping-off-the-roof-and-after-that-mizuki-shida/,https://cdn.javmiku.com/wp-content/uploads/2026/09/h_580tmy016pl-550x374.jpg
https://jav.guru/1056782/svmgm-054-magic-mirror-go-hard-boiled-limited-to-female-college-students-walking-the-streets-pussy-pressure-crane-game-challenge-catch-the-prizes-with-your-pussys-grip-succeed-and-get-the-cash/,https://cdn.javmiku.com/wp-content/uploads/2026/09/1svmgm054pl-550x374.jpg
https://jav.guru/1056783/start-640-my-capable-older-beautiful-boss-has-a-completely-different-private-life-the-gap-of-her-spoiled-maiden-who-cant-stop-showing-i-like-you-appeals-from-the-first-date-is-way-too-erotic-hon/,https://cdn.javmiku.com/wp-content/uploads/2026/09/1start640pl-550x374.jpg
https://jav.guru/1056784/start-639-after-an-8-year-hiatus-this-real-estate-lady-steals-the-boyfriend-of-a-couple-who-came-to-view-a-property-for-cohabitation-and-makes-him-give-her-a-raw-creampie-sakura-mana/,https://cdn.javmiku.com/wp-content/uploads/2026/09/1start639pl-550x374.jpg
https://jav.guru/1056785/start-632-massive-incontinence-diuretic-prank-causes-peeing-in-a-closed-room-with-no-toilet-during-work-incontinence-orgasm-from-creampie-sex-when-holding-it-to-the-limit-nagisa-kosei/,https://cdn.javmiku.com/wp-content/uploads/2026/09/1start632pl-550x374.jpg
https://jav.guru/1056786/start-628-abstinence-release-first-time-in-life-sucking-dry-the-male-who-becomes-female-after-a-month-of-teasing-super-intense-orgasm-sex-document-koibuchi-momona/,https://cdn.javmiku.com/wp-content/uploads/2026/09/1start628pl-550x374.jpg
https://jav.guru/1056787/sora-007-in-the-field-rpe-trture-your-a-pseudonym-school-girls-with-rpe-desire/,https://cdn.javmiku.com/wp-content/uploads/2026/09/sora007pl-550x374.jpg
https://jav.guru/1056788/sora-005-married-oma-%e2%97%8f-co-affair-exposure-journey-kaori-a-pseudonym-28-years-old/,https://cdn.javmiku.com/wp-content/uploads/2026/09/sora005pl-550x374.jpg
https://jav.guru/1056789/sora-0004-tsuremawashi-busty-amateur-exposure-torture-rn-chan-h-cup/,https://cdn.javmiku.com/wp-content/uploads/2026/09/sora0004pl-550x374.jpg
https://jav.guru/1056790/1056790/,https://cdn.javmiku.com/wp-content/uploads/2026/09/sora0003pl-550x374.jpg
https://jav.guru/1056791/1056791/,https://cdn.javmiku.com/wp-content/uploads/2026/09/sora0002pl-550x374.jpg
https://jav.guru/1056792/sgsr-387-absolutely-guaranteed-to-make-you-cum-convenient-stepmoms-with-100-adult-charm-that-make-you-want-to-plunge-right-in-i-can-do-whatever-i-want-with-my-meat-onaholes-24-women-8-hours/,https://cdn.javmiku.com/wp-content/uploads/2026/09/57sgsr387pl-550x374.jpg
https://jav.guru/1056793/sgsr-386-god-tier-highlight-clips-impregnation-sex-real-orgasms-amateur-raw-creampie-married-women-who-cant-resist-the-pleasure-and-climax-repeatedly-16-women-4-hours/,https://cdn.javmiku.com/wp-content/uploads/2026/09/57sgsr386pl-550x374.jpg
https://jav.guru/1056794/scop-732-the-ultimate-lucky-skebe-miraculous-undercover-scoop-where-i-got-to-fuck-a-slutty-woman-at-the-beauty-salon-4-hour-best/,https://cdn.javmiku.com/wp-content/uploads/2026/09/scop732sopl-550x374.jpg
https://jav.guru/1056795/scop-731-sexually-frustrated-married-women-and-intensely-intertwining-creampie-sex-impregnating-finish-50-loads-4-hour-best-even-if-she-refuses-even-if-she-resists-in-the-end-her-body-craves-it/,https://cdn.javmiku.com/wp-content/uploads/2026/09/scop731sopl-550x374.jpg
https://jav.guru/1056796/mopg-008-masochist-human-body-dissection-simultaneous-climax-from-simultaneous-anal-and-penis-male-rpe-rina-takakura/,https://cdn.javmiku.com/wp-content/uploads/2026/09/mopg008sopl-550x374.jpg
https://jav.guru/1056797/mopg-007-i-tried-raping-them-men-who-were-made-to-cum-until-their-heads-went-crazy-mikan-kururugi/,https://cdn.javmiku.com/wp-content/uploads/2026/09/mopg007sopl-550x374.jpg
https://jav.guru/1056798/mopa-023-oreonna-gender-reversed-sex-nanami-hirose/,https://cdn.javmiku.com/wp-content/uploads/2026/09/mopa023sopl-550x374.jpg
https://jav.guru/1056799/mopa-022-tongue-slave-yapoo-cunnilingus-violence-yu-asagiri/,https://cdn.javmiku.com/wp-content/uploads/2026/09/mopa022sopl-550x374.jpg
https://jav.guru/1056800/mond-025-even-if-it-was-a-drinking-party-i-will-absolutely-never-forgive-that-drunkard-who-put-a-chonmage-on-my-beloved-wifes-head-in-the-ryokan-banquet-hall-haga-sorami/,https://cdn.javmiku.com/wp-content/uploads/2026/09/18mond025pl-550x374.jpg
https://jav.guru/1056801/mist-243-impregnation-incest-4-the-little-sister-turned-into-a-meat-toilet-by-her-older-brother-aoi-rena/,https://cdn.javmiku.com/wp-content/uploads/2026/09/1mist243pl-550x374.jpg
https://jav.guru/1056802/mist-240-legal-public-indecency-calling-a-molestation-delivery-girl-to-the-office-and-freely-touching-her-from-behind-and-from-the-front-the-ban-on-real-sex-doesnt-matter-inserting-raw-from-beh/,https://cdn.javmiku.com/wp-content/uploads/2026/09/1mist240pl-550x374.jpg
https://jav.guru/1056803/mgold-064-garbage-room-masochistic-orgasm-begging-the-college-girl-who-kept-being-frced-to-filthy-climaxes-by-the-neighborhoods-troublesome-old-man-asumi-miona/,https://cdn.javmiku.com/wp-content/uploads/2026/09/1mgold00064pl-550x374.jpg
https://jav.guru/1056807/mbmp-134-oh-what-is-this%e2%99%a1-european-big-tit-mature-women-awaken-to-climax-with-samurai-sex-international-pickup-sex-6-women-4-hours/,https://cdn.javmiku.com/wp-content/uploads/2026/09/h_460mbmp134pl-550x374.jpg
https://jav.guru/1056808/mbma-130-i-can-still-do-it-sex-for-women-in-their-fifties-knows-no-limits-around-fifty-mature-women-savoring-menopausal-ecstasy-12-women-4-hours-2/,https://cdn.javmiku.com/wp-content/uploads/2026/09/h_460mbma130pl-550x374.jpg
https://jav.guru/1056809/mbma-129-even-at-my-age-its-embarrassing-but-i-want-to-have-sex-too-uncontrollable-total-amateurs-carnal-lustful-wives-12-women-4-hours-6/,https://cdn.javmiku.com/wp-content/uploads/2026/09/h_460mbma129pl-550x374.jpg
https://jav.guru/1056810/mbma-126-i-wonder-if-its-really-that-big-i-might-be-a-little-interested-mature-women-picked-up-by-black-men-are-fascinated-by-big-black-cocks-huge-cocks-bigger-than-imagined-get-thrust-deep/,https://cdn.javmiku.com/wp-content/uploads/2026/09/h_460mbma126pl-550x374.jpg
https://jav.guru/1056811/love-153-poolside-sari-hayakawa-19-years-old/,https://cdn.javmiku.com/wp-content/uploads/2026/09/h_491love153pl-550x374.jpg
https://jav.guru/1056812/ksbj-216-16-married-women-who-have-sex-with-their-fathers-in-law-or-stepsons-next-to-their-sleeping-husbands/,https://cdn.javmiku.com/wp-content/uploads/2026/09/ksbj216pl-550x374.jpg
https://jav.guru/1056813/ksbj-100-sex-addicted-wife-who-indiscriminately-devours-men-azusa-tani/,https://cdn.javmiku.com/wp-content/uploads/2026/09/ksbj100pl-550x374.jpg
https://jav.guru/1056814/jksr-712-carefully-selected-30-schoolgirls-in-a-240-minute-blowjob-special-masochistic-slutty-schoolgirls-lick-and-slurp-cock/,https://cdn.javmiku.com/wp-content/uploads/2026/09/57jksr712pl-550x374.jpg
https://jav.guru/1056815/jbjb-035-a-beauty-conscious-girl-services-an-older-man-with-sex-using-her-f-cup-slender-hourglass-body-azusa-misaki/,https://cdn.javmiku.com/wp-content/uploads/2026/09/h_687jbjb035pl-550x374.jpg
https://jav.guru/1056816/hodv-21700-new-adult-av-sensual-drama-masterpiece-selection-vol-12-10-works-with-full-main-features-included/,https://cdn.javmiku.com/wp-content/uploads/2026/09/41hodv21700pl-550x374.jpg
https://jav.guru/1056817/hhf-094-i-ordered-an-at-home-service-and-a-kind-pushover-beautiful-caregiver-%ce%b1-showed-up-4-hour-best-spoiling-myself-rotten-led-to-unexpected-instant-sex-dreamlike-god-tier-development/,https://cdn.javmiku.com/wp-content/uploads/2026/09/hhf094pl-550x374.jpg
https://jav.guru/1056818/gigl-763-no-way-cumming-from-a-kiss-between-women-the-mature-woman-who-suddenly-gets-lesbian-kissed-by-two-women-in-a-locked-room-and-has-her-lust-switch-flipped-cant-refuse-even-when-shes-l/,https://cdn.javmiku.com/wp-content/uploads/2026/09/gigl763pl-550x374.jpg
https://jav.guru/1056819/gigl-762-secretly-appearing-in-av-without-her-husbands-knowledge-an-amateur-extreme-masochist-wife-has-a-real-orgasm-from-creampie-sex/,https://cdn.javmiku.com/wp-content/uploads/2026/09/gigl762pl-550x374.jpg
https://jav.guru/1056823/dori-110-pako-tori-no-110-f-cup-slender-beautiful-girl-mion-chan-doing-compensated-dating-for-her-graduation-trip-usami-mion/,https://cdn.javmiku.com/wp-content/uploads/2026/09/h_491dori110pl-550x374.jpg
https://jav.guru/1056824/cou-011-dont-put-it-in-my-wifes-mother-was-too-erotic-so-i-ended-up-having-creampie-sex-with-her-2-disc-set/,https://cdn.javmiku.com/wp-content/uploads/2026/09/h_1664cou011pl-550x374.jpg
https://jav.guru/1056825/cesd-162-yoga-flexible-body-sex-nozomi-mikimoto/,https://cdn.javmiku.com/wp-content/uploads/2026/09/cesd162pl-550x374.jpg
https://jav.guru/1056826/cesd-160-today-your-wife-will-appear-in-an-av-sayaka-tsurumi/,https://cdn.javmiku.com/wp-content/uploads/2026/09/cesd160pl-550x374.jpg
https://jav.guru/1056827/c-2556-this-is-our-job-001/,https://cdn.javmiku.com/wp-content/uploads/2026/09/140c2556pl-550x374.jpg
https://jav.guru/1056828/c-2554-raw-footage-lesbian-hot-spring-trip-09/,https://cdn.javmiku.com/wp-content/uploads/2026/09/140c2554pl-550x374.jpg
https://jav.guru/1056829/c-2553-day-trip-hot-spring-mature-woman-erotic-journey-012/,https://cdn.javmiku.com/wp-content/uploads/2026/09/140c2553pl-550x374.jpg
https://jav.guru/1056830/c-2552-please-cuckold-my-wife-e-rika-29-86/,https://cdn.javmiku.com/wp-content/uploads/2026/09/140c2552pl-550x374.jpg
https://jav.guru/1056831/c-2407-taking-an-acquaintances-wife-on-a-hot-spring-trip-010/,https://cdn.javmiku.com/wp-content/uploads/2026/09/140c2407pl-550x374.jpg
https://jav.guru/1056832/bobb-366-huge-tits-fuzoku-6-tour-hospitality-with-breasts-the-breast-play-palace-of-the-highest-class-full-course-tit-service-boin-seiri-toa-box-5/,https://cdn.javmiku.com/wp-content/uploads/2026/09/bobb366pl-550x374.jpg
https://jav.guru/1056833/bkd-272-mother-son-mating-izumi-sakuma/,https://cdn.javmiku.com/wp-content/uploads/2026/09/bkd272sopl-550x374.jpg
https://jav.guru/1056834/beb-018-revival-lewd-hip-movements-vol-3-erika/,https://cdn.javmiku.com/wp-content/uploads/2026/09/beb018pl-550x374.jpg
https://jav.guru/1056835/bbi-105-the-slobbering-slug-onee-san-who-licks-men-all-over-when-she-gets-drunk-riona-suzune/,https://cdn.javmiku.com/wp-content/uploads/2026/09/bbi105pl-550x374.jpg
https://jav.guru/1056841/aarm-368-blowjob-in-the-office/,https://cdn.javmiku.com/wp-content/uploads/2026/09/aarm368pl-550x374.jpg
https://jav.guru/1057030/xvsr-303-max-a-exclusive-actresses-ultra-high-class-lewd-rejuvenation-massage-spa/,https://cdn.javmiku.com/wp-content/uploads/2026/09/xvsr303sopl-550x374.jpg
https://jav.guru/1057031/whx-036-maybe-its-a-reaction-to-being-repressed-by-my-strict-parents-i-love-sex-am-i-a-pervert-my-perky-erect-nipples-are-my-switch-i-normally-work-as-a-secretary-with-a-shaved-pussy-nozomi-f/,https://cdn.javmiku.com/wp-content/uploads/2026/09/h_849whx036pl-550x374.jpg
https://jav.guru/1057032/vdd-084-female-teacher-in-blackmail-suite-teacher-minami-29/,https://cdn.javmiku.com/wp-content/uploads/2026/09/24vdd084pl-550x374.jpg
https://jav.guru/1057033/vdd-083-female-doctor-in-blackmail-suite-doctor-meisa-28/,https://cdn.javmiku.com/wp-content/uploads/2026/09/24vdd083pl-550x374.jpg
https://jav.guru/1057034/vdd-082-secretary-in-blackmail-suite-room-secretary-yuria-25/,https://cdn.javmiku.com/wp-content/uploads/2026/09/24vdd082pl-550x374.jpg
https://jav.guru/1057035/vdd-081-female-teacher-in-blackmail-suite-room-teacher-kaede-26/,https://cdn.javmiku.com/wp-content/uploads/2026/09/24vdd081pl-550x374.jpg
https://jav.guru/1057036/vdd-077-female-teacher-in-blackmail-suite-teacher-asuka-26/,https://cdn.javmiku.com/wp-content/uploads/2026/09/24vdd077pl-550x374.jpg
https://jav.guru/1057037/vdd-076-secretary-in-blackmail-suite-secretary-ryu-30/,https://cdn.javmiku.com/wp-content/uploads/2026/09/24vdd076pl-550x374.jpg
https://jav.guru/1057038/vdd-075-stewardess-in-blackmail-suite-room-cabin-shiho-28/,https://cdn.javmiku.com/wp-content/uploads/2026/09/24vdd075pl-550x374.jpg
https://jav.guru/1057039/vdd-074-receptionist-in-blackmail-suite-room-miss-reception-miki-21/,https://cdn.javmiku.com/wp-content/uploads/2026/09/24vdd074pl-550x374.jpg
https://jav.guru/1057040/vdd-073-female-doctor-in-blackmail-suite-doctor-miwako-31/,https://cdn.javmiku.com/wp-content/uploads/2026/09/24vdd073pl-550x374.jpg
https://jav.guru/1057041/vdd-072-female-teacher-in-blackmail-suite-teacher-miku-27/,https://cdn.javmiku.com/wp-content/uploads/2026/09/24vdd072pl-550x374.jpg
https://jav.guru/1057042/vdd-070-elevator-girl-in-blackmail-suite-elevator-girl-megumi-24/,https://cdn.javmiku.com/wp-content/uploads/2026/09/24vdd070pl-550x374.jpg
https://jav.guru/1057043/upsm-217-perfect-body-shaved-pussy-sex-180-minute-complete-version/,https://cdn.javmiku.com/wp-content/uploads/2026/09/h_150upsm217pl-550x374.jpg
https://jav.guru/1057044/upsm-190-perfect-body-shaved-pussy-sex-yuzu-ogura/,https://cdn.javmiku.com/wp-content/uploads/2026/09/h_150upsm190pl-550x374.jpg
https://jav.guru/1057045/tpin-099-the-second-to-last-love-of-the-married-woman-at-my-part-time-job-ayaka-mutou/,https://cdn.javmiku.com/wp-content/uploads/2026/09/tpin099pl-550x374.jpg
https://jav.guru/1057048/svcao-031-intense-kissing-molestation-2-unable-to-move-on-a-crowded-train-frced-to-cum-and-fall-into-pleasure-teacher-and-student-climax-with-melting-intertwined-tongues/,https://cdn.javmiku.com/wp-content/uploads/2026/09/1svcao031pl-550x374.jpg
https://jav.guru/1057069/sdnm-562-i-want-kids-but-were-sexless-the-slender-young-wife-from-fukuoka-whose-hobbies-are-camping-and-driving-nagisa-koga-28-av-debut/,https://cdn.javmiku.com/wp-content/uploads/2026/09/1sdnm562pl-550x374.jpg
https://jav.guru/1057070/sdjs-381-im-a-secretary-in-a-bunny-suit-who-supports-your-masturbation-secretary-yoshino-moriya/,https://cdn.javmiku.com/wp-content/uploads/2026/09/1sdjs00381pl-550x374.jpg
https://jav.guru/1057071/san-489-after-all-women-are-best-with-black-hair-raw-creampie-carried-out-on-two-wholesome-beauties-002-haru-mai/,https://cdn.javmiku.com/wp-content/uploads/2026/09/h_796san489zpl-550x374.jpg
https://jav.guru/1057072/san-488-after-all-nothing-beats-black-haired-women-raw-creampie-carried-out-on-two-wholesome-beautiful-women-001-hina-eri/,https://cdn.javmiku.com/wp-content/uploads/2026/09/h_796san488zpl-550x374.jpg
https://jav.guru/1057073/saba-792-non-bouncing-tits-hard-pounding-best-of-flat-tiny-tit-amateur-beautiful-girls-2nd-pecha/,https://cdn.javmiku.com/wp-content/uploads/2026/09/saba792pl-550x374.jpg
https://jav.guru/1057074/olm-355-she-cant-be-satisfied-with-normal-sex-anymore-the-too-cute-office-lady-with-beautiful-legs-gets-totally-hooked-on-pantyhose-play-airu-sato/,https://cdn.javmiku.com/wp-content/uploads/2026/09/h_1757olm355epl-550x374.jpg
https://jav.guru/1057075/olm-354-the-elegant-bitchy-mature-onee-san-is-man-starved-with-her-libido-maxed-out-she-cums-her-brains-out-in-luxurious-perverted-play-ayaka-tomoda/,https://cdn.javmiku.com/wp-content/uploads/2026/09/h_1757olm354epl-550x374.jpg
https://jav.guru/1057076/nsm-111-creampie-night-crawls-on-beautiful-girls-knocked-unconscious-with-aphrodisiac-laced-sleeping-pills-vol-11/,https://cdn.javmiku.com/wp-content/uploads/2026/09/h_1342nsm00111pl-550x374.jpg
https://jav.guru/1057079/mopg-006-m-room-how-to-make-a-sex-livestock-mizuna-wakatsuki/,https://cdn.javmiku.com/wp-content/uploads/2026/09/mopg006sopl-550x374.jpg
https://jav.guru/1057080/mope-019-arisa-hanyu-woman-for-m-4-hour-best/,https://cdn.javmiku.com/wp-content/uploads/2026/09/mope019sopl-550x374.jpg
https://jav.guru/1057081/mird-172-private-blowjob-academy/,https://cdn.javmiku.com/wp-content/uploads/2026/09/mird172pl-550x374.jpg
https://jav.guru/1057082/mird-163-the-king-who-lives-with-10-endlessly-obedient-maids/,https://cdn.javmiku.com/wp-content/uploads/2026/09/mird163pl-550x374.jpg
https://jav.guru/1057083/mird-106-ultimate-uniform-peeking-fetish-chapter-3/,https://cdn.javmiku.com/wp-content/uploads/2026/09/mird106pl-550x374.jpg
https://jav.guru/1057084/mird-102-ultimate-uniform-flashing-fetish-chapter-2/,https://cdn.javmiku.com/wp-content/uploads/2026/09/mird102pl-550x374.jpg
https://jav.guru/1057085/mird-092-ultimate-uniform-panty-peeks/,https://cdn.javmiku.com/wp-content/uploads/2026/09/mird092pl-550x374.jpg
https://jav.guru/1057086/mird-084-moodyz-10th-anniversary-special-moodyz-x-ideapocket-my-sweet-sex-life-with-sho-nishino-sho/,https://cdn.javmiku.com/wp-content/uploads/2026/09/mird084pl-550x374.jpg
https://jav.guru/1057087/marr-014-yurara-dream-hachimitsu-rin/,https://cdn.javmiku.com/wp-content/uploads/2026/09/n_1064marr014pl-550x374.jpg
https://jav.guru/1057088/marn-006-anew-yui-hatano/,https://cdn.javmiku.com/wp-content/uploads/2026/09/n_1064marn006pl-550x374.jpg
https://jav.guru/1057089/krnd-037-current-college-student-who-accepted-group-creampies-for-her-tuition-fees-itano-yuika/,https://cdn.javmiku.com/wp-content/uploads/2026/09/krnd037pl-550x374.jpg
https://jav.guru/1057090/krnd-034-beautiful-assed-married-woman-frced-to-work-at-a-creampie-soapland-on-her-dangerous-day-yuki-kami/,https://cdn.javmiku.com/wp-content/uploads/2026/09/krnd034pl-550x374.jpg
https://jav.guru/1057091/krnd-029-aiming-for-her-fertile-days-with-real-creampies-frced-baby-making-sex-life-with-emiri-suzuhara/,https://cdn.javmiku.com/wp-content/uploads/2026/09/krnd029pl-550x374.jpg
https://jav.guru/1057092/krnd-028-forcibly-raped-and-creampied-schoolgirl-miyazaki-aya/,https://cdn.javmiku.com/wp-content/uploads/2026/09/krnd028pl-550x374.jpg
https://jav.guru/1057093/krnd-027-targeting-her-fertile-days-for-real-creampies-frced-baby-making-sex-life-airi-sato/,https://cdn.javmiku.com/wp-content/uploads/2026/09/krnd027pl-550x374.jpg
https://jav.guru/1057094/krnd-026-creampie-public-toilet-breeding-meat-toilet-woman-makihara-aina/,https://cdn.javmiku.com/wp-content/uploads/2026/09/krnd026pl-550x374.jpg
https://jav.guru/1057095/kpu-001-young-wife-with-embarrassing-breast-meat-rika-kaneko/,https://cdn.javmiku.com/wp-content/uploads/2026/09/h_848kpu001pl-550x374.jpg
https://jav.guru/1057096/iptd-876-intimate-hot-spring-fuck-trip-with-tsubasa-amami/,https://cdn.javmiku.com/wp-content/uploads/2026/09/iptd876pl-550x374.jpg
https://jav.guru/1057097/iptd-809-clothed-glamorous-tsubasa-amamis-everyday-clothed-big-tits/,https://cdn.javmiku.com/wp-content/uploads/2026/09/iptd809pl-550x374.jpg
https://jav.guru/1057098/iptd-729-welcome-to-the-worlds-highest-class-soapland-tsubasa-amami/,https://cdn.javmiku.com/wp-content/uploads/2026/09/iptd729pl-550x374.jpg
https://jav.guru/1057099/iptd-706-i-love-you-so-much-dialect-sex-overflowing-with-feeling-tsubasa-amami/,https://cdn.javmiku.com/wp-content/uploads/2026/09/iptd706pl-550x374.jpg
https://jav.guru/1057100/iptd-613-virtual-date-with-tsubasa-just-for-today-make-me-your-girlfriend-tsubasa-amami/,https://cdn.javmiku.com/wp-content/uploads/2026/09/iptd613pl-550x374.jpg
https://jav.guru/1057101/iptd-559-my-sweet-sex-life-with-tsubasa-tsubasa-amami/,https://cdn.javmiku.com/wp-content/uploads/2026/09/iptd559pl-550x374.jpg
https://jav.guru/1057102/inu-030-obedient-pet-candidate-014-yuzu-ogura/,https://cdn.javmiku.com/wp-content/uploads/2026/09/118inu030pl-550x374.jpg
https://jav.guru/1057103/iesp-763-kana-morisawa-highest-class-beauty-creampie-soap/,https://cdn.javmiku.com/wp-content/uploads/2026/09/1iesp763pl-550x374.jpg
https://jav.guru/1057104/ienf-459-my-boobs-belong-to-my-big-brother-4/,https://cdn.javmiku.com/wp-content/uploads/2026/09/1ienf459pl-550x374.jpg
https://jav.guru/1057105/hodv-20750-ill-do-anything-made-to-cum-crying-for-real-ass-licked-too-yuzu-ogura/,https://cdn.javmiku.com/wp-content/uploads/2026/09/41hodv20750pl-550x374.jpg
https://jav.guru/1057107/fns-258-when-my-wife-changed-into-a-sailor-uniform-we-who-were-in-a-marital-slump-wanted-to-keep-fucking-forever-just-like-when-we-first-met-rara/,https://cdn.javmiku.com/wp-content/uploads/2026/09/1fns258pl-550x374.jpg
https://jav.guru/1057109/dldss-550-until-i-end-up-having-an-affair-during-work-hours-with-the-married-woman-i-always-see-on-my-sales-route-rin-yoda/,https://cdn.javmiku.com/wp-content/uploads/2026/09/1dldss550pl-550x374.jpg
https://jav.guru/1057110/c-2406-mature-wife-interview-pov-fuck-16/,https://cdn.javmiku.com/wp-content/uploads/2026/09/140c2406pl-550x374.jpg
https://jav.guru/1057277/yum-001-obedient-runaway-pet-yuzu-ogura/,https://cdn.javmiku.com/wp-content/uploads/2026/09/118yum001pl-550x374.jpg
https://jav.guru/1057278/wo-027-beautiful-ass-development-esthetic-miyu-aizawa/,https://cdn.javmiku.com/wp-content/uploads/2026/09/1wo027pl-550x374.jpg
https://jav.guru/1057279/venu-643-incestuous-sweat-flushed-bodies-steamy-wombs-the-irresistible-parent-chld-instincts-shiho-egami/,https://cdn.javmiku.com/wp-content/uploads/2026/09/venu643pl-550x374.jpg
https://jav.guru/1057280/vdd-128-receptionist-in-blackmail-suite-miyu-saito/,https://cdn.javmiku.com/wp-content/uploads/2026/09/24vdd128pl-550x374.jpg
https://jav.guru/1057281/vdd-104-female-doctor-in-blackmail-suite-room-doctor-keiko-29/,https://cdn.javmiku.com/wp-content/uploads/2026/09/24vdd104pl-550x374.jpg
https://jav.guru/1057282/vdd-103-elevator-girl-in-blackmail-suite-elevator-girl-sara-24-sara-yurikawa/,https://cdn.javmiku.com/wp-content/uploads/2026/09/24vdd103pl-550x374.jpg
https://jav.guru/1057283/vdd-095-female-doctor-in-blackmail-suite-doctor-yuuka-30/,https://cdn.javmiku.com/wp-content/uploads/2026/09/24vdd095pl-550x374.jpg
https://jav.guru/1057284/vdd-094-secretary-in-blackmail-suite-secretary-riko-21/,https://cdn.javmiku.com/wp-content/uploads/2026/09/24vdd094pl-550x374.jpg
https://jav.guru/1057285/vdd-085-receptionist-in-blackmail-suite-miss-reception-miku-24/,https://cdn.javmiku.com/wp-content/uploads/2026/09/24vdd085pl-550x374.jpg
https://jav.guru/1057286/vdd-068-female-doctor-in-blackmail-suite-room-doctor-kaori-28/,https://cdn.javmiku.com/wp-content/uploads/2026/09/24vdd068pl-550x374.jpg
https://jav.guru/1057287/vdd-067-stewardess-in-blackmail-suite-cabin-attendant-riko-23/,https://cdn.javmiku.com/wp-content/uploads/2026/09/24vdd067pl-550x374.jpg
https://jav.guru/1057288/vdd-065-female-teacher-in-threatened-suite-room-teacher-ichika-23-10th-anniversary-special-edition-full-4-hours/,https://cdn.javmiku.com/wp-content/uploads/2026/09/24vdd065pl-550x374.jpg
https://jav.guru/1057289/vdd-064-receptionist-in-blackmail-suite-miss-reception-sinobu-25/,https://cdn.javmiku.com/wp-content/uploads/2026/09/24vdd064pl-550x374.jpg
https://jav.guru/1057292/tcd-347-a-day-with-me-and-my-girlfriend-who-has-a-cock-taxi-date-8-maaya-hanasou/,https://cdn.javmiku.com/wp-content/uploads/2026/09/tcd347pl-550x374.jpg
https://jav.guru/1057293/tcd-346-japans-first-newhalf-av-director-shia-himeoka-shoots-newhalf-lesbian-pov-fuck-intimate-date-5-with-rio-ashiro/,https://cdn.javmiku.com/wp-content/uploads/2026/09/tcd346pl-550x374.jpg
https://jav.guru/1057294/tcd-345-japans-first-newhalf-av-director-himeoka-shia-shoots-newhalf-lesbian-pov-intimate-date-4-with-hisaki-ena/,https://cdn.javmiku.com/wp-content/uploads/2026/09/tcd345pl-550x374.jpg
https://jav.guru/1057295/tcd-344-a-day-with-me-and-my-girlfriend-who-has-a-cock-taxi-date-7-ai-ai/,https://cdn.javmiku.com/wp-content/uploads/2026/09/tcd344pl-550x374.jpg
https://jav.guru/1057296/tcd-339-super-skilled-femboy-kurusu-raira-trains-a-professional-male-actor-conquering-him-with-anal-development-and-a-huge-cock-in-reverse-anal-sex-that-makes-him-orgasm-like-a-woman/,https://cdn.javmiku.com/wp-content/uploads/2026/09/tcd339pl-550x374.jpg
https://jav.guru/1057301/rlmp-003-baby-face-collapse-i-want-to-fuck-beautiful-girls-until-their-faces-get-all-crumpled-best-240-minutes-30-girls/,https://cdn.javmiku.com/wp-content/uploads/2026/09/rlmp003pl-550x374.jpg
https://jav.guru/1057302/rebd-1073-yuri-radiant-jewel-yamada-yuri/,https://cdn.javmiku.com/wp-content/uploads/2026/09/h_346rebd1073pl-550x374.jpg
https://jav.guru/1057303/rebd-1072-nanokas-first-summer-with-you-hatsumi-nanoka/,https://cdn.javmiku.com/wp-content/uploads/2026/09/h_346rebd1072pl-550x374.jpg
https://jav.guru/1057304/rebd-1071-miyu-pure-body-burst-miyu-imai/,https://cdn.javmiku.com/wp-content/uploads/2026/09/h_346rebd1071pl-550x374.jpg
https://jav.guru/1057305/rebd-1070-non5-emerald-flower-of-the-highlands-non-kohana/,https://cdn.javmiku.com/wp-content/uploads/2026/09/h_346rebd1070pl-550x374.jpg
https://jav.guru/1057306/pbd-524-a-lewd-beauty-who-seeks-pleasure-with-devouring-kisses-while-getting-pounded-hard-from-behind-looking-back-for-tongue-kisses-in-standing-doggy-style-climaxes-40-real-fucks/,https://cdn.javmiku.com/wp-content/uploads/2026/09/pbd524pl-550x374.jpg
https://jav.guru/1057307/nmk-087-nmk-87-consecutive-orgasm-selfie-masturbation-by-sexually-frustrated-sex-monster-women-with-innocent-looking-faces/,https://cdn.javmiku.com/wp-content/uploads/2026/09/h_897nmk87pl-550x374.jpg
https://jav.guru/1057308/kibd-353-best-free-fucks-with-gyaru-fuck-buddies-private-shoot-matching-app-pov-sex-amateur-secret-account-facial-slender-easygoing-tall-short-beautiful-legs-squirting-lovey-dovey-ti/,https://cdn.javmiku.com/wp-content/uploads/2026/09/kibd353pl-550x374.jpg
https://jav.guru/1057310/hoip-005-hoihoi-yummy-sin-02-creampie-gambling-bad-things-taste-like-honey-corrupting-a-pure-looking-girl-who-seems-like-shed-absolutely-never-fuck-at-a-drinking-party-with-pranks/,https://cdn.javmiku.com/wp-content/uploads/2026/09/hoip005pl-550x374.jpg
https://jav.guru/1057311/hnbr-015-devouring-the-sweaty-huge-tits-and-glossy-black-huge-areolas-of-a-woman-returning-from-the-harvest-then-ramming-her-105cm-hip-huge-ass-from-behind-for-instant-creampie-fuck-mikoshiba-mika/,https://cdn.javmiku.com/wp-content/uploads/2026/09/h_1664hnbr015pl-550x374.jpg
https://jav.guru/1057312/hery-173-femboy-complete-feminization-collection-57-yu-kataoka/,https://cdn.javmiku.com/wp-content/uploads/2026/09/hery173pl-550x374.jpg
https://jav.guru/1057313/goju-312-happy-peeing-wife-the-super-sensitive-big-tits-married-woman-drowning-in-euphoria-goes-crazy-cumming-on-another-mans-cock-aya-san-48-years-old/,https://cdn.javmiku.com/wp-content/uploads/2026/09/h_1165goju312pl-550x374.jpg
https://jav.guru/1057314/fem-037-i-thought-it-was-a-super-landmine-type-but-it-turned-out-to-be-an-unbelievably-shy-and-extreme-masochist-femboy-hanakanade-maaya/,https://cdn.javmiku.com/wp-content/uploads/2026/09/fem037pl-550x374.jpg
https://jav.guru/1057315/fays-017-popular-gravure-idols-secret-trip-leakd-as-is-without-permission-for-her-av-debut-harusaki-yuina/,https://cdn.javmiku.com/wp-content/uploads/2026/09/55fays017pl-550x374.jpg
https://jav.guru/1057316/edd-189-escalating-super-amateur-girl-189/,https://cdn.javmiku.com/wp-content/uploads/2026/09/118edd189pl-550x374.jpg
https://jav.guru/1057317/dsjh-022-unstoppable-mega-squirting-jets-when-i-called-a-delivery-health-service-my-cocky-coworker-from-work-showed-up/,https://cdn.javmiku.com/wp-content/uploads/2026/09/h_139dsjh22pl-550x374.jpg
https://jav.guru/1057318/doks-693-my-favorite-cute-junior-ol-transforms-when-drunk-out-of-control-vacuum-blowjob-in-a-private-room-izakaya-where-itd-be-bad-if-we-got-caught/,https://cdn.javmiku.com/wp-content/uploads/2026/09/h_139doks693pl-550x374.jpg
https://jav.guru/1057319/doks-691-plump-assed-j-girls-intense-orgasm-pile-driving-piston-dildo-masturbation-3/,https://cdn.javmiku.com/wp-content/uploads/2026/09/h_139doks691pl-550x374.jpg
https://jav.guru/1057323/dbd-006-star-doubles-6/,https://cdn.javmiku.com/wp-content/uploads/2026/09/2dbd006pl-550x374.jpg
https://jav.guru/1057324/agmx-272-full-pov-puffy-cheeks-super-cute-hamster-blowjob/,https://cdn.javmiku.com/wp-content/uploads/2026/09/agmx272pl-550x374.jpg
https://jav.guru/1057325/agmx-271-outcall-babu-babu-tit-childcare-with-cock-milk-nursing-in-progress/,https://cdn.javmiku.com/wp-content/uploads/2026/09/agmx271pl-550x374.jpg
https://jav.guru/1057328/aarm-353-i-want-to-be-scolded-while-she-shows-off-her-panty-flashes/,https://cdn.javmiku.com/wp-content/uploads/2026/09/aarm353pl-550x374.jpg
https://jav.guru/1057384/fns-262-sullen-cinderella-until-the-1800-curfew-young-lady-college-students-av-debut-hashimoto-sena/,https://cdn.javmiku.com/wp-content/uploads/2026/10/FNS-262-550x374.jpg
https://jav.guru/1057385/abf-390-seduced-by-my-brothers-wife-whom-id-secretly-admired-my-emotions-exploded-and-i-creampied-her-again-and-again-nonoura-non/,https://cdn.javmiku.com/wp-content/uploads/2026/10/118abf390pl-550x374.jpg
https://jav.guru/1057386/abf-389-abusive-female-doctors-examination-room-that-makes-a-useless-man-understand-airi-suzumura/,https://cdn.javmiku.com/wp-content/uploads/2026/10/118abf389pl-550x374.jpg
