page_url,image_url
https://jav.guru/1045989/yst-358-i-want-to-play-with-ando-san-in-a-ridiculously-dirty-way-regardless-of-being-vulgar-or-refined-haruno-ando/,https://cdn.javmiku.com/wp-content/uploads/2026/08/540yst358pl-550x374.jpg
https://jav.guru/1045996/ymds-306-intimate-and-passionate-close-up-sex-a-night-of-exclusive-pleasure-with-my-dream-girl-mayu-hazuki/,https://cdn.javmiku.com/wp-content/uploads/2026/08/ymds306pl-550x374.jpg
https://jav.guru/1045997/san-489z-after-all-women-are-best-with-black-hair-creampie-action-with-two-elegant-beauties-haru-and-mai/,https://cdn.javmiku.com/wp-content/uploads/2026/08/h_796san489zpl-550x374.jpg
https://jav.guru/1045998/san-488z-after-all-women-are-best-with-black-hair-creampie-with-two-elegant-beauties-hina-and-eri/,https://cdn.javmiku.com/wp-content/uploads/2026/08/h_796san488zpl-550x374.jpg
https://jav.guru/1045999/san-487-a-cheating-wife-gets-pregnant-with-a-chld-after-being-cuckolded-by-the-pizza-delivery-guy-riku-aizawa/,https://cdn.javmiku.com/wp-content/uploads/2026/08/h_796san487pl-550x374.jpg
https://jav.guru/1046000/san-486-sadistic-widow-rina-rina-takase/,https://cdn.javmiku.com/wp-content/uploads/2026/08/h_796san486pl-550x374.jpg
https://jav.guru/1046001/san-485-a-miraculous-experience-a-man-who-was-cuckolded-by-his-girlfriend-transforms-into-a-woman-for-revenge-becoming-rie-miyagi-with-a-hairstyle-youve-never-seen-before/,https://cdn.javmiku.com/wp-content/uploads/2026/08/h_796san485pl-550x374.jpg
https://jav.guru/1046002/san-484-naked-family-sister-edition-starring-yui-hatano/,https://cdn.javmiku.com/wp-content/uploads/2026/08/h_796san484pl-550x374.jpg
https://jav.guru/1046003/pkpr-048-completely-private-footage-the-rising-star-of-the-little-girl-actress-world-hinano-minami-and-our-first-overnight-stay-alone-together/,https://cdn.javmiku.com/wp-content/uploads/2026/08/pkpr048pl-550x374.jpg
https://jav.guru/1046004/pkpl-069-creampie-room-drinking-documentary-h-cup-natural-big-titted-slender-beauty-elena-otowa/,https://cdn.javmiku.com/wp-content/uploads/2026/08/pkpl069pl-550x374.jpg
https://jav.guru/1046005/pkpd-433-18-year-old-g-cup-girl-natsume-usui-who-looks-demure-but-is-a-hidden-slut-allows-creampies-during-her-relationship-with-older-women/,https://cdn.javmiku.com/wp-content/uploads/2026/08/pkpd433pl-550x374.jpg
https://jav.guru/1046006/pkpd-432-girls-sleepover-documentary-a-close-look-at-the-real-life-of-an-18-year-old-college-girl-spending-a-night-at-sakuna-takeuchis-house-feeling-like-her-boyfriend-without-a-condom/,https://cdn.javmiku.com/wp-content/uploads/2026/08/pkpd432pl-550x374.jpg
https://jav.guru/1046008/olm-354e-the-elegant-bitch-mature-woman-is-extremely-horny-from-lack-of-men-she-climaxes-with-luxurious-perverse-play-ayaka-tomoda/,https://cdn.javmiku.com/wp-content/uploads/2026/08/h_1757olm354epl-550x374.jpg
https://jav.guru/1046009/mgold-057-new-graduate-office-lady-asumi-reina-subjected-to-health-check-harassment-by-unethical-doctors-resulting-in-erect-nipple-climax/,https://cdn.javmiku.com/wp-content/uploads/2026/08/1mgold00057pl-550x374.jpg
https://jav.guru/1046010/lcbd-00820-ramu-ramune-drink/,https://cdn.javmiku.com/wp-content/uploads/2026/08/369976316_1499-550x374.jpg
https://jav.guru/1046011/lcbd-00817-falling-in-love-with-you-rin-tachibana/,https://cdn.javmiku.com/wp-content/uploads/2026/08/2634-550x374.jpg
https://jav.guru/1046012/lcbd-00807-dizziness-shizuka-nakamura/,https://cdn.javmiku.com/wp-content/uploads/2026/08/2101-550x374.jpg
https://jav.guru/1046013/lcbd-00801-a-troublesome-daily-life-bd-ayaka-sayama/,https://cdn.javmiku.com/wp-content/uploads/2026/08/1794-550x374.jpg
https://jav.guru/1046014/lcbd-00796-shy-girlfriend-anna-hongo/,https://cdn.javmiku.com/wp-content/uploads/2026/08/1561730893_lcbd-00796-550x374.jpg
https://jav.guru/1046015/lcbd-00774-a-variety-of-iroha-iroha-yanagi/,https://cdn.javmiku.com/wp-content/uploads/2026/08/1556971616_lcbd-00774-550x374.jpg
https://jav.guru/1046016/lcbd-00764-sweet-and-cute-shizuka-shizuka-nakamura/,https://cdn.javmiku.com/wp-content/uploads/2026/08/1361-1-550x374.jpg
https://jav.guru/1046020/lcbd-00733-colorful-tales-ayaka-morikawa/,https://cdn.javmiku.com/wp-content/uploads/2026/08/466-550x374.jpg
https://jav.guru/1046022/lcbd-00729-for-you-anna-tamechika/,https://cdn.javmiku.com/wp-content/uploads/2026/08/306-550x374.jpg
https://jav.guru/1046023/lcbd-00712-tokyo-anri-anri-sugihara/,https://cdn.javmiku.com/wp-content/uploads/2026/08/2672-550x374.jpg
https://jav.guru/1046028/lcbd-00649-white-pearl-honey-anri-sugihara/,https://cdn.javmiku.com/wp-content/uploads/2026/08/2673-550x374.jpg
https://jav.guru/1046044/kidm-890b-wing-for-you-akimoto-tsubasa/,https://cdn.javmiku.com/wp-content/uploads/2026/08/2010-550x374.jpg
https://jav.guru/1046060/kidm-201-asukas-world-miyama-asuka/,https://cdn.javmiku.com/wp-content/uploads/2026/08/n_945kidm201pl-550x374.jpg
https://jav.guru/1046062/kidm-079-peach-bottom-idol-fujiki-ayaka/,https://cdn.javmiku.com/wp-content/uploads/2026/08/1570707377_kidm-079-1-550x374.jpg
https://jav.guru/1046081/goji-111-forbidden-love-between-teacher-and-student-2/,https://cdn.javmiku.com/wp-content/uploads/2026/08/h_1729goji111pl-550x374.jpg
https://jav.guru/1046082/goji-110-incest-the-temptation-of-my-daughter-who-is-starting-to-resemble-my-wife-2/,https://cdn.javmiku.com/wp-content/uploads/2026/08/h_1729goji110pl-550x374.jpg
https://jav.guru/1046083/goji-109-forbidden-affair-a-fifty-year-old-mother-cuckolded-by-her-son/,https://cdn.javmiku.com/wp-content/uploads/2026/08/h_1729goji109pl-550x374.jpg
https://jav.guru/1046084/gebb-056-a-sinful-dreamlike-girl-student-working-part-time-in-a-private-room-helping-her-friend-who-is-obsessed-with-host-clubs-secretly-filmed-at-a-j-style-relaxation-salon/,https://cdn.javmiku.com/wp-content/uploads/2026/08/gebb056pl-550x374.jpg
https://jav.guru/1046085/fthtd-229-amateur-participation-verification-what-happens-when-a-best-friend-starts-deep-kissing-right-in-front-of-you-will-your-friend-get-excited/,https://cdn.javmiku.com/wp-content/uploads/2026/08/1fthtd00229pl-550x374.jpg
https://jav.guru/1046086/fthtd-221-a-mother-and-daughter-who-ran-away-from-home-to-escape-their-husband-are-skillfully-lured-in-with-the-words-why-not-rest-here-they-are-immediately-fucked-and-for-three-days-without/,https://cdn.javmiku.com/wp-content/uploads/2026/08/1fthtd00221pl-550x374.jpg
https://jav.guru/1046087/fthtd-216-verification-does-the-head-spa-wire-really-feel-good-as-we-test-the-effectiveness-of-this-health-device-pleasures-sinister-hand-approaches-the-gathered-female-monitors/,https://cdn.javmiku.com/wp-content/uploads/2026/08/1fthtd00216pl-550x374.jpg
https://jav.guru/1046088/fthtd-193-in-the-village-im-the-only-young-girl-theres-a-rule-that-says-if-i-make-the-villagers-hard-i-have-to-help-them-out-so-i-ended-up-fucking-the-old-men-in-my-new-home-aoi-aozaka/,https://cdn.javmiku.com/wp-content/uploads/2026/08/1fthtd00193pl-550x374.jpg
https://jav.guru/1046089/fthtd-192-the-female-manager-of-a-weak-sports-school-has-a-tradition-of-taking-care-of-the-male-members-sexual-needs-during-training-camp/,https://cdn.javmiku.com/wp-content/uploads/2026/08/1fthtd00192pl-550x374.jpg
https://jav.guru/1046409/start-635-99-shots-of-real-cum-splashed-all-over-akari-matsunaga-sodstar-complete-career-change-sod-retirement-commemorative-work/,https://cdn.javmiku.com/wp-content/uploads/2026/08/1start635pl-550x374.jpg
https://jav.guru/1046410/start-629-haruka-shibasakis-lewd-images-sent-out-all-at-once-please-show-off-your-amazing-skills-by-remote-reverse-pickup-on-customers-at-a-restaurant-instant-blowjob-and-fuck-special/,https://cdn.javmiku.com/wp-content/uploads/2026/08/1start629pl-550x374.jpg
https://jav.guru/1046413/start-625-a-special-feature-showcasing-the-ultimate-full-erotic-potential-challenging-the-maximum-number-of-ejaculations-while-sharing-clothing-food-shelter-and-sex-with-an-amateur-male-totalin/,https://cdn.javmiku.com/wp-content/uploads/2026/08/1start625pl-550x374.jpg
https://jav.guru/1046417/start-602-face-focused-dont-take-your-eyes-off-until-i-give-you-a-creampie-with-complete-subjectivity-whispering-seductive-words-to-tease-you-in-4-cosplay-situations-minamo/,https://cdn.javmiku.com/wp-content/uploads/2026/08/1start602pl-550x374.jpg
https://jav.guru/1046418/start-601-it-seems-that-rui-chan-from-miss-a-university-got-a-job-offer-as-a-female-announcer-through-her-pillow-talk/,https://cdn.javmiku.com/wp-content/uploads/2026/08/1start601pl-550x374.jpg
https://jav.guru/1046424/mrec-010-sex-record-010-ririko-kinoshitas-av-debut-coming-out-to-her-husband-cuckolded-by-her-first-boyfriend-with-her-best-friend/,https://cdn.javmiku.com/wp-content/uploads/2026/08/mrec00010pl-550x374.jpg
https://jav.guru/1046425/mive-001-training-camp-rpe-circle-my-dream-female-manager-gets-relentlessly-fucked-by-the-super-cock-of-the-club-members-resulting-in-a-creampie-that-makes-her-pussy-overflow-with-cum/,https://cdn.javmiku.com/wp-content/uploads/2026/08/mive00001pl-550x374.jpg
https://jav.guru/1046435/goju-322-fresh-cum-sticking-to-her-face-an-amateur-mature-woman-in-her-fifties-suddenly-receives-an-unexpected-facial-during-her-first-masturbation-viewing-16/,https://cdn.javmiku.com/wp-content/uploads/2026/08/h_1165goju322pl-550x374.jpg
https://jav.guru/1046436/dsjh-021-humiliating-pantyhose-leg-job-office-ladies-caught-in-a-weakness-by-a-man-they-hate/,https://cdn.javmiku.com/wp-content/uploads/2026/08/h_139dsjh21pl-550x374.jpg
https://jav.guru/1046437/dsjh-020-the-condition-for-the-settlement-is-a-full-body-tongue-wash-i-had-two-beautiful-women-lick-every-inch-of-my-smelly-body-since-i-couldnt-even-take-a-bath-due-to-my-injuries/,https://cdn.javmiku.com/wp-content/uploads/2026/08/h_139dsjh20pl-550x374.jpg
https://jav.guru/1046438/drop-141-amateur-girls-first-erotic-dildo-masturbation-7/,https://cdn.javmiku.com/wp-content/uploads/2026/08/h_139drop141pl-550x374.jpg
https://jav.guru/1046439/doks-690-a-devoted-and-erotic-blowjob-to-make-you-cum-repeatedly/,https://cdn.javmiku.com/wp-content/uploads/2026/08/h_139doks690pl-550x374.jpg
https://jav.guru/1046440/doks-689-a-collection-of-aphrodisiac-harassment-records-by-a-certain-hr-manager/,https://cdn.javmiku.com/wp-content/uploads/2026/08/h_139doks689pl-550x374.jpg
https://jav.guru/1046441/doks-688-the-ultimate-angle-for-easy-handjobs-a-detailed-showcase-of-divine-technique-in-fellatio-2/,https://cdn.javmiku.com/wp-content/uploads/2026/08/h_139doks688pl-550x374.jpg
https://jav.guru/1046442/doks-687-the-beautiful-legged-office-lady-frced-to-be-the-sexual-servant-of-a-pantyhose-obsessed-old-man-company-president/,https://cdn.javmiku.com/wp-content/uploads/2026/08/h_139doks687pl-550x374.jpg
https://jav.guru/1046619/skth-006-shikota-holdings-inc-velota-this-woman-just-keeps-kissing-do-you-like-my-tongue-my-colleagues-tongue-kiss-is-too-erotic-haruno-ando/,https://cdn.javmiku.com/wp-content/uploads/2026/09/1skth00006pl-550x374.jpg
https://jav.guru/1046620/skth-005-shikota-holdings-co-ltd-do-you-like-my-ass-i-got-to-enjoy-my-colleagues-sexy-ass-2/,https://cdn.javmiku.com/wp-content/uploads/2026/09/1skth00005pl-550x374.jpg
https://jav.guru/1046621/nld-033-nipple-pleasure-mens-salon/,https://cdn.javmiku.com/wp-content/uploads/2026/09/24nld033pl-550x374.jpg
https://jav.guru/1046634/iesp-765-runa-amanes-newlywed-life-of-making-babies/,https://cdn.javmiku.com/wp-content/uploads/2026/09/1iesp765pl-550x374.jpg
https://jav.guru/1046635/ienf-356-my-beautiful-sister-felt-sorry-for-me-and-agreed-to-a-promise-of-just-rubbing-together-but-as-we-were-doing-it-we-both-felt-so-good-that-my-pussy-got-soaked-then-it-slipped-right-in/,https://cdn.javmiku.com/wp-content/uploads/2026/09/1ienf356pl-550x374.jpg
https://jav.guru/1046639/gas-546-amateur-gathering-for-big-tit-lovers-i-want-to-get-creampied-with-noa-hazuki/,https://cdn.javmiku.com/wp-content/uploads/2026/09/71gas00546pl-550x374.jpg
https://jav.guru/1046640/fns-252-i-want-you-to-kiss-me-beautiful-girl-gets-addicted-to-kissing-sex-with-mixed-bodily-fluids-kashiwagi-shizuku/,https://cdn.javmiku.com/wp-content/uploads/2026/09/FNS-252-550x374.jpg
https://jav.guru/1046649/dldss-531-dahlias-shocking-transfer-goddess-jun-reincarnated-the-miraculous-venus-descends/,https://cdn.javmiku.com/wp-content/uploads/2026/09/1dldss00531pl-550x374.jpg
https://jav.guru/1047602/yoch-035-after-her-first-private-drinks-with-a-much-younger-handsome-guy-the-menopausal-pussy-wife-reaches-the-limits-of-her-reason-and-they-passionately-fuck-each-other-raw-without-a-condom-over-a/,https://cdn.javmiku.com/wp-content/uploads/2026/09/h_086yoch00035pl-550x374.jpg
https://jav.guru/1047603/sw-1066-hey-if-you-want-to-look-that-badly-ill-show-you-knee-high-stocking-panty-ass-when-i-was-gratefully-and-secretly-worshipping-the-neighborhood-girls-knee-high-stocking-panties-every-da/,https://cdn.javmiku.com/wp-content/uploads/2026/09/1sw1066pl-550x374.jpg
https://jav.guru/1047604/sw-1065-the-sons-wifes-black-pantyhose-big-ass-lower-body-that-seduces-her-father-in-law-the-slutty-wife-who-gets-excited-by-a-domestic-affair-while-sneaking-it-past-the-familys-eyes/,https://cdn.javmiku.com/wp-content/uploads/2026/09/1sw1065pl-550x374.jpg
https://jav.guru/1047605/stsk-243-i-want-to-impregnate-the-nice-bodied-homeroom-teacher-female-teacher-breeding-bareback-thrusting-obscenity-the-four-broken-teachers/,https://cdn.javmiku.com/wp-content/uploads/2026/09/h_1605stsk243pl-550x374.jpg
https://jav.guru/1047606/stsk-242-four-tissue-handing-part-timers-get-open-air-molestation-outdoor-incontinence-orgasms-public-indecency-and-irresponsible-creampies/,https://cdn.javmiku.com/wp-content/uploads/2026/09/h_1605stsk242pl-550x374.jpg
https://jav.guru/1047607/nhdtc-249-i-liked-her-first-though-having-the-married-woman-colleague-ive-had-a-one-sided-crush-on-for-years-possess-me-for-the-first-and-last-cuckold-creampie/,https://cdn.javmiku.com/wp-content/uploads/2026/09/1nhdtc249pl-550x374.jpg
https://jav.guru/1047608/nhdtc-248-driven-crazy-by-a-clingy-brats-relentless-kisses-no-matter-how-many-times-she-refuses-the-single-mother-keeps-getting-secretly-kissed-and-starts-french-kissing-with-a-lewd-face/,https://cdn.javmiku.com/wp-content/uploads/2026/09/1nhdtc248pl-550x374.jpg
https://jav.guru/1047609/nhdtc-247-tan-lined-beautiful-girl-pool-shame-2/,https://cdn.javmiku.com/wp-content/uploads/2026/09/1nhdtc247pl-550x374.jpg
https://jav.guru/1047610/nhdtc-246-big-assed-high-school-girl-who-gets-turned-on-by-the-shame-of-face-to-face-slow-creampies-on-a-crowded-bus-and-starts-scooping-out-the-cum-to-masturbate/,https://cdn.javmiku.com/wp-content/uploads/2026/09/1nhdtc246pl-550x374.jpg
https://jav.guru/1047611/nhdtc-244-if-you-promise-not-to-touch-its-okay-the-college-girl-mens-esthetician-who-came-from-a-treatment-with-a-remote-vibe-left-in-and-got-fired-up-even-though-she-was-refusing-now-wa/,https://cdn.javmiku.com/wp-content/uploads/2026/09/1nhdtc244pl-550x374.jpg
https://jav.guru/1047612/nhdtc-234-convenience-store-exhibitionism-at-2-a-m-when-i-kept-turning-a-blind-eye-to-the-annoying-couple-that-came-to-the-store/,https://cdn.javmiku.com/wp-content/uploads/2026/09/1nhdtc234pl-550x374.jpg
https://jav.guru/1047615/mist-529-direct-hit-on-the-fertile-day-soapland-where-you-can-make-babies-70-karin-kitaoka/,https://cdn.javmiku.com/wp-content/uploads/2026/09/1mist00529pl-550x374.jpg
https://jav.guru/1047618/milk-306-ill-show-the-real-me-only-to-the-teacher-forbidden-relationship-between-a-teacher-and-a-modern-day-high-school-girl-whose-sexual-fetishes-are-glitched-ririka-amau/,https://cdn.javmiku.com/wp-content/uploads/2026/09/h_1240milk306pl-550x374.jpg
https://jav.guru/1047619/milk-305-congrats-15th-debut-anniversary-special-project-weve-collected-riona-minamis-first-times-after-becoming-an-actress/,https://cdn.javmiku.com/wp-content/uploads/2026/09/h_1240milk305pl-550x374.jpg
https://jav.guru/1047620/mgold-063-from-a-powerhouse-school-thats-a-regular-at-interhigh-av-debut-of-a-womens-soccer-club-member-with-a-toned-lower-body-and-inexhaustible-sexual-desire-sakura-nako/,https://cdn.javmiku.com/wp-content/uploads/2026/09/MGOLD-063-550x374.jpg
https://jav.guru/1047621/kaad-087-our-familys-beautiful-mother-in-law-izumi-kinue/,https://cdn.javmiku.com/wp-content/uploads/2026/09/h_086kaad00087pl-550x374.jpg
https://jav.guru/1047622/jura-212-first-shoot-married-woman-documentary-chapter-2-yasuyo-terasaki/,https://cdn.javmiku.com/wp-content/uploads/2026/09/h_086jura00212pl-550x374.jpg
https://jav.guru/1047623/jura-210-first-filming-married-woman-documentary-chapter-2-shiori-narumiya/,https://cdn.javmiku.com/wp-content/uploads/2026/09/h_086jura00210pl-550x374.jpg
https://jav.guru/1047627/jrze-318-first-shoot-documentary-of-a-fifty-year-old-wife-kanae-shindo/,https://cdn.javmiku.com/wp-content/uploads/2026/09/h_086jrze00318pl-550x374.jpg
https://jav.guru/1047628/jrze-317-first-time-married-woman-documentary-takamiya-reika/,https://cdn.javmiku.com/wp-content/uploads/2026/09/h_086jrze00317pl-550x374.jpg
https://jav.guru/1047633/hbad-741-the-neighborhood-slutty-older-sister-who-pretends-to-be-quiet-and-well-behaved-while-seducing-and-hunting-men-with-her-j-cup-huge-tits-erotic-body-miyu-hirose/,https://cdn.javmiku.com/wp-content/uploads/2026/09/1hbad741pl-550x374.jpg
https://jav.guru/1047634/hbad-740-i-couldnt-resist-my-sons-short-haired-big-titted-baby-faced-girlfriend-whose-body-was-way-too-erotic-ruka-itoi/,https://cdn.javmiku.com/wp-content/uploads/2026/09/1hbad740pl-550x374.jpg
https://jav.guru/1047642/fcdss-117-female-athletes-in-sports-cosplay-sex-15-matches-4-hours-best/,https://cdn.javmiku.com/wp-content/uploads/2026/09/1fcdss117pl-550x374.jpg
https://jav.guru/1047648/abf-382-creampie-sex-log-of-a-perverted-couple-living-together-dominated-by-lust-airi-suzumura/,https://cdn.javmiku.com/wp-content/uploads/2026/09/pb_e_abf-382-550x374.jpg
https://jav.guru/1047650/aarm-366-ultimate-reward-nipple-pleasure-free-paced-finger-technique-teasing-x-super-intense-nipple-licking-x-raw-nipple-rubbing-together-2/,https://cdn.javmiku.com/wp-content/uploads/2026/09/aarm366pl-550x374.jpg
https://jav.guru/1048096/uman-013-forbidden-father-in-law-ntr-the-huge-tits-big-ass-wife-humiliated-by-her-hated-insatiable-father-in-law/,https://cdn.javmiku.com/wp-content/uploads/2026/09/uman013pl-550x374.jpg
https://jav.guru/1048114/rroy-022-superb-hip-shaking-feels-amazing-to-hold-best-tit-bouncing-creampie-sex-with-slender-big-tits-9-girls-4-hours-best/,https://cdn.javmiku.com/wp-content/uploads/2026/09/rroy022pl-550x374.jpg
https://jav.guru/1048121/roe-557-the-match-selling-married-woman-who-lights-up-her-pussy-to-seduce-satsuki-kirioka/,https://cdn.javmiku.com/wp-content/uploads/2026/09/roe557pl-550x374.jpg
https://jav.guru/1048124/roe-552-monroe-exclusive-2nd-installment-tall-former-flight-attendant-married-woman-creampie-ban-lifted/,https://cdn.javmiku.com/wp-content/uploads/2026/09/roe552pl-550x374.jpg
https://jav.guru/1048125/roe-550-i-was-pierced-to-the-depths-of-my-pussy-by-my-stepsons-huge-cock-and-made-to-realize-im-a-bitch-a-failure-as-a-mother-ayaha-mikumo/,https://cdn.javmiku.com/wp-content/uploads/2026/09/roe550pl-550x374.jpg
https://jav.guru/1048126/roe-547-yoshinaga-touko-masochist-awakening-through-bondage-until-i-who-was-an-ordinary-housewife-reclaim-being-a-woman-once-more-guided-by-the-entwining-hemp-ropes/,https://cdn.javmiku.com/wp-content/uploads/2026/09/roe547pl-550x374.jpg
https://jav.guru/1048130/nsodn-025-i-didnt-know-she-made-faces-like-that-expressions-voice-and-gestures-id-never-known-on-the-night-i-discovered-them-i-came-with-something-several-times-thicker-than-usual-nao-24/,https://cdn.javmiku.com/wp-content/uploads/2026/09/nsodn025pl-550x374.jpg
https://jav.guru/1048131/nsodn-024-close-up-footage-of-a-boyish-aspiring-photographer-girl-who-moved-to-tokyo-from-the-countryside-as-she-gets-corrupted-by-the-city-and-drowns-in-sex/,https://cdn.javmiku.com/wp-content/uploads/2026/09/nsodn024pl-550x374.jpg
https://jav.guru/1048132/nsodn-023-the-three-beautiful-shoplifting-sisters-a-story-of-escaping-poverty-by-exposing-their-sex/,https://cdn.javmiku.com/wp-content/uploads/2026/09/nsodn023pl-550x374.jpg
https://jav.guru/1048134/ngod-358-with-the-neighbors-husband-who-has-perfect-chemistry-the-thrill-of-instant-divorce-if-caught-feels-too-good-to-stop-married-peoples-tongue-kissing-lustful-double-affair-sex/,https://cdn.javmiku.com/wp-content/uploads/2026/09/ngod358pl-550x374.jpg
https://jav.guru/1048135/ngod-357-the-wifes-small-car-is-shaking-intimate-car-sex-affair-story-of-a-tall-peach-assed-part-time-housewife-and-a-hardworking-young-man/,https://cdn.javmiku.com/wp-content/uploads/2026/09/ngod357pl-550x374.jpg
https://jav.guru/1048138/ngod-354-the-seductive-married-woman-from-a-seedy-snack-bar-does-carnal-pillow-service-covered-in-booze-drool-and-love-juices-with-her-regular-fat-customers-extremely-thick-huge-cock/,https://cdn.javmiku.com/wp-content/uploads/2026/09/ngod354pl-550x374.jpg
https://jav.guru/1048140/jur-880-the-destructive-perverted-desires-hidden-in-her-k-cup-breasts-satomi-mone-30-years-old-av-debut/,https://cdn.javmiku.com/wp-content/uploads/2026/09/jur880pl-550x374.jpg
https://jav.guru/1048142/jur-869-i-was-asked-for-my-seed-by-my-wifes-friend-koyuki-who-id-heard-was-trying-to-make-a-baby-and-couldnt-resist-getting-hooked-on-impregnation-adultery/,https://cdn.javmiku.com/wp-content/uploads/2026/09/jur869pl-550x374.jpg
https://jav.guru/1048150/jur-836-after-maternity-leave-my-wife-who-returned-to-work-gets-cuckolded-by-her-power-harassing-boss-the-shocking-betrayal-story-that-awaited-me-who-prioritized-work-for-the-sake-of-our-family/,https://cdn.javmiku.com/wp-content/uploads/2026/09/jur836pl-550x374.jpg
https://jav.guru/1048151/jur-835-every-morning-i-cross-paths-with-a-beautiful-married-woman-while-dropping-off-and-picking-up-my-chld-at-preschool-and-after-she-invites-me-i-drown-in-adulterous-creampie-sex-of-unmatched-s/,https://cdn.javmiku.com/wp-content/uploads/2026/09/jur835pl-550x374.jpg
https://jav.guru/1048174/huntc-667-a-flat-chested-boyish-little-slut-pretends-to-be-a-guy-wraps-just-one-towel-around-her-waist-and-boldly-sneaks-into-the-mens-bath-with-tongue-kisses-and-clinging-sex-he-cant-hold-bac/,https://cdn.javmiku.com/wp-content/uploads/2026/09/huntc667pl-550x374.jpg
https://jav.guru/1048175/huntc-656-private-sex-academy-to-the-heights-exceeding-a-sex-deviation-score-of-70-this-school-was-established-as-part-of-measures-against-the-declining-birthrate/,https://cdn.javmiku.com/wp-content/uploads/2026/09/huntc656pl-550x374.jpg
https://jav.guru/1048176/huntc-626-the-plump-bloomers-of-the-moms-volleyball-team-are-so-tempting-their-sticking-out-asses-are-way-too-erotic-3-my-stepmother-brings-over-her-moms-volleyball-teammates-and-they-show-off/,https://cdn.javmiku.com/wp-content/uploads/2026/09/huntc626pl-550x374.jpg
https://jav.guru/1048177/huntc-601-my-serious-club-activity-girl-little-sister-retires-from-the-club-and-her-libido-explodes-instead-of-exercise-she-does-cock-training-with-me/,https://cdn.javmiku.com/wp-content/uploads/2026/09/huntc601pl-550x374.jpg
https://jav.guru/1048178/huntc-557-we-were-frced-to-participate-in-a-cowgirl-creampie-chicken-race-among-the-outgoing-top-girls-in-the-class-a-game-of-bullying-the-introverted-guys-is-all-the-rage/,https://cdn.javmiku.com/wp-content/uploads/2026/09/huntc557pl-550x374.jpg
https://jav.guru/1048179/huntc-540-squirting-splash-the-pushover-newbie-esthetician-who-cant-firmly-refuse-even-though-touching-is-off-limits-gets-half-frced-into-bareback-fucking-and-feels-it-like-crazy/,https://cdn.javmiku.com/wp-content/uploads/2026/09/huntc540pl-550x374.jpg
https://jav.guru/1048180/huntc-509-ill-keep-big-brothers-secret-for-you-so-lets-play-rape-my-super-masochistic-stepsister-who-desperately-wants-to-be-raped-by-me-has-dirt-on-me-and-is-blackmailing-me/,https://cdn.javmiku.com/wp-content/uploads/2026/09/huntc509pl-550x374.jpg
https://jav.guru/1048181/huntc-489-just-lend-me-your-cock-the-girls-in-my-class-watch-av-with-my-cock-stuck-inside-them-the-whole-time-the-girls-in-my-class-heard-the-rumor-that-im-an-av-maniac-and-barged-into-my-hous/,https://cdn.javmiku.com/wp-content/uploads/2026/09/huntc489pl-550x374.jpg
https://jav.guru/1048183/hhf-111-dont-hide-your-cock-show-it-to-us-sandwich-bath-in-the-tub-with-two-big-titted-girls-multiple-harem-creampies-into-their-frustrated-pussies-5-pairs-10-girls-4-hours/,https://cdn.javmiku.com/wp-content/uploads/2026/09/hhf111pl-550x374.jpg
https://jav.guru/1048192/dsod-060-my-girlfriend-whose-massive-tits-were-so-full-they-were-practically-spilling-over-was-cuckolded-by-a-delinquent-senior-nanao-saizuki/,https://cdn.javmiku.com/wp-content/uploads/2026/09/dsod060pl-550x374.jpg
https://jav.guru/1048194/dsod-057-even-though-i-have-a-cock-night-crawled-by-the-beautiful-transfer-student-femboy-the-straight-virgins-have-their-sexual-fetishes-warped-at-a-seductive-overnight-camp-hiiragi-momiji/,https://cdn.javmiku.com/wp-content/uploads/2026/09/dsod057pl-550x374.jpg
https://jav.guru/1048198/dsod-031-id-rather-die-than-apologize-an-arrogant-bully-who-absolutely-refuses-to-apologize/,https://cdn.javmiku.com/wp-content/uploads/2026/09/dsod031pl-550x374.jpg
https://jav.guru/1048199/dsod-022-the-ultimate-orgasm-asmr-with-the-cutest-trans-woman-in-history-marina-ikeda/,https://cdn.javmiku.com/wp-content/uploads/2026/09/dsod022pl-550x374.jpg
https://jav.guru/1048200/dsod-020-getting-on-your-knees-is-cheating-a-beautiful-schoolgirl-who-cant-refuse-because-shes-afraid-of-being-disliked-when-i-kept-begging-her-with-dogeza-she-casually-spread-her-legs-an/,https://cdn.javmiku.com/wp-content/uploads/2026/09/dsod020pl-550x374.jpg
https://jav.guru/1048203/bban-609-we-will-live-on-in-this-hell-the-only-glimmer-of-hope-for-the-new-grad-office-lady-at-her-limit-bound-to-an-extremely-evil-black-company-was-lesbian/,https://cdn.javmiku.com/wp-content/uploads/2026/09/bban609pl-550x374.jpg
https://jav.guru/1048204/bban-605-beautiful-sweat-drenched-girls-lose-themselves-in-lesbian-sex-on-a-1-night-2-day-orgy-expedition-to-womens-university-cheerleading-club-lily-2026-summer-training-camp/,https://cdn.javmiku.com/wp-content/uploads/2026/09/bban605pl-550x374.jpg
https://jav.guru/1048205/bban-604-the-story-of-having-my-pussy-used-by-a-freeloading-gal-and-being-turned-lesbian-the-fake-gal-who-got-her-sensitive-body-made-to-cum-over-and-over-while-going-along-with-every-demand-so-her/,https://cdn.javmiku.com/wp-content/uploads/2026/09/bban604pl-550x374.jpg
https://jav.guru/1048206/bban-601-pussy-completely-exposed-anywhere-in-the-house-no-panties-devouring-master-servant-lesbians/,https://cdn.javmiku.com/wp-content/uploads/2026/09/bban601pl-550x374.jpg
https://jav.guru/1048207/achj-095-highly-educated-dirty-talking-slut-the-bewitching-professor-who-rapes-your-ears-and-melts-your-brain-to-mush/,https://cdn.javmiku.com/wp-content/uploads/2026/09/achj095pl-550x374.jpg
https://jav.guru/1048915/usag-097-first-deepthroat-amateur-girls-drooling-while-taking-it-to-the-limit-and-having-the-back-of-their-throats-developed/,https://cdn.javmiku.com/wp-content/uploads/2026/09/usag097pl-550x374.jpg
https://jav.guru/1048916/thpa-16-super-heroine-in-peril-vol-116-beautiful-girl-warrior-sailor-mermaid-the-trap-of-the-mimic-monster-medamos-kana-yura/,https://cdn.javmiku.com/wp-content/uploads/2026/09/h_173thpa16pl-550x374.jpg
https://jav.guru/1048917/tcd-349-a-day-with-me-and-my-girlfriend-who-has-a-cock-taxi-date-9-junjun/,https://cdn.javmiku.com/wp-content/uploads/2026/09/tcd349pl-550x374.jpg
https://jav.guru/1048918/svvrt-086-amateur-variety-bikini-gals-approached-on-shonan-beach-try-a-cooling-lotion-massage-to-cool-down-their-flushed-bodies-their-temperature-should-drop-but-instead-their-lust-awakens/,https://cdn.javmiku.com/wp-content/uploads/2026/09/1svvrt086pl-550x374.jpg
https://jav.guru/1048919/svvrt-085-amateur-variety-endure-it-for-prize-money-fail-and-get-instantly-fucked-by-a-huge-cock-slim-bodied-college-girl-holds-milk-in-her-mouth-for-a-spread-legged-facesitting-cunnilingus-chall/,https://cdn.javmiku.com/wp-content/uploads/2026/09/1svvrt085pl-550x374.jpg
https://jav.guru/1048920/svvrt-082-amateur-variety-close-friends-schoolgirls-face-off-massive-fixed-dildo-seesaw-battle-shake-your-hips-while-its-inserted-first-to-squirt-5-times-wins-loser-gets-fucked-and-creampied/,https://cdn.javmiku.com/wp-content/uploads/2026/09/1svvrt082pl-550x374.jpg
https://jav.guru/1048921/spsf-57-wonder-lady-vs-glamour-mask-the-luxurious-preys-who-fell-into-prison-waka-ninomiya/,https://cdn.javmiku.com/wp-content/uploads/2026/09/h_173spsf57pl-550x374.jpg
https://jav.guru/1048922/spsf-56-heroine-hunting-wonder-lady-rui-otokoto/,https://cdn.javmiku.com/wp-content/uploads/2026/09/h_173spsf56pl-550x374.jpg
https://jav.guru/1048923/spsf-55-sentai-heroine-action-pinch-fall-of-star-sea-sentai-kaiser-five-kaiser-yellow-action-pinch-arc-moa-wakatsuki/,https://cdn.javmiku.com/wp-content/uploads/2026/09/h_173spsf55pl-550x374.jpg
https://jav.guru/1048924/spsf-54-beautiful-girl-masked-aurora-lewd-bitch-fall-marina-nishio/,https://cdn.javmiku.com/wp-content/uploads/2026/09/h_173spsf54pl-550x374.jpg
https://jav.guru/1048925/spsf-53-star-corpse-armored-princess-nexarion-machi-ikuno/,https://cdn.javmiku.com/wp-content/uploads/2026/09/h_173spsf53pl-550x374.jpg
https://jav.guru/1048926/spsf-52-razer-mikage-part-1/,https://cdn.javmiku.com/wp-content/uploads/2026/09/h_173spsf52pl-550x374.jpg
https://jav.guru/1048927/sitw-055-when-i-visited-a-rental-house-studio-on-an-la-location-shoot-the-owner-turned-out-to-be-a-big-titted-blonde-beautiful-wife/,https://cdn.javmiku.com/wp-content/uploads/2026/09/sitw055pl-550x374.jpg
https://jav.guru/1048929/sal-265-175cm-tall-beautiful-otoko-no-ko-hibiki-aoi-anal-sex-with-her-exquisite-beautiful-ass-and-three-super-slutty-sexual-situations/,https://cdn.javmiku.com/wp-content/uploads/2026/09/sal265pl-550x374.jpg
https://jav.guru/1048930/rctd-754-rocket-18th-anniversary-commemorative-user-request-festival-female-comedians-the-2nd-trio-comedy-sketch-edition/,https://cdn.javmiku.com/wp-content/uploads/2026/09/1rctd754pl-550x374.jpg
https://jav.guru/1048931/rctd-752-rocket-18th-anniversary-user-request-festival-turning-middle-aged-women-into-erotic-gaudy-ahegao-yamanba-dirty-gals/,https://cdn.javmiku.com/wp-content/uploads/2026/09/1rctd752pl-550x374.jpg
https://jav.guru/1048935/nghj-075-virgin-college-student-support-project-for-guys-giving-up-on-love-because-theyre-virgins-ive-always-liked-you/,https://cdn.javmiku.com/wp-content/uploads/2026/09/nghj075pl-550x374.jpg
https://jav.guru/1048936/nact-182-oil-mania-tsukinoe-sui/,https://cdn.javmiku.com/wp-content/uploads/2026/09/h_237nact182pl-550x374.jpg
https://jav.guru/1048937/nact-181-at-first-glance-an-ordinary-middle-aged-housekeeper-but-she-was-actually-a-super-slut-with-a-queens-temperament-mai-fuyuki/,https://cdn.javmiku.com/wp-content/uploads/2026/09/h_237nact181pl-550x374.jpg
https://jav.guru/1048938/nact-180-insatiable-housewife-begs-for-creampie-in-her-secret-side-job-airi-ichinose/,https://cdn.javmiku.com/wp-content/uploads/2026/09/h_237nact180pl-550x374.jpg
https://jav.guru/1048939/nact-179-when-the-delivery-guy-she-likes-comes-she-greets-him-by-taking-off-her-panties-the-slutty-wife-who-flaunts-her-pussy-to-seduce-him-natsu-shibuya/,https://cdn.javmiku.com/wp-content/uploads/2026/09/h_237nact179pl-550x374.jpg
https://jav.guru/1048940/nact-178-role-reversal-sugar-daddy-corruption-threatening-the-pure-student-he-called-from-a-delivery-health-service-with-credits-and-a-scholarship-recommendation-letter-and-forcing-her-into-a-p/,https://cdn.javmiku.com/wp-content/uploads/2026/09/h_237nact178pl-550x374.jpg
https://jav.guru/1048941/nact-177-locks-onto-the-virgin-young-man-who-came-to-fix-a-water-leak-flashes-a-vibrator-and-puts-on-a-live-masturbation-demo-then-while-her-husband-is-away-on-business-greets-him-fully-naked-at-t/,https://cdn.javmiku.com/wp-content/uploads/2026/09/h_237nact177pl-550x374.jpg
https://jav.guru/1048942/mooc-028-even-though-she-has-the-absolute-best-looks-this-femboy-call-girl-was-way-too-cold-with-her-service-so-i-lectured-her-pinned-her-in-a-full-nelson-and-gave-her-a-handjob-until-she-pissed/,https://cdn.javmiku.com/wp-content/uploads/2026/09/mooc028pl-550x374.jpg
https://jav.guru/1048943/mkmp-758-100-climaxes-ecstasy-intense-ejaculation-best/,https://cdn.javmiku.com/wp-content/uploads/2026/09/mkmp758pl-550x374.jpg
https://jav.guru/1048944/mkd-259-first-shoot-in-her-fifties-the-voluptuous-mom-with-a-smile-that-suits-her-makes-her-av-debut-tsubasa-watase/,https://cdn.javmiku.com/wp-content/uploads/2026/09/mkd259pl-550x374.jpg
https://jav.guru/1048946/mist-512-nipple-frenzy-nipple-love-is-everything-hinata-tachibanauchi/,https://cdn.javmiku.com/wp-content/uploads/2026/09/1mist512pl-550x374.jpg
https://jav.guru/1048957/ktra-796-sex-with-a-beautiful-girl-with-tiny-tits-4-hours/,https://cdn.javmiku.com/wp-content/uploads/2026/09/ktra796pl-550x374.jpg
https://jav.guru/1048962/imo-038-i-called-a-delivery-escort-and-my-little-sister-showed-up-as-a-result-we-end-up-having-creampie-real-sex-without-the-shop-knowing-15/,https://cdn.javmiku.com/wp-content/uploads/2026/09/12imo038pl-550x374.jpg
https://jav.guru/1048963/gvh-878-since-you-cant-say-anything-anyway-its-fine-to-nipple-harass-you-right-without-permission-i-relentlessly-nipple-harassed-and-creampied-over-and-over-the-tits-of-my-quiet-plain/,https://cdn.javmiku.com/wp-content/uploads/2026/09/gvh878pl-550x374.jpg
https://jav.guru/1048965/gs-2146-married-woman-resort-style-married-woman-hot-spring-love-trip-rin-34-years-old/,https://cdn.javmiku.com/wp-content/uploads/2026/09/140gs2146pl-550x374.jpg
https://jav.guru/1048966/gma-103-bondage-trained-wife-reunion-and-subjugation-with-the-former-boss-she-once-had-a-physical-relationship-with-a-lewd-wife-who-satisfies-her-fetishes-while-claiming-its-for-her-husband-kur/,https://cdn.javmiku.com/wp-content/uploads/2026/09/gma103pl-550x374.jpg
https://jav.guru/1048967/gma-102-bondage-trained-wife-her-dead-husbands-perverted-fetish-and-the-secret-she-never-knew-a-widowed-wife-drowning-in-her-father-in-laws-ropes-harumi-kyomoto/,https://cdn.javmiku.com/wp-content/uploads/2026/09/gma102pl-550x374.jpg
https://jav.guru/1048969/fns-253-to-escape-a-sudden-downpour-a-male-and-female-classmate-sneak-into-the-school-building-at-night-and-find-themselves-alone-warming-their-drenched-see-through-bodies-until-they-entwine-hamab/,https://cdn.javmiku.com/wp-content/uploads/2026/09/FNS-253-550x374.jpg
https://jav.guru/1048974/dldss-534-married-secretarys-secret-cunnilingus-affair-under-the-desk-suzume-mino/,https://cdn.javmiku.com/wp-content/uploads/2026/09/1dldss534pl-550x374.jpg
https://jav.guru/1048975/dazd-306-pussy-and-deep-throat-simultaneous-skewer-sandbag-best/,https://cdn.javmiku.com/wp-content/uploads/2026/09/dazd306pl-550x374.jpg
https://jav.guru/1048985/bagr-092-furious-flaunting-ntr-the-big-tits-girlfriend-who-was-almost-dumped-by-her-boyfriend-tests-her-boyfriends-love-with-a-pitch-black-vengeful-heart-like-a-black-lily-ruka-itoi/,https://cdn.javmiku.com/wp-content/uploads/2026/09/bagr092pl-550x374.jpg
https://jav.guru/1048991/apak-337-creampie-voluptuous-masochist-climax-angel-nami-no-im-cumming-cumming-break-me-demon-piston-intense-orgasms-for-the-innocent-sakamichi-style-beautiful-girl-student-tearful-deepthr/,https://cdn.javmiku.com/wp-content/uploads/2026/09/apak337pl-550x374.jpg
https://jav.guru/1048992/anb-263-my-beautiful-and-lewd-aunts-natural-slutty-ways-are-irresistible-to-me-senami-ugaki/,https://cdn.javmiku.com/wp-content/uploads/2026/09/anb263pl-550x374.jpg
https://jav.guru/1048993/aldn-611-from-now-on-im-offering-up-my-wife-shell-come-home-after-cheating-for-the-first-time-tae-kosaka/,https://cdn.javmiku.com/wp-content/uploads/2026/09/aldn611pl-550x374.jpg
https://jav.guru/1048994/aldn-610-mother-in-law-youre-way-better-than-my-wife-mai-fuyuki/,https://cdn.javmiku.com/wp-content/uploads/2026/09/aldn610pl-550x374.jpg
https://jav.guru/1048995/aed-263-incest-vaginal-creampie-for-a-mom-in-her-fifties-sumire-mihara/,https://cdn.javmiku.com/wp-content/uploads/2026/09/aed263pl-550x374.jpg
https://jav.guru/1049247/xvsr-397-max-a-exclusive-actress-ban-lifted-first-time-in-her-life-raw-creampie-sex-intimate-documentary-aori-arihoshi/,https://cdn.javmiku.com/wp-content/uploads/2026/09/xvsr397sopl-550x374.jpg
https://jav.guru/1049248/xvsr-395-growth-diary-from-losing-her-virginity-a-19-year-olds-real-sex-sayo-fujiwara/,https://cdn.javmiku.com/wp-content/uploads/2026/09/xvsr395sopl-550x374.jpg
https://jav.guru/1049260/kidm-599b-untitled-yamamoto-riko-blu-ray-disc/,https://cdn.javmiku.com/wp-content/uploads/2026/09/n_945kidm599bpl-550x374.jpg
https://jav.guru/1049282/cesd-107-sorry-for-squirting-so-much-from-feeling-too-good-massive-squirting-sex-where-i-cum-over-and-over-until-my-mind-goes-completely-blank-ayu-sakurai/,https://cdn.javmiku.com/wp-content/uploads/2026/09/cesd107pl-550x374.jpg
https://jav.guru/1049283/cesd-106-the-proprietress-of-the-downtown-oden-shop-who-brings-happiness-2-yumi-kazama/,https://cdn.javmiku.com/wp-content/uploads/2026/09/cesd106pl-550x374.jpg
https://jav.guru/1049287/bvd-001-neo-bleeding-big-uniform-uncut-vol-1/,https://cdn.javmiku.com/wp-content/uploads/2026/09/44bvd001pl-550x374.jpg
https://jav.guru/1049502/xvsr-349-shocking-transfer-mitsubas-exclusive-debut-with-max-a/,https://cdn.javmiku.com/wp-content/uploads/2026/09/xvsr349sopl-550x374.jpg
https://jav.guru/1049503/xvsr-306-regarding-the-matter-of-my-little-sister-being-a-lewd-tsundere-little-devil-rin-hatsumi/,https://cdn.javmiku.com/wp-content/uploads/2026/09/xvsr306sopl-550x374.jpg
https://jav.guru/1049504/whx-041-everyones-twisted-sexual-fetishes-show-them-already-rec01-recent-couples-full-fetish-exposure-log-nanami-miki/,https://cdn.javmiku.com/wp-content/uploads/2026/09/h_849whx041pl-550x374.jpg
https://jav.guru/1049512/thsd-004-beautiful-mature-women-pissing-grand-encyclopedia-4/,https://cdn.javmiku.com/wp-content/uploads/2026/09/thsd004pl-550x374.jpg
https://jav.guru/1049513/svcao-029-chikan-antlion-hell-contagious-%e2%87%92-proliferating-group-bestial-lust-on-duty-woman-used-as-raw-cock-plaything-by-sweat-stinking-laborers-in-the-mens-territory-she-absolutely-c/,https://cdn.javmiku.com/wp-content/uploads/2026/09/1svcao029pl-550x374.jpg
https://jav.guru/1049516/start-636-rei-kamiki-all-full-nude-sex-special-extreme-focus-on-the-nasty-joining-parts-super-obscene-angles-complete-compilation/,https://cdn.javmiku.com/wp-content/uploads/2026/09/1start636pl-550x374.jpg
https://jav.guru/1049517/start-631-ejaculation-addiction-improvement-treatment-center-tenjin-hagoromo-new-medical-worker-ms-a-alias-supports-the-tireless-cock-suffering-from-abnormal-sexual-desire/,https://cdn.javmiku.com/wp-content/uploads/2026/09/1start631pl-550x374.jpg
https://jav.guru/1049521/sgki-119-the-piston-vibe-proof-photo-box-that-says-youll-absolutely-pass-if-you-stick-the-photo-taken-here-a-demure-nurse-keeps-smiling-no-matter-how-hard-shes-thrust/,https://cdn.javmiku.com/wp-content/uploads/2026/09/1sgki119pl-550x374.jpg
https://jav.guru/1049522/sgki-103-magic-mirror-number-limited-to-intelligent-college-girls-aspiring-to-be-announcers-female-announcer-live-commentary-challenge-squirting-raw-broadcast-while-relaying-to-an-outdoor-special/,https://cdn.javmiku.com/wp-content/uploads/2026/09/1sgki103pl-550x374.jpg
https://jav.guru/1049523/sdnm-563-sns-follower-90000-married-taxi-driver-ranko-haruki-45-years-old-final-chapter-outdoor-sex-exposure-and-7p-torment-for-the-clueless-married-woman-a-shameful-hot-spring-trip-full-of-first/,https://cdn.javmiku.com/wp-content/uploads/2026/09/1sdnm563pl-550x374.jpg
https://jav.guru/1049524/sdnm-561-how-much-can-you-make-doing-av-work-and-childcare-are-tough-but-of-course-i-want-sex-blonde-single-mom-living-in-osaka-shibuya-tsukiki-31-years-old-av-debut/,https://cdn.javmiku.com/wp-content/uploads/2026/09/1sdnm561pl-550x374.jpg
https://jav.guru/1049525/sdam-181-dont-judge-by-appearances-even-black-gals-are-serious-from-demure-girl-to-gal-and-then-to-av-to-spread-gal-culture-habitat-ueno-occupation-black-gal-ciel-kururugi-av-debut/,https://cdn.javmiku.com/wp-content/uploads/2026/09/1sdam181pl-550x374.jpg
https://jav.guru/1049526/sdab-357-18-year-olds-first-raw-creampie-the-sex-education-you-learn-in-class-has-a-big-mistake-you-know-real-sex-doesnt-need-a-condom-young-lady-and-cumming-inside-feels-really-good-airi/,https://cdn.javmiku.com/wp-content/uploads/2026/09/1sdab357pl-550x374.jpg
https://jav.guru/1049528/scop-892-beautiful-high-school-girls-of-the-right-age-have-completed-impregnation-nonstop-creampie-sex-with-a-1000-fap-index-best/,https://cdn.javmiku.com/wp-content/uploads/2026/09/scop892pl-550x374.jpg
https://jav.guru/1049530/scd-250-my-longed-for-sister-in-law-n-no-way-amemiya-rin/,https://cdn.javmiku.com/wp-content/uploads/2026/09/scd250pl-550x374.jpg
https://jav.guru/1049531/saba-962-when-you-cum-inside-sperm-is-this-warm-15-still-undeveloped-flat-chested-girls-awaken-to-the-pleasure-of-their-first-vaginal-orgasm-creampies-in-memorial-sex-300-minutes/,https://cdn.javmiku.com/wp-content/uploads/2026/09/saba962pl-550x374.jpg
https://jav.guru/1049532/saba-960-amateur-pussy-spread-observation-14-national-university-coeds-edition-4k-camera-ultra-close-ups-at-point-blank-range-so-close-the-glistening-labia-look-almost-see-through-shy-orgasm-mastur/,https://cdn.javmiku.com/wp-content/uploads/2026/09/saba960pl-550x374.jpg
https://jav.guru/1049533/real-755-blowjob-princess-kurumi-tamaki/,https://cdn.javmiku.com/wp-content/uploads/2026/09/84real755pl-550x374.jpg
https://jav.guru/1049535/okzu-018-must-see-for-those-who-want-to-masturbate-while-looking-at-a-ripe-mature-womans-body-rather-than-young-girls-have-your-cock-toyed-with-by-a-pheromone-oozing-erotic-mature-woman/,https://cdn.javmiku.com/wp-content/uploads/2026/09/okzu018pl-550x374.jpg
https://jav.guru/1049536/okzu-017-while-receiving-a-massage-all-you-can-see-tits-and-pussy-close-contact-intense-fully-naked-massage/,https://cdn.javmiku.com/wp-content/uploads/2026/09/okzu017pl-550x374.jpg
https://jav.guru/1049539/nld-030-this-married-woman-is-my-exclusive-gokkun-vtuber/,https://cdn.javmiku.com/wp-content/uploads/2026/09/24nld030pl-550x374.jpg
https://jav.guru/1049541/nhdtc-207-natural-high-annual-best-2025-we-want-to-defile-himari-kosaka-again-and-again/,https://cdn.javmiku.com/wp-content/uploads/2026/09/1nhdtc207pl-550x374.jpg
https://jav.guru/1049542/nhdtc-174-natural-high-award-2025-queen-annual-best-we-want-to-defile-akana-ito-again-and-again/,https://cdn.javmiku.com/wp-content/uploads/2026/09/1nhdtc174pl-550x374.jpg
https://jav.guru/1049543/namh-075-g-cup-healthy-body-takes-13-loads-kind-older-sisters-genuine-creampie-ban-lifted-ruru-hagawa/,https://cdn.javmiku.com/wp-content/uploads/2026/09/1namh00075pl-550x374.jpg
https://jav.guru/1049545/mopa-024-m-kings-who-cant-hold-back/,https://cdn.javmiku.com/wp-content/uploads/2026/09/mopa024sopl-550x374.jpg
https://jav.guru/1049547/mist-516-dangerous-day-direct-hit-soapland-where-you-can-make-babies-67-shiori-tsukada/,https://cdn.javmiku.com/wp-content/uploads/2026/09/1mist516pl-550x374.jpg
https://jav.guru/1049548/mist-514-is-it-fun-to-keep-teasing-my-nipples-that-get-so-sensitively-turned-on-yuna-hinata-nagi-yasaka-akari-minase/,https://cdn.javmiku.com/wp-content/uploads/2026/09/1mist514pl-550x374.jpg
https://jav.guru/1049549/mist-293-hitting-her-fertile-day-baby-making-soapland-19-monami-takarada/,https://cdn.javmiku.com/wp-content/uploads/2026/09/1mist293pl-550x374.jpg
https://jav.guru/1049552/midd-963-sumata-x-titjob-x-assjob-etc-service-sex-that-makes-you-cum-using-all-of-natsuki-annas-body/,https://cdn.javmiku.com/wp-content/uploads/2026/09/midd963pl-550x374.jpg
https://jav.guru/1049554/mdvij-028-the-stepmother-who-ends-up-drowning-in-the-huge-cock-of-her-husbands-insatiable-stepson-chapter-9/,https://cdn.javmiku.com/wp-content/uploads/2026/09/48mdvij028pl-550x374.jpg
https://jav.guru/1049558/lwq-006-uniform-extreme-masochist-beautiful-girl-asphyxiation-throat-juice-sex-organs-kanna-watai/,https://cdn.javmiku.com/wp-content/uploads/2026/09/h_1294lwq006pl-550x374.jpg
https://jav.guru/1049559/love-051-i-balance-male-fist-fucking-cum-bukkake-free-position-flexible-body-fuck/,https://cdn.javmiku.com/wp-content/uploads/2026/09/h_491love51pl-550x374.jpg
https://jav.guru/1049560/lol-247-huh-no-matter-how-much-i-wipe-it-it-keeps-getting-wet-eh-no-stop-dont-touch-me-friends-dad-stop-teasing-my-daughters-friend-with-shaved-pussy-creampie-sex/,https://cdn.javmiku.com/wp-content/uploads/2026/09/12lol247pl-550x374.jpg
https://jav.guru/1049561/ktra-756-breeding-sex-with-naive-little-sisters-4-hours/,https://cdn.javmiku.com/wp-content/uploads/2026/09/ktra756pl-550x374.jpg
https://jav.guru/1049562/ktra-755-obedient-smooth-pussy-sex-relief-attendant-4-hours/,https://cdn.javmiku.com/wp-content/uploads/2026/09/ktra755pl-550x374.jpg
https://jav.guru/1049563/ktra-754-sex-collection-with-baby-faced-big-tits-girls-2-4-hours/,https://cdn.javmiku.com/wp-content/uploads/2026/09/ktra754pl-550x374.jpg
https://jav.guru/1049564/ksbj-184-newlywed-niece-seduces-her-uncle-ena-koume/,https://cdn.javmiku.com/wp-content/uploads/2026/09/ksbj184pl-550x374.jpg
https://jav.guru/1049568/kbtk-020-forgive-me-beautiful-wives-unsatisfied-by-ordinary-sex-with-their-husbands-wear-luxury-t-back-thongs-and-shamefully-expose-their-lower-bodies/,https://cdn.javmiku.com/wp-content/uploads/2026/09/kbtk020pl-550x374.jpg
https://jav.guru/1049574/jksr-709-edging-salon-where-they-wont-let-you-cum-even-if-you-want-to-convulsing-climax-from-sticky-massage/,https://cdn.javmiku.com/wp-content/uploads/2026/09/57jksr709pl-550x374.jpg
https://jav.guru/1049579/hodv-21702-teacher-if-im-not-just-a-plaything-to-you-then-cum-without-a-condom-pressured-into-pregnancy-sex-by-the-student-id-been-casually-cheating-with-my-mind-went-blank-and-i-ended-up-c/,https://cdn.javmiku.com/wp-content/uploads/2026/09/41hodv21702pl-550x374.jpg
https://jav.guru/1049580/hale-076-mom-friend-eating-infinite-loop-vol-71-yuki-koiro/,https://cdn.javmiku.com/wp-content/uploads/2026/09/hale076pl-550x374.jpg
https://jav.guru/1049582/dldss-542-before-dad-fucks-stepmom-ill-impregnate-her-for-him-nozomi-tanihara/,https://cdn.javmiku.com/wp-content/uploads/2026/09/1dldss542pl-550x374.jpg
https://jav.guru/1049584/cjob-194-embarrassing-but-it-feels-so-fucking-good-kneading-the-cock-right-after-ejaculation-squeeze-squeeze-wont-let-go-im-already-squirting-i-told-you-follow-up-male-squirt-best/,https://cdn.javmiku.com/wp-content/uploads/2026/09/cjob194pl-550x374.jpg
https://jav.guru/1049585/cherd-104-is-bareback-with-an-older-woman-okay-for-my-first-time-virgin-guy-has-the-ultimate-deflowering-sex-with-a-married-mature-woman-konoe-tazaki/,https://cdn.javmiku.com/wp-content/uploads/2026/09/h_086cherd104pl-550x374.jpg
https://jav.guru/1049589/bagr-084-god-tier-gal-bitch-reverse-picks-up-guys-and-takes-them-to-her-room-outstanding-figure-slut-nympho-gal-serina-nashiki/,https://cdn.javmiku.com/wp-content/uploads/2026/09/bagr084pl-550x374.jpg
https://jav.guru/1049590/bagr-083-like-a-black-rose-that-never-perishes-the-abnormal-love-of-a-landmine-menhera-girlfriend-momoka-fukuda/,https://cdn.javmiku.com/wp-content/uploads/2026/09/bagr083pl-550x374.jpg
https://jav.guru/1049591/awaw-021-the-god-tier-mens-esthetic-girl-at-a-no-touching-no-release-mens-spa-somewhere-in-shibuya-who-is-actually-weak-to-pressure-and-will-let-you-fuck-her-mao-20-years-old-t154-b90-g-w59/,https://cdn.javmiku.com/wp-content/uploads/2026/09/h_1819awaw021pl-550x374.jpg
https://jav.guru/1049592/akdl-366-the-sly-female-employee-who-cozies-up-to-men-this-colleague-seduces-by-wrapping-her-pink-tongue-and-is-a-kiss-crazed-slut-honjo-hana/,https://cdn.javmiku.com/wp-content/uploads/2026/09/1akdl00366pl-550x374.jpg
https://jav.guru/1049594/ahk-005-sexually-trained-nurse-sayaka-endo-sayaka/,https://cdn.javmiku.com/wp-content/uploads/2026/09/h_1292ahk005pl-550x374.jpg
https://jav.guru/1050049/xvsr-393-creampie-loving-brocon-older-sisters-naughty-cohabitation-sex-life-with-me-kimito-ayumi/,https://cdn.javmiku.com/wp-content/uploads/2026/09/xvsr393sopl-550x374.jpg
https://jav.guru/1050050/xvsr-392-keep-tormenting-hibiki-otsukis-nipples-and-she-twitches-through-continuous-orgasms/,https://cdn.javmiku.com/wp-content/uploads/2026/09/xvsr392sopl-550x374.jpg
https://jav.guru/1050051/xvsr-389-intense-sex-yuri-oshikawas-real-creampie-sex/,https://cdn.javmiku.com/wp-content/uploads/2026/09/xvsr389sopl-550x374.jpg
https://jav.guru/1050052/xvsr-387-unlimited-ejaculations-home-delivery-soap-nagase-mami/,https://cdn.javmiku.com/wp-content/uploads/2026/09/xvsr387sopl-550x374.jpg
https://jav.guru/1050053/xvsr-383-beautiful-19-year-old-virgin-with-pure-white-skin-determined-av-debut-sayo-fujiwara/,https://cdn.javmiku.com/wp-content/uploads/2026/09/xvsr383sopl-550x374.jpg
https://jav.guru/1050054/umd-1020-even-though-theyre-just-doing-yoga-the-provocative-dog-pose-somehow-keeps-drawing-your-eyes-to-their-nipples-6-erotic-pokie-instructors-that-leave-you-not-knowing-where-to-look-par/,https://cdn.javmiku.com/wp-content/uploads/2026/09/125umd1020pl-550x374.jpg
https://jav.guru/1050055/umd-1019-mishap-during-sumata-play-while-practicing-sex-with-my-little-sister-it-accidentally-slipped-right-in-13/,https://cdn.javmiku.com/wp-content/uploads/2026/09/125umd1019pl-550x374.jpg
https://jav.guru/1050056/umd-1018-i-tried-making-my-sisters-and-girlfriends-crotches-explode-with-the-rumored-super-dangerous-energy-drink-sensitivity-explosion-sensitive-aphrodisiac/,https://cdn.javmiku.com/wp-content/uploads/2026/09/125umd1018pl-550x374.jpg
https://jav.guru/1050057/umd-1017-alluring-protrusion-the-lonely-wife-next-door/,https://cdn.javmiku.com/wp-content/uploads/2026/09/125umd1017pl-550x374.jpg
https://jav.guru/1050063/scop-695-areolas-peeking-from-the-cleavage-nipples-sticking-out-maam-theyre-showing-30-no-bra-married-women-4-hours/,https://cdn.javmiku.com/wp-content/uploads/2026/09/84scop695pl-550x374.jpg
https://jav.guru/1050064/scop-690-instant-effect-frenzy-from-ultra-effects-women-hooked-on-a-super-powerful-aphrodisiac-who-went-crazy-cumming-best4-4-hours/,https://cdn.javmiku.com/wp-content/uploads/2026/09/84scop690pl-550x374.jpg
https://jav.guru/1050065/real-746-insatiable-white-gyaru-eldest-daughters-domestic-cock-training-ameri-hoshi/,https://cdn.javmiku.com/wp-content/uploads/2026/09/84real746pl-550x374.jpg
https://jav.guru/1050067/migd-701-big-tits-black-gyarus-high-speed-cowgirl-creampie-is-super-crazy%e2%98%86-chinami-sakura/,https://cdn.javmiku.com/wp-content/uploads/2026/09/migd701pl-550x374.jpg
https://jav.guru/1050070/love-096-obedient-exposure-hot-spring-aoi-shirasaki/,https://cdn.javmiku.com/wp-content/uploads/2026/09/h_491love96pl-550x374.jpg
https://jav.guru/1050071/love-094-local-hide-and-seek-i-found-the-apartment-complex-girl/,https://cdn.javmiku.com/wp-content/uploads/2026/09/h_491love94pl-550x374.jpg
https://jav.guru/1050072/love-092-18-year-old-%e2%98%86-supernova-kira-kira-surprise-av-shoot-immediately-3-days-after-high-school-graduation-rion-chigasaki/,https://cdn.javmiku.com/wp-content/uploads/2026/09/h_491love92pl-550x374.jpg
https://jav.guru/1050073/love-090-please-keep-me-as-livestock-the-small-titted-girl-with-a-fistable-pussy-5/,https://cdn.javmiku.com/wp-content/uploads/2026/09/h_491love00090pl-550x374.jpg
https://jav.guru/1050074/love-087-138cm-real-young-girls-naughty-sex-budding-pubic-hair-short-girl-erika/,https://cdn.javmiku.com/wp-content/uploads/2026/09/h_491love87pl-550x374.jpg
https://jav.guru/1050075/ksbj-183-sexy-wives-best-6-women/,https://cdn.javmiku.com/wp-content/uploads/2026/09/ksbj183pl-550x374.jpg
https://jav.guru/1050076/ksbj-180-its-been-seven-years-since-i-lost-my-husband-out-of-loneliness-i-with-my-two-sons-maiko-kashiwagi/,https://cdn.javmiku.com/wp-content/uploads/2026/09/ksbj180pl-550x374.jpg
https://jav.guru/1050077/ksbj-179-20-plump-mature-women-with-huge-tits/,https://cdn.javmiku.com/wp-content/uploads/2026/09/ksbj179pl-550x374.jpg
https://jav.guru/1050078/ksbj-177-seduced-by-my-younger-brothers-wife-with-a-voracious-sex-drive-nono-yuki/,https://cdn.javmiku.com/wp-content/uploads/2026/09/ksbj177pl-550x374.jpg
https://jav.guru/1050079/ksbj-176-creampie-for-20-slender-beautiful-mature-women-with-toned-slim-waists/,https://cdn.javmiku.com/wp-content/uploads/2026/09/ksbj176pl-550x374.jpg
https://jav.guru/1050092/id-041-incest-with-my-little-sister-that-reignites-during-a-visit-home-2-disc-set-8-hours/,https://cdn.javmiku.com/wp-content/uploads/2026/09/h_113id041pl-550x374.jpg
https://jav.guru/1050093/hodv-21795-affairs-and-cheating-are-totally-normal-super-slutty-beautiful-women-with-endless-stamina-240-min-dx/,https://cdn.javmiku.com/wp-content/uploads/2026/09/41hodv21795pl-550x374.jpg
https://jav.guru/1050095/fns-256-arent-you-embarrassed-to-get-an-erection-outside-the-nympho-boss-pushes-her-masochistic-subordinate-who-has-a-girlfriend-to-the-limit-tsubasa-mai/,https://cdn.javmiku.com/wp-content/uploads/2026/09/FNS-256-550x374.jpg
https://jav.guru/1050097/fneo-065-you-started-basketball-with-me-while-thinking-you-wouldnt-get-creampied-miria-hazuki/,https://cdn.javmiku.com/wp-content/uploads/2026/09/h_491fneo065pl-550x374.jpg
https://jav.guru/1050098/dori-073-paco-dori-no-73-three-creampies-in-the-smooth-pussy-of-a-little-devil-schoolgirl-who-toys-with-men-saying-i-like-guys-who-are-only-nice-to-me%e2%97%86-she-looked-anxious-so-i-covered/,https://cdn.javmiku.com/wp-content/uploads/2026/09/h_491dori073pl-550x374.jpg
https://jav.guru/1050099/dori-072-fuck-filming-no-72/,https://cdn.javmiku.com/wp-content/uploads/2026/09/h_491dori072pl-550x374.jpg
https://jav.guru/1050100/dori-071-fuck-filming-no-71/,https://cdn.javmiku.com/wp-content/uploads/2026/09/h_491dori071pl-550x374.jpg
https://jav.guru/1050101/dori-066-pov-fuck-no-66-creampied-a-total-of-3-times-the-petite-h-cup-high-school-girl-who-always-begs-give-me-a-titjob%e2%97%86-when-we-have-sex/,https://cdn.javmiku.com/wp-content/uploads/2026/09/h_491dori066pl-550x374.jpg
https://jav.guru/1050103/cesd-108-sorry-for-squirting-so-much-from-feeling-too-good-2-losing-myself-in-the-intense-pleasure-of-relentless-clit-play-facial-squirt-bukkake-slut-sex-nanami-hirose/,https://cdn.javmiku.com/wp-content/uploads/2026/09/cesd108pl-550x374.jpg
https://jav.guru/1050104/cesd-104-female-fixer-a-fixer-is-an-ally-of-frail-women-who-punishes-the-heinous-ruthless-men-rampaging-through-this-world-with-her-sharp-mind-and-ripe-body-the-heisei-era-punisher-ayako-inoue/,https://cdn.javmiku.com/wp-content/uploads/2026/09/cesd104pl-550x374.jpg
https://jav.guru/1050105/cesd-102-female-scumbag-lawyer-accepting-everything-from-divorce-defense-to-criminal-cases-at-bargain-prices-the-body-seduction-secret-negotiation-techniques-that-snatch-victory-from-any-vicious-o/,https://cdn.javmiku.com/wp-content/uploads/2026/09/cesd102pl-550x374.jpg
https://jav.guru/1050106/cesd-100-relationship-breaker-breakup-specialist-2-the-seductive-beautiful-sluts-pleasure-negotiation-techniques-that-always-take-down-her-targeted-prey-nanami-hirose/,https://cdn.javmiku.com/wp-content/uploads/2026/09/cesd100pl-550x374.jpg
https://jav.guru/1050107/c-2501-raw-footage-lesbian-hot-spring-trip-06/,https://cdn.javmiku.com/wp-content/uploads/2026/09/140c2501pl-550x374.jpg
https://jav.guru/1050108/c-2500-married-womans-adultery-trip-192/,https://cdn.javmiku.com/wp-content/uploads/2026/09/140c2500pl-550x374.jpg
https://jav.guru/1050109/c-2496-cuckolding-the-wife-right-next-to-her-dead-drunk-husband-08/,https://cdn.javmiku.com/wp-content/uploads/2026/09/140c02496pl-550x374.jpg
https://jav.guru/1050110/c-2495-mature-wife-interview-pov-fuck-22/,https://cdn.javmiku.com/wp-content/uploads/2026/09/140c02495pl-550x374.jpg
https://jav.guru/1050111/bobb-325-maximizing-the-charm-of-her-godly-explosive-j-cup-tits-carefully-selected-6-situations-boin-mizuhara-misono-box-2-fetish-fans-please-be-sure-to-check-it-out/,https://cdn.javmiku.com/wp-content/uploads/2026/09/bobb325pl-550x374.jpg
https://jav.guru/1050112/bobb-324-j-cup-divine-explosive-tits-boin-misono-mizuhara-box-the-boin-master-is-back-the-tit-fetish-play-bible-of-rubbing-licking-sucking-sandwiching-and-shaking-that-big-tits-maniacs-droo/,https://cdn.javmiku.com/wp-content/uploads/2026/09/bobb324pl-550x374.jpg
https://jav.guru/1050113/bobb-321-madoka-suzaki-the-big-areola-maids-overly-sensitive-puffy-areolas-thorough-tit-play-service/,https://cdn.javmiku.com/wp-content/uploads/2026/09/bobb321pl-550x374.jpg
https://jav.guru/1050114/bobb-320-inaba-ruka-in-uniform-the-gap-moe-of-a-baby-face-with-h-cups-a-full-course-of-breast-teasing-to-thoroughly-savor-her-tits/,https://cdn.javmiku.com/wp-content/uploads/2026/09/bobb320pl-550x374.jpg
https://jav.guru/1050115/bkd-231-mother-son-copulation-yukie-mizukami/,https://cdn.javmiku.com/wp-content/uploads/2026/09/bkd231sopl-550x374.jpg
https://jav.guru/1050116/bkd-221-mother-son-copulation-shiho-terashima/,https://cdn.javmiku.com/wp-content/uploads/2026/09/bkd221sopl-550x374.jpg
https://jav.guru/1050424/mcsr-617-skillful-and-spicy-treatments-awaken-sexual-sensations-caution-cumming-too-much-exclusive-esthetic-salon-for-married-women/,https://cdn.javmiku.com/wp-content/uploads/2026/09/57mcsr617pl-550x374.jpg
https://jav.guru/1050432/akid-123-married-women-welcome-i-secretly-filmed-everything-of-the-mature-women-who-fucked-like-crazy-at-my-home-26-seina-san-g-cup-31-years-old-a-beautiful-sexually-frustrated-wife-bursting-w/,https://cdn.javmiku.com/wp-content/uploads/2026/09/akid123pl-550x374.jpg
https://jav.guru/1050437/731aege-0014-iron-chain-restraint-torture-hells-boneless-ham-mizuki-sanada/,https://cdn.javmiku.com/wp-content/uploads/2023/03/pb_e_731aege-0014-550x374.jpg
https://jav.guru/1050851/xvsr-385-incontinence-sex-wetting-ban-lifted-the-young-ladys-holy-water-aori-arihoshi/,https://cdn.javmiku.com/wp-content/uploads/2026/09/xvsr385sopl-550x374.jpg
https://jav.guru/1050852/tnoz-050-crushing-the-arrogant-pride-of-a-19-year-old-cosplayer-who-thinks-shes-an-idol-with-deepthroat-throat-piston-fucking-from-a-super-huge-cock-that-nearly-unhinges-her-jaw/,https://cdn.javmiku.com/wp-content/uploads/2026/09/tnoz050pl-550x374.jpg
https://jav.guru/1050856/scop-921-at-an-underground-brothel-that-offers-real-sex-i-secretly-took-off-the-condom-without-the-girl-noticing-and-plunged-in-for-a-deep-raw-creampie-8-tokyo-ota-ku-kamata-rental-room/,https://cdn.javmiku.com/wp-content/uploads/2026/09/scop921pl-550x374.jpg
https://jav.guru/1050857/rebd-1065-sora3-the-sunshine-that-envelops-you-eren-sora/,https://cdn.javmiku.com/wp-content/uploads/2026/09/h_346rebd1065pl-550x374.jpg
https://jav.guru/1050858/rebd-1064-non9-love-colored-vacation-nonoura-non/,https://cdn.javmiku.com/wp-content/uploads/2026/09/h_346rebd1064pl-550x374.jpg
https://jav.guru/1050859/rebd-1063-aika4-happy-gal-rush-aika/,https://cdn.javmiku.com/wp-content/uploads/2026/09/h_346rebd1063pl-550x374.jpg
https://jav.guru/1050860/rebd-1062-meguri-3-sweet-whispers-of-paradise-meguri/,https://cdn.javmiku.com/wp-content/uploads/2026/09/h_346rebd1062pl-550x374.jpg
https://jav.guru/1050861/prin-066-eh-milk-cow-tits-the-cosplayer-girl-who-shakes-her-holstein-natural-beautiful-huge-tits-all-bouncy-and-the-strongest-legal-cosplayer-girl-with-a-minimum-body-g-cup-big-tits-anime/,https://cdn.javmiku.com/wp-content/uploads/2026/09/prin066pl-550x374.jpg
https://jav.guru/1050863/love-088-the-tiny-girl-is-a-lewd-sex-doll-kagami-shuna/,https://cdn.javmiku.com/wp-content/uploads/2026/09/h_491love88pl-550x374.jpg
https://jav.guru/1050864/ksbj-175-having-an-affair-at-home-behind-her-husbands-back-mayuka-kitagawa/,https://cdn.javmiku.com/wp-content/uploads/2026/09/ksbj175pl-550x374.jpg
https://jav.guru/1050865/ksbj-174-8-beautiful-fifty-something-mothers-in-law-who-ended-up-having-sex-with-their-sons-in-law-during-a-man-drought/,https://cdn.javmiku.com/wp-content/uploads/2026/09/ksbj174pl-550x374.jpg
https://jav.guru/1050866/ksbj-144-reunion-natsu-tojo/,https://cdn.javmiku.com/wp-content/uploads/2026/09/ksbj144pl-550x374.jpg
https://jav.guru/1050872/id-047-my-beloved-call-girl-is-like-a-gentle-mother-shes-a-spoiled-girl-who-is-buried-in-her-voluptuous-body-i-push-her-thick-pussy-aside-and-insert-it-raw-i-shoot-raw-semen-into-the-vagina/,https://cdn.javmiku.com/wp-content/uploads/2026/09/h_113id047pl-550x374.jpg
https://jav.guru/1050873/id-043-beloved-deriheru-miss-serious-neighborhood-big-ass-beautiful-wife-edition-a-beautiful-and-plump-new-married-woman-tsukasa-nagano/,https://cdn.javmiku.com/wp-content/uploads/2026/09/h_113id043pl-550x374.jpg
https://jav.guru/1050876/hsm-090-virginity-graduation-minimum-lli-type-beautiful-virgin-otoko-no-ko-tomoe-mei-18-years-old-av-debut/,https://cdn.javmiku.com/wp-content/uploads/2026/09/h_458hsm090pl-550x374.jpg
https://jav.guru/1050877/hez-922-lewd-wife-who-wants-to-reboot-i-want-to-expose-my-true-slutty-self/,https://cdn.javmiku.com/wp-content/uploads/2026/09/59hez922pl-550x374.jpg
https://jav.guru/1050878/hez-920-even-though-im-in-a-shared-room-my-dick-is-throbbing-and-i-cant-sleep-so-a-sexy-and-cute-married-nurse-is-there-to-squeeze-out-my-sperm-for-me/,https://cdn.javmiku.com/wp-content/uploads/2026/09/59hez920pl-550x374.jpg
https://jav.guru/1050879/hez-919-a-pre-menopausal-mature-woman-who-handles-the-sexual-desire-left-over-from-being-busy-with-housework-and-childcare-via-anal-at-home-from-midday-saying-cheating-is-impossible-so-yuria/,https://cdn.javmiku.com/wp-content/uploads/2026/09/59hez919pl-550x374.jpg
https://jav.guru/1050880/hez-916-convenience-store-part-time-wife-starts-a-meat-onahole-side-job-with-the-male-part-timer-in-the-break-room-asami-mizumi/,https://cdn.javmiku.com/wp-content/uploads/2026/09/59hez916pl-550x374.jpg
https://jav.guru/1050884/fneo-066-someone-like-me-whos-short-and-flat-chested-the-20-year-old-college-girl-whose-embarrassed-smile-is-cute-loses-her-virginity/,https://cdn.javmiku.com/wp-content/uploads/2026/09/h_491fneo066pl-550x374.jpg
https://jav.guru/1050885/fit-008-first-shoot-now-that-ive-turned-20-i-tried-appearing-in-an-av-on-a-whim-nanami-yagami/,https://cdn.javmiku.com/wp-content/uploads/2026/09/118fit008pl-550x374.jpg
https://jav.guru/1050886/fays-016-my-student-turns-into-a-sex-friend-ayaka-matsumoto/,https://cdn.javmiku.com/wp-content/uploads/2026/09/55fays016pl-550x374.jpg
https://jav.guru/1050895/dldss-533-today-again-an-after-school-on-campus-date-with-my-older-girlfriend-naho-ozawa/,https://cdn.javmiku.com/wp-content/uploads/2026/09/1dldss533pl-550x374.jpg
https://jav.guru/1050896/cnstv-032-married-woman-ambushed-unconscious-with-a-sleeper-hold-free-rein-over-her-whole-body-and-breeding-her-at-will-008/,https://cdn.javmiku.com/wp-content/uploads/2026/09/h_1472cnstv00032pl-550x374.jpg
https://jav.guru/1050897/cnstv-031-43-year-old-super-lewd-glamorous-l-cup-huge-tits-body-lust-monster-married-womans-challenge-reika-toyota/,https://cdn.javmiku.com/wp-content/uploads/2026/09/h_1472cnstv00031pl-550x374.jpg
https://jav.guru/1050898/cesd-103-the-moment-a-woman-becomes-a-bitch-first-experience-at-23-the-unleashed-sexual-desire-of-a-late-blooming-sensitive-married-woman-sakura-hanamitsu/,https://cdn.javmiku.com/wp-content/uploads/2026/09/cesd103pl-550x374.jpg
https://jav.guru/1050899/cesd-098-the-proprietress-of-the-downtown-oden-shop-that-brings-happiness-chiori-shirakawa/,https://cdn.javmiku.com/wp-content/uploads/2026/09/cesd098pl-550x374.jpg
https://jav.guru/1050900/c-2493-married-womans-cuckold-hot-spring-trip/,https://cdn.javmiku.com/wp-content/uploads/2026/09/140c02493pl-550x374.jpg
https://jav.guru/1050901/c-2466-married-woman-selfie-ntr-cuckold-report-video-03/,https://cdn.javmiku.com/wp-content/uploads/2026/09/140c2466pl-550x374.jpg
https://jav.guru/1050902/bobb-322-aoyama-ai-sensitive-g-cup-huge-tits-beautiful-girl-convenience-store-clerk-pov-fuck-x-voyeur-her-crotch-is-also-the-loose-fluffy-type-becoming-a-fuckbuddy-with-no-restraint-lol/,https://cdn.javmiku.com/wp-content/uploads/2026/09/bobb322pl-550x374.jpg
https://jav.guru/1050903/bnst-092-pushers-sana/,https://cdn.javmiku.com/wp-content/uploads/2026/09/bnst00092pl-550x374.jpg
https://jav.guru/1050904/bkd-220-mother-son-mating-mei-yuzuki/,https://cdn.javmiku.com/wp-content/uploads/2026/09/bkd220sopl-550x374.jpg
https://jav.guru/1050905/basj-049-three-middle-aged-kunoichi-time-slip-the-chapter-where-they-go-wild-at-a-reiwa-era-temple-school/,https://cdn.javmiku.com/wp-content/uploads/2026/09/basj049pl-550x374.jpg
https://jav.guru/1050906/basj-048-slutty-mom-friends-well-side-sex-diary-married-women-who-dive-into-orgies-while-their-husbands-are-away/,https://cdn.javmiku.com/wp-content/uploads/2026/09/basj048pl-550x374.jpg
https://jav.guru/1050907/bacj-191-the-nighttime-classroom-is-my-private-love-hotel-a-serious-schoolgirl-wildly-fucks-a-man-in-the-empty-classroom-umi-jini/,https://cdn.javmiku.com/wp-content/uploads/2026/09/bacj191pl-550x374.jpg
https://jav.guru/1050908/apgh-059-the-secret-sugar-daddy-arrangement-of-a-naive-pure-beautiful-girl-tinged-with-a-sense-of-immorality-she-surrenders-herself-to-unknown-pleasures-a-pure-and-obedient-love-doll-sana-takeuc/,https://cdn.javmiku.com/wp-content/uploads/2026/09/apgh059pl-550x374.jpg
https://jav.guru/1050912/abf-384-softly-whispering-in-your-ear-an-invitation-to-an-affair-guaranteed-to-destroy-your-family-nonoura-non/,https://cdn.javmiku.com/wp-content/uploads/2026/09/118abf384pl-550x374.jpg
https://jav.guru/1050913/abf-383-monthly-pov-fuck-instincts-laid-bare-3-full-sex-scenes-remu-suzumori/,https://cdn.javmiku.com/wp-content/uploads/2026/09/118abf383pl-550x374.jpg
https://jav.guru/1051230/vod-063-if-you-like-tits-that-much-ill-keep-sandwiching-them-until-your-balls-are-empty-colossal-tits-demon-squeeze-paizuri-titjob-cumshot-shiho-terashima/,https://cdn.javmiku.com/wp-content/uploads/2026/09/vod063pl-550x374.jpg
https://jav.guru/1051231/vod-062-virgin-boys-assemble-oguri-misao-lures-you-to-cum-with-ultra-dirty-talk-in-the-ultimate-deflowering-creampie-documentary/,https://cdn.javmiku.com/wp-content/uploads/2026/09/vod062pl-550x374.jpg
https://jav.guru/1051232/venx-381-my-aunt-who-came-to-stay-at-my-house-is-so-lovable-that-i-fuck-her-nonstop-from-morning-till-night-for-the-best-two-days-filled-with-eroticism-kaori-mori/,https://cdn.javmiku.com/wp-content/uploads/2026/09/venx381pl-550x374.jpg
https://jav.guru/1051233/vagu-295-locked-up-and-unable-to-hold-her-pee-the-mother-in-law-gushes-with-incontinence-and-my-lust-wont-stop-as-i-creampie-her-to-climax-over-and-over-while-fucking-and-spraying-piss-in-incest/,https://cdn.javmiku.com/wp-content/uploads/2026/09/vagu295pl-550x374.jpg
https://jav.guru/1051237/snos-299-extra-large-newcomer-no-1-style-miu-kibou-av-debut/,https://cdn.javmiku.com/wp-content/uploads/2026/09/snos299pl-550x374.jpg
https://jav.guru/1051238/skmj-789-shonan-bikini-beauties-overflowing-with-babumi-and-maternal-instinct-let-you-suckle-their-tits-while-babying-and-pampering-your-cock-to-make-you-cum-with-nursing-handjobs-30-tit-beauties-4/,https://cdn.javmiku.com/wp-content/uploads/2026/09/h_1324skmj789pl-550x374.jpg
https://jav.guru/1051239/skmj-788-double-bikini-gals-frolicking-at-enoshima-take-on-the-continuous-ejaculation-challenge-showdown-with-an-insatiable-huge-cock-ww-make-the-rock-hard-fully-erect-huge-dick-cum-even-one-more-ti/,https://cdn.javmiku.com/wp-content/uploads/2026/09/h_1324skmj788pl-550x374.jpg
https://jav.guru/1051240/skmj-787-amateur-college-girls-only-knock-cover-rock-paper-scissors-win-and-get-the-prize-money-lose-and-its-immediate-raw-fucking-creampie-sex/,https://cdn.javmiku.com/wp-content/uploads/2026/09/h_1324skmj787pl-550x374.jpg
https://jav.guru/1051241/skmj-786-active-estheticians-working-at-a-luxury-esthetic-salon-take-on-the-challenge-first-time-slippery-oil-handjob-edition/,https://cdn.javmiku.com/wp-content/uploads/2026/09/h_1324skmj786pl-550x374.jpg
https://jav.guru/1051242/skmj-785-its-summer-its-the-sea-its-swimsuit-gals-amateur-young-ladies-in-dazzling-bikinis-on-shonan-beach-wont-you-help-a-virgin-guy-with-his-masturbation-nosebleed-boom-ww-from-those/,https://cdn.javmiku.com/wp-content/uploads/2026/09/h_1324skmj785pl-550x374.jpg
https://jav.guru/1051243/prwf-016-at-the-inn-run-by-a-married-couple-summoned-for-an-old-male-guests-evening-drinks-the-wife-who-fell-into-creampie-hospitality-that-doesnt-end-even-when-morning-comes-sora-komatsu/,https://cdn.javmiku.com/wp-content/uploads/2026/09/prwf016pl-550x374.jpg
https://jav.guru/1051244/prpm-002-intense-old-man-x-sister-brainwashing-we-are-our-new-stepfathers-sex-toys-miyu-aizawa-nanao-ayatsuki/,https://cdn.javmiku.com/wp-content/uploads/2026/09/prpm002pl-550x374.jpg
https://jav.guru/1051245/pred-902-while-my-girlfriend-was-away-i-spent-three-days-having-sweaty-creampie-cheating-sex-nonstop-with-her-best-friend-yuka-miyoshi/,https://cdn.javmiku.com/wp-content/uploads/2026/09/pred902pl-550x374.jpg
https://jav.guru/1051246/pred-899-class-reunion-cuckold-on-a-night-of-no-contact-my-wife-was-being-creampied-by-her-perfectly-compatible-ex-boyfriend-behind-my-back-yukimura-izuki/,https://cdn.javmiku.com/wp-content/uploads/2026/09/pred899pl-550x374.jpg
https://jav.guru/1051247/pred-898-even-old-geezer-customers-get-rock-hard-and-insatiable-tongue-kissing-ptom-until-your-cock-goes-stupid-full-power-service-in-embarrassing-outfits-cumming-nonstop-creampie-massage-kana-ta/,https://cdn.javmiku.com/wp-content/uploads/2026/09/pred898pl-550x374.jpg
https://jav.guru/1051248/pred-894-mom-is-hooked-on-a-scumbag-guy-im-being-frced-to-help-with-that-yuna-hinata/,https://cdn.javmiku.com/wp-content/uploads/2026/09/pred894pl-550x374.jpg
https://jav.guru/1051249/pred-890-continuous-creampie-sex-record-densely-filming-yuzuriha-karens-super-slutty-body-solely-for-masturbation-yuzuriha-karen/,https://cdn.javmiku.com/wp-content/uploads/2026/09/pred890pl-550x374.jpg
https://jav.guru/1051250/pppe-446-i-lost-all-reason-over-my-students-big-tits-and-ended-up-having-creampie-sex-with-rena-over-and-over-again-at-a-love-hotel-after-school-rena-momozono/,https://cdn.javmiku.com/wp-content/uploads/2026/09/pppe446pl-550x374.jpg
https://jav.guru/1051251/pppe-443-timid-big-tits-club-girl-who-couldnt-say-the-word-no-and-kept-getting-made-to-cum-embarrassingly-by-an-erotic-masseur-miyu-aizawa/,https://cdn.javmiku.com/wp-content/uploads/2026/09/pppe443pl-550x374.jpg
https://jav.guru/1051252/pppe-442-spence-mammary-gland-development-clinic-special-anzu-an/,https://cdn.javmiku.com/wp-content/uploads/2026/09/pppe442pl-550x374.jpg
https://jav.guru/1051253/pppe-441-slutty-rejuvenation-esthetic-that-guides-you-to-ball-reviving-ejaculation-with-fully-exposed-huge-tits-in-a-lewd-outfit-and-dirty-talk-titjobs-fumika-nakayama/,https://cdn.javmiku.com/wp-content/uploads/2026/09/pppe441pl-550x374.jpg
https://jav.guru/1051254/pppe-440-unable-to-endure-living-with-my-j-cup-huge-titted-stepdaughter-from-remarriage-i-hide-from-my-wife-and-stickily-lick-rape-and-impregnate-her-domestic-tongue-kiss-molestation-creampie-ra/,https://cdn.javmiku.com/wp-content/uploads/2026/09/pppe440pl-550x374.jpg
https://jav.guru/1051255/pppe-439-how-to-spences-mammary-gland-development-academy-textbook-av-that-lets-you-make-women-feel-pleasure-with-their-tits-if-you-watch-it-karen-yuzuriha/,https://cdn.javmiku.com/wp-content/uploads/2026/09/pppe439pl-550x374.jpg
https://jav.guru/1051256/nima-083-live-action-version-the-clumsy-duo-misaki-kanna/,https://cdn.javmiku.com/wp-content/uploads/2026/09/nima083pl-550x374.jpg
https://jav.guru/1051257/mukd-585-still-doesnt-know-a-thing-zero-romantic-experience-tsumugi-chan/,https://cdn.javmiku.com/wp-content/uploads/2026/09/mukd585pl-550x374.jpg
https://jav.guru/1051258/mukc-129-ill-show-you-the-daily-life-of-a-selfie-secret-account-girl-who-posts-naughty-pics-all-day-cosplay-sex-with-a-minato-ku-style-influencer-girl-nonstop-pov-fucking-offline-meetup/,https://cdn.javmiku.com/wp-content/uploads/2026/09/mukc129pl-550x374.jpg
https://jav.guru/1051259/mufr-010-pure-type-underground-idol-connected-pov-fuck-video-leakd/,https://cdn.javmiku.com/wp-content/uploads/2026/09/mufr010pl-550x374.jpg
https://jav.guru/1051260/mudr-406-since-that-day-beautiful-girl-in-uniform-gets-bondage-trained-and-creampied-hinano-minami/,https://cdn.javmiku.com/wp-content/uploads/2026/09/mudr406pl-550x374.jpg
https://jav.guru/1051261/mudr-404-g-cup-big-tits-real-athlete-who-competed-in-freestyle-swimming-at-the-national-tournament-makes-her-av-debut-pure-and-innocent-competitive-swimming-girl-reaches-intense-orgasmic-climax-wit/,https://cdn.javmiku.com/wp-content/uploads/2026/09/mudr404pl-550x374.jpg
https://jav.guru/1051262/mudr-403-exclusive-kuramoto-sumire-fan-appreciation-festival-special-where-she-gulps-down-every-last-drop-of-fans-sperm-in-jk-cosplay-kuramoto-sumire/,https://cdn.javmiku.com/wp-content/uploads/2026/09/mudr403pl-550x374.jpg
https://jav.guru/1051263/mudr-402-chemistry-club-jk-drinks-an-aphrodisiac-that-works-too-well-and-instantly-goes-into-heat-sensitivity-maxed-out-begging-to-cum-cum-old-man-cocks-and-creepy-guys-cocks-are-all-welcome/,https://cdn.javmiku.com/wp-content/uploads/2026/09/mudr402pl-550x374.jpg
https://jav.guru/1051264/mudr-397-i-found-an-adult-toy-calling-out-a-pure-girl-for-a-private-shoot-teasing-instant-fuck-deepthroat-exposure-pissing-and-the-plan-to-turn-her-into-an-onahole-shiori-chan/,https://cdn.javmiku.com/wp-content/uploads/2026/09/mudr397pl-550x374.jpg
https://jav.guru/1051265/mngs-082-the-year-repeating-gal-who-wants-credits-begs-for-it-infinite-ptom-of-blowjob-cum-swallowing-and-pile-driving-creampies-empties-the-balls-of-me-her-teacher-moka-haruhi/,https://cdn.javmiku.com/wp-content/uploads/2026/09/mngs082pl-550x374.jpg
https://jav.guru/1051266/mngs-077-ive-been-waiting-for-you-to-come-home-all-this-time-the-hated-father-in-law-i-reunited-with-after-a-long-time-had-turned-into-a-reeking-old-man-in-a-garbage-room/,https://cdn.javmiku.com/wp-content/uploads/2026/09/mngs077pl-550x374.jpg
https://jav.guru/1051267/mngs-074-kupa-fully-exposed-pussy-parting-the-labia-majora-and-labia-minora-vaginal-opening-left-wide-open-for-120-minutes-rima-arai/,https://cdn.javmiku.com/wp-content/uploads/2026/09/mngs074pl-550x374.jpg
https://jav.guru/1051268/mngs-072-secretly-no-bra-seducing-little-devil-nurse-whispers-sweet-sadistic-dirty-talk-to-an-abstinent-cock-for-a-titjob-sandwiched-cumshot-nanao-ayatsuki/,https://cdn.javmiku.com/wp-content/uploads/2026/09/mngs072pl-550x374.jpg
https://jav.guru/1051269/mimk-291-papa-katsu-save-data-with-time-leap-ability-to-make-cold-girls-fall-for-you-kitaoka-karin/,https://cdn.javmiku.com/wp-content/uploads/2026/09/mimk291pl-550x374.jpg
https://jav.guru/1051270/mikr-123-shirakawa-juices-massive-explosion-3500cc-of-lewd-juices-5200cc-of-orgasm-squirts-5819-convulsions-a-beautiful-lady-sprays-sweat-and-squirt-everywhere-cumming-nonstop-in-a-body-fluids/,https://cdn.javmiku.com/wp-content/uploads/2026/09/mikr123pl-550x374.jpg
https://jav.guru/1051271/mikr-122-hinako-moris-berating-masturbation-support-that-smashes-masochistic-mens-brains-in-6-segments/,https://cdn.javmiku.com/wp-content/uploads/2026/09/mikr122pl-550x374.jpg
https://jav.guru/1051272/mikr-108-the-brat-of-my-mom-friend-who-lives-on-the-high-floors-of-a-tower-mansion-and-always-unconsciously-one-ups-me-pissing-me-off-bullied-my-kd-into-becoming-a-shut-in/,https://cdn.javmiku.com/wp-content/uploads/2026/09/mikr108pl-550x374.jpg
https://jav.guru/1051275/mifd-735-eh-no-way-right-after-our-exciting-first-date-with-the-boyfriend-i-started-a-mutual-office-romance-with-we-went-to-a-hotel-only-to-find-lecherous-old-guys-from-a-client-company-there/,https://cdn.javmiku.com/wp-content/uploads/2026/09/mifd735pl-550x374.jpg
https://jav.guru/1051276/mida-790-two-timing-academy-side-unpai-two-stories-intertwine-in-a-youthful-love-triangle-creampie-linked-dual-work-project-part-1-unpai-matsumoto-ichika/,https://cdn.javmiku.com/wp-content/uploads/2026/09/mida790pl-550x374.jpg
https://jav.guru/1051277/mida-788-whenever-im-pissed-off-i-can-call-her-and-she-comes-right-away-the-plain-glasses-big-tits-15-loads-ejaculated-into-the-convenient-meaty-k-cup-onahole-komomo-koikawa/,https://cdn.javmiku.com/wp-content/uploads/2026/09/mida788pl-550x374.jpg
https://jav.guru/1051278/mida-787-i-got-the-right-to-turn-my-admired-teacher-kuno-into-an-obedient-maid-and-do-whatever-i-want-with-her-for-one-day-hinano-kuno/,https://cdn.javmiku.com/wp-content/uploads/2026/09/mida787pl-550x374.jpg
https://jav.guru/1051279/mida-786-the-mistake-on-that-summer-day-when-i-kept-creampieing-over-and-over-while-dripping-with-sweat-with-my-little-sister-who-had-awakened-to-sex-ever-since-the-time-she-witnessed-her-big-brothe/,https://cdn.javmiku.com/wp-content/uploads/2026/09/mida786pl-550x374.jpg
https://jav.guru/1051280/mida-785-fair-skinned-body-thrashing-in-ultra-intense-pleasure-orgasms-portio-and-g-spot-development-squirting-climax-nozomi-ishihara/,https://cdn.javmiku.com/wp-content/uploads/2026/09/mida785pl-550x374.jpg
https://jav.guru/1051281/mida-783-j-cup-swimming-club-advisor-whose-massive-tits-trembled-through-endless-orgasms-from-50-pursuit-creampie-loads-in-a-gangbang-by-the-insatiable-students-who-turned-into-horny-monkeys-over-he/,https://cdn.javmiku.com/wp-content/uploads/2026/09/mida783pl-550x374.jpg
https://jav.guru/1051282/mida-781-i-looove-blowjobs-the-adolescent-cock-sucking-stepsister-who-became-family-through-her-parents-remarriage-begs-for-cock-in-obscene-cosplay-and-slurps-every-last-drop-of-the-cleanup-too/,https://cdn.javmiku.com/wp-content/uploads/2026/09/mida781pl-550x374.jpg
https://jav.guru/1051283/mida-780-infinite-milking-course-that-wont-stop-no-matter-how-many-times-you-cum-masochist-specialized-soapland-that-leads-you-to-frced-ejaculation-once-every-5-minutes-himari/,https://cdn.javmiku.com/wp-content/uploads/2026/09/mida780pl-550x374.jpg
https://jav.guru/1051287/mida-758-the-new-secretary-whose-pussy-was-managed-with-a-fixed-suction-vibrator-by-the-perverted-boss-she-hates-wetting-training-mayu-misaki/,https://cdn.javmiku.com/wp-content/uploads/2026/09/mida758pl-550x374.jpg
https://jav.guru/1051293/mida-744-the-affair-life-that-was-way-too-good-sweet-lovey-dovey-sex-that-melts-my-reason-with-a-slender-little-devil-mistress-who-sucks-me-in-with-everything-sex-and-daily-life-mia-nanasawa/,https://cdn.javmiku.com/wp-content/uploads/2026/09/mida744pl-550x374.jpg
https://jav.guru/1051294/miab-677-dream-woman-vol-101-miyu-aizawa/,https://cdn.javmiku.com/wp-content/uploads/2026/09/miab677pl-550x374.jpg
https://jav.guru/1051295/mfyd-195-a-wife-who-was-doing-erotic-streams-on-sns-with-a-lived-in-feel-tits-and-libido-wants-maximum-sex-for-her-av-debut-yura-tsukishiro/,https://cdn.javmiku.com/wp-content/uploads/2026/09/mfyd195pl-550x374.jpg
https://jav.guru/1051296/mfyd-194-white-skin-elegance-lust-a-pure-white-married-woman-raised-by-kyoto-far-lewder-than-youd-imagine-supernova-suzuka-shirato-32-av-debut/,https://cdn.javmiku.com/wp-content/uploads/2026/09/mfyd194pl-550x374.jpg
https://jav.guru/1051297/mfyd-191-the-sexually-frustrated-married-teacher-turns-into-a-slut-at-5-oclock-after-school-we-kept-getting-fucked-by-the-teacher-whod-unleashed-her-libido-and-gone-full-dirty-slut-until-our-ba/,https://cdn.javmiku.com/wp-content/uploads/2026/09/mfyd191pl-550x374.jpg
https://jav.guru/1051298/mfyd-190-s1-x-tameike-20th-anniversary-commemorative-collaboration-work-while-my-wife-pregnant-was-back-home-with-her-parents-i-fucked-like-crazy-at-home-with-the-nursery-school-teacher-my/,https://cdn.javmiku.com/wp-content/uploads/2026/09/mfyd190pl-550x374.jpg
https://jav.guru/1051299/mfyd-189-a-married-woman-returns-to-the-countryside-and-awakens-to-ecstasy-through-wild-kissing-with-her-ex-boyfriend-natsuki-waka/,https://cdn.javmiku.com/wp-content/uploads/2026/09/mfyd189pl-550x374.jpg
https://jav.guru/1051300/mfyd-188-the-craziest-ever-holy-water-oasis-x-thick-bush-jungle-x-vulgar-bitch-two-womens-nonstop-orgasm-lesbian-sara-isshiki-misao-oguri/,https://cdn.javmiku.com/wp-content/uploads/2026/09/mfyd188pl-550x374.jpg
https://jav.guru/1051301/mfyd-187-i-fucked-the-married-woman-who-tried-to-scam-300000-yen-with-an-aphrodisiac-and-turned-it-into-a-creampie-festival-with-my-best-friend-lol-noa-koizuki/,https://cdn.javmiku.com/wp-content/uploads/2026/09/mfyd187pl-550x374.jpg
https://jav.guru/1051302/mfyd-186-a-demure-plain-wife-has-a-hardcore-masochist-awakening-sm-training-date-where-she-gets-brutally-fucked-by-a-super-sadistic-man-anytime-anywhere/,https://cdn.javmiku.com/wp-content/uploads/2026/09/mfyd186pl-550x374.jpg
https://jav.guru/1051303/mfyd-185-if-its-just-kissing-its-not-cheating-right-a-married-woman-and-a-young-part-timer-at-a-late-night-convenience-store-kiss-nonstop-rei-saegusa/,https://cdn.javmiku.com/wp-content/uploads/2026/09/mfyd185pl-550x374.jpg
https://jav.guru/1051304/mfyd-184-fellatio-meister-x-semen-taster-x-licking-technique-junkie-rena-dan-licks-and-licks-gulping-down-7-ejaculations-all-real-semen-all-cum-swallowing-special-rena-dan/,https://cdn.javmiku.com/wp-content/uploads/2026/09/mfyd184pl-550x374.jpg
https://jav.guru/1051305/mfyd-183-tameike-w-exclusive-reptilians-co-star-two-sex-elite-stamina-monster-beasts-who-know-no-limits-drain-every-drop-of-sperm-all-night-futaba-otani-ruisa-tsuzuki/,https://cdn.javmiku.com/wp-content/uploads/2026/09/mfyd183pl-550x374.jpg
https://jav.guru/1051306/mfyd-182-kanae-yumemis-how-to-for-truly-feel-good-married-couple-sex-put-the-6-methods-into-practice-and-you-too-can-end-a-sexless-marriage-and-have-passionate-sex-that-burns-like-it-did-when-you/,https://cdn.javmiku.com/wp-content/uploads/2026/09/mfyd182pl-550x374.jpg
https://jav.guru/1051307/manx-034-screaming-room-confined-and-frced-to-cum-over-and-over-until-she-breaks-frced-climaxes-kikuno-ran/,https://cdn.javmiku.com/wp-content/uploads/2026/09/manx034pl-550x374.jpg
https://jav.guru/1051308/kibd-355-plump-fleshy-big-assed-gal-gets-94-consecutive-hard-pounding-doggy-style-piston-thrusts/,https://cdn.javmiku.com/wp-content/uploads/2026/09/kibd355pl-550x374.jpg
https://jav.guru/1051312/jufe-630-old-guys-pov-fuck-documentary-stickily-and-richly-devouring-her-completely-in-body-fluid-smeared-sweat-drenched-sex-mia-kosaka/,https://cdn.javmiku.com/wp-content/uploads/2026/09/jufe630pl-550x374.jpg
https://jav.guru/1051318/hrsm-159-too-cute-ice-cream-truck-lady-i-want-to-impregnate-plenty-of-fresh-cream-breeding-obscenity-with-4-girls/,https://cdn.javmiku.com/wp-content/uploads/2026/09/h_1745hrsm159pl-550x374.jpg
https://jav.guru/1051319/hmn-918-introducing-my-overly-erotic-girlfriend-the-fearsome-sexual-desire-of-a-20-year-old-creampie-sex-with-a-college-girl-who-has-a-super-weak-pussy-that-gets-wet-immediately-and-cums-nonstop/,https://cdn.javmiku.com/wp-content/uploads/2026/09/hmn918pl-550x374.jpg
https://jav.guru/1051320/hmn-910-beautiful-flight-attendant-from-a-struggling-airline-serves-customers-flashing-her-pussy-in-black-pantyhose-with-no-panties/,https://cdn.javmiku.com/wp-content/uploads/2026/09/hmn910pl-550x374.jpg
https://jav.guru/1051321/hmn-907-caught-in-her-bosss-trap-gang-raped-unconscious-next-to-her-boyfriend-who-passed-out-drunk-made-to-cum-over-and-over-and-creampied-endlessly-until-she-fell-into-pleasure-the-ultra-skinn/,https://cdn.javmiku.com/wp-content/uploads/2026/09/hmn907pl-550x374.jpg
https://jav.guru/1051322/hmn-903-since-the-classmate-i-used-to-like-long-ago-was-drowning-in-debt-i-hired-her-daughter-who-looks-exactly-like-that-girl-from-back-then-as-my-exclusive-substitute-meat-toilet-maid-for-one-wee/,https://cdn.javmiku.com/wp-content/uploads/2026/09/hmn903pl-550x374.jpg
https://jav.guru/1051323/hmn-901-she-decided-to-become-a-new-av-actress-because-of-a-fortune-telling-prophecy-a-ballerina-who-has-even-competed-in-world-class-ballet-competitions-firmly-quits-and-makes-her-av-creampie-deb/,https://cdn.javmiku.com/wp-content/uploads/2026/09/hmn901pl-550x374.jpg
https://jav.guru/1051324/hjmo-735-big-ass-tight-pants-manguri-orgasm-endurance-battle-breaking-past-the-limit-with-stained-blushing-peeing-massive-climaxes-losers-get-pussy-fully-exposed-for-mating-press-creampie-fuck/,https://cdn.javmiku.com/wp-content/uploads/2026/09/hjmo735pl-550x374.jpg
https://jav.guru/1051325/fpre-245-ordered-by-her-husbands-subordinate-into-a-super-perverted-voluptuous-pose-with-her-anus-fully-exposed-the-beautiful-wife-in-her-prime-whose-weakness-was-seized-ao-ebisaki/,https://cdn.javmiku.com/wp-content/uploads/2026/09/fpre245pl-550x374.jpg
https://jav.guru/1051326/eyan-221-dont-touch-me-dont-lick-me-dont-put-it-in-creepy-sexual-harassment-from-her-father-in-law-the-nightmare-of-a-married-woman-who-kept-enduring-sex-she-had-no-choice-but-to-have-m/,https://cdn.javmiku.com/wp-content/uploads/2026/09/eyan221pl-550x374.jpg
https://jav.guru/1051327/ebwh-369-hidden-big-tits-send-the-sns-industry-into-an-uproar-the-top-lead-of-the-salon-model-world-when-she-strips-moist-j-cups-100cm-face-hidden-debut-akina/,https://cdn.javmiku.com/wp-content/uploads/2026/09/ebwh369pl-550x374.jpg
https://jav.guru/1051328/ebwh-368-treat-me-like-a-video-the-h-cup-erotic-dvd-shop-clerk-24-who-gets-double-takes-every-inventory-is-messily-sunk-with-anal-pearls-and-deepthroat-in-her-hardcore-masochist-awakening-deb/,https://cdn.javmiku.com/wp-content/uploads/2026/09/ebwh368pl-550x374.jpg
https://jav.guru/1051329/ebwh-367-i-want-you-to-rape-me-roughly-the-literary-girl-whose-whole-body-is-an-erogenous-zone-found-in-the-corner-of-an-antiquarian-bookstore-an-extreme-masochist-with-fair-s/,https://cdn.javmiku.com/wp-content/uploads/2026/09/ebwh367pl-550x374.jpg
https://jav.guru/1051330/ebwh-366-when-i-returned-to-my-countryside-family-home-for-summer-vacation-my-cousin-hinako-was-secretly-masturbating-nonstop-if-mom-or-the-relatives-find-out-ill-die-she-gently-jerks-me/,https://cdn.javmiku.com/wp-content/uploads/2026/09/ebwh366pl-550x374.jpg
https://jav.guru/1051331/ebwh-365-when-i-asked-my-gentle-easygoing-sister-in-law-let-me-drink-your-breast-milk-fumika-kashiwagi-blu-ray-disc/,https://cdn.javmiku.com/wp-content/uploads/2026/09/ebwh365pl-550x374.jpg
https://jav.guru/1051332/ebwh-363-raping-the-big-titted-housekeeping-service-woman-who-cant-say-no-until-i-creampie-her-riri-haruka-blu-ray-disc/,https://cdn.javmiku.com/wp-content/uploads/2026/09/ebwh363pl-550x374.jpg
https://jav.guru/1051333/ebwh-362-the-natural-g-cup-big-tits-flexible-cheerleader-the-club-members-jerked-off-to-endlessly/,https://cdn.javmiku.com/wp-content/uploads/2026/09/ebwh362pl-550x374.jpg
https://jav.guru/1051334/ebwh-361-face-65-points-body-120-points-i-live-at-my-parents-house-and-masturbate-8-times-a-week-a-fetish-k-cup-college-girl-21-aiming-to-become-a-dental-assistant-looks-like-this-but-shes/,https://cdn.javmiku.com/wp-content/uploads/2026/09/ebwh361pl-550x374.jpg
https://jav.guru/1051335/ebwh-352-take-out-your-cocks-and-line-up-the-teachers-will-slut-it-up-for-you-in-sexy-swimsuits-kiyomiya-jinai-momota-mitsuki/,https://cdn.javmiku.com/wp-content/uploads/2026/09/ebwh352pl-550x374.jpg
https://jav.guru/1051336/dvmm-445-immediately-fucked-the-fair-skinned-big-assed-housekeeper-lady-the-married-woman-who-became-addicted-to-the-big-cock-showed-up-uninvited-the-next-day-so-i-creampied-her-over-and-over-unti/,https://cdn.javmiku.com/wp-content/uploads/2026/09/dvmm445pl-550x374.jpg
https://jav.guru/1051337/dvmm-442-ordinary-men-and-women-monitoring-av-on-the-other-side-of-the-magic-mirror-is-her-boyfriend-best-friend/,https://cdn.javmiku.com/wp-content/uploads/2026/09/dvmm442pl-550x374.jpg
https://jav.guru/1051686/yjns-001-latchkey-girl-watch-squad-file-1/,https://cdn.javmiku.com/wp-content/uploads/2026/09/yjns001pl-550x374.jpg
https://jav.guru/1051687/urkk-124-ill-cool-your-fever-with-my-pussy-200-bliss-harem-nursing/,https://cdn.javmiku.com/wp-content/uploads/2026/09/urkk124pl-550x374.jpg
https://jav.guru/1051688/ubug-017-all-you-can-eat-convenient-k-cup-girl-for-a-flat-3000-yen-travel-fee/,https://cdn.javmiku.com/wp-content/uploads/2026/09/h_1133ubug017pl-550x374.jpg
https://jav.guru/1051689/tikb-226-infiltrating-the-off-paco-photoshoot-of-a-god-tier-slutty-beautiful-girl-cosplayer-lust-fully-exposed-cock-addict/,https://cdn.javmiku.com/wp-content/uploads/2026/09/tikb226pl-550x374.jpg
https://jav.guru/1051690/tenn-052-kotone-fuyuai-seven-temptations-the-freely-transforming-heroine-who-captivates-men/,https://cdn.javmiku.com/wp-content/uploads/2026/09/h_491tenn052pl-550x374.jpg
https://jav.guru/1051691/tanp-056-the-quiet-super-perverted-it-engineer-was-a-creampie-meat-toilet-femboy-ok-with-endless-deepthroat-gulping-getting-huge-cocks-slammed-into-him-and-going-crazy-with-ahegao-orgasms-as-a-maso/,https://cdn.javmiku.com/wp-content/uploads/2026/09/tanp056pl-550x374.jpg
https://jav.guru/1051692/suji-319-shaved-country-beautiful-girl-suddenly-going-to-confirm-the-childhood-memories-she-recalled-flat-chested-shaved-pissing-meru-chan-149cm-kohinata-meru/,https://cdn.javmiku.com/wp-content/uploads/2026/09/suji319pl-550x374.jpg
https://jav.guru/1051693/suji-318-i-happened-to-talk-to-a-cute-girl-stalking-indecent-acts-abduction-rape-semen-ingestion-hina-chan-149cm-satsuki-hina/,https://cdn.javmiku.com/wp-content/uploads/2026/09/suji318pl-550x374.jpg
https://jav.guru/1051694/sqte-719-hit-me-more-chke-me-the-perverted-extreme-masochist-with-big-tits-who-wants-to-be-bullied-yuka-chiba/,https://cdn.javmiku.com/wp-content/uploads/2026/09/sqte719pl-550x374.jpg
https://jav.guru/1051695/sqte-718-anytime-use-onahole-junior-sui-tsukinoe/,https://cdn.javmiku.com/wp-content/uploads/2026/09/sqte718pl-550x374.jpg
https://jav.guru/1051696/sqte-717-on-a-holiday-with-my-girlfriend-lovey-dovey-fucking-hot-spring-date-with-my-clingy-girlfriend-mami-zenba/,https://cdn.javmiku.com/wp-content/uploads/2026/09/sqte717pl-550x374.jpg
https://jav.guru/1051697/sqte-716-after-school-overnight-sex-a-body-that-gets-wetter-the-more-we-make-out-and-clothed-sex-natsuho-hanamori/,https://cdn.javmiku.com/wp-content/uploads/2026/09/sqte716pl-550x374.jpg
https://jav.guru/1051699/scmf-004-sweet-sadist-full-pov-sex-with-a-godly-h-cup-beautiful-girl-cosplayer-it-feels-better-than-jerking-yourself-off-right-she-deprives-me-of-sage-time-with-edging-handjobs-and-long-tongu/,https://cdn.javmiku.com/wp-content/uploads/2026/09/scmf004pl-550x374.jpg
https://jav.guru/1051700/scd-252-daughter-who-cares-for-her-father-7/,https://cdn.javmiku.com/wp-content/uploads/2026/09/scd252pl-550x374.jpg
https://jav.guru/1051701/pppe-445-made-to-cum-to-fainting-orgasms-in-6-cosplays-pursuit-reboot-instant-flying-brain-bug-fuck-marina-yakuno/,https://cdn.javmiku.com/wp-content/uploads/2026/09/pppe445pl-550x374.jpg
https://jav.guru/1051702/pkpd-435-private-creampie-hot-spring-trip-hiiragi-provisional/,https://cdn.javmiku.com/wp-content/uploads/2026/09/pkpd435pl-550x374.jpg
https://jav.guru/1051703/pkpd-434-creampie-room-drinking-documentary-g-cup-clingy-beautiful-older-sister-honoka-ashina/,https://cdn.javmiku.com/wp-content/uploads/2026/09/pkpd434pl-550x374.jpg
https://jav.guru/1051704/pako-108-calling-over-my-married-sex-friend-and-having-a-stranger-with-a-huge-cock-cuckold-her-with-consecutive-creampies-freshly-newlywed-full-time-housewife-30-years-old/,https://cdn.javmiku.com/wp-content/uploads/2026/09/h_1133pako108pl-550x374.jpg
https://jav.guru/1051705/otin-028-lovey-dovey-swamp-affair-with-a-former-classmate-ahegao-orgasms-with-tongue-out-nonstop-titjobs-huge-tits-cowgirl-2sex-creampies-cosplay-cum-on-tits-sunao-kui/,https://cdn.javmiku.com/wp-content/uploads/2026/09/h_1133otin028pl-550x374.jpg
https://jav.guru/1051706/oftr-016-found-a-young-lady-with-big-tits-in-a-hot-spring-town-storming-the-mens-bath-for-a-semen-extraction-challenge-aiming-for-the-1-million-yen-prize-in-atami/,https://cdn.javmiku.com/wp-content/uploads/2026/09/1oftr016pl-550x374.jpg
https://jav.guru/1051707/oftr-015-super-secretly-perverted-guys-and-girls-hold-an-after-school-masturbation-presentation-when-they-show-each-other-their-masturbation-in-a-mixed-gender-group-everyone-gets-horny-and-it-turn/,https://cdn.javmiku.com/wp-content/uploads/2026/09/1oftr015pl-550x374.jpg
https://jav.guru/1051708/nvh-087-newhalf-lesbian-the-doting-female-beast-slutty-lesbian-sisters-crazed-with-possessive-desire-and-jealousy-for-their-younger-brother-hanamiya-hime-niimura-akari-hibiki-tsukasa/,https://cdn.javmiku.com/wp-content/uploads/2026/09/nvh00087pl-550x374.jpg
https://jav.guru/1051709/nine-124-when-i-approached-her-for-a-diet-supplement-monitor-pickup-i-reeled-in-unprecedented-matured-h-cup%e2%98%86super-a5-rank-top-grade-meat-tsubasa-45-years-old/,https://cdn.javmiku.com/wp-content/uploads/2026/09/h_1133nine00124pl-550x374.jpg
https://jav.guru/1051710/mvg-173-asshole-addicted-doujin-cosplayer-in-heat-for-an-anal-fuck-photoshoot-misaki-oto/,https://cdn.javmiku.com/wp-content/uploads/2026/09/mvg00173pl-550x374.jpg
https://jav.guru/1051711/mukc-132-raw-gem-newcomer-idols-first-pov-personal-sex-video-putting-her-career-aside-shes-hooked-on-pillow-trade-sex-and-getting-irresponsible-breeding-creampies-in-her-precocious-womb-erin/,https://cdn.javmiku.com/wp-content/uploads/2026/09/mukc132pl-550x374.jpg
https://jav.guru/1051712/mrss-192-shady-delivery-men-target-a-married-woman-whose-big-ass-is-obvious-even-through-her-clothes-day-after-day-of-raw-insertion-and-creampies-until-she-cant-stand-up-yui-onozaka/,https://cdn.javmiku.com/wp-content/uploads/2026/09/mrss192pl-550x374.jpg
https://jav.guru/1051713/mrhp-052-i-got-horny-for-my-sexually-frustrated-sister-in-laws-plump-ass-and-was-jerking-off-when-she-got-turned-on-by-my-young-cock-instead-and-we-had-creampie-sex-until-my-balls-were-empty-tsuba/,https://cdn.javmiku.com/wp-content/uploads/2026/09/mrhp052pl-550x374.jpg
https://jav.guru/1051714/mmpv-005-face-jerk-off-face-close-up-seduction-pov-i-want-to-be-adored-by-matsui-san-who-loves-staring-hard-at-orgasm-faces-while-being-scorned-and-verbally-abusd-hinako-matsui/,https://cdn.javmiku.com/wp-content/uploads/2026/09/mmpv005pl-550x374.jpg
https://jav.guru/1051715/mkon-148-i-an-introvert-get-used-as-material-for-my-little-sisters-punishment-game-and-end-up-having-creampie-harem-sex-nonstop/,https://cdn.javmiku.com/wp-content/uploads/2026/09/mkon148pl-550x374.jpg
https://jav.guru/1051724/lock-017-lock-onhina-manager-wont-you-have-sex-with-me-propositioned-for-an-adult-relationship-by-the-flat-chested-j-type-part-timer-they-tangled-together-over-and-over-and-climaxed-with-e/,https://cdn.javmiku.com/wp-content/uploads/2026/09/h_491lock017pl-550x374.jpg
https://jav.guru/1051725/ksbj-446-father-in-laws-warped-lust-a-thirty-something-married-woman-tricked-by-its-a-massage-that-helps-with-trying-to-conceive-into-having-her-exquisite-love-juice-spots-developed-by-a-ha/,https://cdn.javmiku.com/wp-content/uploads/2026/09/ksbj446pl-550x374.jpg
https://jav.guru/1051726/ksbj-445-the-lewd-mother-who-seduces-her-son-because-she-doesnt-want-him-to-leave-the-nest-rieko-hiraoka/,https://cdn.javmiku.com/wp-content/uploads/2026/09/ksbj445pl-550x374.jpg
https://jav.guru/1051727/kam-282-perverted-gynecological-examination-the-corrupt-erotic-gynecologist-who-endlessly-gives-wet-slippery-exams-to-the-crotch-of-the-beautiful-wife-who-came-in-for-a-checkup-05/,https://cdn.javmiku.com/wp-content/uploads/2026/09/kam282pl-550x374.jpg
https://jav.guru/1051728/kam-281-married-private-tutor-and-huge-cock-exam-students-secret-room-lewd-sex-voyeur-recording-4/,https://cdn.javmiku.com/wp-content/uploads/2026/09/kam281pl-550x374.jpg
https://jav.guru/1051734/juan-032-super-masochistic-plump-young-wife-who-opens-both-holes-for-her-perverted-relative-father-and-son-hina-akikawa/,https://cdn.javmiku.com/wp-content/uploads/2026/09/juan032pl-550x374.jpg
https://jav.guru/1051738/hrsm-160-the-super-erotic-pink-companion-rumored-for-excessive-service-super-long-extension-until-morning-activated-the-extreme-erotic-secret-option-balls-sperm-depleted-lol/,https://cdn.javmiku.com/wp-content/uploads/2026/09/h_1745hrsm160pl-550x374.jpg
https://jav.guru/1051739/honb-499-if-its-the-showa-era-its-safe-10/,https://cdn.javmiku.com/wp-content/uploads/2026/09/h_1133honb00499pl-550x374.jpg
https://jav.guru/1051740/hoks-235-serious-wifes-first-cheating-sex-mai-fuyuki/,https://cdn.javmiku.com/wp-content/uploads/2026/09/hoks235pl-550x374.jpg
https://jav.guru/1051741/hoks-234-single-mature-woman-in-her-40s-a-life-full-of-troubles-caregiving-debt-affair-sex-fujisaki-murasaki/,https://cdn.javmiku.com/wp-content/uploads/2026/09/hoks234pl-550x374.jpg
https://jav.guru/1051742/hjmo-741-when-they-lose-the-cruel-mirror-game-its-an-erotic-punishment-game-pure-young-wives-get-creampie-sex-with-huge-cocks-theyve-never-tasted-before-not-caring-one-bit-even-with-their-husb/,https://cdn.javmiku.com/wp-content/uploads/2026/09/hjmo741pl-550x374.jpg
https://jav.guru/1051743/hjmo-739-if-shes-your-girlfriend-she-should-be-able-to-pick-out-her-boyfriends-cock-right-pick-his-dick-from-the-row-of-lined-up-cocks-and-suck-him-off-if-she-gets-it-wrong-bukkake-creampie/,https://cdn.javmiku.com/wp-content/uploads/2026/09/hjmo739pl-550x374.jpg
https://jav.guru/1051744/hjbb-244-even-though-i-have-a-boyfriend-pissing-ntr-orgasm-of-a-uniformed-girl-cuckolded-by-a-perverted-old-man-while-covered-in-bodily-fluids/,https://cdn.javmiku.com/wp-content/uploads/2026/09/hjbb244pl-550x374.jpg
https://jav.guru/1051745/gvh-880-the-female-cult-leader-of-a-sex-cult-who-repeatedly-climaxes-every-day-while-intertwining-lewd-body-fluids-with-the-fanatics-hikaru-minazuki/,https://cdn.javmiku.com/wp-content/uploads/2026/09/gvh880pl-550x374.jpg
https://jav.guru/1051746/gvh-879-forbidden-care-shitara-yuuhi/,https://cdn.javmiku.com/wp-content/uploads/2026/09/gvh879pl-550x374.jpg
https://jav.guru/1051747/fsbk-026-celebrity-miu-nakamura-x-ideapocket-2020-4-2026-2-complete-best/,https://cdn.javmiku.com/wp-content/uploads/2026/09/h_491fsbk026pl-550x374.jpg
https://jav.guru/1051748/fns-261-if-its-blowing-up-online-then-its-okay-to-do-xxx-right-yachimitsu-rin/,https://cdn.javmiku.com/wp-content/uploads/2026/09/FNS-261-550x374.jpg
https://jav.guru/1051749/fnew-024-slender-schoolgirl-has-her-erogenous-zones-developed-in-a-massage-experience-nipples-erect-as-she-arches-like-a-shrimp-and-pisses-herself/,https://cdn.javmiku.com/wp-content/uploads/2026/09/h_491fnew024pl-550x374.jpg
https://jav.guru/1051750/dvmm-444-the-creampie-only-onahole-wife-who-comes-in-10-seconds-when-called-when-i-get-horny-i-use-the-pussy-of-the-big-tits-big-ass-married-woman-living-in-the-next-room-for-sexual-relief-yuri-os/,https://cdn.javmiku.com/wp-content/uploads/2026/09/dvmm444pl-550x374.jpg
https://jav.guru/1051751/dvmm-443-amateur-men-and-women-monitoring-av-limited-to-h-cup-and-above-three-close-college-girl-friends-hold-milk-in-their-mouths-then-get-their-huge-tits-groped-then-take-a-nipple-kneading-orgasm/,https://cdn.javmiku.com/wp-content/uploads/2026/09/dvmm443pl-550x374.jpg
https://jav.guru/1051754/ddk-241-bushy-meat-toilet-splash-monster-sara-isshiki/,https://cdn.javmiku.com/wp-content/uploads/2026/09/ddk241pl-550x374.jpg
https://jav.guru/1051755/ddff-055-a-beautiful-girl-targeted-by-a-scumbag-with-abnormal-sexual-desires-hinako-seto/,https://cdn.javmiku.com/wp-content/uploads/2026/09/ddff055pl-550x374.jpg
https://jav.guru/1051756/bbtu-120-tits-daycare-yuria-yoshine/,https://cdn.javmiku.com/wp-content/uploads/2026/09/bbtu120pl-550x374.jpg
https://jav.guru/1051757/bbtu-119-tit-shower-cum-bukkake-on-ahegao-big-tits-sunao-kui/,https://cdn.javmiku.com/wp-content/uploads/2026/09/bbtu119pl-550x374.jpg
https://jav.guru/1051758/bank-248-big-tits-married-woman-hot-spring-date-beautiful-young-wife-with-little-experience-with-men-because-she-married-young-koharu-26-years-old/,https://cdn.javmiku.com/wp-content/uploads/2026/09/h_1495bank248pl-550x374.jpg
https://jav.guru/1051759/bank-247-serious-girl-and-sticky-cunnilingus-hot-spring-training-camp/,https://cdn.javmiku.com/wp-content/uploads/2026/09/h_1495bank247pl-550x374.jpg
https://jav.guru/1051760/bank-246-big-tits-sisters-hot-spring-trip-to-release-their-sexual-desires/,https://cdn.javmiku.com/wp-content/uploads/2026/09/h_1495bank246pl-550x374.jpg
https://jav.guru/1051761/awaw-030-the-plain-short-cut-glasses-girl-with-big-tits-whos-popular-for-her-hole-is-a-god-tier-fuck-buddy-who-comes-over-whenever-convenient-riko-19-natural-g-cups/,https://cdn.javmiku.com/wp-content/uploads/2026/09/h_1819awaw030pl-550x374.jpg
https://jav.guru/1051762/awaw-029-pov-sex-documentary-orgy-party-at-a-secret-hideout-gen-z-girls-with-an-ultra-low-sense-of-chastity-at-a-hangout-where-sluts-and-fuckboys-gather-men-and-women-meeting-for-the-first-time/,https://cdn.javmiku.com/wp-content/uploads/2026/09/h_1819awaw029pl-550x374.jpg
https://jav.guru/1051763/aukg-659-slippery-wet-lesbian-dripping-lotion-and-melting-body-to-body-lesbian-sex/,https://cdn.javmiku.com/wp-content/uploads/2026/09/aukg00659pl-550x374.jpg
https://jav.guru/1051764/alog-032-creampie-copy/,https://cdn.javmiku.com/wp-content/uploads/2026/09/h_491alog032pl-550x374.jpg
https://jav.guru/1051765/aczd-250-ropes-lewd-flower-arisa-togawa/,https://cdn.javmiku.com/wp-content/uploads/2026/09/h_019aczd250pl-550x374.jpg
https://jav.guru/1052315/xvsr-399-a-beautiful-girl-who-seriously-blushes-while-pissing-climax-3-fuck-special-mami-nagase/,https://cdn.javmiku.com/wp-content/uploads/2026/09/xvsr399sopl-550x374.jpg
https://jav.guru/1052316/xvsr-352-welcome-to-maxcafe-enjoy-nagase-mami-maamins-special-menu/,https://cdn.javmiku.com/wp-content/uploads/2026/09/xvsr352sopl-550x374.jpg
https://jav.guru/1052317/xvsr-350-i-want-to-try-cumming-even-deeper-sexual-development-of-a-19-year-old-beautiful-girl-with-tiny-tits-aori-arihoshi/,https://cdn.javmiku.com/wp-content/uploads/2026/09/xvsr350sopl-550x374.jpg
https://jav.guru/1052318/wa-592-amateur-wife-pickup-all-get-raw-creampies-5-hour-celeb-dx-106/,https://cdn.javmiku.com/wp-content/uploads/2026/09/h_047wa592pl-550x374.jpg
https://jav.guru/1052319/vio-080-amateur-lesbian-i-filmed-the-naughty-side-she-only-shows-to-me/,https://cdn.javmiku.com/wp-content/uploads/2026/09/36vio80pl-550x374.jpg
https://jav.guru/1052320/usag-098-no-way-they-say-yet-these-amateur-girls-cum-like-crazy-from-dildo-masturbation-anytime-anywhere-even-outdoors/,https://cdn.javmiku.com/wp-content/uploads/2026/09/usag098pl-550x374.jpg
https://jav.guru/1052322/ss-155-etoile-ririko-kinoshita/,https://cdn.javmiku.com/wp-content/uploads/2026/09/n_1428ss155pl-550x374.jpg
https://jav.guru/1052323/sal-264-kondo-mumu-the-otokonoko-with-a-cute-smile-gets-horny-and-hard-tight-pants-cameltoe-black-pantyhose-teasing-and-dirty-talk-from-double-cock-girls-in-a-threesome-fuck-with-three-raw-cream/,https://cdn.javmiku.com/wp-content/uploads/2026/09/sal264pl-550x374.jpg
https://jav.guru/1052324/rpin-093-plump-fleshy-huge-titted-inn-maid-whos-reliable-cheerful-and-has-outstanding-communication-skills-her-tits-bounce-bounce-sticky-sensual-massage-and-big-cock-pistoning-turn-her-ahegao/,https://cdn.javmiku.com/wp-content/uploads/2026/09/rpin093pl-550x374.jpg
https://jav.guru/1052327/qrdf-013-sm-queen-road-vol-48-erika/,https://cdn.javmiku.com/wp-content/uploads/2026/09/qrdf013pl-550x374.jpg
https://jav.guru/1052328/pfas-044-ripe-and-soft-the-tits-of-a-secretly-lewd-mature-woman/,https://cdn.javmiku.com/wp-content/uploads/2026/09/pfas044pl-550x374.jpg
https://jav.guru/1052329/nmsl-047-college-girl-who-got-into-sugar-dating-and-was-turned-into-a-meat-toilet-squirting-and-wetting-herself-sui-tsukinoe/,https://cdn.javmiku.com/wp-content/uploads/2026/09/h_1814nmsl00047pl-550x374.jpg
https://jav.guru/1052330/nghj-074-exclusive-to-shy-cunnilingus-less-girls-who-want-to-be-licked-but-cant-tell-their-boyfriends-a-relentless-cunnilingus-therapy-experience-that-makes-their-clits-get-soggy-clit-peeling-li/,https://cdn.javmiku.com/wp-content/uploads/2026/09/nghj074pl-550x374.jpg
https://jav.guru/1052331/naac-077-best-naked-02-ruka-itoi/,https://cdn.javmiku.com/wp-content/uploads/2026/09/n_1541naac077pl-550x374.jpg
https://jav.guru/1052332/naac-076-best-naked-yuuka/,https://cdn.javmiku.com/wp-content/uploads/2026/09/n_1541naac076pl-550x374.jpg
https://jav.guru/1052333/naac-075-best-naked-02-arisa-hanyu/,https://cdn.javmiku.com/wp-content/uploads/2026/09/n_1541naac075pl-550x374.jpg
https://jav.guru/1052334/naac-074-best-naked-04-unpai/,https://cdn.javmiku.com/wp-content/uploads/2026/09/n_1541naac074pl-550x374.jpg
https://jav.guru/1052335/myba-098-married-womans-petal-spreading-sakura-tsukishima/,https://cdn.javmiku.com/wp-content/uploads/2026/09/myba098pl-550x374.jpg
https://jav.guru/1052336/murikuri-015-big-nippled-schoolgirl-molestation-genuine-bareback-route-training-teasing-wrecks-her-sensitivity-tiny-pussy-convulsing-and-clamping-for-creampie/,https://cdn.javmiku.com/wp-content/uploads/2026/09/1murikuri015pl-550x374.jpg
https://jav.guru/1052337/mopg-047-clothed-masochist-man-hunting-skin-tight-jeans-harassment-mirei-aika/,https://cdn.javmiku.com/wp-content/uploads/2026/09/mopg047sopl-550x374.jpg
https://jav.guru/1052338/mmraa-397-teen-graduation%e2%98%86a-melting-premonition-kanon-akagawa/,https://cdn.javmiku.com/wp-content/uploads/2026/09/n_709mmraa397pl-550x374.jpg
https://jav.guru/1052339/mmraa-396-you-a-teenager-a-premonition-of-love-yui-yuuki/,https://cdn.javmiku.com/wp-content/uploads/2026/09/n_709mmraa396pl-550x374.jpg
https://jav.guru/1052340/mird-281-moodyz-fan-appreciation-festival-bakobako-bus-tour-2026-20-hours-25-minutes-bakobako-bus-13-hours-40-minutes-ura-bako-4-hours-unreleased-scenes-included-complete-version/,https://cdn.javmiku.com/wp-content/uploads/2026/09/mird281pl-550x374.jpg
https://jav.guru/1052344/mbraa-360-overdoing-it-debut-matsuri-kosaka/,https://cdn.javmiku.com/wp-content/uploads/2026/09/n_709mbraa360pl-550x374.jpg
https://jav.guru/1052345/mbraa-359-absolutely-must-not-feel-it-merumo-tsunoda-merumo-tsunoda/,https://cdn.javmiku.com/wp-content/uploads/2026/09/n_709mbraa359pl-550x374.jpg
https://jav.guru/1052346/mbraa-358-im-gonna-go-crazy-aimis-erotic-prescription-aimi/,https://cdn.javmiku.com/wp-content/uploads/2026/09/n_709mbraa358pl-550x374.jpg
https://jav.guru/1052347/mbraa-357-love-vibration-ren-okubo/,https://cdn.javmiku.com/wp-content/uploads/2026/09/n_709mbraa357pl-550x374.jpg
https://jav.guru/1052348/maraa-233-out-safe-moon-gazing-moon-gazing/,https://cdn.javmiku.com/wp-content/uploads/2026/09/n_709maraa233pl-550x374.jpg
https://jav.guru/1052349/love-053-please-keep-the-small-titts-me-as-your-livestock-2/,https://cdn.javmiku.com/wp-content/uploads/2026/09/h_491love53pl-550x374.jpg
https://jav.guru/1052351/ksbj-143-and-then-i-could-no-longer-be-satisfied-with-my-husband-chitose-shinohara/,https://cdn.javmiku.com/wp-content/uploads/2026/09/ksbj143pl-550x374.jpg
https://jav.guru/1052353/kagp-404-amateur-girls-pussy-juice-sopping-wet-hole-plunging-masturbation-2/,https://cdn.javmiku.com/wp-content/uploads/2026/09/kagp404pl-550x374.jpg
https://jav.guru/1052360/jjda-080-wife-who-fell-for-an-unemployed-bastards-huge-cock/,https://cdn.javmiku.com/wp-content/uploads/2026/09/jjda080pl-550x374.jpg
https://jav.guru/1052361/jera-050-first-time-cum-swallowing-part-timer-girl-invited-to-a-love-hotel-out-of-interest-in-the-younger-big-tits-girl-kosuzu-mikan-who-works-at-a-bento-shop/,https://cdn.javmiku.com/wp-content/uploads/2026/09/1jera050pl-550x374.jpg
https://jav.guru/1052366/hbla-009-pussy-gacha-indiscriminate-rpe-4-hour-best/,https://cdn.javmiku.com/wp-content/uploads/2026/09/hbla009pl-550x374.jpg
https://jav.guru/1052367/hawa-386-the-mature-wife-with-strong-maternal-instincts-and-sexual-desire-who-handles-my-self-indulgent-sexual-relief-is-the-best-feeling-toy-free-to-cum-as-much-as-i-want-into-the-ripe-aunties-m/,https://cdn.javmiku.com/wp-content/uploads/2026/09/1hawa386pl-550x374.jpg
https://jav.guru/1052369/goju-320-wont-stop-even-if-you-cum-endless-cleanup-blowjobs-from-an-amateur-wife-who-loves-sucking-cock/,https://cdn.javmiku.com/wp-content/uploads/2026/09/h_1165goju320pl-550x374.jpg
https://jav.guru/1052370/gohm-012-documentary-sex-of-working-women-who-applied-for-private-shoots-in-search-of-money-and-thrills-6/,https://cdn.javmiku.com/wp-content/uploads/2026/09/gohm012pl-550x374.jpg
https://jav.guru/1052371/fskt-032-big-tits-real-chan-super-amateur-jk-compilation-omnibus-240-minutes-4-girls/,https://cdn.javmiku.com/wp-content/uploads/2026/09/h_491fskt032pl-550x374.jpg
https://jav.guru/1052372/fns-257-after-our-respective-lovers-cheated-on-us-my-female-friend-and-i-started-having-sex-where-we-lick-each-others-wounds-and-pussies-and-it-felt-so-good-weve-sunk-into-a-quagmire-akari-ts/,https://cdn.javmiku.com/wp-content/uploads/2026/09/FNS-257-550x374.jpg
https://jav.guru/1052374/fgan-175-provocation-bloomers-loose-socks-mania-i-want-to-be-tormented-by-the-golden-combo-of-bloomers-and-loose-socks/,https://cdn.javmiku.com/wp-content/uploads/2026/09/h_1440fgan175pl-550x374.jpg
https://jav.guru/1052375/ebod-555-saliva-male-female-sweat-male-female-squirt-female-semen-male-mixed-body-fluid-sex-between-a-middle-aged-guy-and-a-beautiful-girl-koharu-suzuki/,https://cdn.javmiku.com/wp-content/uploads/2026/09/ebod555pl-550x374.jpg
https://jav.guru/1052376/dori-077-pakodori-no-77-i-lied-to-a-high-school-girl-who-likes-watching-the-face-of-an-old-man-whos-feeling-good-by-saying-i-forgot-the-condom-and-she-replied-bareback-is-totally-fine/,https://cdn.javmiku.com/wp-content/uploads/2026/09/h_491dori077pl-550x374.jpg
https://jav.guru/1052377/dori-041-korean-beauty-straddling-the-crotch-and-stretching-out-her-legs-barefoot-footjob-special-packed-with-realistic-sensation-that-keeps-you-excited-for-24-hours/,https://cdn.javmiku.com/wp-content/uploads/2026/09/h_491dori041pl-550x374.jpg
https://jav.guru/1052378/dandya-050-you-shouldnt-get-your-cock-hard-should-you-all-the-sperm-id-saved-up-for-baby-making-with-my-beloved-wife-gets-completely-milked-out/,https://cdn.javmiku.com/wp-content/uploads/2026/09/1dandya050pl-550x374.jpg
https://jav.guru/1052379/cesd-110-female-scumbag-lawyer-2-from-divorce-defense-to-criminal-cases-i-accept-them-cheaply-with-my-supreme-anal-chisato-shoda/,https://cdn.javmiku.com/wp-content/uploads/2026/09/cesd110pl-550x374.jpg
https://jav.guru/1052380/cead-767-onahole-transforms-into-an-actresss-mouth-13-ultra-slutty-actresses-skilled-at-oral-sex-who-milk-you-with-onahole-blowjobs/,https://cdn.javmiku.com/wp-content/uploads/2026/09/cead767pl-550x374.jpg
https://jav.guru/1052381/c-2508-day-trip-hot-spring-mature-woman-erotic-journey-the-best-2018-12-2019-05/,https://cdn.javmiku.com/wp-content/uploads/2026/09/140c2508pl-550x374.jpg
https://jav.guru/1052382/bobb-288-three-amateur-girls-with-big-tits-if-we-put-on-glasses-wont-we-get-found-out-part-3/,https://cdn.javmiku.com/wp-content/uploads/2026/09/bobb288pl-550x374.jpg
https://jav.guru/1052383/bobb-287-three-amateur-girls-with-big-tits-if-we-put-on-glasses-wont-we-get-caught-part-2/,https://cdn.javmiku.com/wp-content/uploads/2026/09/bobb287pl-550x374.jpg
https://jav.guru/1052384/anb-262-i-became-moms-toy-the-lewd-beautiful-stepmother-with-beautiful-tits-and-beautiful-legs-madoka-miyashita/,https://cdn.javmiku.com/wp-content/uploads/2026/09/anb262pl-550x374.jpg
https://jav.guru/1052386/akdl-148-if-you-want-to-have-sex-with-me-then-study-i-got-milked-dry-over-and-over-by-the-private-tutor-with-secret-options-usami-rena/,https://cdn.javmiku.com/wp-content/uploads/2026/09/1akdl00148pl-1-550x374.jpg
https://jav.guru/1052387/akdl-147-hey-lets-have-sex-the-day-i-gave-in-to-sudden-temptation-from-my-daughters-friend-ena-who-seeks-forbidden-acts-with-her-pure-and-innocent-smile-satsuki-ena/,https://cdn.javmiku.com/wp-content/uploads/2026/09/1akdl00147pl-1-550x374.jpg
https://jav.guru/1052389/aarm-365-fully-naked-seiza-blowjob/,https://cdn.javmiku.com/wp-content/uploads/2026/09/aarm365pl-550x374.jpg
