page_url,image_url
https://jav.guru/1043307/yako-099-the-rumored-young-girl-with-double-anal-shot-intensely-even-when-youre-young-life-has-its-ups-and-downs/,https://cdn.javmiku.com/wp-content/uploads/2026/08/h_1133yako099pl-550x374.jpg
https://jav.guru/1043308/ubug-016-the-still-innocent-young-wife-seems-to-be-at-an-age-where-she-cant-be-satisfied-with-just-one-man-so-she-secretly-plays-around-behind-her-husbands-back/,https://cdn.javmiku.com/wp-content/uploads/2026/08/h_1133ubug016pl-550x374.jpg
https://jav.guru/1043309/tenn-051-married-pregnant-womans-av-debut-fulfilling-all-forbidden-sexual-desires-with-creampie-sex-while-in-a-swollen-belly-state/,https://cdn.javmiku.com/wp-content/uploads/2026/08/h_491tenn051pl-550x374.jpg
https://jav.guru/1043312/rebd-1061-sora-the-first-note-in-sky-blue-komatsu-sora/,https://cdn.javmiku.com/wp-content/uploads/2026/08/h_346rebd1061pl-550x374.jpg
https://jav.guru/1043313/rebd-1060-mios-spring-colored-sacrament-mio-sakura/,https://cdn.javmiku.com/wp-content/uploads/2026/08/h_346rebd1060pl-550x374.jpg
https://jav.guru/1043314/rebd-1059-ema2-transparent-time-moment-capture-ai-yano/,https://cdn.javmiku.com/wp-content/uploads/2026/08/h_346rebd1059pl-550x374.jpg
https://jav.guru/1043315/rebd-1058-rena3-private-monologue-reina-miyashita/,https://cdn.javmiku.com/wp-content/uploads/2026/08/h_346rebd1058pl-550x374.jpg
https://jav.guru/1043316/rebd-1057-fuua4-blue-oasis%e3%83%bbfuua-kaede/,https://cdn.javmiku.com/wp-content/uploads/2026/08/h_346rebd1057pl-550x374.jpg
https://jav.guru/1043317/rdvij-003-amateur-mother-and-daughter-pick-up-creampie-vol-34/,https://cdn.javmiku.com/wp-content/uploads/2026/08/48rdvij003pl-550x374.jpg
https://jav.guru/1043318/pdvij-001-my-sons-wife-is-so-sexy-i-cant-resist-minoshima-meguri/,https://cdn.javmiku.com/wp-content/uploads/2026/08/48pdvij001pl-550x374.jpg
https://jav.guru/1043334/mdvij-034-mothers-in-law-captivated-by-their-husbands-sons-huge-cock-and-incredible-stamina-8/,https://cdn.javmiku.com/wp-content/uploads/2026/08/48mdvij034pl-550x374.jpg
https://jav.guru/1043336/lock-016-lock-on-asuka-ill-do-anything-for-my-beloved-idol-deceiving-a-mentally-unstable-big-titted-fan-obsessed-with-her-for-a-massive-creampie-asuka-tsukimoto/,https://cdn.javmiku.com/wp-content/uploads/2026/08/h_491lock016pl-550x374.jpg
https://jav.guru/1043337/knmb-131-raw-raw-raw-raw-raw-raw-raw-raw-raw-documentary-the-strongest-anime-voice-hardcore-erotic-little-girl-in-the-case-of-ririka-amou/,https://cdn.javmiku.com/wp-content/uploads/2026/08/h_491knmb131pl-550x374.jpg
https://jav.guru/1043338/knmb-130-little-titty-girl-fuka-mochizuki/,https://cdn.javmiku.com/wp-content/uploads/2026/08/h_491knmb130pl-550x374.jpg
https://jav.guru/1043339/knmb-129-the-capable-saleswoman-only-acts-sweet-in-front-of-her-fuck-buddy-akiho-sano/,https://cdn.javmiku.com/wp-content/uploads/2026/08/h_491knmb129pl-550x374.jpg
https://jav.guru/1043340/knmb-128-the-tall-new-employee-is-too-aggressive-and-cant-refuse-the-affair-invitation-asuka-matsumoto/,https://cdn.javmiku.com/wp-content/uploads/2026/08/h_491knmb128pl-550x374.jpg
https://jav.guru/1043349/honb-498-latest-divine-erotic-video-news-01/,https://cdn.javmiku.com/wp-content/uploads/2026/08/h_1133honb498pl-550x374.jpg
https://jav.guru/1043350/honb-497-gal-loving-old-mans-pickup-journey-hall-of-fame-absolute-beautys-dangerous-sex-16/,https://cdn.javmiku.com/wp-content/uploads/2026/08/h_1133honb497pl-550x374.jpg
https://jav.guru/1043353/docd-098-in-a-locked-room-a-secret-just-for-the-two-of-us-women-only-escort-hidden-camera-drowning-in-pleasure-with-the-incredible-techniques-of-a-handsome-therapist-women-losing/,https://cdn.javmiku.com/wp-content/uploads/2026/08/h_1711docd098pl-550x374.jpg
https://jav.guru/1043355/cpz69-015-my-favorite-twins-pillow-business-scandal-double-big-tits-3p-edition/,https://cdn.javmiku.com/wp-content/uploads/2026/08/1cpz69015pl-550x374.jpg
https://jav.guru/1043359/chuc-189-noa-25-the-submissive-burger-shop-employee-who-comes-in-seconds/,https://cdn.javmiku.com/wp-content/uploads/2026/08/h_491chuc189pl-550x374.jpg
https://jav.guru/1043360/chuc-188-a-college-girl-with-f-cup-breasts-wants-to-learn-about-sex-tao-21/,https://cdn.javmiku.com/wp-content/uploads/2026/08/h_491chuc188pl-550x374.jpg
https://jav.guru/1043361/chuc-187-j-cup-big-titted-amateur-beauty-nina-30/,https://cdn.javmiku.com/wp-content/uploads/2026/08/h_491chuc187pl-550x374.jpg
https://jav.guru/1043363/bjd-058-mature-full-moon-a-trip-to-nasu-ashino-onsen-with-akari-kuroda/,https://cdn.javmiku.com/wp-content/uploads/2026/08/bjd058pl-550x374.jpg
https://jav.guru/1043366/apak-336-im-too-sensitive-so-its-no-good-creampie-masochist-climax-with-hard-nipples-ayaka-its-been-half-a-year-im-already-so-wet-tight-pussy-intense-orgasm-and-deepthroat-le/,https://cdn.javmiku.com/wp-content/uploads/2026/08/apak336pl-550x374.jpg
https://jav.guru/1043457/los-002-a-married-woman-with-a-body-that-looks-soft-and-tempting-her-skin-glistening-from-the-rain-unknowingly-seduces-you/,https://cdn.javmiku.com/wp-content/uploads/2026/08/1los002pl-550x374.jpg
https://jav.guru/1043458/btha-112-beautiful-body-nonoura-dan/,https://cdn.javmiku.com/wp-content/uploads/2026/08/n_863btha112pl-550x374.jpg
https://jav.guru/1043459/abf-381-overindulgent-creampie-at-the-hot-spring-inn-freely-enjoying-the-exquisite-transparent-body-mai-nanashima/,https://cdn.javmiku.com/wp-content/uploads/2026/08/118abf381pl-550x374.jpg
https://jav.guru/1043460/abf-380-ultimate-ecstasy-a-new-realm-of-pleasure-that-stimulates-all-your-senses-umi-hakkake/,https://cdn.javmiku.com/wp-content/uploads/2026/08/118abf380pl-550x374.jpg
https://jav.guru/1043858/yuj-073-the-day-i-taught-my-sons-classmate-about-adult-dating-after-he-confessed-his-feelings-to-me/,https://cdn.javmiku.com/wp-content/uploads/2026/08/yuj073pl-550x374.jpg
https://jav.guru/1043859/yuj-072-ill-make-you-cum-so-much-that-you-wont-even-want-to-have-sex-with-any-woman-other-than-me-i-fell-into-dependent-sex-loved-and-jealous-bound-by-my-girlfriend/,https://cdn.javmiku.com/wp-content/uploads/2026/08/yuj072pl-550x374.jpg
https://jav.guru/1043860/waaa-686-lets-keep-it-a-secret-from-my-wife-and-have-sex-again-today-the-little-devil-part-timer-who-secretly-tempts-me-without-panties-in-the-store-makes-me-unable-to-resist-resulting-in-multip/,https://cdn.javmiku.com/wp-content/uploads/2026/08/waaa686pl-550x374.jpg
https://jav.guru/1043861/waaa-685-a-new-nurse-named-rin-at-suzus-house-who-immediately-gives-a-blowjob-with-a-smile-when-called-24-times-of-cock-sucking-and-swallowing/,https://cdn.javmiku.com/wp-content/uploads/2026/08/waaa685pl-550x374.jpg
https://jav.guru/1043862/waaa-684-watch-and-youll-be-blown-away-by-relentless-piston-thrusting-how-to-have-sex-im-telling-you-featuring-hibiki-otsuki/,https://cdn.javmiku.com/wp-content/uploads/2026/08/waaa684pl-550x374.jpg
https://jav.guru/1043863/waaa-682-i-was-raped-by-my-hated-father-in-law-at-night-nana-aizuki/,https://cdn.javmiku.com/wp-content/uploads/2026/08/waaa682pl-550x374.jpg
https://jav.guru/1043864/waaa-681-ill-make-you-feel-good-for-free-my-admired-sister-in-law-started-working-at-a-mens-esthetic-salon-and-as-her-practice-partner-im-on-the-edge-of-reason-with-a-risky-groin-mas/,https://cdn.javmiku.com/wp-content/uploads/2026/08/waaa681pl-550x374.jpg
https://jav.guru/1043865/waaa-680-if-you-can-endure-juns-amazing-techniques-with-perfume-raw-creampie-sex/,https://cdn.javmiku.com/wp-content/uploads/2026/08/waaa680pl-550x374.jpg
https://jav.guru/1043866/waaa-677-tonight-drink-my-saliva-and-get-drunk-a-female-boss-who-becomes-a-kissing-monster-when-shes-drunk-transforms-into-a-lewd-beast-with-drooling-kisses-she-rides-in-a-spider-position-for/,https://cdn.javmiku.com/wp-content/uploads/2026/08/waaa677pl-550x374.jpg
https://jav.guru/1043867/waaa-665-ill-make-you-my-hole-sisters-with-the-teachers-big-cock-after-school-licking-training-for-close-friends-in-their-puberty-unshaved-pussy-covered-in-cum-unauthorized-creampie-at-schoo/,https://cdn.javmiku.com/wp-content/uploads/2026/08/waaa665pl-550x374.jpg
https://jav.guru/1043868/vema-264-in-her-first-10-minutes-on-the-job-a-married-office-lady-gets-creampied-by-the-lustful-beasts-working-in-a-pleasure-first-office-momose-jogasaki/,https://cdn.javmiku.com/wp-content/uploads/2026/08/vema264pl-550x374.jpg
https://jav.guru/1043869/vec-787-bringing-home-a-beautiful-married-woman-from-work-for-creampie-sex-honami-hazuki/,https://cdn.javmiku.com/wp-content/uploads/2026/08/vec787pl-550x374.jpg
https://jav.guru/1043870/vagu-294-the-temptation-of-beautiful-legs-in-pantyhose-without-panties-kaoru-saiki/,https://cdn.javmiku.com/wp-content/uploads/2026/08/vagu294pl-550x374.jpg
https://jav.guru/1043871/skmj-783-on-the-summer-beach-i-approached-an-amateur-bikini-beauty-for-the-first-time-and-covered-her-face-with-a-massive-load-drenched-in-thick-cum-all-over-her-hair-face-and-body-even-hotter/,https://cdn.javmiku.com/wp-content/uploads/2026/08/h_1324skmj783pl-550x374.jpg
https://jav.guru/1043872/skmj-782-amateur-female-college-students-only-a-beautiful-woman-in-a-yukata-heading-to-a-fireworks-festival-challenges-baseball-fist-fighting-win-and-get-a-cash-prize-lose-and-get-a-huge-cock-fr/,https://cdn.javmiku.com/wp-content/uploads/2026/08/h_1324skmj782pl-550x374.jpg
https://jav.guru/1043873/skmj-781-a-cute-mom-dedicated-to-raising-her-kids-tries-deepthroat-for-the-first-time-she-eagerly-takes-a-huge-cock-in-her-mouth-causing-her-post-pregnancy-virgin-pussy-to-overflow-with-lustful-ju/,https://cdn.javmiku.com/wp-content/uploads/2026/08/h_1324skmj781pl-550x374.jpg
https://jav.guru/1043874/skmj-780-a-challenge-of-mutual-masturbation-with-the-beautiful-senior-ive-always-admired-and-the-virgin-junior-the-junior-cant-hold-back-as-he-sees-the-senior-shyly-pleasuring-herself-lead/,https://cdn.javmiku.com/wp-content/uploads/2026/08/h_1324skmj780pl-550x374.jpg
https://jav.guru/1043875/same-251-the-newlywed-teacher-sakurai-is-being-used-as-a-sex-toy-by-the-most-problematic-student-in-school/,https://cdn.javmiku.com/wp-content/uploads/2026/08/same251pl-550x374.jpg
https://jav.guru/1043876/same-250-pleasure-trture-body-modification-a-female-investigator-implanted-with-a-climax-device-in-her-brain-is-made-to-cum-continuously-by-the-person-she-hates-the-most/,https://cdn.javmiku.com/wp-content/uploads/2026/08/same250pl-550x374.jpg
https://jav.guru/1043877/same-237-i-cant-forget-the-way-that-man-i-hate-so-much-used-his-hips-when-he-raped-me-hazuki-mayu/,https://cdn.javmiku.com/wp-content/uploads/2026/08/same237pl-550x374.jpg
https://jav.guru/1043878/rbk-132-frced-creampie-black-market-7/,https://cdn.javmiku.com/wp-content/uploads/2026/08/rbk132pl-550x374.jpg
https://jav.guru/1043879/npjs-270-a-day-in-the-life-of-a-big-titted-tattooed-manager-at-a-filthy-diner-where-the-demon-serves-up-creampie-and-deepthroat/,https://cdn.javmiku.com/wp-content/uploads/2026/08/npjs270pl-550x374.jpg
https://jav.guru/1043880/mngs-066-if-you-lack-confidence-in-money-height-and-looks-isnt-it-only-natural-to-win-with-your-cock/,https://cdn.javmiku.com/wp-content/uploads/2026/08/mngs066pl-550x374.jpg
https://jav.guru/1043882/mikr-120-do-you-like-beautiful-new-women-an-amateur-who-applied-because-she-loves-sex-with-a-stunning-former-flight-attendant-suspected-of-being-a-married-woman-rino-suzuho/,https://cdn.javmiku.com/wp-content/uploads/2026/08/mikr120pl-550x374.jpg
https://jav.guru/1043883/mikr-118-i-was-a-failed-teacher-who-became-captivated-after-being-molested-with-druggd-fingers-aki-sasaki/,https://cdn.javmiku.com/wp-content/uploads/2026/08/mikr118pl-550x374.jpg
https://jav.guru/1043884/mida-814-driven-by-overwhelming-lust-a-horny-beastly-slut-who-was-abandoned-by-her-husband-returns-to-her-hometown-for-a-divorce-and-gets-relentlessly-fucked-in-the-summer-while-drenched-in-sweat/,https://cdn.javmiku.com/wp-content/uploads/2026/08/mida814pl-550x374.jpg
https://jav.guru/1043885/mida-798-a-womans-body-that-feels-pleasure-when-stimulated-here-an-erotic-guide-to-erogenous-zones-completely-naked-indecent-sexual-harassment-health-examination-by-mio-ishikawa/,https://cdn.javmiku.com/wp-content/uploads/2026/08/mida798pl-550x374.jpg
https://jav.guru/1043886/mida-796-the-raw-gem-of-a-pervert-av-debut-of-a-normal-girl-awakening-to-eroticism-in-a-sinful-documentary-aimi-yano/,https://cdn.javmiku.com/wp-content/uploads/2026/08/mida796pl-550x374.jpg
https://jav.guru/1043887/mida-778-my-always-assertive-younger-female-boss-is-a-masochistic-pussy-who-craves-intense-pounding-yuki-nozomi/,https://cdn.javmiku.com/wp-content/uploads/2026/08/mida778pl-550x374.jpg
https://jav.guru/1043888/mida-775-sexually-charged-ripped-athlete-gets-pounded-from-behind-with-muscle-power-intense-g-spot-stimulation-knees-buckle-hips-shake-sweat-squirting-and-bodily-fluids-erupt-fuck-with-sana/,https://cdn.javmiku.com/wp-content/uploads/2026/08/mida775pl-550x374.jpg
https://jav.guru/1043889/mida-774-my-mother-in-laws-j-cup-areolas-were-so-sensitive-that-i-invited-my-senior-over-to-my-house-for-an-all-night-party-where-i-sucked-on-them-and-developed-her-nipples-ko-gojou/,https://cdn.javmiku.com/wp-content/uploads/2026/08/mida774pl-550x374.jpg
https://jav.guru/1043890/mida-772-please-just-let-me-taste-your-pussy-for-10-seconds-begging-and-pleading-i-came-multiple-times-from-my-relentless-father-in-laws-trained-rock-hard-cock-creampie-young-wife-me-sa/,https://cdn.javmiku.com/wp-content/uploads/2026/08/mida772pl-550x374.jpg
https://jav.guru/1043891/mida-771-the-handsome-transfer-student-matsumoto-kun-who-saved-me-from-bullying-was-actually-a-girl-ichika-matsumoto/,https://cdn.javmiku.com/wp-content/uploads/2026/08/mida771pl-550x374.jpg
https://jav.guru/1043892/mida-770-naked-women-and-creampie-sex-anywhere-full-situations-with-big-tits-anal-and-exposed-pussy-enjoy-the-special-experience-of-g-cup-nudity/,https://cdn.javmiku.com/wp-content/uploads/2026/08/mida770pl-550x374.jpg
https://jav.guru/1043893/mida-768-while-my-wife-is-away-visiting-her-family-i-couldnt-resist-the-defenseless-sight-of-the-housekeeper-in-a-completely-naked-apron-at-home-so-i-immediately-fucked-her/,https://cdn.javmiku.com/wp-content/uploads/2026/08/mida768pl-550x374.jpg
https://jav.guru/1043894/mida-766-at-the-nearest-station-to-the-womens-university-during-the-dangerous-days-of-heightened-arousal-a-mens-esthetic-that-tempts-you-with-risky-groin-massages-and-sweet-close-whispers-fe/,https://cdn.javmiku.com/wp-content/uploads/2026/08/mida766pl-550x374.jpg
https://jav.guru/1043896/mida-764-unable-to-forget-the-pleasure-of-sticky-meticulous-clit-teasing-i-became-a-captive-of-train-groping-as-a-uniformed-girl-repeatedly-humiliated-and-made-to-squirt-in-a-silent-gangbang-m/,https://cdn.javmiku.com/wp-content/uploads/2026/08/mida764pl-550x374.jpg
https://jav.guru/1043897/mida-763-national-treasure-level-body-drug-laced-lotion-dripping-wet-nonstop-climax-creampie-full-course-reason-melting-overdose-heavenly-ecstasy-hikari-momota/,https://cdn.javmiku.com/wp-content/uploads/2026/08/mida763pl-550x374.jpg
https://jav.guru/1043898/mida-761-first-time-creampie-release-kirara-kousei/,https://cdn.javmiku.com/wp-content/uploads/2026/08/mida761pl-550x374.jpg
https://jav.guru/1043899/mida-759-no-script-at-all-after-teasing-and-edging-the-pure-white-ayane-who-has-been-on-a-month-long-abstinence-we-raised-her-sensitivity-to-the-limit-for-a-wild-orgy-of-beasts/,https://cdn.javmiku.com/wp-content/uploads/2026/08/mida759pl-550x374.jpg
https://jav.guru/1043900/mida-757-all-first-experiences-sex-development-three-scenes-special-mano-nanami/,https://cdn.javmiku.com/wp-content/uploads/2026/08/mida757pl-550x374.jpg
https://jav.guru/1043901/mida-737-being-looked-down-on-from-above-by-ibuki-aoi-while-being-relentlessly-stroked-until-my-balls-are-numb-by-her-exquisite-body-in-a-degrading-full-service-experience/,https://cdn.javmiku.com/wp-content/uploads/2026/08/mida737pl-550x374.jpg
https://jav.guru/1043903/lulu-451-a-model-shoot-lesson-with-my-short-statured-idol-wannabe-niece-leads-to-her-in-a-revealing-junior-swimsuit-unable-to-resist-rubbing-her-soft-pussy-against-my-big-cock-resulting-in-a-slipp/,https://cdn.javmiku.com/wp-content/uploads/2026/08/lulu451pl-550x374.jpg
https://jav.guru/1043904/lulu-450-a-former-delinquent-big-assed-black-gal-wife-who-struggled-to-pay-for-a-used-vip-car-provocatively-consulted-about-her-debt-leading-to-a-shoulder-carrying-cuckold-experience-that-made-her/,https://cdn.javmiku.com/wp-content/uploads/2026/08/lulu450pl-550x374.jpg
https://jav.guru/1043905/lulu-449-i-rescued-a-minimum-house-runaway-girl-in-the-city-and-after-being-seduced-by-her-bare-pussy-to-give-her-money-i-punished-her-immature-slit-with-immediate-fucking-and-intense-thrusting-m/,https://cdn.javmiku.com/wp-content/uploads/2026/08/lulu449pl-550x374.jpg
https://jav.guru/1043906/knks-001-pee-vomit-deepthroat-enema-and-squirting-juice-drink-it-all-shirako/,https://cdn.javmiku.com/wp-content/uploads/2026/08/knks001pl-550x374.jpg
https://jav.guru/1043907/jufe-625-a-plain-but-big-titted-wife-living-in-the-countryside-who-cares-for-her-brother-turns-out-to-have-a-dirty-side-seducing-with-vulgar-masturbation/,https://cdn.javmiku.com/wp-content/uploads/2026/08/jufe625pl-550x374.jpg
https://jav.guru/1043908/jbd-307-first-time-release-sm-documentary-prepared-to-know-that-pleasure/,https://cdn.javmiku.com/wp-content/uploads/2026/08/jbd307pl-550x374.jpg
https://jav.guru/1043909/jbd-306-embraced-by-the-rope-ai-mukai/,https://cdn.javmiku.com/wp-content/uploads/2026/08/jbd306pl-550x374.jpg
https://jav.guru/1043910/ipzz-987-she-drinks-a-lot-talks-a-lot-and-laughs-a-lot-when-she-gets-drunk-her-sense-of-distance-gets-messed-up-and-she-becomes-sexy-the-number-one-ranked-beauty-from-naniwa-who-wants-to-have-a/,https://cdn.javmiku.com/wp-content/uploads/2026/08/ipzz987pl-550x374.jpg
https://jav.guru/1043911/ipzz-957-the-angel-in-white-kneels-at-midnight-my-beautiful-kind-and-wonderfully-smiling-first-love-nishida-san-turned-out-to-be-a-crazy-perverted-nurse-who-becomes-a-submissive-after-lights-ou/,https://cdn.javmiku.com/wp-content/uploads/2026/08/ipzz957pl-550x374.jpg
https://jav.guru/1043912/ipzz-952-the-beautiful-sisters-who-helped-me-pass-my-entrance-exams-called-me-to-a-love-hotel-for-licking-kisses-and-creampie-as-a-sweet-reward-in-a-harem-im-so-glad-i-worked-as-a-tutor/,https://cdn.javmiku.com/wp-content/uploads/2026/08/ipzz952pl-550x374.jpg
https://jav.guru/1043913/ipzz-948-can-a-slender-pale-ultra-delicate-body-that-seems-too-thin-to-handle-it-endure-the-development-of-a-big-cock-mei-hayashi/,https://cdn.javmiku.com/wp-content/uploads/2026/08/ipzz948pl-550x374.jpg
https://jav.guru/1043914/ipzz-947-set-up-by-my-bossy-female-supervisor-sharing-a-room-on-a-business-trip-with-the-harassment-loving-department-head-i-hate-the-slim-big-titted-employee-mio-sakai-succumbs-to-pleasure-with/,https://cdn.javmiku.com/wp-content/uploads/2026/08/ipzz947pl-550x374.jpg
https://jav.guru/1043915/ipzz-939-scamming-weak-fat-old-men-into-giving-big-money-through-a-sex-for-love-scheme-with-momoi-horiuchi-who-gets-them-to-participate-in-a-gangbang/,https://cdn.javmiku.com/wp-content/uploads/2026/08/ipzz939pl-550x374.jpg
https://jav.guru/1043916/ipzz-938-substitute-circle-jerk-game-i-only-helped-the-bullied-student-a-group-of-madmen-seeking-revenge-on-the-beautiful-trainee-teacher-tsujimi-ina-and-hanabuki-shion/,https://cdn.javmiku.com/wp-content/uploads/2026/08/ipzz938pl-550x374.jpg
https://jav.guru/1043918/ipzz-923-stuck-sharing-a-room-with-the-producer-i-absolutely-hate-at-a-location-shoot-in-a-hot-spring-inn-i-was-repeatedly-made-to-cum-by-an-ugly-insatiable-old-man-the-stunning-9-head-beauty-m/,https://cdn.javmiku.com/wp-content/uploads/2026/08/ipzz923pl-550x374.jpg
https://jav.guru/1043919/ipzz-920-substitute-fleshlight-a-10-day-confinement-with-an-insatiable-yakuza-who-keeps-cumming-featuring-suzuna-yamada/,https://cdn.javmiku.com/wp-content/uploads/2026/08/ipzz920pl-550x374.jpg
https://jav.guru/1043920/ipzz-902-digital-channel-dc145-mitsuri-nagahamas-first-bukkake-release/,https://cdn.javmiku.com/wp-content/uploads/2026/08/ipzz902pl-550x374.jpg
https://jav.guru/1043921/ipzz-891-my-stepsister-who-loves-me-more-than-anyone-in-the-world-falls-head-over-heels-for-me-and-the-moment-i-get-a-girlfriend-she-turns-tsundere/,https://cdn.javmiku.com/wp-content/uploads/2026/08/ipzz891pl-550x374.jpg
https://jav.guru/1043922/id-024-collection-of-videos-of-beautiful-girls-being-raped-outdoors-4-hours/,https://cdn.javmiku.com/wp-content/uploads/2026/08/5534id024pl-550x374.jpg
https://jav.guru/1043923/id-023-one-of-a-kind-best-4-hour-private-sex-session-with-your-favorite-cosplayer/,https://cdn.javmiku.com/wp-content/uploads/2026/08/5534id023pl-550x374.jpg
https://jav.guru/1043924/id-022-minami-hinano-special-best-4-hours/,https://cdn.javmiku.com/wp-content/uploads/2026/08/5534id022pl-550x374.jpg
https://jav.guru/1043925/hrsm-158-grilled-meat-bunny-girl-and-rape/,https://cdn.javmiku.com/wp-content/uploads/2026/08/h_1745hrsm158pl-550x374.jpg
https://jav.guru/1043926/hrsm-157-round-girl-raw-creampie-blowbang/,https://cdn.javmiku.com/wp-content/uploads/2026/08/h_1745hrsm157pl-550x374.jpg
https://jav.guru/1043927/hodv-22101-looks-like-we-missed-the-last-train-so-want-to-come-over-to-my-place-spending-the-night-at-my-married-bosss-house-while-her-husband-is-on-a-business-trip-i-was-seduced-and-excit/,https://cdn.javmiku.com/wp-content/uploads/2026/08/41hodv22101pl-550x374.jpg
https://jav.guru/1043928/dvmm-440-blonde-in-mourning-attire-the-24-year-old-former-baseball-club-manager-meguri-was-made-to-drink-until-she-lost-her-memory-and-was-toyed-with-in-a-group-creampie-orgy-by-her-clubmates-she/,https://cdn.javmiku.com/wp-content/uploads/2026/08/dvmm440pl-550x374.jpg
https://jav.guru/1043929/drpt-120-a-big-titted-beauty-miyu-hirose-gets-hung-from-the-strap-in-a-crowded-train-and-ends-up-in-a-frustrating-state-of-arousal-after-simultaneous-nipple-stimulation/,https://cdn.javmiku.com/wp-content/uploads/2026/08/1drpt120pl-550x374.jpg
https://jav.guru/1043930/drpt-119-tall-girl-kyoko-hanamiya-repeatedly-brought-to-climax-by-the-mischievous-antics-of-three-bad-boys-in-a-crowded-train/,https://cdn.javmiku.com/wp-content/uploads/2026/08/1drpt119pl-550x374.jpg
https://jav.guru/1043931/drpt-112-my-wife-was-forcefully-turned-into-a-sexual-slave-by-the-young-people-living-next-door-who-developed-her-nipples-without-her-realizing-it-2-himari-kosaka/,https://cdn.javmiku.com/wp-content/uploads/2026/08/1drpt112pl-550x374.jpg
https://jav.guru/1043932/deab-007-graduation-the-beautiful-student-council-president-of-the-prestigious-girls-school-kanon-takamiya-makes-her-av-debut/,https://cdn.javmiku.com/wp-content/uploads/2026/08/deab007pl-550x374.jpg
https://jav.guru/1043933/club-935-high-class-hotel-woman-classy-pussy-getting-pounded-with-a-creampie-in-a-gangbang-video/,https://cdn.javmiku.com/wp-content/uploads/2026/08/club935pl-550x374.jpg
https://jav.guru/1043934/club-932-sister-gal-druggd-sex-voyeurism-and-public-humiliation/,https://cdn.javmiku.com/wp-content/uploads/2026/08/club932pl-550x374.jpg
https://jav.guru/1043935/cawb-041-the-quiet-girl-completely-lost-her-mind-with-intense-hardcore-masochistic-sex-a-shy-148cm-tall-a-cup-quiet-woman-20-was-overflowing-with-happiness-from-extreme-submissive-sex/,https://cdn.javmiku.com/wp-content/uploads/2026/08/cawb041pl-550x374.jpg
https://jav.guru/1043936/cawb-038-a-138cm-struggling-girl-who-has-been-treated-like-a-chld-and-unable-to-become-a-full-time-employee-continues-to-work-as-a-day-laborer-now-a-quick-to-cum-masochist-who-squirts-a-lot-from-c/,https://cdn.javmiku.com/wp-content/uploads/2026/08/cawb038pl-550x374.jpg
https://jav.guru/1043937/cawb-037-after-six-months-of-negotiations-to-appear-in-adult-videos-it-finally-worked-out-i-got-the-best-i-cup-super-ordinary-person-usagi-shirama-20-makes-her-av-debut/,https://cdn.javmiku.com/wp-content/uploads/2026/08/cawb037pl-550x374.jpg
https://jav.guru/1043938/cawb-036-the-youngest-and-most-uniform-suited-lolita-married-woman-shizuku-hiyama-makes-her-av-debut-secretly-appearing-with-a-desire-for-raw-creampie-as-her-relationship-with-her-husband-hits/,https://cdn.javmiku.com/wp-content/uploads/2026/08/cawb036pl-550x374.jpg
https://jav.guru/1043939/cawb-035-miss-ballerina-sakino-saki-and-ayami-mori-fall-into-the-creampie-onahole-toilet-of-the-debt-ridden-east-theater-ballet-company/,https://cdn.javmiku.com/wp-content/uploads/2026/08/cawb035pl-550x374.jpg
https://jav.guru/1043940/cawb-033-the-best-woman-in-the-history-of-the-girl-world-the-ultimate-selfish-body-yura-hanasaki-in-hardcore-porn-convulsions-climax-and-facial-cumshot/,https://cdn.javmiku.com/wp-content/uploads/2026/08/cawb033pl-550x374.jpg
https://jav.guru/1043941/cawb-031-my-niece-and-her-sister-are-getting-close-a-summer-vacation-filled-with-playful-love-and-sex-with-a-lli-girl-where-i-was-drained-of-my-cum-multiple-times-mio-matsuoka-yuna-hinata/,https://cdn.javmiku.com/wp-content/uploads/2026/08/cawb031pl-550x374.jpg
https://jav.guru/1043942/cawb-028-the-circles-cocky-guys-casually-spinning-my-girlfriends-pussy-and-smiling-what-kind-of-emotion-is-that-my-precious-pure-girlfriend-participated-in-high-energy-sex-with-the-sex-club/,https://cdn.javmiku.com/wp-content/uploads/2026/08/cawb028pl-550x374.jpg
https://jav.guru/1043943/cawb-027-i-want-to-pour-beer-the-adorable-beer-vendor-is-usually-asked-by-annoying-customers-to-play-along-and-ends-up-being-corrupted-satomi-shiratsuki/,https://cdn.javmiku.com/wp-content/uploads/2026/08/cawb027pl-550x374.jpg
https://jav.guru/1043944/cawb-024-my-condoms-ran-out-raw-is-fine-too-after-missing-the-last-train-i-ended-up-in-a-junior-female-colleagues-room/,https://cdn.javmiku.com/wp-content/uploads/2026/08/cawb024pl-550x374.jpg
https://jav.guru/1043945/cawb-006-like-a-sequel-to-an-erotic-short-video-the-sadistic-older-sister-from-the-next-room-maiyuki-ito-barges-into-my-room-and-playfully-teases-me-while-i-jerk-off/,https://cdn.javmiku.com/wp-content/uploads/2026/08/cawb006pl-550x374.jpg
https://jav.guru/1043946/atid-799-beautiful-female-doctor-until-she-falls/,https://cdn.javmiku.com/wp-content/uploads/2026/08/atid799pl-550x374.jpg
https://jav.guru/1043947/atid-702-forgive-me-a-sinful-scandal/,https://cdn.javmiku.com/wp-content/uploads/2026/08/atid702pl-550x374.jpg
https://jav.guru/1043948/atid-701-a-business-trip-with-that-slightly-cheeky-coworker-ive-liked-for-a-while-after-we-couldnt-resist-kissing-at-the-hotel-it-turned-out-she-was-a-greedy-horny-girl-with-a-kansai-dialect/,https://cdn.javmiku.com/wp-content/uploads/2026/08/atid701pl-550x374.jpg
https://jav.guru/1043949/atid-655-the-house-where-the-succubus-lurks-episode-2/,https://cdn.javmiku.com/wp-content/uploads/2026/08/atid655pl-550x374.jpg
https://jav.guru/1043950/adn-806-a-young-wife-who-was-made-to-squirt-repeatedly-by-her-hated-father-in-law/,https://cdn.javmiku.com/wp-content/uploads/2026/08/adn806pl-550x374.jpg
https://jav.guru/1043951/adn-804-i-cant-help-but-thrust-my-hips-myself-i-was-brought-to-orgasm-multiple-times-during-foreplay-leaving-my-pussy-in-a-melting-state/,https://cdn.javmiku.com/wp-content/uploads/2026/08/adn804pl-550x374.jpg
https://jav.guru/1043952/adn-803-mid-summer-sweat-drenched-confinement-training-a-married-woman-is-continuously-violated-every-day-for-two-years-until-she-goes-insane/,https://cdn.javmiku.com/wp-content/uploads/2026/08/adn803pl-550x374.jpg
https://jav.guru/1043953/adn-802-i-got-caught-up-in-an-affair-with-my-sons-preschool-teacher/,https://cdn.javmiku.com/wp-content/uploads/2026/08/adn802pl-550x374.jpg
https://jav.guru/1043954/adn-800-i-was-held-by-my-daughters-boyfriend-the-story-of-how-i-was-forcefully-pinned-down-that-day-and-ended-up-fucking-like-crazy-mariko-koto/,https://cdn.javmiku.com/wp-content/uploads/2026/08/adn800pl-550x374.jpg
https://jav.guru/1043955/adn-799-in-the-morning-when-i-woke-up-my-senior-ebisaki-was-sleeping-next-to-me-she-always-seems-angry-but-she-sweetly-asked-me-shall-we-continue-from-yesterday/,https://cdn.javmiku.com/wp-content/uploads/2026/08/adn799pl-550x374.jpg
https://jav.guru/1043956/adn-785-i-ended-up-cumming-while-being-petted-by-an-oblivious-tutor-who-unintentionally-makes-students-feel-special-with-her-cleavage-on-full-display-and-a-completely-messed-up-sense-of-personal-sp/,https://cdn.javmiku.com/wp-content/uploads/2026/08/adn785pl-550x374.jpg
https://jav.guru/1044175/ysn-664-im-being-kept-by-my-new-sister-in-law-who-is-dumb-but-has-a-strong-sex-drive-haruno-ando/,https://cdn.javmiku.com/wp-content/uploads/2026/08/h_127ysn664pl-550x374.jpg
https://jav.guru/1044176/ysn-663-hey-how-many-more-times-should-we-do-it-before-dad-comes-home-kotone-fuyua/,https://cdn.javmiku.com/wp-content/uploads/2026/08/h_127ysn663pl-550x374.jpg
https://jav.guru/1044177/ymds-307-raw-creampie-hot-spring-trip-a-one-night-two-day-journey-where-i-monopolized-hana-kurosaki/,https://cdn.javmiku.com/wp-content/uploads/2026/08/ymds307pl-550x374.jpg
https://jav.guru/1044178/ymdd-507-forbidden-anal-esthetic-4-creampie-double-penetration-in-the-soft-and-fluffy-anal-of-a-beautiful-nursery-teacher-mizuki-tsukino/,https://cdn.javmiku.com/wp-content/uploads/2026/08/ymdd507pl-550x374.jpg
https://jav.guru/1044180/ymdd-505-sister-catering-service-summon-a-slender-sister-with-1000-transparency-anytime-for-24-hours-the-ultra-sensitive-maiden-aoba-haru-serves-endlessly-while-reaching-climax-after-climax/,https://cdn.javmiku.com/wp-content/uploads/2026/08/ymdd505pl-550x374.jpg
https://jav.guru/1044182/xvsr-896-the-av-actress-completely-in-her-natural-private-state-ayaka-sasakura-gets-creampied-in-a-pov-sex/,https://cdn.javmiku.com/wp-content/uploads/2026/08/xvsr896pl-550x374.jpg
https://jav.guru/1044183/xvsr-895-i-called-a-delivery-health-service-and-got-karin-kitaoka-a-dreamy-creampie-sex-with-a-beautiful-woman-that-will-definitely-make-you-melt-in-love/,https://cdn.javmiku.com/wp-content/uploads/2026/08/xvsr895pl-550x374.jpg
https://jav.guru/1044184/xvsr-894-endless-holy-water-the-beautiful-girls-first-time-peeing-that-just-wont-stop-meisa-nishimoto/,https://cdn.javmiku.com/wp-content/uploads/2026/08/xvsr894pl-550x374.jpg
https://jav.guru/1044186/vod-064-i-devoured-an-amateur-man-miki-yamases-creampie-sex-documentary-in-a-boyfriend-mood/,https://cdn.javmiku.com/wp-content/uploads/2026/08/vod064pl-550x374.jpg
https://jav.guru/1044188/sy-226-dear-mrs-asami-34-years-old-amateur-four-and-a-half-tatami-mat-creampie-series-asami-mizuhana/,https://cdn.javmiku.com/wp-content/uploads/2026/08/h_113sy226pl-550x374.jpg
https://jav.guru/1044189/sqte-715-drunk-and-getting-it-on-with-my-friend-riho-shishido/,https://cdn.javmiku.com/wp-content/uploads/2026/08/sqte715pl-550x374.jpg
https://jav.guru/1044190/sqte-714-the-power-dynamic-is-in-the-hands-of-my-younger-girlfriend-karin-kitaoka/,https://cdn.javmiku.com/wp-content/uploads/2026/08/sqte714pl-550x374.jpg
https://jav.guru/1044196/sods-087-2025-soft-on-demand-annual-business-report-part-one-380-minutes/,https://cdn.javmiku.com/wp-content/uploads/2026/08/1sods087pl-550x374.jpg
https://jav.guru/1044198/soan-131-anal-seminar-the-cock-that-makes-a-cheeky-female-mansion-owner-understand-raw-anal-brain-orgasm-a-pet-addicted-to-her-three-hole-ass-mayuri-takeuchi/,https://cdn.javmiku.com/wp-content/uploads/2026/08/soan131pl-550x374.jpg
https://jav.guru/1044199/smra-004-her-breasts-are-ferocious-a-domestic-meat-packed-titty-that-ends-a-mans-life-with-a-raging-nympho-yuria-yoshine/,https://cdn.javmiku.com/wp-content/uploads/2026/08/2smra004pl-550x374.jpg
https://jav.guru/1044202/sln-015-innocent-21-year-old-shihou-working-part-time-at-a-burger-shop/,https://cdn.javmiku.com/wp-content/uploads/2026/08/h_113sln015pl-550x374.jpg
https://jav.guru/1044203/skmj-784-amateur-girls-visit-the-home-of-a-submissive-guy-innocent-girls-with-almost-zero-experience-in-domination-are-inspired-by-the-depths-of-his-submissive-heart-leading-to-the-blossoming-of-s/,https://cdn.javmiku.com/wp-content/uploads/2026/08/h_1324skmj784pl-550x374.jpg
https://jav.guru/1044204/ps-132-new-b-grade-amateur-first-shoot-132-im-sorry-darling-mio-26-years-old-lives-in-edogawa-ward/,https://cdn.javmiku.com/wp-content/uploads/2026/08/h_113ps132pl-550x374.jpg
https://jav.guru/1044213/mmkz-166-the-older-sisters-big-ass-is-so-lewd-that-its-an-instant-kll-hikari-misaki/,https://cdn.javmiku.com/wp-content/uploads/2026/08/mmkz166pl-550x374.jpg
https://jav.guru/1044214/mbrbs-002-dont-be-mean-sui/,https://cdn.javmiku.com/wp-content/uploads/2026/08/n_709mbrbs002pl-550x374.jpg
https://jav.guru/1044222/id-061-my-beloved-delivery-health-girl-61-the-super-sexy-voluptuous-kansai-girl-with-all-over-sensitive-spots/,https://cdn.javmiku.com/wp-content/uploads/2026/08/h_113id061pl-550x374.jpg
https://jav.guru/1044224/hz-013-female-manager-your-body-is-a-crime-youre-a-married-woman-right-a-housewife-with-big-tits-and-a-huge-ass-minato-sakuragi/,https://cdn.javmiku.com/wp-content/uploads/2026/08/h_113hz013pl-550x374.jpg
https://jav.guru/1044226/hodv-22108-extreme-thick-cock-brutally-inserted-into-a-married-womans-anus-over-4-5-hours/,https://cdn.javmiku.com/wp-content/uploads/2026/08/41hodv22108pl-550x374.jpg
https://jav.guru/1044227/hodv-22105-seductive-affair-with-my-sister-in-law-after-marriage-4-hours/,https://cdn.javmiku.com/wp-content/uploads/2026/08/41hodv22105pl-550x374.jpg
https://jav.guru/1044231/gvh-876-muscle-reverse-station-bento-175cm-tall-muscular-trainer-makes-a-submissive-mans-ass-explode-with-intense-thrusting-kyoko-hanamiya/,https://cdn.javmiku.com/wp-content/uploads/2026/08/gvh876pl-550x374.jpg
https://jav.guru/1044234/gtd-002-smile-kiss-naomi-hirose/,https://cdn.javmiku.com/wp-content/uploads/2026/08/126gtd002pl-550x374.jpg
https://jav.guru/1044235/gebb-058-the-reality-of-men-who-want-to-take-care-of-mud-covered-part-time-job-girls-featuring-4-men/,https://cdn.javmiku.com/wp-content/uploads/2026/08/gebb058pl-550x374.jpg
https://jav.guru/1044236/gebb-057-unprotected-women-sleeping-rape-voyeurism-6-capturing-4-women/,https://cdn.javmiku.com/wp-content/uploads/2026/08/gebb057pl-550x374.jpg
https://jav.guru/1044238/fjin-163-the-irresistible-temptation-of-an-h-cup-big-titted-store-clerks-chest-exposure-shakes-my-reason-amu-otonawa/,https://cdn.javmiku.com/wp-content/uploads/2026/08/fjin163pl-550x374.jpg
https://jav.guru/1044241/embz-352-the-scent-of-a-ripe-married-womans-sweaty-soles-tsugumi-matsuzaka/,https://cdn.javmiku.com/wp-content/uploads/2026/08/embz352pl-550x374.jpg
https://jav.guru/1044242/embz-351-warning-rape-video-uncut-and-unedited-record-of-female-sexual-assault-endless-bondage-creampie-chloroform-and-stun-gun-used-to-incapacitate-personality-breakdown-from-aphrodisiac/,https://cdn.javmiku.com/wp-content/uploads/2026/08/embz351pl-550x374.jpg
https://jav.guru/1044243/ekai-023-the-queens-foldable-dildo/,https://cdn.javmiku.com/wp-content/uploads/2026/08/2ekai023pl-550x374.jpg
https://jav.guru/1044244/ecb-171-ill-lend-you-the-key-to-my-apartment-for-m-men/,https://cdn.javmiku.com/wp-content/uploads/2026/08/2ecb171pl-550x374.jpg
https://jav.guru/1044245/dvrt-078-the-plump-big-titted-house-cleaning-lady-helped-with-ejaculation-as-an-additional-service-reika-takeda/,https://cdn.javmiku.com/wp-content/uploads/2026/08/dvrt078pl-550x374.jpg
https://jav.guru/1044246/dvmm-437-nipple-orgasm-p-activity-girl-the-teasing-nipple-training-with-cruel-sticky-torment-where-she-lets-go-just-before-climax-taught-forbidden-sex-by-her-daddy-the-submissive-big-titted-daugh/,https://cdn.javmiku.com/wp-content/uploads/2026/08/dvmm437pl-550x374.jpg
https://jav.guru/1044247/dvmm-436-amateur-couple-monitoring-av-college-student-couple-exchange-project-during-a-group-trip-two-close-college-student-couples-swap-while-wearing-only-a-towel/,https://cdn.javmiku.com/wp-content/uploads/2026/08/dvmm436pl-550x374.jpg
https://jav.guru/1044248/dsam-012-daytime-job-fuck-buddy-hikari-the-woman-who-lets-you-do-anything-when-you-ask/,https://cdn.javmiku.com/wp-content/uploads/2026/08/dsam012pl-550x374.jpg
https://jav.guru/1044249/dsam-011-girl-selling-panties-j%e2%97%8b-panty-clad-sex-set-for-sale/,https://cdn.javmiku.com/wp-content/uploads/2026/08/dsam011pl-550x374.jpg
https://jav.guru/1044251/dsam-009-creampie-orgy-with-a-pair-of-super-cute-close-knit-college-girls-impregnation-cum-filled-orgy-party-minami-chan-and-shiori-chan/,https://cdn.javmiku.com/wp-content/uploads/2026/08/dsam009pl-550x374.jpg
https://jav.guru/1044253/dfe-116-is-it-possible-that-a-fat-persons-sweat-is-an-aphrodisiac-a-52-year-old-messy-middle-aged-chiropractor-weighing-over-100-kg-locks-down-my-lower-body-with-his-heavy-oppressive-belly/,https://cdn.javmiku.com/wp-content/uploads/2026/08/2dfe116pl-550x374.jpg
https://jav.guru/1044254/club-933-raping-a-big-ass-college-girl-while-shes-asleep/,https://cdn.javmiku.com/wp-content/uploads/2026/08/club933pl-550x374.jpg
https://jav.guru/1044255/club-931-stalking-hidden-camera-drug-fueled-sex-awakening-and-rape/,https://cdn.javmiku.com/wp-content/uploads/2026/08/club931pl-550x374.jpg
https://jav.guru/1044259/bab-196-pounding-dj-with-aphrodisiac-and-alcohol-overdose-intense-sex-season-25-ultra-rare/,https://cdn.javmiku.com/wp-content/uploads/2026/08/bab196pl-550x374.jpg
https://jav.guru/1044260/aukg-658-lesbian-venus-fully-consensual-depravity-the-big-titted-goddesss-lesbian-sex/,https://cdn.javmiku.com/wp-content/uploads/2026/08/aukg658pl-550x374.jpg
https://jav.guru/1046409/start-635-99-shots-of-real-cum-splashed-all-over-akari-matsunaga-sodstar-complete-career-change-sod-retirement-commemorative-work/,https://cdn.javmiku.com/wp-content/uploads/2026/08/1start635pl-550x374.jpg
https://jav.guru/1046410/start-629-haruka-shibasakis-lewd-images-sent-out-all-at-once-please-show-off-your-amazing-skills-by-remote-reverse-pickup-on-customers-at-a-restaurant-instant-blowjob-and-fuck-special/,https://cdn.javmiku.com/wp-content/uploads/2026/08/1start629pl-550x374.jpg
https://jav.guru/1046413/start-625-a-special-feature-showcasing-the-ultimate-full-erotic-potential-challenging-the-maximum-number-of-ejaculations-while-sharing-clothing-food-shelter-and-sex-with-an-amateur-male-totalin/,https://cdn.javmiku.com/wp-content/uploads/2026/08/1start625pl-550x374.jpg
https://jav.guru/1046417/start-602-face-focused-dont-take-your-eyes-off-until-i-give-you-a-creampie-with-complete-subjectivity-whispering-seductive-words-to-tease-you-in-4-cosplay-situations-minamo/,https://cdn.javmiku.com/wp-content/uploads/2026/08/1start602pl-550x374.jpg
https://jav.guru/1046418/start-601-it-seems-that-rui-chan-from-miss-a-university-got-a-job-offer-as-a-female-announcer-through-her-pillow-talk/,https://cdn.javmiku.com/wp-content/uploads/2026/08/1start601pl-550x374.jpg
https://jav.guru/1046437/dsjh-020-the-condition-for-the-settlement-is-a-full-body-tongue-wash-i-had-two-beautiful-women-lick-every-inch-of-my-smelly-body-since-i-couldnt-even-take-a-bath-due-to-my-injuries/,https://cdn.javmiku.com/wp-content/uploads/2026/08/h_139dsjh20pl-550x374.jpg
https://jav.guru/1046442/doks-687-the-beautiful-legged-office-lady-frced-to-be-the-sexual-servant-of-a-pantyhose-obsessed-old-man-company-president/,https://cdn.javmiku.com/wp-content/uploads/2026/08/h_139doks687pl-550x374.jpg
https://jav.guru/1046619/skth-006-shikota-holdings-inc-velota-this-woman-just-keeps-kissing-do-you-like-my-tongue-my-colleagues-tongue-kiss-is-too-erotic-haruno-ando/,https://cdn.javmiku.com/wp-content/uploads/2026/09/1skth00006pl-550x374.jpg
https://jav.guru/1046620/skth-005-shikota-holdings-co-ltd-do-you-like-my-ass-i-got-to-enjoy-my-colleagues-sexy-ass-2/,https://cdn.javmiku.com/wp-content/uploads/2026/09/1skth00005pl-550x374.jpg
https://jav.guru/1046621/nld-033-nipple-pleasure-mens-salon/,https://cdn.javmiku.com/wp-content/uploads/2026/09/24nld033pl-550x374.jpg
https://jav.guru/1046634/iesp-765-runa-amanes-newlywed-life-of-making-babies/,https://cdn.javmiku.com/wp-content/uploads/2026/09/1iesp765pl-550x374.jpg
https://jav.guru/1046635/ienf-356-my-beautiful-sister-felt-sorry-for-me-and-agreed-to-a-promise-of-just-rubbing-together-but-as-we-were-doing-it-we-both-felt-so-good-that-my-pussy-got-soaked-then-it-slipped-right-in/,https://cdn.javmiku.com/wp-content/uploads/2026/09/1ienf356pl-550x374.jpg
https://jav.guru/1046639/gas-546-amateur-gathering-for-big-tit-lovers-i-want-to-get-creampied-with-noa-hazuki/,https://cdn.javmiku.com/wp-content/uploads/2026/09/71gas00546pl-550x374.jpg
https://jav.guru/1046640/fns-252-i-want-you-to-kiss-me-beautiful-girl-gets-addicted-to-kissing-sex-with-mixed-bodily-fluids-kashiwagi-shizuku/,https://cdn.javmiku.com/wp-content/uploads/2026/09/FNS-252-550x374.jpg
https://jav.guru/1046649/dldss-531-dahlias-shocking-transfer-goddess-jun-reincarnated-the-miraculous-venus-descends/,https://cdn.javmiku.com/wp-content/uploads/2026/09/1dldss00531pl-550x374.jpg
https://jav.guru/1047602/yoch-035-after-her-first-private-drinks-with-a-much-younger-handsome-guy-the-menopausal-pussy-wife-reaches-the-limits-of-her-reason-and-they-passionately-fuck-each-other-raw-without-a-condom-over-a/,https://cdn.javmiku.com/wp-content/uploads/2026/09/h_086yoch00035pl-550x374.jpg
https://jav.guru/1047603/sw-1066-hey-if-you-want-to-look-that-badly-ill-show-you-knee-high-stocking-panty-ass-when-i-was-gratefully-and-secretly-worshipping-the-neighborhood-girls-knee-high-stocking-panties-every-da/,https://cdn.javmiku.com/wp-content/uploads/2026/09/1sw1066pl-550x374.jpg
https://jav.guru/1047604/sw-1065-the-sons-wifes-black-pantyhose-big-ass-lower-body-that-seduces-her-father-in-law-the-slutty-wife-who-gets-excited-by-a-domestic-affair-while-sneaking-it-past-the-familys-eyes/,https://cdn.javmiku.com/wp-content/uploads/2026/09/1sw1065pl-550x374.jpg
https://jav.guru/1047605/stsk-243-i-want-to-impregnate-the-nice-bodied-homeroom-teacher-female-teacher-breeding-bareback-thrusting-obscenity-the-four-broken-teachers/,https://cdn.javmiku.com/wp-content/uploads/2026/09/h_1605stsk243pl-550x374.jpg
https://jav.guru/1047606/stsk-242-four-tissue-handing-part-timers-get-open-air-molestation-outdoor-incontinence-orgasms-public-indecency-and-irresponsible-creampies/,https://cdn.javmiku.com/wp-content/uploads/2026/09/h_1605stsk242pl-550x374.jpg
https://jav.guru/1047607/nhdtc-249-i-liked-her-first-though-having-the-married-woman-colleague-ive-had-a-one-sided-crush-on-for-years-possess-me-for-the-first-and-last-cuckold-creampie/,https://cdn.javmiku.com/wp-content/uploads/2026/09/1nhdtc249pl-550x374.jpg
https://jav.guru/1047608/nhdtc-248-driven-crazy-by-a-clingy-brats-relentless-kisses-no-matter-how-many-times-she-refuses-the-single-mother-keeps-getting-secretly-kissed-and-starts-french-kissing-with-a-lewd-face/,https://cdn.javmiku.com/wp-content/uploads/2026/09/1nhdtc248pl-550x374.jpg
https://jav.guru/1047609/nhdtc-247-tan-lined-beautiful-girl-pool-shame-2/,https://cdn.javmiku.com/wp-content/uploads/2026/09/1nhdtc247pl-550x374.jpg
https://jav.guru/1047610/nhdtc-246-big-assed-high-school-girl-who-gets-turned-on-by-the-shame-of-face-to-face-slow-creampies-on-a-crowded-bus-and-starts-scooping-out-the-cum-to-masturbate/,https://cdn.javmiku.com/wp-content/uploads/2026/09/1nhdtc246pl-550x374.jpg
https://jav.guru/1047611/nhdtc-244-if-you-promise-not-to-touch-its-okay-the-college-girl-mens-esthetician-who-came-from-a-treatment-with-a-remote-vibe-left-in-and-got-fired-up-even-though-she-was-refusing-now-wa/,https://cdn.javmiku.com/wp-content/uploads/2026/09/1nhdtc244pl-550x374.jpg
https://jav.guru/1047612/nhdtc-234-convenience-store-exhibitionism-at-2-a-m-when-i-kept-turning-a-blind-eye-to-the-annoying-couple-that-came-to-the-store/,https://cdn.javmiku.com/wp-content/uploads/2026/09/1nhdtc234pl-550x374.jpg
https://jav.guru/1047615/mist-529-direct-hit-on-the-fertile-day-soapland-where-you-can-make-babies-70-karin-kitaoka/,https://cdn.javmiku.com/wp-content/uploads/2026/09/1mist00529pl-550x374.jpg
https://jav.guru/1047618/milk-306-ill-show-the-real-me-only-to-the-teacher-forbidden-relationship-between-a-teacher-and-a-modern-day-high-school-girl-whose-sexual-fetishes-are-glitched-ririka-amau/,https://cdn.javmiku.com/wp-content/uploads/2026/09/h_1240milk306pl-550x374.jpg
https://jav.guru/1047619/milk-305-congrats-15th-debut-anniversary-special-project-weve-collected-riona-minamis-first-times-after-becoming-an-actress/,https://cdn.javmiku.com/wp-content/uploads/2026/09/h_1240milk305pl-550x374.jpg
https://jav.guru/1047620/mgold-063-from-a-powerhouse-school-thats-a-regular-at-interhigh-av-debut-of-a-womens-soccer-club-member-with-a-toned-lower-body-and-inexhaustible-sexual-desire-sakura-nako/,https://cdn.javmiku.com/wp-content/uploads/2026/09/MGOLD-063-550x374.jpg
https://jav.guru/1047621/kaad-087-our-familys-beautiful-mother-in-law-izumi-kinue/,https://cdn.javmiku.com/wp-content/uploads/2026/09/h_086kaad00087pl-550x374.jpg
https://jav.guru/1047622/jura-212-first-shoot-married-woman-documentary-chapter-2-yasuyo-terasaki/,https://cdn.javmiku.com/wp-content/uploads/2026/09/h_086jura00212pl-550x374.jpg
https://jav.guru/1047623/jura-210-first-filming-married-woman-documentary-chapter-2-shiori-narumiya/,https://cdn.javmiku.com/wp-content/uploads/2026/09/h_086jura00210pl-550x374.jpg
https://jav.guru/1047627/jrze-318-first-shoot-documentary-of-a-fifty-year-old-wife-kanae-shindo/,https://cdn.javmiku.com/wp-content/uploads/2026/09/h_086jrze00318pl-550x374.jpg
https://jav.guru/1047628/jrze-317-first-time-married-woman-documentary-takamiya-reika/,https://cdn.javmiku.com/wp-content/uploads/2026/09/h_086jrze00317pl-550x374.jpg
https://jav.guru/1047633/hbad-741-the-neighborhood-slutty-older-sister-who-pretends-to-be-quiet-and-well-behaved-while-seducing-and-hunting-men-with-her-j-cup-huge-tits-erotic-body-miyu-hirose/,https://cdn.javmiku.com/wp-content/uploads/2026/09/1hbad741pl-550x374.jpg
https://jav.guru/1047634/hbad-740-i-couldnt-resist-my-sons-short-haired-big-titted-baby-faced-girlfriend-whose-body-was-way-too-erotic-ruka-itoi/,https://cdn.javmiku.com/wp-content/uploads/2026/09/1hbad740pl-550x374.jpg
https://jav.guru/1047642/fcdss-117-female-athletes-in-sports-cosplay-sex-15-matches-4-hours-best/,https://cdn.javmiku.com/wp-content/uploads/2026/09/1fcdss117pl-550x374.jpg
https://jav.guru/1047648/abf-382-creampie-sex-log-of-a-perverted-couple-living-together-dominated-by-lust-airi-suzumura/,https://cdn.javmiku.com/wp-content/uploads/2026/09/pb_e_abf-382-550x374.jpg
https://jav.guru/1047650/aarm-366-ultimate-reward-nipple-pleasure-free-paced-finger-technique-teasing-x-super-intense-nipple-licking-x-raw-nipple-rubbing-together-2/,https://cdn.javmiku.com/wp-content/uploads/2026/09/aarm366pl-550x374.jpg
https://jav.guru/1048096/uman-013-forbidden-father-in-law-ntr-the-huge-tits-big-ass-wife-humiliated-by-her-hated-insatiable-father-in-law/,https://cdn.javmiku.com/wp-content/uploads/2026/09/uman013pl-550x374.jpg
https://jav.guru/1048097/uman-012-bad-news-the-story-of-how-my-beloved-wife-was-cuckolded-by-my-own-father-2/,https://cdn.javmiku.com/wp-content/uploads/2026/09/uman012pl-550x374.jpg
https://jav.guru/1048098/snos-447-film-actress-nakamura-miu-passionately-instructs-a-one-on-one-wet-scene-lecture-from-scratch-all-the-way-through-kissing-oral-sex-and-penetration/,https://cdn.javmiku.com/wp-content/uploads/2026/09/snos447pl-550x374.jpg
https://jav.guru/1048099/snos-406-i-saw-the-strait-laced-head-nurses-secret-masturbation-afterwards-my-peeping-got-found-out-and-it-developed-into-a-relationship-where-we-pervertedly-fuck-each-other/,https://cdn.javmiku.com/wp-content/uploads/2026/09/snos406pl-550x374.jpg
https://jav.guru/1048100/snos-401-the-older-sister-in-a-knit-one-piece-dress-thats-way-too-short-like-a-miniskirt-her-skin-tight-body-line-and-riding-up-teasing-glimpses-fuua-kaede/,https://cdn.javmiku.com/wp-content/uploads/2026/09/snos401pl-550x374.jpg
https://jav.guru/1048101/snos-388-full-body-lip-caresses-deepthroat-blowjobs-and-piston-fucking-her-undeveloped-pussy-thoroughly-devouring-her-adolescent-body-in-10-hours-of-closed-room-intimate-fucking-and-lewd-sex-rino/,https://cdn.javmiku.com/wp-content/uploads/2026/09/snos388pl-550x374.jpg
https://jav.guru/1048102/snos-374-a-female-doctor-whos-totally-aware-of-her-own-beauty-turns-her-sex-appeal-up-full-blast-and-when-the-patient-gets-rock-hard-she-even-gives-him-a-penis-massage-niko-kawagoe/,https://cdn.javmiku.com/wp-content/uploads/2026/09/snos374pl-550x374.jpg
https://jav.guru/1048103/snos-372-the-worlds-most-pleasurable-nursing-play-where-a-super-kind-older-sister-overflowing-with-maternal-love-spoils-me-with-tit-sucking-and-cock-stroking-miyuu-kohinata/,https://cdn.javmiku.com/wp-content/uploads/2026/09/snos372pl-550x374.jpg
https://jav.guru/1048104/snos-364-19-years-of-swimming-experience-pure-hearted-older-sister-reaches-her-limit-of-shy-climaxes-from-pistoning-so-harsh-she-cant-even-breathe-squirting-jo-ba-ba-ba-on-the-verge-of-dehydrati/,https://cdn.javmiku.com/wp-content/uploads/2026/09/snos364pl-550x374.jpg
https://jav.guru/1048105/snos-363-my-daughters-friend-has-a-baby-face-but-shes-170cm-tall-i-cup-tits-her-development-is-way-too-extreme-this-old-man-cant-hold-back-mikuru-hinagata/,https://cdn.javmiku.com/wp-content/uploads/2026/09/snos363pl-550x374.jpg
https://jav.guru/1048106/snos-358-its-a-total-lie-that-the-top-cabaret-hostess-has-a-low-pillow-rate-she-teases-and-teases-both-during-companion-time-and-while-serving-customers-toying-with-the-big-spending-clients-p/,https://cdn.javmiku.com/wp-content/uploads/2026/09/snos358pl-550x374.jpg
https://jav.guru/1048107/snos-355-laid-back-gravure-idol-rui-shido-takes-on-her-first-ever-slut-challenge-armed-with-sticky-kisses-and-soft-i-cups-as-weapons/,https://cdn.javmiku.com/wp-content/uploads/2026/09/snos355pl-550x374.jpg
https://jav.guru/1048108/snos-342-this-is-the-ultimate-form-of-eros-m-awakening-beyond-the-limits-of-desire-maximum-climax-kinematsu-kiho/,https://cdn.javmiku.com/wp-content/uploads/2026/09/snos342pl-550x374.jpg
https://jav.guru/1048109/snos-339-the-girl-i-loved-so-much-started-dating-my-best-friend-and-my-depressed-self-got-asked-by-him-to-handle-the-filming-for-their-pov-fuck-but-im-the-hardest-ive-ever-been-in-my-life/,https://cdn.javmiku.com/wp-content/uploads/2026/09/snos339pl-550x374.jpg
https://jav.guru/1048110/snos-336-melting-l-cup-maid-summoned-from-another-world-tano-yuu/,https://cdn.javmiku.com/wp-content/uploads/2026/09/snos336pl-550x374.jpg
https://jav.guru/1048111/snos-329-with-her-younger-brothers-full-cooperation-fucking-wildly-all-over-the-living-room-kitchen-and-bedroom-without-choosing-a-place-squirting-like-crazy-with-no-planned-harmony/,https://cdn.javmiku.com/wp-content/uploads/2026/09/snos329pl-550x374.jpg
https://jav.guru/1048112/snos-313-lets-masturbate-with-everything-the-ultimate-heroine-has-complete-full-body-all-techniques-jerk-off-material-supreme-masturbation-support-seta-kanna/,https://cdn.javmiku.com/wp-content/uploads/2026/09/snos313pl-550x374.jpg
https://jav.guru/1048113/snos-310-her-gravure-body-and-super-cute-service-will-make-you-fall-in-love-before-you-know-it-ayaha-hakatas-new-era-fuzoku-6-blu-ray-disc/,https://cdn.javmiku.com/wp-content/uploads/2026/09/snos310pl-550x374.jpg
https://jav.guru/1048114/rroy-022-superb-hip-shaking-feels-amazing-to-hold-best-tit-bouncing-creampie-sex-with-slender-big-tits-9-girls-4-hours-best/,https://cdn.javmiku.com/wp-content/uploads/2026/09/rroy022pl-550x374.jpg
https://jav.guru/1048115/royd-357-my-childhood-friend-who-got-her-first-boyfriend-started-spouting-about-practicing-blowjobs-on-me-so-i-raised-her-into-a-deep-throat-toilet-with-counter-deepthroat-training-otonashi-rin/,https://cdn.javmiku.com/wp-content/uploads/2026/09/royd357pl-550x374.jpg
https://jav.guru/1048116/royd-354-normally-strict-but-when-its-just-the-two-of-us-the-sweet-slutty-boss-who-smiles-and-craves-cock-ayasa-sasakura/,https://cdn.javmiku.com/wp-content/uploads/2026/09/royd354pl-550x374.jpg
https://jav.guru/1048117/royd-350-its-showtime-again-today-our-office-is-completely-sexually-dominated-by-the-real-dual-threat-gal-big-sis-female-boss-of-sexual-harassment-pitching-and-power-harassment-batting-himar/,https://cdn.javmiku.com/wp-content/uploads/2026/09/royd350pl-550x374.jpg
https://jav.guru/1048118/royd-348-the-busty-gyaru-boss-whos-super-kind-to-otaku-full-affirmation-spoiling-lovey-dovey-service-and-male-flattering-pov-masturbation-support-sarina-momonaga/,https://cdn.javmiku.com/wp-content/uploads/2026/09/royd348pl-550x374.jpg
https://jav.guru/1048119/royd-347-kings-game-suddenly-brings-me-close-to-a-secretly-slutty-plain-girl-with-big-tits-and-one-night-two-days-of-lovey-dovey-creampie-sex-nao-ayatsuki/,https://cdn.javmiku.com/wp-content/uploads/2026/09/royd347pl-550x374.jpg
https://jav.guru/1048120/roe-560-with-this-beautiful-face-and-these-japanese-tattoos-a-dangerous-fine-woman-once-she-strips-the-married-woman-who-keeps-a-dragon-on-her-back-izuna-inami-43-years-old-av-debut/,https://cdn.javmiku.com/wp-content/uploads/2026/09/roe560pl-550x374.jpg
https://jav.guru/1048121/roe-557-the-match-selling-married-woman-who-lights-up-her-pussy-to-seduce-satsuki-kirioka/,https://cdn.javmiku.com/wp-content/uploads/2026/09/roe557pl-550x374.jpg
https://jav.guru/1048122/roe-555-i-drowned-in-intense-convulsing-shrimp-arch-sex-with-my-beloved-daughters-boyfriend-tsubaki-nagamine/,https://cdn.javmiku.com/wp-content/uploads/2026/09/roe555pl-550x374.jpg
https://jav.guru/1048123/roe-554-absolutely-absolutely-keep-it-a-secret-the-cuckolded-wifes-day-off-a-secret-rendezvous-where-she-drowns-in-her-sons-friend-who-showed-up-at-a-womens-sex-parlor-hoshi-fuyuka/,https://cdn.javmiku.com/wp-content/uploads/2026/09/roe554pl-550x374.jpg
https://jav.guru/1048124/roe-552-monroe-exclusive-2nd-installment-tall-former-flight-attendant-married-woman-creampie-ban-lifted/,https://cdn.javmiku.com/wp-content/uploads/2026/09/roe552pl-550x374.jpg
https://jav.guru/1048125/roe-550-i-was-pierced-to-the-depths-of-my-pussy-by-my-stepsons-huge-cock-and-made-to-realize-im-a-bitch-a-failure-as-a-mother-ayaha-mikumo/,https://cdn.javmiku.com/wp-content/uploads/2026/09/roe550pl-550x374.jpg
https://jav.guru/1048126/roe-547-yoshinaga-touko-masochist-awakening-through-bondage-until-i-who-was-an-ordinary-housewife-reclaim-being-a-woman-once-more-guided-by-the-entwining-hemp-ropes/,https://cdn.javmiku.com/wp-content/uploads/2026/09/roe547pl-550x374.jpg
https://jav.guru/1048127/roe-544-when-i-went-home-my-grandfather-and-mother-were-fucking-the-incident-i-witnessed-that-day-turned-me-into-a-lifelong-mature-woman-lover-inamori-masa/,https://cdn.javmiku.com/wp-content/uploads/2026/09/roe544pl-550x374.jpg
https://jav.guru/1048128/rki-757-since-im-going-to-die-anyway-do-as-you-like-for-the-last-memory-of-my-life-greedily-devouring-pleasure-as-my-desires-dictate-and-cumming-over-and-over-from-raw-creampie-and-chking-sex/,https://cdn.javmiku.com/wp-content/uploads/2026/09/rki757pl-550x374.jpg
https://jav.guru/1048129/rki-750-new-super-bukkake-sex-with-the-man-who-shoots-the-worlds-largest-amount-of-cum/,https://cdn.javmiku.com/wp-content/uploads/2026/09/rki750pl-550x374.jpg
https://jav.guru/1048130/nsodn-025-i-didnt-know-she-made-faces-like-that-expressions-voice-and-gestures-id-never-known-on-the-night-i-discovered-them-i-came-with-something-several-times-thicker-than-usual-nao-24/,https://cdn.javmiku.com/wp-content/uploads/2026/09/nsodn025pl-550x374.jpg
https://jav.guru/1048131/nsodn-024-close-up-footage-of-a-boyish-aspiring-photographer-girl-who-moved-to-tokyo-from-the-countryside-as-she-gets-corrupted-by-the-city-and-drowns-in-sex/,https://cdn.javmiku.com/wp-content/uploads/2026/09/nsodn024pl-550x374.jpg
https://jav.guru/1048132/nsodn-023-the-three-beautiful-shoplifting-sisters-a-story-of-escaping-poverty-by-exposing-their-sex/,https://cdn.javmiku.com/wp-content/uploads/2026/09/nsodn023pl-550x374.jpg
https://jav.guru/1048133/nnod-002-dont-say-youre-quitting-holding-back-a-subordinate-who-wants-to-leave-the-company-the-slutty-bosss-private-reverse-rape-encouragement/,https://cdn.javmiku.com/wp-content/uploads/2026/09/nnod002pl-550x374.jpg
https://jav.guru/1048134/ngod-358-with-the-neighbors-husband-who-has-perfect-chemistry-the-thrill-of-instant-divorce-if-caught-feels-too-good-to-stop-married-peoples-tongue-kissing-lustful-double-affair-sex/,https://cdn.javmiku.com/wp-content/uploads/2026/09/ngod358pl-550x374.jpg
https://jav.guru/1048135/ngod-357-the-wifes-small-car-is-shaking-intimate-car-sex-affair-story-of-a-tall-peach-assed-part-time-housewife-and-a-hardworking-young-man/,https://cdn.javmiku.com/wp-content/uploads/2026/09/ngod357pl-550x374.jpg
https://jav.guru/1048136/ngod-356-a-wife-who-has-a-huge-cocked-man-fresh-out-of-prison-take-up-residence-in-her-home-and-get-pumped-full-of-load-after-load-of-the-semen-hed-built-up-during-his-sentence-until-dawn-right-in/,https://cdn.javmiku.com/wp-content/uploads/2026/09/ngod356pl-550x374.jpg
https://jav.guru/1048137/ngod-355-do-as-you-like-the-once-serious-mother-who-changed-after-being-fucked-deep-into-her-pussy-by-her-daughters-fiance-and-fully-trained-on-his-huge-cock/,https://cdn.javmiku.com/wp-content/uploads/2026/09/ngod355pl-550x374.jpg
https://jav.guru/1048138/ngod-354-the-seductive-married-woman-from-a-seedy-snack-bar-does-carnal-pillow-service-covered-in-booze-drool-and-love-juices-with-her-regular-fat-customers-extremely-thick-huge-cock/,https://cdn.javmiku.com/wp-content/uploads/2026/09/ngod354pl-550x374.jpg
https://jav.guru/1048140/jur-880-the-destructive-perverted-desires-hidden-in-her-k-cup-breasts-satomi-mone-30-years-old-av-debut/,https://cdn.javmiku.com/wp-content/uploads/2026/09/jur880pl-550x374.jpg
https://jav.guru/1048141/jur-878-i-was-invited-by-my-friends-family-to-go-camping-and-over-2-nights-and-3-days-inside-the-camper-van-i-drowned-in-voice-suppressed-slow-creampie-sex-with-my-friends-big-tits-mom-fucking/,https://cdn.javmiku.com/wp-content/uploads/2026/09/jur878pl-550x374.jpg
https://jav.guru/1048142/jur-869-i-was-asked-for-my-seed-by-my-wifes-friend-koyuki-who-id-heard-was-trying-to-make-a-baby-and-couldnt-resist-getting-hooked-on-impregnation-adultery/,https://cdn.javmiku.com/wp-content/uploads/2026/09/jur869pl-550x374.jpg
https://jav.guru/1048143/jur-862-if-you-really-love-your-stepmom-drink-down-all-my-saliva-pussy-juice-and-body-fluids-i-drowned-and-came-over-and-over-in-the-beastly-great-flood-sex-with-nanami/,https://cdn.javmiku.com/wp-content/uploads/2026/09/jur862pl-550x374.jpg
https://jav.guru/1048144/jur-861-i-found-out-about-my-plain-boyish-wifes-hidden-big-tits-and-sexual-desire-and-drowned-in-an-extremely-vulgar-affair/,https://cdn.javmiku.com/wp-content/uploads/2026/09/jur861pl-550x374.jpg
https://jav.guru/1048145/jur-860-days-spent-dripping-with-sweat-greedily-devouring-each-other-with-the-i-cup-married-woman-next-door-until-our-lust-was-completely-exhausted-a-midsummer-intense-adultery-drama-with-3-sweat-s/,https://cdn.javmiku.com/wp-content/uploads/2026/09/jur860pl-550x374.jpg
https://jav.guru/1048146/jur-850-youve-been-staring-at-my-ass-the-whole-time-havent-you-when-i-went-along-with-the-diet-of-my-sexually-frustrated-plump-assed-female-boss-that-i-couldnt-stop-thinking-about-even-dur/,https://cdn.javmiku.com/wp-content/uploads/2026/09/jur850pl-550x374.jpg
https://jav.guru/1048147/jur-843-the-culmination-of-the-mother-in-laws-insidious-bullying-of-her-daughter-in-law-my-new-mother-mahiro-was-gang-raped-right-before-my-eyes/,https://cdn.javmiku.com/wp-content/uploads/2026/09/jur843pl-550x374.jpg
https://jav.guru/1048148/jur-842-swept-away-by-her-sweet-whispers-i-drowned-in-nestling-sex-with-a-married-woman-until-i-had-to-repeat-a-year-at-university-nana-miura/,https://cdn.javmiku.com/wp-content/uploads/2026/09/jur842pl-550x374.jpg
https://jav.guru/1048150/jur-836-after-maternity-leave-my-wife-who-returned-to-work-gets-cuckolded-by-her-power-harassing-boss-the-shocking-betrayal-story-that-awaited-me-who-prioritized-work-for-the-sake-of-our-family/,https://cdn.javmiku.com/wp-content/uploads/2026/09/jur836pl-550x374.jpg
https://jav.guru/1048151/jur-835-every-morning-i-cross-paths-with-a-beautiful-married-woman-while-dropping-off-and-picking-up-my-chld-at-preschool-and-after-she-invites-me-i-drown-in-adulterous-creampie-sex-of-unmatched-s/,https://cdn.javmiku.com/wp-content/uploads/2026/09/jur835pl-550x374.jpg
https://jav.guru/1048152/jur-832-a-one-night-two-day-semen-squeezing-trip-with-my-insatiable-aunt-who-fucks-her-husband-every-night-after-getting-drained-endlessly-and-awakening-to-sex-this-virgin-me-forgot-everything/,https://cdn.javmiku.com/wp-content/uploads/2026/09/jur832pl-550x374.jpg
https://jav.guru/1048154/jur-822-i-could-never-tell-my-wife-even-if-my-mouth-were-ripped-open-that-i-got-my-mother-in-law-pregnant-on-a-1-night-2-day-hot-spring-trip-i-lost-myself-and-creampied-her-over-and-over/,https://cdn.javmiku.com/wp-content/uploads/2026/09/jur822pl-550x374.jpg
https://jav.guru/1048157/jur-795-i-turned-the-companys-plain-married-accountant-into-my-exclusive-mistress-who-sprays-thick-masochistic-squirts-all-over/,https://cdn.javmiku.com/wp-content/uploads/2026/09/jur795pl-550x374.jpg
https://jav.guru/1048158/jur-106-dripping-sweat-overflowing-love-lips-snatching-at-each-other-overly-intense-kissing-and-passionate-sex-super-huge-newcomer-madonna-exclusive-chapter-2/,https://cdn.javmiku.com/wp-content/uploads/2026/09/jur106pl-550x374.jpg
https://jav.guru/1048159/ipzz-988-the-woman-chosen-by-men-makes-them-fall-in-love-with-her-inner-self-naturally-popular-beauty-consultant-whos-been-confessed-to-by-over-50-people-makes-her-av-debut-maya-kanda/,https://cdn.javmiku.com/wp-content/uploads/2026/09/ipzz988pl-550x374.jpg
https://jav.guru/1048160/ipzz-986-former-no-dating-idol-with-distinctive-mysterious-eyes-makes-her-creampie-av-debut-the-165cm-45kg-i-cup-figure-she-completely-hid-throughout-her-career-was-incredible-riri-akise/,https://cdn.javmiku.com/wp-content/uploads/2026/09/ipzz986pl-550x374.jpg
https://jav.guru/1048161/ipzz-978-the-twisted-past-of-a-beautiful-nursery-teacher-she-cant-tell-her-kind-boyfriend-reunited-at-the-nursery-school-with-my-trashy-ex-who-has-the-worst-personality-but-the-best-sex-i-a-tot/,https://cdn.javmiku.com/wp-content/uploads/2026/09/ipzz978pl-550x374.jpg
https://jav.guru/1048162/ipzz-962-dazzled-by-the-exorbitant-reward-i-headed-to-the-resort-where-the-wealthy-gather-only-to-find-a-desire-swirling-drug-sex-orgy-party-in-the-night-pool-waiting-for-me-mai-fujisaki/,https://cdn.javmiku.com/wp-content/uploads/2026/09/ipzz962pl-550x374.jpg
https://jav.guru/1048163/ipzz-960-my-new-job-is-at-a-pink-white-company-with-a-mandatory-erotic-cosplay-during-work-rule-thats-way-too-stimulating/,https://cdn.javmiku.com/wp-content/uploads/2026/09/ipzz960pl-550x374.jpg
https://jav.guru/1048165/ipzz-955-my-girlfriends-extremely-sadistic-older-sister-saw-right-through-my-extreme-masochistic-sexual-fetish-and-trained-me-into-a-pathetic-cock-pet-with-excessively-extreme-masochistic-sexual-p/,https://cdn.javmiku.com/wp-content/uploads/2026/09/ipzz955pl-550x374.jpg
https://jav.guru/1048168/ipzz-943-natural-beautiful-girls-intense-blowjob-and-tremendous-facial-cum-shower-aria-aisai/,https://cdn.javmiku.com/wp-content/uploads/2026/09/ipzz943pl-550x374.jpg
https://jav.guru/1048169/ipzz-941-i-fell-for-mio-san-at-my-part-time-job-but-my-best-friend-betrayed-me-by-dating-her-having-fallen-into-darkness-while-my-best-friend-was-hospitalized-i-kept-raping-his-girlfriend-who-was/,https://cdn.javmiku.com/wp-content/uploads/2026/09/ipzz941pl-550x374.jpg
https://jav.guru/1048170/ipzz-927-blonde-gal-in-mourning-clothes-who-reunited-with-her-classmates-after-a-long-time-at-a-memorial-service-got-plied-with-drinks-and-drunk/,https://cdn.javmiku.com/wp-content/uploads/2026/09/ipzz927pl-550x374.jpg
https://jav.guru/1048171/ipzz-924-having-my-weakness-seized-by-a-sexually-harassing-middle-aged-teacher-i-was-repeatedly-subjected-to-edging-orgasm-training-on-school-grounds/,https://cdn.javmiku.com/wp-content/uploads/2026/09/ipzz924pl-550x374.jpg
https://jav.guru/1048172/ipzz-916-a-noble-beautiful-secretary-has-to-commute-by-train-in-midsummer-due-to-trouble-and-yields-to-silent-molestation-rape-in-a-position-reversal-by-a-sweaty-underdog-manual-laborer-nene-misumi/,https://cdn.javmiku.com/wp-content/uploads/2026/09/ipzz916pl-550x374.jpg
https://jav.guru/1048173/ipzz-911-i-want-to-blast-a-massive-facial-on-my-beautiful-senior-coworkers-face-i-want-to-see-my-beautiful-senior-coworkers-orgasm-face-the-warm-healing-gentle-office-ladys-convulsing-clim/,https://cdn.javmiku.com/wp-content/uploads/2026/09/ipzz911pl-550x374.jpg
https://jav.guru/1048174/huntc-667-a-flat-chested-boyish-little-slut-pretends-to-be-a-guy-wraps-just-one-towel-around-her-waist-and-boldly-sneaks-into-the-mens-bath-with-tongue-kisses-and-clinging-sex-he-cant-hold-bac/,https://cdn.javmiku.com/wp-content/uploads/2026/09/huntc667pl-550x374.jpg
https://jav.guru/1048175/huntc-656-private-sex-academy-to-the-heights-exceeding-a-sex-deviation-score-of-70-this-school-was-established-as-part-of-measures-against-the-declining-birthrate/,https://cdn.javmiku.com/wp-content/uploads/2026/09/huntc656pl-550x374.jpg
https://jav.guru/1048176/huntc-626-the-plump-bloomers-of-the-moms-volleyball-team-are-so-tempting-their-sticking-out-asses-are-way-too-erotic-3-my-stepmother-brings-over-her-moms-volleyball-teammates-and-they-show-off/,https://cdn.javmiku.com/wp-content/uploads/2026/09/huntc626pl-550x374.jpg
https://jav.guru/1048177/huntc-601-my-serious-club-activity-girl-little-sister-retires-from-the-club-and-her-libido-explodes-instead-of-exercise-she-does-cock-training-with-me/,https://cdn.javmiku.com/wp-content/uploads/2026/09/huntc601pl-550x374.jpg
https://jav.guru/1048178/huntc-557-we-were-frced-to-participate-in-a-cowgirl-creampie-chicken-race-among-the-outgoing-top-girls-in-the-class-a-game-of-bullying-the-introverted-guys-is-all-the-rage/,https://cdn.javmiku.com/wp-content/uploads/2026/09/huntc557pl-550x374.jpg
https://jav.guru/1048179/huntc-540-squirting-splash-the-pushover-newbie-esthetician-who-cant-firmly-refuse-even-though-touching-is-off-limits-gets-half-frced-into-bareback-fucking-and-feels-it-like-crazy/,https://cdn.javmiku.com/wp-content/uploads/2026/09/huntc540pl-550x374.jpg
https://jav.guru/1048180/huntc-509-ill-keep-big-brothers-secret-for-you-so-lets-play-rape-my-super-masochistic-stepsister-who-desperately-wants-to-be-raped-by-me-has-dirt-on-me-and-is-blackmailing-me/,https://cdn.javmiku.com/wp-content/uploads/2026/09/huntc509pl-550x374.jpg
https://jav.guru/1048181/huntc-489-just-lend-me-your-cock-the-girls-in-my-class-watch-av-with-my-cock-stuck-inside-them-the-whole-time-the-girls-in-my-class-heard-the-rumor-that-im-an-av-maniac-and-barged-into-my-hous/,https://cdn.javmiku.com/wp-content/uploads/2026/09/huntc489pl-550x374.jpg
https://jav.guru/1048182/hsoda-131-nipple-orgasm-breast-enhancement-esthetic-a-still-developing-slender-body-warped-by-repeated-shrimp-arch-climaxes/,https://cdn.javmiku.com/wp-content/uploads/2026/09/hsoda131pl-550x374.jpg
https://jav.guru/1048183/hhf-111-dont-hide-your-cock-show-it-to-us-sandwich-bath-in-the-tub-with-two-big-titted-girls-multiple-harem-creampies-into-their-frustrated-pussies-5-pairs-10-girls-4-hours/,https://cdn.javmiku.com/wp-content/uploads/2026/09/hhf111pl-550x374.jpg
https://jav.guru/1048184/fway-106-love-mind/,https://cdn.javmiku.com/wp-content/uploads/2026/09/fway106pl-550x374.jpg
https://jav.guru/1048185/fway-103-white-mirage/,https://cdn.javmiku.com/wp-content/uploads/2026/09/fway103pl-550x374.jpg
https://jav.guru/1048187/dsod-090-three-days-of-hell-being-creampied-nonstop-until-she-gets-pregnant-dressed-in-white-ceremonial-robes-and-steeped-in-madness-she-has-sperm-poured-into-her-as-the-gods-shrine-maiden-in-a/,https://cdn.javmiku.com/wp-content/uploads/2026/09/dsod090pl-550x374.jpg
https://jav.guru/1048188/dsod-078-to-end-the-life-of-the-cutest-mean-shitty-bitch-in-the-company-i-personality-corrected-her-into-an-oho-voiced-meat-toilet-rena-momozono/,https://cdn.javmiku.com/wp-content/uploads/2026/09/dsod078pl-550x374.jpg
https://jav.guru/1048189/dsod-067-druggd-with-an-aphrodisiac-sweating-and-in-heat-naturally-spreading-her-legs-vulgarly-and-gushing-pee-trembling-and-convulsing-in-a-sensitive-hot-yoga-class-riho-shishido/,https://cdn.javmiku.com/wp-content/uploads/2026/09/dsod067pl-550x374.jpg
https://jav.guru/1048190/dsod-066-relentlessly-teased-to-the-point-of-rolling-her-eyes-back-love-juices-dripping-down-her-dickclit-sobbing-and-chking-in-a-frenzied-orgasm-nh-hiiragi-kana/,https://cdn.javmiku.com/wp-content/uploads/2026/09/dsod066pl-550x374.jpg
https://jav.guru/1048191/dsod-065-enjoying-beautiful-legs-that-ruin-men-an-overly-sweet-ultimate-foot-fetish-suite-room-extreme-stroking-and-ejaculation-teasing-as-sacred-steamy-pantyhose-feet-sandwich-the-cock-with-squis/,https://cdn.javmiku.com/wp-content/uploads/2026/09/dsod065pl-550x374.jpg
https://jav.guru/1048192/dsod-060-my-girlfriend-whose-massive-tits-were-so-full-they-were-practically-spilling-over-was-cuckolded-by-a-delinquent-senior-nanao-saizuki/,https://cdn.javmiku.com/wp-content/uploads/2026/09/dsod060pl-550x374.jpg
https://jav.guru/1048193/dsod-058-if-they-mess-with-you-mess-them-back-exposing-the-perverted-sexual-proclivities-of-the-shemale-female-executive-who-pinned-the-blame-for-the-ordering-mistake-on-me/,https://cdn.javmiku.com/wp-content/uploads/2026/09/dsod058pl-550x374.jpg
https://jav.guru/1048194/dsod-057-even-though-i-have-a-cock-night-crawled-by-the-beautiful-transfer-student-femboy-the-straight-virgins-have-their-sexual-fetishes-warped-at-a-seductive-overnight-camp-hiiragi-momiji/,https://cdn.javmiku.com/wp-content/uploads/2026/09/dsod057pl-550x374.jpg
https://jav.guru/1048195/dsod-047-a-boyish-downer-type-little-sister-with-a-cold-attitude-whispers-is-it-okay-to-creampie-me-before-big-sis-destroying-my-reason-as-i-creampie-her-over-and-over-in-this-extreme-cock-tea/,https://cdn.javmiku.com/wp-content/uploads/2026/09/dsod047pl-550x374.jpg
https://jav.guru/1048196/dsod-045-torrential-rain-at-the-business-trip-destination-unexpectedly-passing-out-drunk-right-in-front-of-her-hated-boss-suddenly-sharing-a-room/,https://cdn.javmiku.com/wp-content/uploads/2026/09/dsod045pl-550x374.jpg
https://jav.guru/1048198/dsod-031-id-rather-die-than-apologize-an-arrogant-bully-who-absolutely-refuses-to-apologize/,https://cdn.javmiku.com/wp-content/uploads/2026/09/dsod031pl-550x374.jpg
https://jav.guru/1048199/dsod-022-the-ultimate-orgasm-asmr-with-the-cutest-trans-woman-in-history-marina-ikeda/,https://cdn.javmiku.com/wp-content/uploads/2026/09/dsod022pl-550x374.jpg
https://jav.guru/1048200/dsod-020-getting-on-your-knees-is-cheating-a-beautiful-schoolgirl-who-cant-refuse-because-shes-afraid-of-being-disliked-when-i-kept-begging-her-with-dogeza-she-casually-spread-her-legs-an/,https://cdn.javmiku.com/wp-content/uploads/2026/09/dsod020pl-550x374.jpg
https://jav.guru/1048203/bban-609-we-will-live-on-in-this-hell-the-only-glimmer-of-hope-for-the-new-grad-office-lady-at-her-limit-bound-to-an-extremely-evil-black-company-was-lesbian/,https://cdn.javmiku.com/wp-content/uploads/2026/09/bban609pl-550x374.jpg
https://jav.guru/1048204/bban-605-beautiful-sweat-drenched-girls-lose-themselves-in-lesbian-sex-on-a-1-night-2-day-orgy-expedition-to-womens-university-cheerleading-club-lily-2026-summer-training-camp/,https://cdn.javmiku.com/wp-content/uploads/2026/09/bban605pl-550x374.jpg
https://jav.guru/1048205/bban-604-the-story-of-having-my-pussy-used-by-a-freeloading-gal-and-being-turned-lesbian-the-fake-gal-who-got-her-sensitive-body-made-to-cum-over-and-over-while-going-along-with-every-demand-so-her/,https://cdn.javmiku.com/wp-content/uploads/2026/09/bban604pl-550x374.jpg
https://jav.guru/1048206/bban-601-pussy-completely-exposed-anywhere-in-the-house-no-panties-devouring-master-servant-lesbians/,https://cdn.javmiku.com/wp-content/uploads/2026/09/bban601pl-550x374.jpg
https://jav.guru/1048207/achj-095-highly-educated-dirty-talking-slut-the-bewitching-professor-who-rapes-your-ears-and-melts-your-brain-to-mush/,https://cdn.javmiku.com/wp-content/uploads/2026/09/achj095pl-550x374.jpg
https://jav.guru/1048208/achj-089-the-reason-i-a-virgin-turned-into-a-pervert-the-seven-trainings-drilled-into-me-by-the-beautiful-married-woman-next-door-who-taught-me-this-is-normal/,https://cdn.javmiku.com/wp-content/uploads/2026/09/achj089pl-550x374.jpg
https://jav.guru/1048639/svvrt-087-amateur-variety-shonan-local-wives-nipple-teasing-intercrural-cum-challenge-a-big-titted-wife-apologizes-to-her-kids-saying-sorry-while-single-mindedly-rubbing-a-rock-hard-huge-coc/,https://cdn.javmiku.com/wp-content/uploads/2026/09/1svvrt00087pl-550x374.jpg
https://jav.guru/1048640/roe-545-leaving-a-married-woman-restrained-in-a-chair-for-2-hours-the-story-of-how-she-grew-into-a-saliva-drooling-convulsively-orgasming-perverted-woman-reiko-seo/,https://cdn.javmiku.com/wp-content/uploads/2026/09/roe545pl-550x374.jpg
https://jav.guru/1048641/rlmp-017-big-titted-celeb-ladys-slurp-slurp-blowjob-a-lewd-moment-that-leaves-the-masochist-guy-completely-drained-with-thorough-deepthroat-and-edging-hell/,https://cdn.javmiku.com/wp-content/uploads/2026/09/rlmp017pl-550x374.jpg
https://jav.guru/1048642/rlmp-016-unscrupulous-bridal-ntr-salon-uses-aphrodisiac-oil-to-make-a-giddy-big-tits-idiot-woman-right-before-marriage-have-convulsing-breast-orgasms-and-plunges-her-into-despair/,https://cdn.javmiku.com/wp-content/uploads/2026/09/rlmp016pl-550x374.jpg
https://jav.guru/1048643/rlmp-014-grandpa-loving-underground-idol-who-came-on-a-volunteer-comfort-visit-gets-turned-into-a-shared-onahole-by-a-virile-old-geezer-still-going-strong-only-in-his-sex-drive-gangbang-fan-service/,https://cdn.javmiku.com/wp-content/uploads/2026/09/rlmp014pl-550x374.jpg
https://jav.guru/1048644/rlmp-013-complete-our-meat-slave-mama-volleyball-team-unreservedly-keeping-on-creampieing-them-in-a-sweat-drenched-juice-drenched-impregnation-training-camp/,https://cdn.javmiku.com/wp-content/uploads/2026/09/rlmp013pl-550x374.jpg
https://jav.guru/1048645/nsfs-509-posted-true-story-my-wife-was-passed-around-the-white-body-soaked-bright-red-with-humiliation-kana-mito-part-1-nagaestyle-x-madonna-special-collaboration-work/,https://cdn.javmiku.com/wp-content/uploads/2026/09/nsfs509pl-550x374.jpg
https://jav.guru/1048646/nsfs-508-cute-wifes-pale-body-punished-by-her-father-in-law-12-akari-minase/,https://cdn.javmiku.com/wp-content/uploads/2026/09/nsfs508pl-550x374.jpg
https://jav.guru/1048648/nact-176-i-thought-he-was-feeble-but-his-lower-body-was-rock-hard-the-forbidden-two-rounds-where-a-sexually-frustrated-wife-turns-into-a-bitch-through-her-father-in-laws-sexual-caregiving-hikaru/,https://cdn.javmiku.com/wp-content/uploads/2026/09/h_237nact176pl-550x374.jpg
https://jav.guru/1048649/mvg-172-shut-in-plain-neet-the-real-deals-face-collapsing-shame-orgasm-iku-toba/,https://cdn.javmiku.com/wp-content/uploads/2026/09/mvg172pl-550x374.jpg
https://jav.guru/1048653/mond-308-with-my-admired-female-boss-hikari-kisaki/,https://cdn.javmiku.com/wp-content/uploads/2026/09/mond308pl-550x374.jpg
https://jav.guru/1048654/mkmp-755-holy-paipannu-academy-the-dream-shaved-pussy-academy-harem-of-beautiful-girls-who-captivate-me-with-their-smooth-plump-hairless-pussies-yuna-hinata-meisa-nishimoto-hinano-minami/,https://cdn.javmiku.com/wp-content/uploads/2026/09/mkmp755pl-550x374.jpg
https://jav.guru/1048655/mkmp-753-peeing-factory-the-power-harassing-supervisor-a-middle-school-graduate-and-former-delinquent-is-the-only-woman-and-the-cancer-of-the-workplace-she-had-the-womens-toilet-removed-and/,https://cdn.javmiku.com/wp-content/uploads/2026/09/mkmp753pl-550x374.jpg
https://jav.guru/1048656/mkmp-751-extreme-sluts-divine-techniques-thoroughly-toying-with-men-using-numerous-ejaculation-techniques-in-5-ultimate-situations-erika-ozaki/,https://cdn.javmiku.com/wp-content/uploads/2026/09/mkmp751pl-550x374.jpg
https://jav.guru/1048659/ktra-797-creampie-plain-repressed-girls-for-4-hours/,https://cdn.javmiku.com/wp-content/uploads/2026/09/ktra797pl-550x374.jpg
https://jav.guru/1048662/ipzz-944-is-it-okay-if-i-think-of-you-as-my-girlfriend-until-graduation-teacher-former-celebrity-private-tutor-runa-sensei-healed-me-who-distrusts-women-with-gentle-tongue-kisses-and-envelopin/,https://cdn.javmiku.com/wp-content/uploads/2026/09/ipzz944pl-550x374.jpg
https://jav.guru/1048665/gvh-877-i-love-masters-piss-guzzling-and-gulping-it-down-the-convenient-piss-drinking-jk-maid-meguri-chan-minoshima-meguri/,https://cdn.javmiku.com/wp-content/uploads/2026/09/gvh877pl-550x374.jpg
https://jav.guru/1048667/gara-026-screaming-rape-the-frced-married-woman-a-young-wife-who-became-the-substitute-for-her-husband-burdened-with-huge-debts-from-loan-sharks-excessively-extreme-aphrodisiac-druggd-sex-4p-ga/,https://cdn.javmiku.com/wp-content/uploads/2026/09/gara026pl-550x374.jpg
https://jav.guru/1048671/flav-427-cock-encouraging-cheer-erection-charge-girl-plump-fleshy-big-ass-cheerleader-satomi-mioka/,https://cdn.javmiku.com/wp-content/uploads/2026/09/flav427pl-550x374.jpg
https://jav.guru/1048672/ekdv-827-this-bitch-is-in-full-heat-right-now-want-to-try-being-sui-tsukinoe/,https://cdn.javmiku.com/wp-content/uploads/2026/09/ekdv827pl-550x374.jpg
https://jav.guru/1048673/ekdv-826-eye-contact-cowgirl-is-irresistible-healing-cohabitation-life-with-my-carnivorous-super-skilled-girlfriend-sora-amakawa/,https://cdn.javmiku.com/wp-content/uploads/2026/09/ekdv826pl-550x374.jpg
https://jav.guru/1048674/dvel-002-devil-iron-tornado-the-female-body-roars-jet-black-trture-rhapsody-chapter-2-the-cruel-and-lewd-complete-collapse-of-the-young-lady-type-undercover-investigator-moe-kurose/,https://cdn.javmiku.com/wp-content/uploads/2026/09/dvel002sopl-550x374.jpg
https://jav.guru/1048675/dvaj-755-girls-volleyball-club-member-ordered-by-her-coach-into-fully-nude-volleyball-special-training-gets-her-protruding-big-ass-slammed-into-while-holding-the-receive-stance/,https://cdn.javmiku.com/wp-content/uploads/2026/09/dvaj755pl-550x374.jpg
https://jav.guru/1048676/dvaj-754-at-the-campsite-i-reunited-after-five-years-with-a-classmate-who-is-now-a-married-woman-her-profile-lit-by-the-campfire-looked-so-alluring-that-we-snuck-around-behind-her-husbands-back-a/,https://cdn.javmiku.com/wp-content/uploads/2026/09/dvaj754pl-550x374.jpg
https://jav.guru/1048680/dldss-529-shocking-transfer-to-dahlia-kumi-koizumi-41-years-old-from-married-woman-to-actress-that-real-married-woman-has-arrived/,https://cdn.javmiku.com/wp-content/uploads/2026/09/1dldss00529pl-550x374.jpg
https://jav.guru/1048681/djjj-007-queen-ravaging-hell-vol-7-lewd-fall-ablaze-the-queen-turned-into-a-full-body-erogenous-zone-anna-tsukishima/,https://cdn.javmiku.com/wp-content/uploads/2026/09/djjj007sopl-550x374.jpg
https://jav.guru/1048682/clot-043-alluring-female-boss-in-black-pantyhose-natsuki-yokoyama/,https://cdn.javmiku.com/wp-content/uploads/2026/09/h_237clot043pl-550x374.jpg
https://jav.guru/1048683/cemd-889-humiliation-rape-fitted-with-a-remote-vibrator-and-a-downtown-date-44-ruka-itoi/,https://cdn.javmiku.com/wp-content/uploads/2026/09/cemd889pl-550x374.jpg
https://jav.guru/1048684/cemd-885-one-time-only-anal-sex-comeback-rion-izumi-is-this-the-last-well-see-of-it-tried-negotiating-for-anal-sex-during-the-shoot/,https://cdn.javmiku.com/wp-content/uploads/2026/09/cemd885pl-550x374.jpg
https://jav.guru/1048685/cemd-884-the-hardcore-masochist-new-office-lady-whose-bondage-fetish-hidden-under-her-recruit-suit-gets-exposed-meisa-nishimoto/,https://cdn.javmiku.com/wp-content/uploads/2026/09/cemd884pl-550x374.jpg
https://jav.guru/1048686/avsa-456-perverted-sluts-reverse-confinement-panic-room-mina-kitano/,https://cdn.javmiku.com/wp-content/uploads/2026/09/avsa456pl-550x374.jpg
https://jav.guru/1048687/avsa-455-ear-melting-dirty-talk-whispers-and-a-tongue-kiss-swamp-good-wife-by-day-perverted-slut-wife-who-hunts-masochist-men-by-night-akari-niimura/,https://cdn.javmiku.com/wp-content/uploads/2026/09/avsa455pl-550x374.jpg
https://jav.guru/1048688/aldn-612-the-reason-i-dont-quit-my-company-miho-tsuno/,https://cdn.javmiku.com/wp-content/uploads/2026/09/aldn612pl-550x374.jpg
https://jav.guru/1048914/ydns-011-train-bareback-fucking-punishment-011/,https://cdn.javmiku.com/wp-content/uploads/2026/09/ydns011pl-550x374.jpg
https://jav.guru/1048915/usag-097-first-deepthroat-amateur-girls-drooling-while-taking-it-to-the-limit-and-having-the-back-of-their-throats-developed/,https://cdn.javmiku.com/wp-content/uploads/2026/09/usag097pl-550x374.jpg
https://jav.guru/1048916/thpa-16-super-heroine-in-peril-vol-116-beautiful-girl-warrior-sailor-mermaid-the-trap-of-the-mimic-monster-medamos-kana-yura/,https://cdn.javmiku.com/wp-content/uploads/2026/09/h_173thpa16pl-550x374.jpg
https://jav.guru/1048917/tcd-349-a-day-with-me-and-my-girlfriend-who-has-a-cock-taxi-date-9-junjun/,https://cdn.javmiku.com/wp-content/uploads/2026/09/tcd349pl-550x374.jpg
https://jav.guru/1048918/svvrt-086-amateur-variety-bikini-gals-approached-on-shonan-beach-try-a-cooling-lotion-massage-to-cool-down-their-flushed-bodies-their-temperature-should-drop-but-instead-their-lust-awakens/,https://cdn.javmiku.com/wp-content/uploads/2026/09/1svvrt086pl-550x374.jpg
https://jav.guru/1048919/svvrt-085-amateur-variety-endure-it-for-prize-money-fail-and-get-instantly-fucked-by-a-huge-cock-slim-bodied-college-girl-holds-milk-in-her-mouth-for-a-spread-legged-facesitting-cunnilingus-chall/,https://cdn.javmiku.com/wp-content/uploads/2026/09/1svvrt085pl-550x374.jpg
https://jav.guru/1048920/svvrt-082-amateur-variety-close-friends-schoolgirls-face-off-massive-fixed-dildo-seesaw-battle-shake-your-hips-while-its-inserted-first-to-squirt-5-times-wins-loser-gets-fucked-and-creampied/,https://cdn.javmiku.com/wp-content/uploads/2026/09/1svvrt082pl-550x374.jpg
https://jav.guru/1048921/spsf-57-wonder-lady-vs-glamour-mask-the-luxurious-preys-who-fell-into-prison-waka-ninomiya/,https://cdn.javmiku.com/wp-content/uploads/2026/09/h_173spsf57pl-550x374.jpg
https://jav.guru/1048922/spsf-56-heroine-hunting-wonder-lady-rui-otokoto/,https://cdn.javmiku.com/wp-content/uploads/2026/09/h_173spsf56pl-550x374.jpg
https://jav.guru/1048923/spsf-55-sentai-heroine-action-pinch-fall-of-star-sea-sentai-kaiser-five-kaiser-yellow-action-pinch-arc-moa-wakatsuki/,https://cdn.javmiku.com/wp-content/uploads/2026/09/h_173spsf55pl-550x374.jpg
https://jav.guru/1048924/spsf-54-beautiful-girl-masked-aurora-lewd-bitch-fall-marina-nishio/,https://cdn.javmiku.com/wp-content/uploads/2026/09/h_173spsf54pl-550x374.jpg
https://jav.guru/1048925/spsf-53-star-corpse-armored-princess-nexarion-machi-ikuno/,https://cdn.javmiku.com/wp-content/uploads/2026/09/h_173spsf53pl-550x374.jpg
https://jav.guru/1048926/spsf-52-razer-mikage-part-1/,https://cdn.javmiku.com/wp-content/uploads/2026/09/h_173spsf52pl-550x374.jpg
https://jav.guru/1048927/sitw-055-when-i-visited-a-rental-house-studio-on-an-la-location-shoot-the-owner-turned-out-to-be-a-big-titted-blonde-beautiful-wife/,https://cdn.javmiku.com/wp-content/uploads/2026/09/sitw055pl-550x374.jpg
https://jav.guru/1048928/silk-200-spice%e2%86%92moisture-3/,https://cdn.javmiku.com/wp-content/uploads/2026/09/1silk200pl-550x374.jpg
https://jav.guru/1048929/sal-265-175cm-tall-beautiful-otoko-no-ko-hibiki-aoi-anal-sex-with-her-exquisite-beautiful-ass-and-three-super-slutty-sexual-situations/,https://cdn.javmiku.com/wp-content/uploads/2026/09/sal265pl-550x374.jpg
https://jav.guru/1048930/rctd-754-rocket-18th-anniversary-commemorative-user-request-festival-female-comedians-the-2nd-trio-comedy-sketch-edition/,https://cdn.javmiku.com/wp-content/uploads/2026/09/1rctd754pl-550x374.jpg
https://jav.guru/1048931/rctd-752-rocket-18th-anniversary-user-request-festival-turning-middle-aged-women-into-erotic-gaudy-ahegao-yamanba-dirty-gals/,https://cdn.javmiku.com/wp-content/uploads/2026/09/1rctd752pl-550x374.jpg
https://jav.guru/1048932/rctd-750-rocket-18th-anniversary-user-request-festival-love-%e2%88%9e-loop-the-love-story-of-a-man-and-woman-who-cant-escape-unless-they-kiss/,https://cdn.javmiku.com/wp-content/uploads/2026/09/1rctd750pl-550x374.jpg
https://jav.guru/1048935/nghj-075-virgin-college-student-support-project-for-guys-giving-up-on-love-because-theyre-virgins-ive-always-liked-you/,https://cdn.javmiku.com/wp-content/uploads/2026/09/nghj075pl-550x374.jpg
https://jav.guru/1048936/nact-182-oil-mania-tsukinoe-sui/,https://cdn.javmiku.com/wp-content/uploads/2026/09/h_237nact182pl-550x374.jpg
https://jav.guru/1048937/nact-181-at-first-glance-an-ordinary-middle-aged-housekeeper-but-she-was-actually-a-super-slut-with-a-queens-temperament-mai-fuyuki/,https://cdn.javmiku.com/wp-content/uploads/2026/09/h_237nact181pl-550x374.jpg
https://jav.guru/1048938/nact-180-insatiable-housewife-begs-for-creampie-in-her-secret-side-job-airi-ichinose/,https://cdn.javmiku.com/wp-content/uploads/2026/09/h_237nact180pl-550x374.jpg
https://jav.guru/1048939/nact-179-when-the-delivery-guy-she-likes-comes-she-greets-him-by-taking-off-her-panties-the-slutty-wife-who-flaunts-her-pussy-to-seduce-him-natsu-shibuya/,https://cdn.javmiku.com/wp-content/uploads/2026/09/h_237nact179pl-550x374.jpg
https://jav.guru/1048940/nact-178-role-reversal-sugar-daddy-corruption-threatening-the-pure-student-he-called-from-a-delivery-health-service-with-credits-and-a-scholarship-recommendation-letter-and-forcing-her-into-a-p/,https://cdn.javmiku.com/wp-content/uploads/2026/09/h_237nact178pl-550x374.jpg
https://jav.guru/1048941/nact-177-locks-onto-the-virgin-young-man-who-came-to-fix-a-water-leak-flashes-a-vibrator-and-puts-on-a-live-masturbation-demo-then-while-her-husband-is-away-on-business-greets-him-fully-naked-at-t/,https://cdn.javmiku.com/wp-content/uploads/2026/09/h_237nact177pl-550x374.jpg
https://jav.guru/1048942/mooc-028-even-though-she-has-the-absolute-best-looks-this-femboy-call-girl-was-way-too-cold-with-her-service-so-i-lectured-her-pinned-her-in-a-full-nelson-and-gave-her-a-handjob-until-she-pissed/,https://cdn.javmiku.com/wp-content/uploads/2026/09/mooc028pl-550x374.jpg
https://jav.guru/1048943/mkmp-758-100-climaxes-ecstasy-intense-ejaculation-best/,https://cdn.javmiku.com/wp-content/uploads/2026/09/mkmp758pl-550x374.jpg
https://jav.guru/1048944/mkd-259-first-shoot-in-her-fifties-the-voluptuous-mom-with-a-smile-that-suits-her-makes-her-av-debut-tsubasa-watase/,https://cdn.javmiku.com/wp-content/uploads/2026/09/mkd259pl-550x374.jpg
https://jav.guru/1048945/mist-524-ass-hell-black-mask-this-huge-ass-slut-or-masochist-mature-woman-who-cums-from-facesitting-with-her-beautiful-90cm-translucent-glossy-ass-and-lush-thick-bush/,https://cdn.javmiku.com/wp-content/uploads/2026/09/1mist524pl-550x374.jpg
https://jav.guru/1048946/mist-512-nipple-frenzy-nipple-love-is-everything-hinata-tachibanauchi/,https://cdn.javmiku.com/wp-content/uploads/2026/09/1mist512pl-550x374.jpg
https://jav.guru/1048957/ktra-796-sex-with-a-beautiful-girl-with-tiny-tits-4-hours/,https://cdn.javmiku.com/wp-content/uploads/2026/09/ktra796pl-550x374.jpg
https://jav.guru/1048962/imo-038-i-called-a-delivery-escort-and-my-little-sister-showed-up-as-a-result-we-end-up-having-creampie-real-sex-without-the-shop-knowing-15/,https://cdn.javmiku.com/wp-content/uploads/2026/09/12imo038pl-550x374.jpg
https://jav.guru/1048963/gvh-878-since-you-cant-say-anything-anyway-its-fine-to-nipple-harass-you-right-without-permission-i-relentlessly-nipple-harassed-and-creampied-over-and-over-the-tits-of-my-quiet-plain/,https://cdn.javmiku.com/wp-content/uploads/2026/09/gvh878pl-550x374.jpg
https://jav.guru/1048965/gs-2146-married-woman-resort-style-married-woman-hot-spring-love-trip-rin-34-years-old/,https://cdn.javmiku.com/wp-content/uploads/2026/09/140gs2146pl-550x374.jpg
https://jav.guru/1048966/gma-103-bondage-trained-wife-reunion-and-subjugation-with-the-former-boss-she-once-had-a-physical-relationship-with-a-lewd-wife-who-satisfies-her-fetishes-while-claiming-its-for-her-husband-kur/,https://cdn.javmiku.com/wp-content/uploads/2026/09/gma103pl-550x374.jpg
https://jav.guru/1048967/gma-102-bondage-trained-wife-her-dead-husbands-perverted-fetish-and-the-secret-she-never-knew-a-widowed-wife-drowning-in-her-father-in-laws-ropes-harumi-kyomoto/,https://cdn.javmiku.com/wp-content/uploads/2026/09/gma102pl-550x374.jpg
https://jav.guru/1048968/gajk-039-schoolgirl-subjected-to-bondage-training-in-the-storehouse-the-innocent-girl-who-apprenticed-herself-to-take-over-her-grandfathers-restaurant-she-falls-into-a-perverted-fetish-under-the/,https://cdn.javmiku.com/wp-content/uploads/2026/09/gajk039pl-550x374.jpg
https://jav.guru/1048969/fns-253-to-escape-a-sudden-downpour-a-male-and-female-classmate-sneak-into-the-school-building-at-night-and-find-themselves-alone-warming-their-drenched-see-through-bodies-until-they-entwine-hamab/,https://cdn.javmiku.com/wp-content/uploads/2026/09/FNS-253-550x374.jpg
https://jav.guru/1048971/fgan-188-is-it-true-that-young-people-these-days-dont-masturbate-an-older-sister-teaches-those-gen-z-the-pleasures-of-masturbation-and-sex/,https://cdn.javmiku.com/wp-content/uploads/2026/09/h_1440fgan188pl-550x374.jpg
https://jav.guru/1048972/embz-349-ripe-mature-womans-ripe-sensitive-big-nipples-sucking-biting-licking-and-toying-with-her-fully-erect-plump-nipples-to-make-her-cum-8-mikine-ogura/,https://cdn.javmiku.com/wp-content/uploads/2026/09/embz349pl-550x374.jpg
https://jav.guru/1048974/dldss-534-married-secretarys-secret-cunnilingus-affair-under-the-desk-suzume-mino/,https://cdn.javmiku.com/wp-content/uploads/2026/09/1dldss534pl-550x374.jpg
https://jav.guru/1048975/dazd-306-pussy-and-deep-throat-simultaneous-skewer-sandbag-best/,https://cdn.javmiku.com/wp-content/uploads/2026/09/dazd306pl-550x374.jpg
https://jav.guru/1048976/davk-119-cheeky-gal-the-local-charismatic-super-cute-slutty-senpai-hits-real-climaxes-from-the-fierce-pounding-by-a-group-of-middle-aged-men-with-big-cocks-begs-for-thick-deep-kisses-and-raw-fuck/,https://cdn.javmiku.com/wp-content/uploads/2026/09/davk119pl-550x374.jpg
https://jav.guru/1048977/cnstv-029-anonymous-single-mother-yuika-onosaka-pseudonym-27-years-old-three-years-after-her-divorce-she-works-as-a-nursery-teacher-at-a-daycare-in-totsuka-ward-yokohama-city/,https://cdn.javmiku.com/wp-content/uploads/2026/09/h_1472cnstv00029pl-550x374.jpg
https://jav.guru/1048978/cmn-265-despairing-female-undercover-investigator-female-beast-trauma-trture-moe-aizawa/,https://cdn.javmiku.com/wp-content/uploads/2026/09/cmn265pl-550x374.jpg
https://jav.guru/1048979/cemd-888-no-bra-huge-tits-tanned-black-gyaru-wearing-a-remote-vibrator-humiliation-date-hana-kurosaki/,https://cdn.javmiku.com/wp-content/uploads/2026/09/cemd888pl-550x374.jpg
https://jav.guru/1048980/cemd-887-no-staff-no-script-just-the-actress-and-director-alone-on-a-pov-sex-date-mina-aise/,https://cdn.javmiku.com/wp-content/uploads/2026/09/cemd887pl-550x374.jpg
https://jav.guru/1048981/cemd-886-thoroughly-dissecting-reiko-himekawa-a-full-day-packed-with-cunnilingus-making-her-cum-over-and-over-with-sex-5/,https://cdn.javmiku.com/wp-content/uploads/2026/09/cemd886pl-550x374.jpg
https://jav.guru/1048982/c-2988-day-trip-hot-spring-mature-womans-erotic-journey-044/,https://cdn.javmiku.com/wp-content/uploads/2026/09/140c2988pl-550x374.jpg
https://jav.guru/1048983/c-2987-please-cuckold-my-wife-yuka-31-136/,https://cdn.javmiku.com/wp-content/uploads/2026/09/140c2987pl-550x374.jpg
https://jav.guru/1048984/bazx-415-too-extreme-beautiful-office-ladies-4-hours-premier-remix-09/,https://cdn.javmiku.com/wp-content/uploads/2026/09/bazx415pl-550x374.jpg
https://jav.guru/1048985/bagr-092-furious-flaunting-ntr-the-big-tits-girlfriend-who-was-almost-dumped-by-her-boyfriend-tests-her-boyfriends-love-with-a-pitch-black-vengeful-heart-like-a-black-lily-ruka-itoi/,https://cdn.javmiku.com/wp-content/uploads/2026/09/bagr092pl-550x374.jpg
https://jav.guru/1048986/bagr-091-boyish-love-lovey-dovey-cohabitation-life-with-a-handsome-girlfriend-that-makes-my-cock-throb-yoshimi-nitta/,https://cdn.javmiku.com/wp-content/uploads/2026/09/bagr091pl-550x374.jpg
https://jav.guru/1048987/bacj-190-newcomer-queen-the-ordinary-girl-who-started-working-at-an-m-sensual-parlor-runa-shiraishi/,https://cdn.javmiku.com/wp-content/uploads/2026/09/bacj190pl-550x374.jpg
https://jav.guru/1048988/avsa-454-influencer-crossdressing-girls-gokkun-offline-meetup-hime-hanamiya-hime/,https://cdn.javmiku.com/wp-content/uploads/2026/09/avsa454pl-550x374.jpg
https://jav.guru/1048989/apns-421-ill-entertain-you-with-my-body-as-thanks-for-the-contract-door-to-door-pillow-sales-lewd-sales-training-for-a-female-employee-weak-to-pressure-kotone-tsukino/,https://cdn.javmiku.com/wp-content/uploads/2026/09/apns421pl-550x374.jpg
https://jav.guru/1048990/apns-420-middle-aged-cock-loving-schoolgirl-gets-creampied-by-the-neighborhood-uncles-while-home-alone-yuno-sakura/,https://cdn.javmiku.com/wp-content/uploads/2026/09/apns420pl-550x374.jpg
https://jav.guru/1048991/apak-337-creampie-voluptuous-masochist-climax-angel-nami-no-im-cumming-cumming-break-me-demon-piston-intense-orgasms-for-the-innocent-sakamichi-style-beautiful-girl-student-tearful-deepthr/,https://cdn.javmiku.com/wp-content/uploads/2026/09/apak337pl-550x374.jpg
https://jav.guru/1048992/anb-263-my-beautiful-and-lewd-aunts-natural-slutty-ways-are-irresistible-to-me-senami-ugaki/,https://cdn.javmiku.com/wp-content/uploads/2026/09/anb263pl-550x374.jpg
https://jav.guru/1048993/aldn-611-from-now-on-im-offering-up-my-wife-shell-come-home-after-cheating-for-the-first-time-tae-kosaka/,https://cdn.javmiku.com/wp-content/uploads/2026/09/aldn611pl-550x374.jpg
https://jav.guru/1048994/aldn-610-mother-in-law-youre-way-better-than-my-wife-mai-fuyuki/,https://cdn.javmiku.com/wp-content/uploads/2026/09/aldn610pl-550x374.jpg
https://jav.guru/1048995/aed-263-incest-vaginal-creampie-for-a-mom-in-her-fifties-sumire-mihara/,https://cdn.javmiku.com/wp-content/uploads/2026/09/aed263pl-550x374.jpg
https://jav.guru/1049247/xvsr-397-max-a-exclusive-actress-ban-lifted-first-time-in-her-life-raw-creampie-sex-intimate-documentary-aori-arihoshi/,https://cdn.javmiku.com/wp-content/uploads/2026/09/xvsr397sopl-550x374.jpg
https://jav.guru/1049248/xvsr-395-growth-diary-from-losing-her-virginity-a-19-year-olds-real-sex-sayo-fujiwara/,https://cdn.javmiku.com/wp-content/uploads/2026/09/xvsr395sopl-550x374.jpg
https://jav.guru/1049251/scop-697-while-hanging-out-at-my-girlfriends-house-i-went-to-the-toilet-and-unexpectedly-bumped-into-her-older-sister-she-suddenly-saw-my-huge-cock-got-excited-and-gobbled-it-up/,https://cdn.javmiku.com/wp-content/uploads/2026/09/84scop697pl-550x374.jpg
https://jav.guru/1049252/real-751-vulgarly-seducing-her-student-the-female-private-tutors-sweaty-lewd-acts/,https://cdn.javmiku.com/wp-content/uploads/2026/09/84real751pl-550x374.jpg
https://jav.guru/1049256/mdbk-429-completely-tamed-sucking-pet-who-greets-me-when-i-get-home-with-a-blowjob-that-leaves-my-cock-covered-in-drool/,https://cdn.javmiku.com/wp-content/uploads/2026/09/mdbk429pl-550x374.jpg
https://jav.guru/1049257/madm-223-gentle-gaze-and-fair-skinned-beautiful-legs-married-woman-affair-date-all-day-long-plenty-of-creampie-sex-over-and-over-with-a-beautiful-wife-whos-sexless-with-her-husband-haruka-2/,https://cdn.javmiku.com/wp-content/uploads/2026/09/madm223pl-550x374.jpg
https://jav.guru/1049258/love-098-the-tiny-girl-is-a-lewd-sex-doll-vol-2-asami-tsuchiya/,https://cdn.javmiku.com/wp-content/uploads/2026/09/h_491love98pl-550x374.jpg
https://jav.guru/1049259/ksbj-181-i-cant-tell-my-husband-that-my-stepson-is-using-me-as-a-sex-toy-starring-marika-kobayashi/,https://cdn.javmiku.com/wp-content/uploads/2026/09/ksbj181pl-550x374.jpg
https://jav.guru/1049260/kidm-599b-untitled-yamamoto-riko-blu-ray-disc/,https://cdn.javmiku.com/wp-content/uploads/2026/09/n_945kidm599bpl-550x374.jpg
https://jav.guru/1049261/keed-091-if-its-just-rubbing-its-not-cheating-right-during-a-one-night-two-day-stay-at-my-beloved-girlfriends-house-i-couldnt-resist-the-temptation-of-her-overly-seductive-mother-and/,https://cdn.javmiku.com/wp-content/uploads/2026/09/h_086keed91pl-550x374.jpg
https://jav.guru/1049269/fns-254-record-of-endlessly-fucking-my-wifes-stepdaughter-who-grew-into-a-divine-breasted-girl-at-the-perfect-age-for-sex-kamiki-mia/,https://cdn.javmiku.com/wp-content/uploads/2026/09/FNS-254-550x374.jpg
https://jav.guru/1049272/euud-091-fully-ripe-creampie-romantic-secret-hot-spring-surprise-scorching-hot-spring-massive-orgy-packed-with-middle-aged-women-special/,https://cdn.javmiku.com/wp-content/uploads/2026/09/h_086euud91pl-550x374.jpg
https://jav.guru/1049274/dvaj-757-boyish-girlfriend-tipsy-daily-crashing-tiny-one-room-carelessly-flashing-hidden-big-tits-squish-clinging-so-i-see-her-as-woman-but-cant-jerk-off-in-blueballs-hell-cant-hold-lust-raw-cre/,https://cdn.javmiku.com/wp-content/uploads/2026/09/dvaj757pl-550x374.jpg
https://jav.guru/1049275/dvaj-756-soft-mochi-like-sex-friend-with-the-best-body-to-hold-that-youll-want-to-call-over-and-fuck-anytime-as-many-times-as-you-want-a-sex-only-woman-who-gets-turned-on-when-treated-like-an-ona/,https://cdn.javmiku.com/wp-content/uploads/2026/09/dvaj756pl-550x374.jpg
https://jav.guru/1049277/dori-075-paco-filming-no-75-from-a-petite-high-school-girl-who-was-so-nervous-during-her-first-time-that-she-doesnt-remember-it-i-learned-i-dont-really-wear-condoms-i-like-raw-cock/,https://cdn.javmiku.com/wp-content/uploads/2026/09/h_491dori075pl-550x374.jpg
https://jav.guru/1049278/dori-074-pov-fuck-no-74-begged-by-a-g-cup-big-tits-jk-who-says-i-hate-studying-but-im-good-at-sex%e2%99%aa-to-put-my-raw-cock-in-her-and-i-ended-up-creampieing-her-three-times/,https://cdn.javmiku.com/wp-content/uploads/2026/09/h_491dori074pl-550x374.jpg
https://jav.guru/1049282/cesd-107-sorry-for-squirting-so-much-from-feeling-too-good-massive-squirting-sex-where-i-cum-over-and-over-until-my-mind-goes-completely-blank-ayu-sakurai/,https://cdn.javmiku.com/wp-content/uploads/2026/09/cesd107pl-550x374.jpg
https://jav.guru/1049283/cesd-106-the-proprietress-of-the-downtown-oden-shop-who-brings-happiness-2-yumi-kazama/,https://cdn.javmiku.com/wp-content/uploads/2026/09/cesd106pl-550x374.jpg
https://jav.guru/1049284/c-2529-mature-wife-interview-pov-fuck-18-side-story-married-womans-travelogue-05/,https://cdn.javmiku.com/wp-content/uploads/2026/09/140c2529pl-550x374.jpg
https://jav.guru/1049285/c-2505-cuckolded-married-woman-hot-spring-steam-journey-19/,https://cdn.javmiku.com/wp-content/uploads/2026/09/140c2505pl-550x374.jpg
https://jav.guru/1049286/c-2502-i-end-up-making-a-move-as-if-it-were-only-natural-on-my-wifes-female-friend-who-came-to-stay-in-my-room-married-woman-chika-san-alias-36/,https://cdn.javmiku.com/wp-content/uploads/2026/09/140c2502pl-550x374.jpg
https://jav.guru/1049287/bvd-001-neo-bleeding-big-uniform-uncut-vol-1/,https://cdn.javmiku.com/wp-content/uploads/2026/09/44bvd001pl-550x374.jpg
https://jav.guru/1049288/bobb-329-newcomer-debut-get-buried-in-the-overwhelming-power-of-these-j-cups-boin-megumi-tachibana-box/,https://cdn.javmiku.com/wp-content/uploads/2026/09/bobb329pl-550x374.jpg
https://jav.guru/1049289/bkd-249-mother-son-mating-haruka-aizawa/,https://cdn.javmiku.com/wp-content/uploads/2026/09/bkd249sopl-550x374.jpg
https://jav.guru/1049290/bkd-229-mother-son-mating-emii-toda/,https://cdn.javmiku.com/wp-content/uploads/2026/09/bkd229sopl-550x374.jpg
https://jav.guru/1049291/bagr-093-the-outstanding-figured-slutty-nympho-bitch-indiscriminately-fucks-every-man-dry-her-unfulfilled-heart-blooms-lonely-like-an-erica-flower-marina-azusa/,https://cdn.javmiku.com/wp-content/uploads/2026/09/bagr093pl-550x374.jpg
https://jav.guru/1049292/avsa-457-free-for-all-perverted-acts-repeated-piss-accidents-pissing-beauty-scattering-conspiracy-and-pubic-hair-transparent-perverted-slut-sara-isshiki/,https://cdn.javmiku.com/wp-content/uploads/2026/09/avsa457pl-550x374.jpg
