page_url,image_url
https://jav.guru/1054914/svmgm-052-magic-mirror-go-hard-boiled-limited-to-married-women-walking-the-streets-squirting-endurance-challenge-while-fully-exposing-their-pussy-spread-wide-open-and-getting-their-clit-teased/,https://cdn.javmiku.com/wp-content/uploads/2026/09/1svmgm052pl-550x374.jpg
https://jav.guru/1054915/start-644-two-older-onee-sans-gently-let-me-act-spoiled-and-guide-me-to-unknown-pleasures-that-cant-be-experienced-with-men-hoshino-riko/,https://cdn.javmiku.com/wp-content/uploads/2026/09/1start644pl-550x374.jpg
https://jav.guru/1054916/start-638-the-cowgirl-nurse-who-takes-care-of-hospitalized-patients-sexual-desires-with-360-degree-all-around-hip-twisting-piston-thrusts-sora-niikawa/,https://cdn.javmiku.com/wp-content/uploads/2026/09/1start638pl-550x374.jpg
https://jav.guru/1054917/start-634-spasming-trance-state-back-arching-climax-development-documentary-high-sensitivity-uterus-over-orgasm-special-mei-miyajima/,https://cdn.javmiku.com/wp-content/uploads/2026/09/1start634pl-550x374.jpg
https://jav.guru/1054928/sdde-768-masturbation-addiction-rehab-center/,https://cdn.javmiku.com/wp-content/uploads/2026/09/1sdde00768pl-550x374.jpg
https://jav.guru/1054929/scop-714-my-shocking-experience-of-having-been-a-virgin-until-just-one-hour-ago-a-miraculous-4-hour-special-encountering-50-women-who-cant-help-but-deflower-an-inexperienced-man-the-moment-they/,https://cdn.javmiku.com/wp-content/uploads/2026/09/84scop714pl-550x374.jpg
https://jav.guru/1054930/scop-678-i-wasnt-planning-on-having-sex-today-happening-sex-closing-in-on-defenseless-exquisite-beauties-40-women-4-hours-4/,https://cdn.javmiku.com/wp-content/uploads/2026/09/84scop678pl-550x374.jpg
https://jav.guru/1054932/mopg-067-i-wish-that-girl-was-a-mean-slut-who-chokes-me-while-playing-with-my-nipples-kisaragi-natsuki/,https://cdn.javmiku.com/wp-content/uploads/2026/09/mopg067sopl-550x374.jpg
https://jav.guru/1054933/mopg-064-ego-masochist-guy-and-the-edging-gal-bitchy-ruined-orgasm-kana-igarashi/,https://cdn.javmiku.com/wp-content/uploads/2026/09/mopg064sopl-550x374.jpg
https://jav.guru/1054936/love-079-ibarakis-tenacious-delinquent-yurika-birthday-celebration/,https://cdn.javmiku.com/wp-content/uploads/2026/09/h_491love79pl-550x374.jpg
https://jav.guru/1054938/lcbd-00861-madoka-hashimoto-madoka-moyo-lcdv-40861-madoka-hashimoto/,https://cdn.javmiku.com/wp-content/uploads/2026/09/1559-550x374.jpg
https://jav.guru/1054940/kv-327-100-minutes-of-non-stop-filming-uncut-editing-with-28-consecutive-raw-creampies-followed-by-extra-pistoning-cleanup-and-14-consecutive-bukkakes-hikaru-konno/,https://cdn.javmiku.com/wp-content/uploads/2026/09/h_955kv327pl-550x374.jpg
https://jav.guru/1054941/ksbj-168-my-new-stepmother-who-toys-with-me-natsukawa-kaho/,https://cdn.javmiku.com/wp-content/uploads/2026/09/ksbj168pl-550x374.jpg
https://jav.guru/1054942/ksbj-165-12-tall-slender-beauties/,https://cdn.javmiku.com/wp-content/uploads/2026/09/ksbj165pl-550x374.jpg
https://jav.guru/1054943/ksbj-160-beautiful-breasts-and-waists-that-are-irresistible-12-s-line-actresses/,https://cdn.javmiku.com/wp-content/uploads/2026/09/ksbj160pl-550x374.jpg
https://jav.guru/1054951/juda-001-mother-in-law-you-feel-better-than-my-wife/,https://cdn.javmiku.com/wp-content/uploads/2026/09/juda001pl-550x374.jpg
https://jav.guru/1054955/fneo-058-even-though-i-only-did-compensated-dating-my-video-that-got-filmed-my-identity-exposed-and-in-the-end-i-was-publicly-shamed-chiharu-sakurai/,https://cdn.javmiku.com/wp-content/uploads/2026/09/h_491fneo058pl-550x374.jpg
https://jav.guru/1054956/fneo-057-blue-spring-dirtied-by-milky-white-attendance-book-of-two-uniforms-in-full-bloom/,https://cdn.javmiku.com/wp-content/uploads/2026/09/h_491fneo057pl-550x374.jpg
https://jav.guru/1054958/euud-090-the-ultimate-mature-woman-ruins-you-with-filthy-dirty-talk-and-situations-the-best-full-pov-jerk-off-masturbation-support-remi-saegiki/,https://cdn.javmiku.com/wp-content/uploads/2026/09/h_086euud90pl-550x374.jpg
https://jav.guru/1054964/dori-061-pov-fuck-no-61-made-the-slender-fair-skinned-gyaru-high-school-girl-whose-pussy-tightly-squeezes-my-raw-cock-beg-please-shoot-uncles-sperm-into-my-pussy%e2%99%aa-and-ended-up-creamp/,https://cdn.javmiku.com/wp-content/uploads/2026/09/h_491dori061pl-550x374.jpg
https://jav.guru/1054965/dori-059-paco-dori-no-59-i-gave-three-creampies-just-as-she-wanted-to-the-high-school-girl-who-begged-please-shoot-out-lots-of-cum%e2%99%aa/,https://cdn.javmiku.com/wp-content/uploads/2026/09/h_491dori059pl-550x374.jpg
https://jav.guru/1054966/dori-058-pako-dori-no-58-pinched-the-nipples-of-a-huge-h-cup-high-school-girl-who-smiled-and-said-my-whole-body-got-all-sensitive-then-gave-her-an-unauthorized-creampie/,https://cdn.javmiku.com/wp-content/uploads/2026/09/h_491dori058pl-550x374.jpg
https://jav.guru/1054967/dori-056-paco-tori-no-56-consecutive-creampies-for-a-big-tits-schoolgirl-whos-ok-with-tongue-kissing-at-the-end-i-thought-id-do-a-facial-but-creampied-her-a-third-time-too/,https://cdn.javmiku.com/wp-content/uploads/2026/09/h_491dori056pl-550x374.jpg
https://jav.guru/1054968/dldss-547-for-a-reason-im-working-as-a-soapland-girl-right-in-front-of-my-husbands-workplace-miyu-imai/,https://cdn.javmiku.com/wp-content/uploads/2026/09/1dldss547pl-550x374.jpg
https://jav.guru/1054969/cesd-092-slave-wife-with-circumstances-the-twisted-sex-situation-of-an-upper-class-family-a-young-doe-thrown-in-as-collateral-for-a-debt-azusa-itagaki/,https://cdn.javmiku.com/wp-content/uploads/2026/09/cesd092pl-550x374.jpg
https://jav.guru/1054970/cesd-089-emotions-1-pleasure-supremacist-feeling-the-ultimate-joy-in-perverted-sex-emotions-et-cetera-yumi-kazama/,https://cdn.javmiku.com/wp-content/uploads/2026/09/cesd089pl-550x374.jpg
https://jav.guru/1054971/cesd-087-masturbation-pleasure-paranoid-15-ayu-sakurai/,https://cdn.javmiku.com/wp-content/uploads/2026/09/cesd087pl-550x374.jpg
https://jav.guru/1054972/c-2535-cuckolded-married-woman-hot-spring-steam-journey-21-women-barge-in-for-lesbian-cuckolding-and-orgy-special/,https://cdn.javmiku.com/wp-content/uploads/2026/09/140c2535pl-550x374.jpg
https://jav.guru/1054973/c-2486-cuckolded-married-woman-hot-spring-steam-journey-17/,https://cdn.javmiku.com/wp-content/uploads/2026/09/140c2486pl-550x374.jpg
https://jav.guru/1054975/bobb-315-firmly-gripping-the-waist-of-her-godly-tits-and-godly-slim-waisted-body-and-thrusting-up-from-behind-swaying-tits-rising-moans-thoroughly-savoring-the-big-titted-beauty-all-the-way-to-th/,https://cdn.javmiku.com/wp-content/uploads/2026/09/bobb315pl-550x374.jpg
https://jav.guru/1054976/bobb-313-these-huge-volume-100cm-i-cup-colossal-tits-alone-are-enough-to-get-you-off-tits-you-never-get-tired-of-no-matter-how-many-hours-you-knead-lick-or-pull-them-sensitive-pussy-in-a-massive/,https://cdn.javmiku.com/wp-content/uploads/2026/09/bobb313pl-550x374.jpg
https://jav.guru/1054977/bobb-310-bouncy-huge-tits-fondle-her-firm-beautiful-big-tits-as-much-as-you-want-shake-them-as-much-as-you-want-intense-hip-thrusting-aimed-at-her-sensitive-body-that-cums-right-away-for-continuo/,https://cdn.javmiku.com/wp-content/uploads/2026/09/bobb310pl-550x374.jpg
https://jav.guru/1054978/bkd-216-mother-son-mating-miyamoto-saori/,https://cdn.javmiku.com/wp-content/uploads/2026/09/bkd216sopl-550x374.jpg
https://jav.guru/1055071/sods-088-savor-and-thoroughly-enjoy-all-the-sodstar-juices-in-12-corners-best-sex-covered-in-sweat-squirt-and-drool-with-6-sodstar-actresses-5-hour-special/,https://cdn.javmiku.com/wp-content/uploads/2026/09/1sods088pl-550x374.jpg
https://jav.guru/1055073/sdmm-240-magic-mirror-number-five-fashionably-dressed-amateur-girls-with-beautiful-waistlines-all-filmed-having-sex-embarrassed-but-leaking-moans-will-these-sensitive-tits-girls-even-accept-a-ra/,https://cdn.javmiku.com/wp-content/uploads/2026/09/1sdmm00240pl-550x374.jpg
https://jav.guru/1055179/uzu-040-onaman-girl-jimiin-she-is-introverted-but-actually-has-a-strong-sex-drive-barely-leaves-an-impression-at-the-company-the-junior-girl-from-the-same-department-at-the-same-company-who-live/,https://cdn.javmiku.com/wp-content/uploads/2026/09/uzu040pl-550x374.jpg
https://jav.guru/1055180/tsds-43117-kureha-yumi-title-undecided/,https://cdn.javmiku.com/wp-content/uploads/2026/09/n_701tsds43117pl-550x374.jpg
https://jav.guru/1055181/t38-072-hina-chan-is-the-seniors-pet-doll-kana-yura-nitori/,https://cdn.javmiku.com/wp-content/uploads/2026/09/55t38072pl-550x374.jpg
https://jav.guru/1055191/scpx-566-blushing-yakyuken-with-a-sister-and-brother-who-are-like-friends/,https://cdn.javmiku.com/wp-content/uploads/2026/09/scpx566pl-550x374.jpg
https://jav.guru/1055192/scop-722-a-long-awaited-reunion-with-the-yankee-girl-who-was-the-cutest-in-school-even-though-she-used-to-make-fun-of-me-for-being-a-virgin/,https://cdn.javmiku.com/wp-content/uploads/2026/09/scop722sopl-550x374.jpg
https://jav.guru/1055193/sbvd-0585-sugoi-io-ioki/,https://cdn.javmiku.com/wp-content/uploads/2026/09/5294sbvd00585pl-550x374.jpg
https://jav.guru/1055194/real-787-real-2021-top-30-titles-ultimate-collection-4-hours/,https://cdn.javmiku.com/wp-content/uploads/2026/09/real787sopl-550x374.jpg
https://jav.guru/1055195/real-785-kiwami-intense-orgasm-sex-that-blows-away-both-consciousness-and-reason-4-hour-ultimate-best/,https://cdn.javmiku.com/wp-content/uploads/2026/09/real785sopl-550x374.jpg
https://jav.guru/1055196/real-783-kiwami-the-most-vicious-frced-creampie-impregnation-sex-4-hour-ultimate-best/,https://cdn.javmiku.com/wp-content/uploads/2026/09/real783sopl-550x374.jpg
https://jav.guru/1055198/nsfs-515-ai-remastered-version-raping-a-cheeky-woman-masterpiece-permanent-preservation-edition/,https://cdn.javmiku.com/wp-content/uploads/2026/09/nsfs515pl-550x374.jpg
https://jav.guru/1055199/nsfs-512-mature-mother-40-under-one-roof-devouring-forbidden-nights-with-an-exam-student-rina-ayana/,https://cdn.javmiku.com/wp-content/uploads/2026/09/nsfs512pl-550x374.jpg
https://jav.guru/1055200/nnit-018-stalking-a-high-school-girl-for-anal-three-hole-gang-rpe-240-minutes/,https://cdn.javmiku.com/wp-content/uploads/2026/09/nnit018pl-550x374.jpg
https://jav.guru/1055201/nask-423-unbearable-sexual-desire-of-a-woman-in-her-fifties-female-pleasure-revives-with-hot-semen-10/,https://cdn.javmiku.com/wp-content/uploads/2026/09/nask423pl-550x374.jpg
https://jav.guru/1055202/moil-009-new-forbidden-sex-with-my-wifes-mother-part-8-after-all-my-mother-in-law-is-better-than-my-wife-sayaka-yoshino/,https://cdn.javmiku.com/wp-content/uploads/2026/09/moil009pl-550x374.jpg
https://jav.guru/1055203/mmr-bm119-moe-wakaki/,https://cdn.javmiku.com/wp-content/uploads/2026/09/2589-550x374.jpg
https://jav.guru/1055204/mmr-bm118-bijou-box-saki-sakurai/,https://cdn.javmiku.com/wp-content/uploads/2026/09/2588-550x374.jpg
https://jav.guru/1055205/mmr-az584-eternal-glow-nozomi-shiraishi/,https://cdn.javmiku.com/wp-content/uploads/2026/09/2557-550x374.jpg
https://jav.guru/1055206/mmr-az583-each-time-thank-blooms-saki-funaoka/,https://cdn.javmiku.com/wp-content/uploads/2026/09/2556-550x374.jpg
https://jav.guru/1055207/mmr-az582-fumie57-fumie-nakajima/,https://cdn.javmiku.com/wp-content/uploads/2026/09/2555-550x374.jpg
https://jav.guru/1055211/mbr-ab052-naked-beautiful-girl-her-pussy-is-shaved/,https://cdn.javmiku.com/wp-content/uploads/2026/09/n_709mbrab052pl-550x374.jpg
https://jav.guru/1055212/marr-013-yurara-dream-yakuno-marina/,https://cdn.javmiku.com/wp-content/uploads/2026/09/n_1064marr013pl-550x374.jpg
https://jav.guru/1055213/lucy-031-when-i-called-an-escort-my-mother-in-law-showed-up-of-all-people-miki-yoshii/,https://cdn.javmiku.com/wp-content/uploads/2026/09/lucy031pl-550x374.jpg
https://jav.guru/1055214/love-133-obedient-blonde-hot-spring-janice-miller-hisui-janice-griffith/,https://cdn.javmiku.com/wp-content/uploads/2026/09/h_491love133pl-550x374.jpg
https://jav.guru/1055215/lcdv-41296-summer-vacation-with-marina-marina-nagasawa/,https://cdn.javmiku.com/wp-content/uploads/2026/09/2553-550x374.jpg
https://jav.guru/1055216/lcdv-41033-nine-gates-mari-takamiya/,https://cdn.javmiku.com/wp-content/uploads/2026/09/2572-550x374.jpg
https://jav.guru/1055217/ktve-004-showing-you-the-entire-underside-of-a-female-influencer-expose-streamer-zs-underground-stream-covered-in-sweat-spit-and-body-fluids/,https://cdn.javmiku.com/wp-content/uploads/2026/09/ktve004pl-550x374.jpg
https://jav.guru/1055218/ksbj-209-sex-addicted-wife-who-indiscriminately-devours-men-yuu-kawakami/,https://cdn.javmiku.com/wp-content/uploads/2026/09/ksbj209pl-550x374.jpg
https://jav.guru/1055219/ksbj-207-i-absolutely-hate-my-fathers-new-wife-so-ive-decided-to-train-my-sexy-voluptuous-stepmother/,https://cdn.javmiku.com/wp-content/uploads/2026/09/ksbj207pl-550x374.jpg
https://jav.guru/1055220/ksbj-205-complete-domination-compilation-beautiful-wives-dominated-by-their-relatives/,https://cdn.javmiku.com/wp-content/uploads/2026/09/ksbj205pl-550x374.jpg
https://jav.guru/1055221/juda-011-right-next-to-her-sleeping-boss-breeding-fuck-with-his-slutty-wife-ill-make-that-pussy-all-gooey/,https://cdn.javmiku.com/wp-content/uploads/2026/09/juda011pl-550x374.jpg
https://jav.guru/1055222/juda-010-creampie-incest-immoral-parent-and-chld/,https://cdn.javmiku.com/wp-content/uploads/2026/09/juda010pl-550x374.jpg
https://jav.guru/1055223/juda-009-creampie-in-my-best-friends-mother/,https://cdn.javmiku.com/wp-content/uploads/2026/09/juda009pl-550x374.jpg
https://jav.guru/1055224/juda-007-creampie-incest-immoral-parent-and-chld/,https://cdn.javmiku.com/wp-content/uploads/2026/09/juda007pl-550x374.jpg
https://jav.guru/1055225/juda-006-creampie-in-my-best-friends-mother/,https://cdn.javmiku.com/wp-content/uploads/2026/09/juda006pl-550x374.jpg
https://jav.guru/1055226/juda-005-creampie-in-my-beautiful-aunt/,https://cdn.javmiku.com/wp-content/uploads/2026/09/juda005pl-550x374.jpg
https://jav.guru/1055227/juda-004-mother-in-law-it-feels-better-than-with-my-wife-okouchi-nami-misaki-haruka-sakura-yumiko/,https://cdn.javmiku.com/wp-content/uploads/2026/09/juda004pl-550x374.jpg
https://jav.guru/1055228/juda-003-creampie-in-my-best-friends-mother-nanami-hisayo-oohashi-hitomi-maya-keiko/,https://cdn.javmiku.com/wp-content/uploads/2026/09/juda003pl-550x374.jpg
https://jav.guru/1055230/jimmy-011-breakup-agent-since-all-men-in-the-world-are-idiots-a-little-temptation-makes-them-erect-and-boosts-my-sales-too-aoshima-nazuki/,https://cdn.javmiku.com/wp-content/uploads/2026/09/JIMMY-011-550x374.jpg
https://jav.guru/1055231/jimmy-010-dreaming-twin-bowl-why-are-both-the-same-in-taste-and-size-whether-you-suck-them-insert-them-or-creampie-them-kurosawa-nanami/,https://cdn.javmiku.com/wp-content/uploads/2026/09/JIMMY-010-550x374.jpg
https://jav.guru/1055232/hpxr-50-ikumi-hisamatsu/,https://cdn.javmiku.com/wp-content/uploads/2026/09/1578455416_hpxr-50-550x374.jpg
https://jav.guru/1055234/gun-789-everything-fully-visible-soles-of-the-feet-and-full-nudity-ayana-rina-koume-ena-marumo-rea-watarai-fuu-toba-iku/,https://cdn.javmiku.com/wp-content/uploads/2026/09/433gun789pl-550x374.jpg
https://jav.guru/1055235/grabd-033-closed-room-photoshoot-hikari-misaki-translucent-body-trembling-v-line-a-forbidden-close-up-record-of-just-the-two-of-them-hikari-misaki-blu-ray-disc/,https://cdn.javmiku.com/wp-content/uploads/2026/09/n_1535grabd033pl-550x374.jpg
https://jav.guru/1055236/gqw-001-doctor-neet-old-mans-neighborhood-girl-take-home-mischief-collection-3-girls/,https://cdn.javmiku.com/wp-content/uploads/2026/09/gqw001pl-550x374.jpg
https://jav.guru/1055237/euud-092-honoka-mitsuhara-forgets-the-mundane-world-and-with-her-true-nature-fully-exposed-fucks-relentlessly-on-a-breeding-mixed-bath-hot-spring-trip/,https://cdn.javmiku.com/wp-content/uploads/2026/09/h_086euud92pl-1-550x374.jpg
https://jav.guru/1055238/enki-099-trashy-pussy-gal-but-a-loyal-creampie-only-meat-toilet-violently-fulfilling-the-written-pledge-with-brutal-fucking-gangbang-yuri/,https://cdn.javmiku.com/wp-content/uploads/2026/09/enki099pl-550x374.jpg
https://jav.guru/1055243/dori-102-pov-fuck-no-102-the-beautiful-bodied-gyaru-with-leftover-tan-lines-who-started-compensated-dating-in-search-of-pleasure-rena-chan-munakata-rena/,https://cdn.javmiku.com/wp-content/uploads/2026/09/h_491dori102pl-550x374.jpg
https://jav.guru/1055244/dori-101-pov-fuck-no-101-no-condom-ok-the-shy-beautiful-girl-soaking-wet-with-love-juices-mayuna-chan-mitsuharu-mayuna/,https://cdn.javmiku.com/wp-content/uploads/2026/09/h_491dori101pl-550x374.jpg
https://jav.guru/1055245/dori-100-fuck-shoot-no-100-the-pure-looking-beautiful-girl-with-small-tits-who-feels-so-good-she-ends-up-allowing-a-creampie-niina-chan-fukunaga-niina/,https://cdn.javmiku.com/wp-content/uploads/2026/09/h_491dori100pl-550x374.jpg
https://jav.guru/1055246/dori-098-pov-fuck-no-98-the-slender-beautiful-girl-with-a-melty-pussy-who-came-for-compensated-dating-before-hanging-out-with-friends-reina-chan-murase-reina/,https://cdn.javmiku.com/wp-content/uploads/2026/09/h_491dori098pl-550x374.jpg
https://jav.guru/1055248/chib-006-girlz-high-hinata-inori-kitayama-yu/,https://cdn.javmiku.com/wp-content/uploads/2026/09/chib006pl-550x374.jpg
https://jav.guru/1055249/cesd-149-my-mother-is-the-female-manager-of-a-no-panties-cafe-the-reason-why-a-mother-and-son-who-love-each-other-dont-commit-incest-yumi-kazama/,https://cdn.javmiku.com/wp-content/uploads/2026/09/cesd149pl-550x374.jpg
https://jav.guru/1055250/cesd-148-dad-and-mom-6-family-bonds-that-overcome-difficulties-the-loving-sex-story-of-a-married-couple-who-embrace-each-other-chisato-shoda/,https://cdn.javmiku.com/wp-content/uploads/2026/09/cesd148pl-550x374.jpg
https://jav.guru/1055251/cesd-144-sorry-for-squirting-so-much-from-feeling-too-good-4-unstoppable-climaxes-and-squirting-that-draws-parabolas-came-73-times-squirted-53-times-mio-kayama/,https://cdn.javmiku.com/wp-content/uploads/2026/09/cesd144pl-550x374.jpg
https://jav.guru/1055252/cesd-143-breakup-agent-relationship-severer-3-deceiving-men-with-skillful-techniques-luring-them-to-ejaculate-and-cutting-ties-chisato-shoda/,https://cdn.javmiku.com/wp-content/uploads/2026/09/cesd143pl-550x374.jpg
https://jav.guru/1055253/cesd-142-the-last-shame-desire-ive-always-wanted-to-be-treated-this-way-exposing-my-hidden-sexual-fetish-this-is-the-real-yuki-misa/,https://cdn.javmiku.com/wp-content/uploads/2026/09/cesd142pl-550x374.jpg
https://jav.guru/1055254/c-2543-girls-trip-014/,https://cdn.javmiku.com/wp-content/uploads/2026/09/140c2543pl-550x374.jpg
https://jav.guru/1055255/c-2542-please-cuckold-my-wife-t-ka-27-84/,https://cdn.javmiku.com/wp-content/uploads/2026/09/140c2542pl-550x374.jpg
https://jav.guru/1055256/c-2541-cuckolding-the-wife-right-next-to-her-dead-drunk-husband-the-best-2019-mar-2019-aug/,https://cdn.javmiku.com/wp-content/uploads/2026/09/140c2541pl-550x374.jpg
https://jav.guru/1055257/c-2540-married-woman-selfie-ntr-cuckold-report-video-07-kanno-yona/,https://cdn.javmiku.com/wp-content/uploads/2026/09/140c2540pl-550x374.jpg
https://jav.guru/1055258/c-2539-raw-footage-lesbian-hot-spring-trip-08/,https://cdn.javmiku.com/wp-content/uploads/2026/09/140c2539pl-550x374.jpg
https://jav.guru/1055259/c-2538-life-journey-012-extra-edition-married-womans-travelogue-06/,https://cdn.javmiku.com/wp-content/uploads/2026/09/140c2538pl-550x374.jpg
https://jav.guru/1055260/c-2537-i-end-up-making-a-move-as-if-it-were-only-natural-on-my-wifes-female-friend-married-woman-mitsue-san-alias-52-years-old-who-ended-up-staying-in-my-room/,https://cdn.javmiku.com/wp-content/uploads/2026/09/140c2537pl-550x374.jpg
https://jav.guru/1055261/bobb-359-j-cup-beautiful-huge-tits-charm-maximized-to-the-fullest-breast-fetish-erotic-cosplay-7-boin-seiri-toa-box-3/,https://cdn.javmiku.com/wp-content/uploads/2026/09/bobb359pl-550x374.jpg
https://jav.guru/1055262/bkd-263-mother-son-mating-takakura-rina/,https://cdn.javmiku.com/wp-content/uploads/2026/09/bkd263sopl-550x374.jpg
https://jav.guru/1055263/bkd-262-mother-son-mating-miki-yamase/,https://cdn.javmiku.com/wp-content/uploads/2026/09/bkd262sopl-550x374.jpg
https://jav.guru/1055264/bkd-261-mother-son-mating-iroha-narumiya/,https://cdn.javmiku.com/wp-content/uploads/2026/09/bkd261sopl-550x374.jpg
https://jav.guru/1055265/bkd-256-mother-son-mating-narumi-sakagami/,https://cdn.javmiku.com/wp-content/uploads/2026/09/bkd256sopl-550x374.jpg
https://jav.guru/1055266/beb-006-the-beautiful-woman-living-next-doors-hot-kisses-and-embraces-nanako-mori/,https://cdn.javmiku.com/wp-content/uploads/2026/09/beb006pl-550x374.jpg
https://jav.guru/1055267/beb-004-revival-the-hot-kisses-and-embraces-of-a-transcendent-body-haruka-sanada/,https://cdn.javmiku.com/wp-content/uploads/2026/09/beb004pl-550x374.jpg
https://jav.guru/1055268/beb-002-rookie-av-actresss-hot-kisses-and-embraces-mahiru/,https://cdn.javmiku.com/wp-content/uploads/2026/09/beb002pl-550x374.jpg
https://jav.guru/1055269/bbi-088-attacked-by-the-kiss-maniac-older-sister-ive-always-admired-yuria-satomi/,https://cdn.javmiku.com/wp-content/uploads/2026/09/bbi088pl-550x374.jpg
https://jav.guru/1055270/aprg-008-hard-pounding-climax-pov-fuck-great-tits-great-personality-guaranteed-repeat-jackpot-girl-g-cup-schoolgirl-ruka-itoi/,https://cdn.javmiku.com/wp-content/uploads/2026/09/aprg008pl-550x374.jpg
https://jav.guru/1055271/appt-005-ejaculation-on-a-beautiful-girl-in-uniform-chapter-2-nana-himeko/,https://cdn.javmiku.com/wp-content/uploads/2026/09/appt005pl-550x374.jpg
https://jav.guru/1055272/apkh-199-please-film-me-fucking-convulsing-pussy-slit-slender-body-drowning-in-pleasure-i-love-being-pounded-the-innocent-girls-lewd-service-sex-hazuki-sano/,https://cdn.javmiku.com/wp-content/uploads/2026/09/apkh199pl-550x374.jpg
https://jav.guru/1055274/agav-181-polygamous-family-murdr-case-the-tragedy-born-from-a-distorted-form-of-love-looking-back-at-the-time-before-the-incident-through-testimonies-who-is-the-culprit-who-is-lying/,https://cdn.javmiku.com/wp-content/uploads/2026/09/agav181pl-550x374.jpg
https://jav.guru/1055459/xvsr-376-genuine-creampie-3-fucks-asami-nagase/,https://cdn.javmiku.com/wp-content/uploads/2026/09/xvsr376sopl-550x374.jpg
https://jav.guru/1055460/tokutani-004-tougenkyo-mizuki-riko-active-cabaret-girl-violates-the-gravure-worlds-taboo-with-fetishism-mizuki-riko/,https://cdn.javmiku.com/wp-content/uploads/2026/09/n_937tokutani004pl-550x374.jpg
https://jav.guru/1055467/sdni-004-visual-rape-shikan-nao-eguchi/,https://cdn.javmiku.com/wp-content/uploads/2026/09/1sdni004pl-550x374.jpg
https://jav.guru/1055468/scop-723-thoroughly-scooping-up-women-drenched-in-sweat-the-intensely-released-female-scent-makes-an-erection-unavoidable-best-of-33-sweaty-sex-scenes/,https://cdn.javmiku.com/wp-content/uploads/2026/09/scop723sopl-550x374.jpg
https://jav.guru/1055469/scop-715-hot-spring-resort-happening-spontaneous-intense-sex-between-men-and-women-who-get-relaxed-on-their-trip-and-follow-their-instincts-while-completely-naked-4-hours/,https://cdn.javmiku.com/wp-content/uploads/2026/09/84scop715pl-550x374.jpg
https://jav.guru/1055470/real-790-kiwami-bondage-sex-where-the-rough-rope-digging-in-induces-climax-4-hour-ultimate-best/,https://cdn.javmiku.com/wp-content/uploads/2026/09/real790sopl-550x374.jpg
https://jav.guru/1055471/real-781-kiwami-extreme-bondage-sex-pounding-into-defenseless-pussies-4-hour-ultimate-best/,https://cdn.javmiku.com/wp-content/uploads/2026/09/real781sopl-550x374.jpg
https://jav.guru/1055472/real-780-complete-rape-of-30-schoolgirls-leaving-them-unable-to-recover-best-4-hours/,https://cdn.javmiku.com/wp-content/uploads/2026/09/real780sopl-550x374.jpg
https://jav.guru/1055473/real-778-kiwami-saliva-covered-cock-sucking-4-hour-ultimate-best/,https://cdn.javmiku.com/wp-content/uploads/2026/09/real778sopl-550x374.jpg
https://jav.guru/1055480/nitr-005-masochistic-dirty-talk-the-hardcore-masochist-girl-who-utters-dirty-talk-herself-and-seeks-training/,https://cdn.javmiku.com/wp-content/uploads/2026/09/49nitr005pl-550x374.jpg
https://jav.guru/1055484/mmr-az565-i-d-yuuka-kohinata/,https://cdn.javmiku.com/wp-content/uploads/2026/09/2577-550x374.jpg
https://jav.guru/1055485/love-078-please-keep-me-a-virgin-as-livestock-4/,https://cdn.javmiku.com/wp-content/uploads/2026/09/h_491love78pl-550x374.jpg
https://jav.guru/1055486/lcdv-41332-i-love-you-aoi-fujino/,https://cdn.javmiku.com/wp-content/uploads/2026/09/2587-550x374.jpg
https://jav.guru/1055487/lcdv-41128-a-day-in-the-life-mari-takamiya/,https://cdn.javmiku.com/wp-content/uploads/2026/09/2600-550x374.jpg
https://jav.guru/1055488/ksbj-211-after-all-mature-women-are-the-most-erotic-22-women-vol-04/,https://cdn.javmiku.com/wp-content/uploads/2026/09/ksbj211pl-550x374.jpg
https://jav.guru/1055489/ksbj-164-my-sons-wife-was-a-slut-through-and-through-himari-kinoshita/,https://cdn.javmiku.com/wp-content/uploads/2026/09/ksbj164pl-550x374.jpg
https://jav.guru/1055490/kidm-796-kitaya-yuri-remix-final-edition/,https://cdn.javmiku.com/wp-content/uploads/2026/09/70787425_1450506l-550x374.jpg
https://jav.guru/1055491/kidm-726-maya-shinohara-gray-zone/,https://cdn.javmiku.com/wp-content/uploads/2026/09/46097809_i336760-550x374.jpg
https://jav.guru/1055492/kidm-711-maya-shinohara-body-heat/,https://cdn.javmiku.com/wp-content/uploads/2026/09/42135780_i331019-550x374.jpg
https://jav.guru/1055493/kidm-708-kizaki-natsu-uncensored-2-disc-set-atami-edition-kyoto-edition/,https://cdn.javmiku.com/wp-content/uploads/2026/09/42256589_i329874-550x374.jpg
https://jav.guru/1055494/kidm-570b-untitled-shiori-kawana-blu-ray-disc/,https://cdn.javmiku.com/wp-content/uploads/2026/09/n_945kidm570bpl-550x374.jpg
https://jav.guru/1055495/kidm-1063b-adventure-oda-asuka/,https://cdn.javmiku.com/wp-content/uploads/2026/09/1246-550x374.jpg
https://jav.guru/1055496/kidm-078-18-year-old-ban-lifted-mizuki-fujinaga/,https://cdn.javmiku.com/wp-content/uploads/2026/09/n_945kidm078pl-550x374.jpg
https://jav.guru/1055497/kbynb-005-wet-beauties-see-through-ton-3-soaking-wet-beauties-neverland-blu-ray-disc/,https://cdn.javmiku.com/wp-content/uploads/2026/09/n_1010kbynb005pl-550x374.jpg
https://jav.guru/1055498/kbynb-004-wet-beauties-see-through-ton-2-never-never-ending-numery-blu-ray-disc/,https://cdn.javmiku.com/wp-content/uploads/2026/09/n_1010kbynb004pl-550x374.jpg
https://jav.guru/1055501/juda-002-creampie-in-my-beautiful-aunt/,https://cdn.javmiku.com/wp-content/uploads/2026/09/juda002pl-550x374.jpg
https://jav.guru/1055512/cesd-141-yumi-kazama-in-heat-4sex-completely-newly-filmed-genuine-orgasm-sex-with-unstoppable-convulsions-28-continuous-climaxes-with-no-time-to-dry-yumi-kazama/,https://cdn.javmiku.com/wp-content/uploads/2026/09/cesd141pl-550x374.jpg
https://jav.guru/1055515/cesd-133-first-shoot-married-woman-av-debut-in-her-third-year-of-marriage-a-real-30-year-old-wifes-decision-wanting-to-show-off-her-naughty-side-she-makes-her-av-debut-kimi-kitano/,https://cdn.javmiku.com/wp-content/uploads/2026/09/cesd133pl-550x374.jpg
https://jav.guru/1055516/c-2547-cuckolding-the-wife-right-next-to-her-dead-drunk-husband-13/,https://cdn.javmiku.com/wp-content/uploads/2026/09/140c2547pl-550x374.jpg
https://jav.guru/1055518/c-2536-raw-footage-lesbian-hot-spring-trip-07/,https://cdn.javmiku.com/wp-content/uploads/2026/09/140c2536pl-550x374.jpg
https://jav.guru/1055519/c-2533-married-womans-cuckold-hot-spring-trip/,https://cdn.javmiku.com/wp-content/uploads/2026/09/140c2533pl-550x374.jpg
https://jav.guru/1055520/c-2531-married-womans-self-filmed-ntr-cuckold-report-video-06/,https://cdn.javmiku.com/wp-content/uploads/2026/09/140c2531pl-550x374.jpg
https://jav.guru/1055524/beb-010-kissing-teacher-harukas-deflowering-sanada-haruka/,https://cdn.javmiku.com/wp-content/uploads/2026/09/beb010pl-550x374.jpg
https://jav.guru/1055525/arb-006-dragon-bondage-love-pet-training-6-slut-actress-junko-asamiya/,https://cdn.javmiku.com/wp-content/uploads/2026/09/arb00006pl-550x374.jpg
https://jav.guru/1055601/abf-388-my-obedient-pet-candidate-09-mai-nanashima/,https://cdn.javmiku.com/wp-content/uploads/2026/09/118abf388pl-550x374.jpg
https://jav.guru/1055602/abf-387-sharp-tongued-waitress-umi-yatsugake/,https://cdn.javmiku.com/wp-content/uploads/2026/09/118abf387pl-550x374.jpg
https://jav.guru/1055638/waaa-697-yui-will-make-you-spurt-and-cum-staring-right-at-you-for-an-intense-jerk-off-support-orgasm-clinic-the-tempting-little-devil-cock-stroking-nurse-grins-as-she-edges-you-with-whispered-dir/,https://cdn.javmiku.com/wp-content/uploads/2026/09/waaa697pl-550x374.jpg
https://jav.guru/1055639/t38-070-stalking-and-break-in-three-hole-impregnation-rape-targeting-a-schoolgirl-on-her-way-home-from-school/,https://cdn.javmiku.com/wp-content/uploads/2026/09/55t38070pl-550x374.jpg
https://jav.guru/1055640/snos-385-tits-remote-vibe-stroll-toys-inserted-into-her-l-cup-big-nipples-as-shes-dragged-around-in-public-no-making-noise-allowed-trembling-moans-frced-shame-ecstasy-kimura-aishin/,https://cdn.javmiku.com/wp-content/uploads/2026/09/snos385pl-550x374.jpg
https://jav.guru/1055641/rki-765-beauty-and-the-beast-gal-and-creepy-otaku-2-they-have-a-history-of-fucking-she-gets-a-massive-load-of-creepy-otaku-sperm-poured-into-her-womb-and-cums-like-crazy-she-just-cant-leave-th/,https://cdn.javmiku.com/wp-content/uploads/2026/09/rki765pl-550x374.jpg
https://jav.guru/1055644/rebd-1068-nozomi-the-oracle-in-the-depths-of-the-eyes-yuuki-nozomi/,https://cdn.javmiku.com/wp-content/uploads/2026/09/h_346rebd1068pl-550x374.jpg
https://jav.guru/1055645/rebd-1067-emika3-the-whereabouts-of-love-and-a-slight-fever-sakika-shirakami/,https://cdn.javmiku.com/wp-content/uploads/2026/09/h_346rebd1067pl-550x374.jpg
https://jav.guru/1055646/rebd-1066-julia18-emerald-elegance-%c2%b7-julia/,https://cdn.javmiku.com/wp-content/uploads/2026/09/h_346rebd1066pl-550x374.jpg
https://jav.guru/1055647/pred-901-captured-female-investigator-relentlessly-interrogated-on-her-clitoris-and-nipples-with-a-super-powerful-suction-sex-toy-the-sucking-one-brain-bug-convulsing-orgasms-alice-shaku/,https://cdn.javmiku.com/wp-content/uploads/2026/09/pred901pl-550x374.jpg
https://jav.guru/1055648/pppe-427-spences-mammary-gland-development-clinic-claire-hasumi/,https://cdn.javmiku.com/wp-content/uploads/2026/09/pppe427pl-550x374.jpg
https://jav.guru/1055649/npjs-276-if-you-wont-break-up-with-your-girlfriend-lets-make-this-the-last-time-contact-from-the-free-fuck-buddy-id-had-for-3-years-saying-we-wont-meet-anymore/,https://cdn.javmiku.com/wp-content/uploads/2026/09/npjs276pl-550x374.jpg
https://jav.guru/1055650/nima-086-i-got-horny-so-i-tried-getting-taken-home-during-my-commute-nao-ayatsuki/,https://cdn.javmiku.com/wp-content/uploads/2026/09/nima086pl-550x374.jpg
https://jav.guru/1055651/mudr-399-we-otaku-friends-the-plump-big-tits-freckled-glasses-otaku-girl-her-first-experience-is-a-4p-with-her-otaku-friends-where-she-climaxes-and-cums-over-and-over-hana-himesaki/,https://cdn.javmiku.com/wp-content/uploads/2026/09/mudr399pl-550x374.jpg
https://jav.guru/1055652/mism-464-anus-deep-throat-and-pussy-hole-greedy-three-hole-maso-fucker-iku-toba/,https://cdn.javmiku.com/wp-content/uploads/2026/09/mism464pl-550x374.jpg
https://jav.guru/1055653/mimk-288-the-girl-whos-insanely-erotic-but-if-you-take-her-up-on-the-invitation-it-seems-like-youll-be-ruined-live-action-version/,https://cdn.javmiku.com/wp-content/uploads/2026/09/mimk288pl-550x374.jpg
https://jav.guru/1055654/mfyd-181-the-plain-glasses-wife-across-the-hall-whose-moaning-is-noisy-every-night-has-an-incredible-body-and-sex-drive-and-seduces-me-while-her-husband-is-away-i-get-fucked-over-and-over-again-un/,https://cdn.javmiku.com/wp-content/uploads/2026/09/mfyd181pl-550x374.jpg
https://jav.guru/1055655/jur-854-the-hot-woman-who-straddles-the-world-sumire-mizukawa-retires-horny-intimate-overnight-date-farewell-cherishing-creampie-sex/,https://cdn.javmiku.com/wp-content/uploads/2026/09/jur854pl-550x374.jpg
https://jav.guru/1055656/ipzz-912-highest-class-masochist-slave-the-abnormal-training-record-of-a-proud-female-company-president-blackmailed-with-a-scandal-threatened-tormented-and-fucked-until-she-kneels-to-masochistic/,https://cdn.javmiku.com/wp-content/uploads/2026/09/ipzz912pl-550x374.jpg
https://jav.guru/1055657/hsoda-133-anal-fuck-addict-cosplayer-wants-to-become-an-anal-meat-toilet-toba-iku/,https://cdn.javmiku.com/wp-content/uploads/2026/09/hsoda133pl-550x374.jpg
https://jav.guru/1055658/hmn-904-my-big-tits-have-been-targeted-during-the-daytime-when-my-husband-is-away-i-keep-getting-stripped-and-creampie-gang-raped-by-my-father-in-law-and-the-old-men-from-the-neighborhood-associati/,https://cdn.javmiku.com/wp-content/uploads/2026/09/hmn904pl-550x374.jpg
https://jav.guru/1055659/fns-260-fully-visible-anal-ass-fetish-sex-service-paradise-nene-yoshitaka/,https://cdn.javmiku.com/wp-content/uploads/2026/09/1fns260pl-550x374.jpg
https://jav.guru/1055661/dsod-046-getting-on-your-knees-is-cheating-a-beautiful-high-school-girl-who-cant-refuse-for-fear-of-being-disliked-when-i-kept-begging-her-with-dogeza-she-casually-spread-her-legs-and-even/,https://cdn.javmiku.com/wp-content/uploads/2026/09/dsod046pl-550x374.jpg
https://jav.guru/1055662/dal-012-fantasy-summer-festival-beautiful-girl-ai-model-av-debut/,https://cdn.javmiku.com/wp-content/uploads/2026/09/h_1711dal00012pl-550x374.jpg
https://jav.guru/1055663/cawb-039-uniform-fantasy-eroticism-always-obsessed-with-uniforms-my-precum-wont-stop/,https://cdn.javmiku.com/wp-content/uploads/2026/09/cawb039pl-550x374.jpg
https://jav.guru/1055664/bban-603-going-without-panties-is-our-secret-signal-ever-since-the-day-i-gave-in-to-lesbian-temptation-ive-been-having-secret-molestation-meetings-every-morning-with-that-girl-from-the-neighbori/,https://cdn.javmiku.com/wp-content/uploads/2026/09/bban603pl-550x374.jpg
https://jav.guru/1055665/atid-698-decoy-investigator-corrupted-by-aphrodisiac-molestation/,https://cdn.javmiku.com/wp-content/uploads/2026/09/atid698pl-550x374.jpg
https://jav.guru/1055769/star-617-rina-rukawa-retirement/,https://cdn.javmiku.com/wp-content/uploads/2026/09/1star617pl-550x374.jpg
https://jav.guru/1055770/sps-011-splash-fuck-the-unstoppable-squirting-rina-rukawa/,https://cdn.javmiku.com/wp-content/uploads/2026/09/sps011pl-550x374.jpg
https://jav.guru/1055779/skmj-794-amateur-girls-found-at-hot-springs-all-over-japan-wont-you-try-entering-the-mens-bath-with-just-one-towel-ordinary-tourists-who-had-sightseeing-plans-that-day-all-climax-in-consecutiv/,https://cdn.javmiku.com/wp-content/uploads/2026/09/h_1324skmj794pl-550x374.jpg
https://jav.guru/1055780/skmj-793-blue-sky-no-bra-challenge-amateur-college-girl-takes-on-her-first-outdoor-exposure-under-the-blue-sky-tits-flop-out-lol-seen-by-a-crowd-her-heart-wont-stop-pounding-and-nipples-go-rock/,https://cdn.javmiku.com/wp-content/uploads/2026/09/h_1324skmj793pl-550x374.jpg
https://jav.guru/1055781/skmj-792-current-cabin-attendants-wont-you-give-a-virgin-boy-the-hospitality-of-taking-his-virginity-rubbing-his-phimosis-cock-against-women-from-another-world-who-dont-know-the-word-thi/,https://cdn.javmiku.com/wp-content/uploads/2026/09/h_1324skmj792pl-550x374.jpg
https://jav.guru/1055782/royd-353-the-boyish-girl-who-seems-like-a-male-friend-has-adult-lingerie-and-a-plump-huge-tits-nice-body-beyond-imagination/,https://cdn.javmiku.com/wp-content/uploads/2026/09/royd353pl-550x374.jpg
https://jav.guru/1055786/prian-060-cherry-blossom-color-sakura-wakana/,https://cdn.javmiku.com/wp-content/uploads/2026/09/n_1544prian060pl-550x374.jpg
https://jav.guru/1055787/prian-059-colors-aya-sasakura/,https://cdn.javmiku.com/wp-content/uploads/2026/09/n_1544prian059pl-550x374.jpg
https://jav.guru/1055788/ntr-013-my-lover-who-was-cuckolded-by-my-father-rina-rukawa/,https://cdn.javmiku.com/wp-content/uploads/2026/09/1ntr013pl-550x374.jpg
https://jav.guru/1055790/nhdta-695-the-mama-chari-premature-ejaculation-wife-whose-sensitivity-skyrocketed-after-giving-birth-x-rina-rukawa-days-of-climax-steeped-in-desire-a-torrent-of-4-real-fucks/,https://cdn.javmiku.com/wp-content/uploads/2026/09/1nhdta695pl-550x374.jpg
https://jav.guru/1055791/nhdt-165-milking-a-lactating-mama/,https://cdn.javmiku.com/wp-content/uploads/2026/09/1nhdt165pl-550x374.jpg
https://jav.guru/1055792/mizd-553-bukkake-aimed-straight-at-beautiful-girls-faces-one-shot-laser-beam-facial-best/,https://cdn.javmiku.com/wp-content/uploads/2026/09/mizd553pl-550x374.jpg
https://jav.guru/1055794/mbmh-097-huge-way-too-huge-until-a-pure-looking-beauty-in-her-20s-with-big-tits-falls-for-a-massive-cock/,https://cdn.javmiku.com/wp-content/uploads/2026/09/h_460mbmh097pl-550x374.jpg
https://jav.guru/1055798/id-027-100-schoolgirls-creampie-sex-records-2-disc-set-8-hours/,https://cdn.javmiku.com/wp-content/uploads/2026/09/5534id027pl-550x374.jpg
https://jav.guru/1055799/id-026-amateur-cosplayers-off-paco-pov-fuck-videos-2-disc-set-8-hours/,https://cdn.javmiku.com/wp-content/uploads/2026/09/5534id026pl-550x374.jpg
https://jav.guru/1055800/id-025-a-busty-female-student-is-molested-and-violated-by-a-group-of-perverts-on-a-train/,https://cdn.javmiku.com/wp-content/uploads/2026/09/5534id025pl-550x374.jpg
https://jav.guru/1055802/hrsm-162-freshly-stripped-panty-fetishism-want-to-soil-the-directly-worn-panties-packed-with-pussy-scent-four-beautiful-girls-who-sell-panties/,https://cdn.javmiku.com/wp-content/uploads/2026/09/h_1745hrsm162pl-550x374.jpg
https://jav.guru/1055803/hrsm-161-hunting-the-door-to-door-sales-lady-of-the-most-famous-lactic-acid-bacteria/,https://cdn.javmiku.com/wp-content/uploads/2026/09/h_1745hrsm161pl-550x374.jpg
https://jav.guru/1055807/hjmo-730-pressing-my-bulging-erect-cock-against-the-pussy-of-an-esthetician-whos-weak-to-pressure-and-grinding-the-tip-in-through-her-panties-if-i-tease-and-rub-until-she-craves-it-can-i-get-raw/,https://cdn.javmiku.com/wp-content/uploads/2026/09/hjmo730pl-550x374.jpg
https://jav.guru/1055808/ebwh-357-doesnt-mind-even-with-her-ass-fully-exposed-this-gal-in-a-5cm-fully-visible-mini-skirt-is-so-easygoing-that-even-a-guy-like-me-can-fuck-her-instantly-in-5-seconds-if-i-get-hard/,https://cdn.javmiku.com/wp-content/uploads/2026/09/ebwh357pl-550x374.jpg
https://jav.guru/1055812/bdsm-091-bondage-pitiful-dog-wife-hikaru-miyanishi/,https://cdn.javmiku.com/wp-content/uploads/2026/09/h_1096bdsm091pl-550x374.jpg
https://jav.guru/1055980/urkn-017-ura-kin-bareback-sex-video-collection-017/,https://cdn.javmiku.com/wp-content/uploads/2026/09/1urkn017pl-550x374.jpg
https://jav.guru/1055981/tnjs-005-natural-peach-butt-country-girls-no-panties-tokyo-sightseeing-momona-chan-95cm-hips-sakuraba-momona/,https://cdn.javmiku.com/wp-content/uploads/2026/09/tnjs005pl-550x374.jpg
https://jav.guru/1055987/spar-012-lust-slave-imprisoned-married-woman-the-true-pleasure-awakened-by-training-that-blossoms-her-masochistic-potential/,https://cdn.javmiku.com/wp-content/uploads/2026/09/57spar012pl-550x374.jpg
https://jav.guru/1055988/spar-010-mom-let-me-have-sex-with-you-pressed-by-her-son-the-mother-who-ended-up-accepting-the-forbidden-love-drowns-in-pleasure-in-this-record-of-mother-son-intercourse-240-minutes/,https://cdn.javmiku.com/wp-content/uploads/2026/09/57spar010pl-550x374.jpg
https://jav.guru/1055989/spar-009-intense-sex-with-an-extremely-erotic-beautiful-mature-woman-who-cant-control-her-body-in-heat/,https://cdn.javmiku.com/wp-content/uploads/2026/09/57spar009pl-550x374.jpg
https://jav.guru/1055997/sgsr-407-eh-you-like-sex-so-much-that-you-skip-grooming-your-pubic-hair-married-women-who-have-incredible-sex-without-caring-about-appearances-15-women-4-hours/,https://cdn.javmiku.com/wp-content/uploads/2026/09/57sgsr407pl-550x374.jpg
https://jav.guru/1055998/sgsr-406-im-a-married-woman-but-is-it-okay-if-you-get-me-pregnant-im-addicted-to-intimate-ntr-sex-ver2-0-12-women-4-hours/,https://cdn.javmiku.com/wp-content/uploads/2026/09/57sgsr406pl-550x374.jpg
https://jav.guru/1056002/prin-063-brown-skinned-purple-haired-bikini-gal-cock-addicted-sex-with-a-blowjob-loving-cum-milking-gal-whose-suction-power-is-insanely-strong/,https://cdn.javmiku.com/wp-content/uploads/2026/09/prin063pl-550x374.jpg
https://jav.guru/1056033/jksr-752-all-you-can-lick-married-womens-pussies-72-consecutive-cunnilingus-sessions-on-dripping-wet-pussies-overflowing-with-pussy-juice/,https://cdn.javmiku.com/wp-content/uploads/2026/09/57jksr752pl-550x374.jpg
https://jav.guru/1056034/jksr-749-unlimited-pay-for-the-super-invincible-legally-aged-loli-beauty-in-a-school-uniform-with-bare-legs-peachy-buttocks-and-a-naughty-girl-a-first-year-student-prostitute-is-born/,https://cdn.javmiku.com/wp-content/uploads/2026/09/57jksr749pl-550x374.jpg
https://jav.guru/1056037/husr-307-newhalf-reverse-pick-up-sex-the-cute-otoko-no-kos-acmes-and-orgasms-wont-stop-252-minutes/,https://cdn.javmiku.com/wp-content/uploads/2026/09/57husr307pl-550x374.jpg
https://jav.guru/1056038/hodv-22120-amateur-pickup-the-amateur-office-ladies-picked-up-by-asking-want-a-lucrative-part-time-job-are-cock-loving-sexually-frustrated-women-featuring-6/,https://cdn.javmiku.com/wp-content/uploads/2026/09/41hodv22120pl-550x374.jpg
https://jav.guru/1056039/hodv-22116-the-private-tutor-is-a-monster-class-erotic-kaiju-of-sexual-desire/,https://cdn.javmiku.com/wp-content/uploads/2026/09/41hodv22116pl-550x374.jpg
https://jav.guru/1056040/hodv-22115-married-woman-nampa-instant-creampie-sex-with-high-class-tower-mansion-wives-4-women-257-minutes/,https://cdn.javmiku.com/wp-content/uploads/2026/09/41hodv22115pl-550x374.jpg
https://jav.guru/1056046/dldss-559-probably-likes-my-daughter-engaging-in-adulterous-acts-at-home-three-days-a-week-with-my-daughters-private-tutor-naho-kado/,https://cdn.javmiku.com/wp-content/uploads/2026/09/1dldss559pl-550x374.jpg
https://jav.guru/1056047/chc-036-toying-with-a-beautiful-girl-in-private-pov-fuck-complete-submission-sex-to-an-old-man-hinano-chan-college-girl-hinano-miki/,https://cdn.javmiku.com/wp-content/uploads/2026/09/h_1751chc036pl-550x374.jpg
https://jav.guru/1056053/agav-174-glasses-facial-story-the-repressed-married-woman-who-wants-to-be-raped-yukari-shizuki/,https://cdn.javmiku.com/wp-content/uploads/2026/09/agav174pl-550x374.jpg
https://jav.guru/1056237/yst-359-even-though-my-stepfather-treats-me-as-a-mouth-pussy-i-drip-pussy-juice-im-a-pervert-minato-nami/,https://cdn.javmiku.com/wp-content/uploads/2026/09/540yst359pl-550x374.jpg
https://jav.guru/1056238/ysn-666-im-being-licked-and-kissed-all-over-by-minatoha-ryuu-and-hes-been-playing-with-my-nipples-the-whole-time-but-i-dont-think-i-can-get-away/,https://cdn.javmiku.com/wp-content/uploads/2026/09/h_127ysn666pl-550x374.jpg
https://jav.guru/1056239/ysn-665-i-want-to-devour-my-little-sisters-insane-body-haruno-ando/,https://cdn.javmiku.com/wp-content/uploads/2026/09/h_127ysn665pl-550x374.jpg
https://jav.guru/1056248/xvsr-380-creampie-sex-log-of-ayumi-the-little-devil-schoolgirl-who-loves-middle-aged-men-kimito-ayumi/,https://cdn.javmiku.com/wp-content/uploads/2026/09/xvsr380sopl-550x374.jpg
https://jav.guru/1056249/wfr-033-i-love-m-mens-nipples-%e2%97%86-the-nipple-licking-j-girl-who-keeps-tongue-teasing-nipples-nonstop-suehiro-jun/,https://cdn.javmiku.com/wp-content/uploads/2026/09/2wfr033pl-550x374.jpg
https://jav.guru/1056250/vdd-209-female-teacher-in-blackmail-suite-aoi-nakajo/,https://cdn.javmiku.com/wp-content/uploads/2026/09/24vdd209pl-550x374.jpg
https://jav.guru/1056251/ubug-018-a-student-who-was-wandering-around-kabukicho-her-unlucky-looking-has-circumstances-vibe-is-the-best/,https://cdn.javmiku.com/wp-content/uploads/2026/09/h_1133ubug018pl-550x374.jpg
https://jav.guru/1056252/totk-025-hanamiya-hime-documentary-bound-and-frced-to-cum-massive-squirting-anal-brutal-pounding-threesome-fuck/,https://cdn.javmiku.com/wp-content/uploads/2026/09/h_1133totk025pl-550x374.jpg
https://jav.guru/1056255/star-601-rina-rukawa-chan-wont-you-try-entering-the-mens-bath-with-just-one-towel-hard/,https://cdn.javmiku.com/wp-content/uploads/2026/09/1star601pl-550x374.jpg
https://jav.guru/1056256/sora-001-eyes-mansuji-of-crotch-bites-intensely-director-of-such-director-of-i-but-been-keeping-konashi-and-operations-crunchy-pants-look-of-patsupatsu-every-day-money-from-month-boss-woman/,https://cdn.javmiku.com/wp-content/uploads/2026/09/sora0001pl-550x374.jpg
https://jav.guru/1056257/smra-005-mistress-hunt%e2%97%87-reverse-pick-up-trip-im-seriously-looking-for-my-love-partner-aya-sasakura/,https://cdn.javmiku.com/wp-content/uploads/2026/09/2smra005pl-550x374.jpg
https://jav.guru/1056258/scop-727-defenseless-women-in-highly-revealing-slutty-outfits-that-make-you-get-hard-involuntarily-4-hour-best/,https://cdn.javmiku.com/wp-content/uploads/2026/09/scop727sopl-550x374.jpg
https://jav.guru/1056260/real-794-kiwami-black-mens-super-thick-cocks-gouge-deep-into-the-vagina-in-intense-sex-4-hour-ultimate-best/,https://cdn.javmiku.com/wp-content/uploads/2026/09/real794sopl-550x374.jpg
https://jav.guru/1056261/qbd-104-sex-with-a-beautiful-girl-in-uniform-meru-kohinata/,https://cdn.javmiku.com/wp-content/uploads/2026/09/24qbd104pl-550x374.jpg
https://jav.guru/1056262/pdvij-002-mother-becomes-addicted-to-her-daughters-big-cock-husbands-incredibly-amazing-sex-yumi-aikawa/,https://cdn.javmiku.com/wp-content/uploads/2026/09/48pdvij002pl-550x374.jpg
https://jav.guru/1056263/odvhj-081-married-womens-fully-visible-real-orgasm-dildo-masturbation-20/,https://cdn.javmiku.com/wp-content/uploads/2026/09/48odvhj081pl-550x374.jpg
https://jav.guru/1056266/nine-125-japans-sluttiest-super-a5-rank-finest-meat-releasing-the-private-video-of-the-charismatic-huge-tits-i-cup-sex-worker-from-an-ol-specialty-shop-who-sluts-it-up-nonstop-and-makes-him-cum-1/,https://cdn.javmiku.com/wp-content/uploads/2026/09/h_1133nine125pl-550x374.jpg
https://jav.guru/1056270/mdvij-035-married-woman-forbidden-sensual-drama-theater-chapter-two-the-sexy-sons-wife-who-gets-creampie-fucked-and-impregnated-by-her-tireless-huge-cocked-father-in-law/,https://cdn.javmiku.com/wp-content/uploads/2026/09/48mdvij035pl-550x374.jpg
https://jav.guru/1056271/love-145-av-debut-hayakawa-sari-19-years-old/,https://cdn.javmiku.com/wp-content/uploads/2026/09/h_491love145pl-550x374.jpg
https://jav.guru/1056272/love-082-obedient-exposure-hot-spring-aoi-ichigo/,https://cdn.javmiku.com/wp-content/uploads/2026/09/h_491love82pl-550x374.jpg
https://jav.guru/1056273/love-081-obedient-exhibitionist-hot-spring-aimi-usui/,https://cdn.javmiku.com/wp-content/uploads/2026/09/h_491love81pl-550x374.jpg
https://jav.guru/1056274/lock-018-lock-onnanaha-her-longed-for-entertainment-industry-debut-is-a-surprise-av-unscrupulous-talent-agency-sexual-harassment-creampie-interview-kiyomiya-nanaha/,https://cdn.javmiku.com/wp-content/uploads/2026/09/h_491lock018pl-550x374.jpg
https://jav.guru/1056275/ksbj-214-reunion-yuka-aota/,https://cdn.javmiku.com/wp-content/uploads/2026/09/ksbj214pl-550x374.jpg
https://jav.guru/1056276/ksbj-170-domestic-adultery-ayame-kinoshita/,https://cdn.javmiku.com/wp-content/uploads/2026/09/ksbj170pl-550x374.jpg
https://jav.guru/1056277/ksbj-169-i-found-a-call-girl-on-an-adult-info-site-who-looks-a-lot-like-someone-i-know-the-result-of-calling-her-over-to-my-place/,https://cdn.javmiku.com/wp-content/uploads/2026/09/ksbj169pl-550x374.jpg
https://jav.guru/1056278/knmb-133-big-tits-insurance-saleswoman-who-lets-you-creampie-her-if-you-sign-a-corporate-contract-urara-momojiri/,https://cdn.javmiku.com/wp-content/uploads/2026/09/h_491knmb133pl-550x374.jpg
https://jav.guru/1056279/knmb-132-the-senior-female-employee-whos-normally-strict-but-becomes-an-obedient-extreme-masochist-at-night-sakurai-rea/,https://cdn.javmiku.com/wp-content/uploads/2026/09/h_491knmb132pl-550x374.jpg
https://jav.guru/1056283/iro-15-married-woman-groped-on-the-train-the-fondled-fifty-year-old-mother-nobuko-odawara/,https://cdn.javmiku.com/wp-content/uploads/2026/09/h_086iro15pl-550x374.jpg
https://jav.guru/1056286/honb-500-demand-supply-7/,https://cdn.javmiku.com/wp-content/uploads/2026/09/h_1133honb500pl-550x374.jpg
https://jav.guru/1056287/hodv-21787-cheating-wives-wives-secret-meetings-because-theyre-married-they-seek-the-thrills-of-a-pleasure-paradise-immersing-themselves-in-the-extraordinary-through-sex-with-others-and-greed/,https://cdn.javmiku.com/wp-content/uploads/2026/09/41hodv21787pl-550x374.jpg
https://jav.guru/1056289/fsbk-027-tiny-ass-a-little-girl-playing-alone-in-the-park-is-stuffed-into-a-carrier-her-immature-anus-is-abused-and-trained/,https://cdn.javmiku.com/wp-content/uploads/2026/09/h_491fsbk027pl-550x374.jpg
https://jav.guru/1056290/fneo-060-mom-told-me-wait-here-tsukihane-aihara/,https://cdn.javmiku.com/wp-content/uploads/2026/09/h_491fneo060pl-550x374.jpg
https://jav.guru/1056291/ecb-172-premature-ejaculation-accidental-bursts-cum-leaking-ruined-orgasms/,https://cdn.javmiku.com/wp-content/uploads/2026/09/2ecb172pl-550x374.jpg
https://jav.guru/1056292/dori-109-fuck-video-no-109-her-favorite-subject-is-health-and-pe-the-extreme-masochist-girl-manaka-chan-who-cums-like-crazy-in-her-first-bareback-sex-hoshina-manaka/,https://cdn.javmiku.com/wp-content/uploads/2026/09/h_491dori109pl-550x374.jpg
https://jav.guru/1056293/dori-108-pov-fuck-no-108-plump-big-assed-lli-jk-who-loves-getting-pounded-doggy-style-himari-misono/,https://cdn.javmiku.com/wp-content/uploads/2026/09/h_491dori108pl-550x374.jpg
https://jav.guru/1056294/dori-105-pov-fuck-no-105-fluffy-bodied-gal-who-started-compensated-dating-as-a-distraction-from-studying-rena-chan-miyachi-rena/,https://cdn.javmiku.com/wp-content/uploads/2026/09/h_491dori105pl-550x374.jpg
https://jav.guru/1056295/dori-063-pov-fuck-no-63-creampied-twice-in-the-raw-pussy-of-the-brass-band-club-high-school-girl-who-gets-me-hard-with-her-erotic-thick-lips-on-the-third-time-i-shot-on-top-of-her-skirt-and-got-a/,https://cdn.javmiku.com/wp-content/uploads/2026/09/h_491dori063pl-550x374.jpg
https://jav.guru/1056296/dori-062-pako-dori-no-62-the-refined-high-school-girl-was-impressed-saying-what-kind-of-cock-do-you-have-you-can-go-so-many-times-and-i-ended-up-creampieing-her-shaved-pussy-three-times/,https://cdn.javmiku.com/wp-content/uploads/2026/09/h_491dori062pl-550x374.jpg
https://jav.guru/1056298/dldss-557-just-because-its-a-famous-hot-spring-my-wife-went-to-the-hot-spring-and-hasnt-come-back-saki-ishida/,https://cdn.javmiku.com/wp-content/uploads/2026/09/1dldss557pl-550x374.jpg
https://jav.guru/1056300/dfe-117-i-request-a-deep-throat-ejaculation-mano-inori/,https://cdn.javmiku.com/wp-content/uploads/2026/09/2dfe117pl-550x374.jpg
https://jav.guru/1056301/chuc-193-g-cup-beautiful-big-tits-college-girl-mari-alias-who-feels-it-deep-in-her-pussy/,https://cdn.javmiku.com/wp-content/uploads/2026/09/h_491chuc193pl-550x374.jpg
https://jav.guru/1056302/chuc-192-job-hunting-student-cant-refuse-creampie-requests-hono-21/,https://cdn.javmiku.com/wp-content/uploads/2026/09/h_491chuc192pl-550x374.jpg
https://jav.guru/1056303/chuc-191-blonde-girls-bar-beauty-is-a-full-on-oho-voiced-hardcore-erotic-bitch-suzu-22/,https://cdn.javmiku.com/wp-content/uploads/2026/09/h_491chuc191pl-550x374.jpg
https://jav.guru/1056304/chuc-190-legal-lli-neet-creampie-regular-delivery-hina-20/,https://cdn.javmiku.com/wp-content/uploads/2026/09/h_491chuc190pl-550x374.jpg
https://jav.guru/1056305/cesd-158-the-downtown-oden-shop-proprietress-who-brings-happiness-5-yumi-anno/,https://cdn.javmiku.com/wp-content/uploads/2026/09/cesd158pl-550x374.jpg
https://jav.guru/1056306/cesd-157-woman-who-rapes-men-the-law-cant-punish-2-mio-kayama/,https://cdn.javmiku.com/wp-content/uploads/2026/09/cesd157pl-550x374.jpg
https://jav.guru/1056307/cesd-154-the-moment-azumi-chino-gets-serious-3/,https://cdn.javmiku.com/wp-content/uploads/2026/09/cesd154pl-550x374.jpg
https://jav.guru/1056308/cesd-093-relationship-breaker-breakup-arranger-reiko-makihara/,https://cdn.javmiku.com/wp-content/uploads/2026/09/cesd093pl-550x374.jpg
https://jav.guru/1056309/c-2551-i-end-up-naturally-making-a-move-on-my-wifes-female-friend-the-married-woman-hanako-san-alias-45-years-old-who-ended-up-staying-in-my-room/,https://cdn.javmiku.com/wp-content/uploads/2026/09/140c2551pl-550x374.jpg
https://jav.guru/1056310/c-2550-girls-trip-015/,https://cdn.javmiku.com/wp-content/uploads/2026/09/140c2550pl-550x374.jpg
https://jav.guru/1056311/c-2549-married-womans-cuckold-hot-spring-trip/,https://cdn.javmiku.com/wp-content/uploads/2026/09/140c2549pl-550x374.jpg
https://jav.guru/1056312/c-2548-mature-wife-interview-pov-fuck-forties-wife-writhes-the-best-grand-finale/,https://cdn.javmiku.com/wp-content/uploads/2026/09/140c2548pl-550x374.jpg
https://jav.guru/1056313/c-2490-raw-footage-lesbian-hot-spring-trip-05/,https://cdn.javmiku.com/wp-content/uploads/2026/09/140c2490pl-550x374.jpg
https://jav.guru/1056314/c-2489-mature-wife-interview-pov-fuck-21/,https://cdn.javmiku.com/wp-content/uploads/2026/09/140c2489pl-550x374.jpg
https://jav.guru/1056315/c-2488-girls-trip-013/,https://cdn.javmiku.com/wp-content/uploads/2026/09/140c2488pl-550x374.jpg
https://jav.guru/1056316/c-2485-married-womans-self-filmed-ntr-cuckold-report-video-05/,https://cdn.javmiku.com/wp-content/uploads/2026/09/140c2485pl-550x374.jpg
https://jav.guru/1056317/bobb-318-wakamiya-hono-master-please-mess-up-my-tits-the-pure-innocent-beautiful-girl-with-big-tits-being-trained-into-a-total-pervert/,https://cdn.javmiku.com/wp-content/uploads/2026/09/bobb318pl-550x374.jpg
https://jav.guru/1056318/bobb-317-nishimura-nina-super-flesh-bomb-huge-tits-even-though-relatively-the-same-i-cup-theyre-about-1-5-times-bigger-overwhelming-size-you-cant-fully-grope/,https://cdn.javmiku.com/wp-content/uploads/2026/09/bobb317pl-550x374.jpg
https://jav.guru/1056319/bobb-316-arisa-hanyu-the-immoral-huge-tits-of-a-thirties-married-woman-who-appeared-without-telling-her-husband-to-relieve-her-overflowing-sexual-desire-she-casually-came-over-to-the-room-of-a-man/,https://cdn.javmiku.com/wp-content/uploads/2026/09/bobb316pl-550x374.jpg
https://jav.guru/1056320/bkd-268-mother-son-mating-arisa-hanyu/,https://cdn.javmiku.com/wp-content/uploads/2026/09/bkd268sopl-550x374.jpg
https://jav.guru/1056321/bkd-267-mother-son-copulation-tsubaki-kato/,https://cdn.javmiku.com/wp-content/uploads/2026/09/bkd267sopl-550x374.jpg
https://jav.guru/1056322/bkd-265-mother-son-mating-touko-namiki/,https://cdn.javmiku.com/wp-content/uploads/2026/09/bkd265sopl-550x374.jpg
https://jav.guru/1056323/bkd-219-mother-son-mating-miki-matsuzaka/,https://cdn.javmiku.com/wp-content/uploads/2026/09/bkd219sopl-550x374.jpg
https://jav.guru/1056324/bkd-218-mother-son-copulation-hamanamino/,https://cdn.javmiku.com/wp-content/uploads/2026/09/bkd218sopl-550x374.jpg
https://jav.guru/1056325/bkd-217-mother-son-copulation-ayame-ichinose/,https://cdn.javmiku.com/wp-content/uploads/2026/09/bkd217sopl-550x374.jpg
https://jav.guru/1056326/beb-017-the-beautiful-woman-living-next-doors-hot-kisses-and-embraces-yuri-sakano/,https://cdn.javmiku.com/wp-content/uploads/2026/09/beb017pl-550x374.jpg
https://jav.guru/1056327/beb-015-lewd-hip-action-vol-2-haruka-sanada/,https://cdn.javmiku.com/wp-content/uploads/2026/09/beb015pl-550x374.jpg
https://jav.guru/1056328/beb-014-lewd-hip-movements-vol-1-hasegawa-seina/,https://cdn.javmiku.com/wp-content/uploads/2026/09/beb014pl-550x374.jpg
https://jav.guru/1056329/bbi-099-teacher-yurias-deepthroat-classroom-yuria-satomi/,https://cdn.javmiku.com/wp-content/uploads/2026/09/bbi099pl-550x374.jpg
https://jav.guru/1056640/kv-328-blowjob-prep-school-110-mei-mizuki/,https://cdn.javmiku.com/wp-content/uploads/2026/09/h_955kv328pl-550x374.jpg
https://jav.guru/1056641/ftkd-045-revenge-seduction-academy-the-bully-girls-brainwashed-into-believing-that-receiving-sexual-torment-from-someone-they-hate-is-the-greatest-humiliation-kosuzu-mikan-adachi-meru-shikano-a/,https://cdn.javmiku.com/wp-content/uploads/2026/09/1ftkd00045pl-550x374.jpg
https://jav.guru/1056642/ftkd-044-when-i-was-sleeping-in-a-row-with-my-remarried-partners-stepdaughters-who-have-lesbian-tendencies-wet-squelching-sounds-came-from-beside-me/,https://cdn.javmiku.com/wp-content/uploads/2026/09/1ftkd00044pl-550x374.jpg
https://jav.guru/1056643/fthtd-234-the-plain-otaku-girl-who-got-too-hooked-on-card-games-and-turned-into-her-dark-personality-slut-ruka-itoi/,https://cdn.javmiku.com/wp-content/uploads/2026/09/1fthtd00234pl-550x374.jpg
https://jav.guru/1056644/fthtd-231-once-a-year-seduction-big-showdown-20-useless-ol-female-employees-presented-with-a-wage-cut-at-the-salary-evaluation-interview-bet-on-a-major-reversal-for-a-big-raise-with-no-hands-blow/,https://cdn.javmiku.com/wp-content/uploads/2026/09/1fthtd00231pl-550x374.jpg
https://jav.guru/1056645/fthtd-228-find-the-key-sleeping-in-the-womens-bath-and-open-the-treasure-chest-a-former-great-pirate-reincarnates-in-the-womens-bath-and-rises-erect-to-clear-his-regrets/,https://cdn.javmiku.com/wp-content/uploads/2026/09/1fthtd00228pl-550x374.jpg
https://jav.guru/1056646/fthtd-227-unexpected-shared-room-on-a-business-trip-with-my-female-boss-who-has-a-complex-about-her-oho-voice-when-i-fully-affirmed-her-roles-reversed-with-the-usually-tough-acting-boss-and-she-we/,https://cdn.javmiku.com/wp-content/uploads/2026/09/1fthtd00227pl-550x374.jpg
https://jav.guru/1056647/fthtd-225-the-end-of-the-world-ohame-apocalypse-the-final-sex-battle/,https://cdn.javmiku.com/wp-content/uploads/2026/09/1fthtd00225pl-550x374.jpg
https://jav.guru/1056648/fthtd-219-please-give-ejaculation-support-to-guys-troubled-by-too-much-built-up-sperm-until-theyre-satisfied-blowjob-continuous-ejaculation-support-challenge/,https://cdn.javmiku.com/wp-content/uploads/2026/09/1fthtd00219pl-550x374.jpg
https://jav.guru/1056649/fthtd-213-the-single-mom-who-always-greets-me-at-daycare-drop-off-and-pickup-and-the-sexy-big-tits-livestreamer-turn-out-to-be-the-same-person/,https://cdn.javmiku.com/wp-content/uploads/2026/09/1fthtd00213pl-550x374.jpg
https://jav.guru/1056650/dldss-553-what-is-my-wife-doing-on-the-other-side-of-this-door-pin-code-9434-married-woman-cuckold-skewered-room-fuka-sakurazaka/,https://cdn.javmiku.com/wp-content/uploads/2026/09/1dldss553pl-550x374.jpg
https://jav.guru/1056771/xvsr-305-is-a-highly-revealing-instructor-really-erotic-instant-fuck-x-continuous-orgasms-x-sweaty-sex-ena-sasaki/,https://cdn.javmiku.com/wp-content/uploads/2026/09/xvsr305sopl-550x374.jpg
https://jav.guru/1056772/xvsr-304-raw-creampie-for-the-girl-i-loved-so-much-hiratsuka-yui-4-hours/,https://cdn.javmiku.com/wp-content/uploads/2026/09/xvsr304sopl-550x374.jpg
https://jav.guru/1056773/whx-040-how-to-make-a-woman-who-gets-fucked-case01-wont-you-liberate-your-sexual-desire-how-to-make-a-good-feeling-pleasure-woman-erina-sugisaki/,https://cdn.javmiku.com/wp-content/uploads/2026/09/h_849whx040pl-550x374.jpg
https://jav.guru/1056774/whx-037-i-came-by-bicycle-because-it-was-nearby-im-excited-and-looking-forward-to-my-av-debut-i-like-cocks-i-love-them-looking-at-them-makes-me-happy-and-filled-with-joy-my-tits-spill-out-fro/,https://cdn.javmiku.com/wp-content/uploads/2026/09/h_849whx037pl-550x374.jpg
https://jav.guru/1056777/tyod-073-sorry-for-getting-too-high-ellie-akira/,https://cdn.javmiku.com/wp-content/uploads/2026/09/tyod073pl-550x374.jpg
https://jav.guru/1056778/tyod-071-feels-so-good-the-two-of-them-roll-their-eyes-back-serina-hayakawa-rio-hamasaki/,https://cdn.javmiku.com/wp-content/uploads/2026/09/tyod071pl-550x374.jpg
https://jav.guru/1056779/tyod-070-when-i-cum-its-crazy-crazy-yui-igawa/,https://cdn.javmiku.com/wp-content/uploads/2026/09/tyod070pl-550x374.jpg
https://jav.guru/1056780/tyod-069-even-more-extremely-slutty-igu-igu-igu-igu-igu-massive-orgy/,https://cdn.javmiku.com/wp-content/uploads/2026/09/tyod069pl-550x374.jpg
https://jav.guru/1056781/tmy-016-called-fallen-3-the-erotic-dance-thatll-be-erased-anyway-jumping-off-the-roof-and-after-that-mizuki-shida/,https://cdn.javmiku.com/wp-content/uploads/2026/09/h_580tmy016pl-550x374.jpg
https://jav.guru/1056782/svmgm-054-magic-mirror-go-hard-boiled-limited-to-female-college-students-walking-the-streets-pussy-pressure-crane-game-challenge-catch-the-prizes-with-your-pussys-grip-succeed-and-get-the-cash/,https://cdn.javmiku.com/wp-content/uploads/2026/09/1svmgm054pl-550x374.jpg
https://jav.guru/1056783/start-640-my-capable-older-beautiful-boss-has-a-completely-different-private-life-the-gap-of-her-spoiled-maiden-who-cant-stop-showing-i-like-you-appeals-from-the-first-date-is-way-too-erotic-hon/,https://cdn.javmiku.com/wp-content/uploads/2026/09/1start640pl-550x374.jpg
https://jav.guru/1056784/start-639-after-an-8-year-hiatus-this-real-estate-lady-steals-the-boyfriend-of-a-couple-who-came-to-view-a-property-for-cohabitation-and-makes-him-give-her-a-raw-creampie-sakura-mana/,https://cdn.javmiku.com/wp-content/uploads/2026/09/1start639pl-550x374.jpg
https://jav.guru/1056785/start-632-massive-incontinence-diuretic-prank-causes-peeing-in-a-closed-room-with-no-toilet-during-work-incontinence-orgasm-from-creampie-sex-when-holding-it-to-the-limit-nagisa-kosei/,https://cdn.javmiku.com/wp-content/uploads/2026/09/1start632pl-550x374.jpg
https://jav.guru/1056786/start-628-abstinence-release-first-time-in-life-sucking-dry-the-male-who-becomes-female-after-a-month-of-teasing-super-intense-orgasm-sex-document-koibuchi-momona/,https://cdn.javmiku.com/wp-content/uploads/2026/09/1start628pl-550x374.jpg
https://jav.guru/1056787/sora-007-in-the-field-rpe-trture-your-a-pseudonym-school-girls-with-rpe-desire/,https://cdn.javmiku.com/wp-content/uploads/2026/09/sora007pl-550x374.jpg
https://jav.guru/1056788/sora-005-married-oma-%e2%97%8f-co-affair-exposure-journey-kaori-a-pseudonym-28-years-old/,https://cdn.javmiku.com/wp-content/uploads/2026/09/sora005pl-550x374.jpg
https://jav.guru/1056789/sora-0004-tsuremawashi-busty-amateur-exposure-torture-rn-chan-h-cup/,https://cdn.javmiku.com/wp-content/uploads/2026/09/sora0004pl-550x374.jpg
https://jav.guru/1056790/1056790/,https://cdn.javmiku.com/wp-content/uploads/2026/09/sora0003pl-550x374.jpg
https://jav.guru/1056791/1056791/,https://cdn.javmiku.com/wp-content/uploads/2026/09/sora0002pl-550x374.jpg
https://jav.guru/1056792/sgsr-387-absolutely-guaranteed-to-make-you-cum-convenient-stepmoms-with-100-adult-charm-that-make-you-want-to-plunge-right-in-i-can-do-whatever-i-want-with-my-meat-onaholes-24-women-8-hours/,https://cdn.javmiku.com/wp-content/uploads/2026/09/57sgsr387pl-550x374.jpg
https://jav.guru/1056793/sgsr-386-god-tier-highlight-clips-impregnation-sex-real-orgasms-amateur-raw-creampie-married-women-who-cant-resist-the-pleasure-and-climax-repeatedly-16-women-4-hours/,https://cdn.javmiku.com/wp-content/uploads/2026/09/57sgsr386pl-550x374.jpg
https://jav.guru/1056794/scop-732-the-ultimate-lucky-skebe-miraculous-undercover-scoop-where-i-got-to-fuck-a-slutty-woman-at-the-beauty-salon-4-hour-best/,https://cdn.javmiku.com/wp-content/uploads/2026/09/scop732sopl-550x374.jpg
https://jav.guru/1056795/scop-731-sexually-frustrated-married-women-and-intensely-intertwining-creampie-sex-impregnating-finish-50-loads-4-hour-best-even-if-she-refuses-even-if-she-resists-in-the-end-her-body-craves-it/,https://cdn.javmiku.com/wp-content/uploads/2026/09/scop731sopl-550x374.jpg
https://jav.guru/1056796/mopg-008-masochist-human-body-dissection-simultaneous-climax-from-simultaneous-anal-and-penis-male-rpe-rina-takakura/,https://cdn.javmiku.com/wp-content/uploads/2026/09/mopg008sopl-550x374.jpg
https://jav.guru/1056797/mopg-007-i-tried-raping-them-men-who-were-made-to-cum-until-their-heads-went-crazy-mikan-kururugi/,https://cdn.javmiku.com/wp-content/uploads/2026/09/mopg007sopl-550x374.jpg
https://jav.guru/1056798/mopa-023-oreonna-gender-reversed-sex-nanami-hirose/,https://cdn.javmiku.com/wp-content/uploads/2026/09/mopa023sopl-550x374.jpg
https://jav.guru/1056799/mopa-022-tongue-slave-yapoo-cunnilingus-violence-yu-asagiri/,https://cdn.javmiku.com/wp-content/uploads/2026/09/mopa022sopl-550x374.jpg
https://jav.guru/1056800/mond-025-even-if-it-was-a-drinking-party-i-will-absolutely-never-forgive-that-drunkard-who-put-a-chonmage-on-my-beloved-wifes-head-in-the-ryokan-banquet-hall-haga-sorami/,https://cdn.javmiku.com/wp-content/uploads/2026/09/18mond025pl-550x374.jpg
https://jav.guru/1056801/mist-243-impregnation-incest-4-the-little-sister-turned-into-a-meat-toilet-by-her-older-brother-aoi-rena/,https://cdn.javmiku.com/wp-content/uploads/2026/09/1mist243pl-550x374.jpg
https://jav.guru/1056802/mist-240-legal-public-indecency-calling-a-molestation-delivery-girl-to-the-office-and-freely-touching-her-from-behind-and-from-the-front-the-ban-on-real-sex-doesnt-matter-inserting-raw-from-beh/,https://cdn.javmiku.com/wp-content/uploads/2026/09/1mist240pl-550x374.jpg
https://jav.guru/1056803/mgold-064-garbage-room-masochistic-orgasm-begging-the-college-girl-who-kept-being-frced-to-filthy-climaxes-by-the-neighborhoods-troublesome-old-man-asumi-miona/,https://cdn.javmiku.com/wp-content/uploads/2026/09/1mgold00064pl-550x374.jpg
https://jav.guru/1056807/mbmp-134-oh-what-is-this%e2%99%a1-european-big-tit-mature-women-awaken-to-climax-with-samurai-sex-international-pickup-sex-6-women-4-hours/,https://cdn.javmiku.com/wp-content/uploads/2026/09/h_460mbmp134pl-550x374.jpg
https://jav.guru/1056808/mbma-130-i-can-still-do-it-sex-for-women-in-their-fifties-knows-no-limits-around-fifty-mature-women-savoring-menopausal-ecstasy-12-women-4-hours-2/,https://cdn.javmiku.com/wp-content/uploads/2026/09/h_460mbma130pl-550x374.jpg
https://jav.guru/1056809/mbma-129-even-at-my-age-its-embarrassing-but-i-want-to-have-sex-too-uncontrollable-total-amateurs-carnal-lustful-wives-12-women-4-hours-6/,https://cdn.javmiku.com/wp-content/uploads/2026/09/h_460mbma129pl-550x374.jpg
https://jav.guru/1056810/mbma-126-i-wonder-if-its-really-that-big-i-might-be-a-little-interested-mature-women-picked-up-by-black-men-are-fascinated-by-big-black-cocks-huge-cocks-bigger-than-imagined-get-thrust-deep/,https://cdn.javmiku.com/wp-content/uploads/2026/09/h_460mbma126pl-550x374.jpg
https://jav.guru/1056811/love-153-poolside-sari-hayakawa-19-years-old/,https://cdn.javmiku.com/wp-content/uploads/2026/09/h_491love153pl-550x374.jpg
https://jav.guru/1056812/ksbj-216-16-married-women-who-have-sex-with-their-fathers-in-law-or-stepsons-next-to-their-sleeping-husbands/,https://cdn.javmiku.com/wp-content/uploads/2026/09/ksbj216pl-550x374.jpg
https://jav.guru/1056813/ksbj-100-sex-addicted-wife-who-indiscriminately-devours-men-azusa-tani/,https://cdn.javmiku.com/wp-content/uploads/2026/09/ksbj100pl-550x374.jpg
https://jav.guru/1056814/jksr-712-carefully-selected-30-schoolgirls-in-a-240-minute-blowjob-special-masochistic-slutty-schoolgirls-lick-and-slurp-cock/,https://cdn.javmiku.com/wp-content/uploads/2026/09/57jksr712pl-550x374.jpg
https://jav.guru/1056815/jbjb-035-a-beauty-conscious-girl-services-an-older-man-with-sex-using-her-f-cup-slender-hourglass-body-azusa-misaki/,https://cdn.javmiku.com/wp-content/uploads/2026/09/h_687jbjb035pl-550x374.jpg
https://jav.guru/1056816/hodv-21700-new-adult-av-sensual-drama-masterpiece-selection-vol-12-10-works-with-full-main-features-included/,https://cdn.javmiku.com/wp-content/uploads/2026/09/41hodv21700pl-550x374.jpg
https://jav.guru/1056817/hhf-094-i-ordered-an-at-home-service-and-a-kind-pushover-beautiful-caregiver-%ce%b1-showed-up-4-hour-best-spoiling-myself-rotten-led-to-unexpected-instant-sex-dreamlike-god-tier-development/,https://cdn.javmiku.com/wp-content/uploads/2026/09/hhf094pl-550x374.jpg
https://jav.guru/1056818/gigl-763-no-way-cumming-from-a-kiss-between-women-the-mature-woman-who-suddenly-gets-lesbian-kissed-by-two-women-in-a-locked-room-and-has-her-lust-switch-flipped-cant-refuse-even-when-shes-l/,https://cdn.javmiku.com/wp-content/uploads/2026/09/gigl763pl-550x374.jpg
https://jav.guru/1056819/gigl-762-secretly-appearing-in-av-without-her-husbands-knowledge-an-amateur-extreme-masochist-wife-has-a-real-orgasm-from-creampie-sex/,https://cdn.javmiku.com/wp-content/uploads/2026/09/gigl762pl-550x374.jpg
https://jav.guru/1056823/dori-110-pako-tori-no-110-f-cup-slender-beautiful-girl-mion-chan-doing-compensated-dating-for-her-graduation-trip-usami-mion/,https://cdn.javmiku.com/wp-content/uploads/2026/09/h_491dori110pl-550x374.jpg
https://jav.guru/1056824/cou-011-dont-put-it-in-my-wifes-mother-was-too-erotic-so-i-ended-up-having-creampie-sex-with-her-2-disc-set/,https://cdn.javmiku.com/wp-content/uploads/2026/09/h_1664cou011pl-550x374.jpg
https://jav.guru/1056825/cesd-162-yoga-flexible-body-sex-nozomi-mikimoto/,https://cdn.javmiku.com/wp-content/uploads/2026/09/cesd162pl-550x374.jpg
https://jav.guru/1056826/cesd-160-today-your-wife-will-appear-in-an-av-sayaka-tsurumi/,https://cdn.javmiku.com/wp-content/uploads/2026/09/cesd160pl-550x374.jpg
https://jav.guru/1056827/c-2556-this-is-our-job-001/,https://cdn.javmiku.com/wp-content/uploads/2026/09/140c2556pl-550x374.jpg
https://jav.guru/1056828/c-2554-raw-footage-lesbian-hot-spring-trip-09/,https://cdn.javmiku.com/wp-content/uploads/2026/09/140c2554pl-550x374.jpg
https://jav.guru/1056829/c-2553-day-trip-hot-spring-mature-woman-erotic-journey-012/,https://cdn.javmiku.com/wp-content/uploads/2026/09/140c2553pl-550x374.jpg
https://jav.guru/1056830/c-2552-please-cuckold-my-wife-e-rika-29-86/,https://cdn.javmiku.com/wp-content/uploads/2026/09/140c2552pl-550x374.jpg
https://jav.guru/1056831/c-2407-taking-an-acquaintances-wife-on-a-hot-spring-trip-010/,https://cdn.javmiku.com/wp-content/uploads/2026/09/140c2407pl-550x374.jpg
https://jav.guru/1056832/bobb-366-huge-tits-fuzoku-6-tour-hospitality-with-breasts-the-breast-play-palace-of-the-highest-class-full-course-tit-service-boin-seiri-toa-box-5/,https://cdn.javmiku.com/wp-content/uploads/2026/09/bobb366pl-550x374.jpg
https://jav.guru/1056833/bkd-272-mother-son-mating-izumi-sakuma/,https://cdn.javmiku.com/wp-content/uploads/2026/09/bkd272sopl-550x374.jpg
https://jav.guru/1056834/beb-018-revival-lewd-hip-movements-vol-3-erika/,https://cdn.javmiku.com/wp-content/uploads/2026/09/beb018pl-550x374.jpg
https://jav.guru/1056835/bbi-105-the-slobbering-slug-onee-san-who-licks-men-all-over-when-she-gets-drunk-riona-suzune/,https://cdn.javmiku.com/wp-content/uploads/2026/09/bbi105pl-550x374.jpg
https://jav.guru/1056841/aarm-368-blowjob-in-the-office/,https://cdn.javmiku.com/wp-content/uploads/2026/09/aarm368pl-550x374.jpg
https://jav.guru/1057031/whx-036-maybe-its-a-reaction-to-being-repressed-by-my-strict-parents-i-love-sex-am-i-a-pervert-my-perky-erect-nipples-are-my-switch-i-normally-work-as-a-secretary-with-a-shaved-pussy-nozomi-f/,https://cdn.javmiku.com/wp-content/uploads/2026/09/h_849whx036pl-550x374.jpg
https://jav.guru/1057032/vdd-084-female-teacher-in-blackmail-suite-teacher-minami-29/,https://cdn.javmiku.com/wp-content/uploads/2026/09/24vdd084pl-550x374.jpg
https://jav.guru/1057033/vdd-083-female-doctor-in-blackmail-suite-doctor-meisa-28/,https://cdn.javmiku.com/wp-content/uploads/2026/09/24vdd083pl-550x374.jpg
https://jav.guru/1057034/vdd-082-secretary-in-blackmail-suite-room-secretary-yuria-25/,https://cdn.javmiku.com/wp-content/uploads/2026/09/24vdd082pl-550x374.jpg
https://jav.guru/1057035/vdd-081-female-teacher-in-blackmail-suite-room-teacher-kaede-26/,https://cdn.javmiku.com/wp-content/uploads/2026/09/24vdd081pl-550x374.jpg
https://jav.guru/1057036/vdd-077-female-teacher-in-blackmail-suite-teacher-asuka-26/,https://cdn.javmiku.com/wp-content/uploads/2026/09/24vdd077pl-550x374.jpg
https://jav.guru/1057037/vdd-076-secretary-in-blackmail-suite-secretary-ryu-30/,https://cdn.javmiku.com/wp-content/uploads/2026/09/24vdd076pl-550x374.jpg
https://jav.guru/1057038/vdd-075-stewardess-in-blackmail-suite-room-cabin-shiho-28/,https://cdn.javmiku.com/wp-content/uploads/2026/09/24vdd075pl-550x374.jpg
https://jav.guru/1057039/vdd-074-receptionist-in-blackmail-suite-room-miss-reception-miki-21/,https://cdn.javmiku.com/wp-content/uploads/2026/09/24vdd074pl-550x374.jpg
https://jav.guru/1057040/vdd-073-female-doctor-in-blackmail-suite-doctor-miwako-31/,https://cdn.javmiku.com/wp-content/uploads/2026/09/24vdd073pl-550x374.jpg
https://jav.guru/1057041/vdd-072-female-teacher-in-blackmail-suite-teacher-miku-27/,https://cdn.javmiku.com/wp-content/uploads/2026/09/24vdd072pl-550x374.jpg
https://jav.guru/1057042/vdd-070-elevator-girl-in-blackmail-suite-elevator-girl-megumi-24/,https://cdn.javmiku.com/wp-content/uploads/2026/09/24vdd070pl-550x374.jpg
https://jav.guru/1057043/upsm-217-perfect-body-shaved-pussy-sex-180-minute-complete-version/,https://cdn.javmiku.com/wp-content/uploads/2026/09/h_150upsm217pl-550x374.jpg
https://jav.guru/1057044/upsm-190-perfect-body-shaved-pussy-sex-yuzu-ogura/,https://cdn.javmiku.com/wp-content/uploads/2026/09/h_150upsm190pl-550x374.jpg
https://jav.guru/1057069/sdnm-562-i-want-kids-but-were-sexless-the-slender-young-wife-from-fukuoka-whose-hobbies-are-camping-and-driving-nagisa-koga-28-av-debut/,https://cdn.javmiku.com/wp-content/uploads/2026/09/1sdnm562pl-550x374.jpg
https://jav.guru/1057070/sdjs-381-im-a-secretary-in-a-bunny-suit-who-supports-your-masturbation-secretary-yoshino-moriya/,https://cdn.javmiku.com/wp-content/uploads/2026/09/1sdjs00381pl-550x374.jpg
https://jav.guru/1057071/san-489-after-all-women-are-best-with-black-hair-raw-creampie-carried-out-on-two-wholesome-beauties-002-haru-mai/,https://cdn.javmiku.com/wp-content/uploads/2026/09/h_796san489zpl-550x374.jpg
https://jav.guru/1057072/san-488-after-all-nothing-beats-black-haired-women-raw-creampie-carried-out-on-two-wholesome-beautiful-women-001-hina-eri/,https://cdn.javmiku.com/wp-content/uploads/2026/09/h_796san488zpl-550x374.jpg
https://jav.guru/1057073/saba-792-non-bouncing-tits-hard-pounding-best-of-flat-tiny-tit-amateur-beautiful-girls-2nd-pecha/,https://cdn.javmiku.com/wp-content/uploads/2026/09/saba792pl-550x374.jpg
https://jav.guru/1057074/olm-355-she-cant-be-satisfied-with-normal-sex-anymore-the-too-cute-office-lady-with-beautiful-legs-gets-totally-hooked-on-pantyhose-play-airu-sato/,https://cdn.javmiku.com/wp-content/uploads/2026/09/h_1757olm355epl-550x374.jpg
https://jav.guru/1057075/olm-354-the-elegant-bitchy-mature-onee-san-is-man-starved-with-her-libido-maxed-out-she-cums-her-brains-out-in-luxurious-perverted-play-ayaka-tomoda/,https://cdn.javmiku.com/wp-content/uploads/2026/09/h_1757olm354epl-550x374.jpg
https://jav.guru/1057076/nsm-111-creampie-night-crawls-on-beautiful-girls-knocked-unconscious-with-aphrodisiac-laced-sleeping-pills-vol-11/,https://cdn.javmiku.com/wp-content/uploads/2026/09/h_1342nsm00111pl-550x374.jpg
https://jav.guru/1057079/mopg-006-m-room-how-to-make-a-sex-livestock-mizuna-wakatsuki/,https://cdn.javmiku.com/wp-content/uploads/2026/09/mopg006sopl-550x374.jpg
https://jav.guru/1057080/mope-019-arisa-hanyu-woman-for-m-4-hour-best/,https://cdn.javmiku.com/wp-content/uploads/2026/09/mope019sopl-550x374.jpg
https://jav.guru/1057083/mird-106-ultimate-uniform-peeking-fetish-chapter-3/,https://cdn.javmiku.com/wp-content/uploads/2026/09/mird106pl-550x374.jpg
https://jav.guru/1057084/mird-102-ultimate-uniform-flashing-fetish-chapter-2/,https://cdn.javmiku.com/wp-content/uploads/2026/09/mird102pl-550x374.jpg
https://jav.guru/1057085/mird-092-ultimate-uniform-panty-peeks/,https://cdn.javmiku.com/wp-content/uploads/2026/09/mird092pl-550x374.jpg
https://jav.guru/1057086/mird-084-moodyz-10th-anniversary-special-moodyz-x-ideapocket-my-sweet-sex-life-with-sho-nishino-sho/,https://cdn.javmiku.com/wp-content/uploads/2026/09/mird084pl-550x374.jpg
https://jav.guru/1057093/krnd-027-targeting-her-fertile-days-for-real-creampies-frced-baby-making-sex-life-airi-sato/,https://cdn.javmiku.com/wp-content/uploads/2026/09/krnd027pl-550x374.jpg
https://jav.guru/1057094/krnd-026-creampie-public-toilet-breeding-meat-toilet-woman-makihara-aina/,https://cdn.javmiku.com/wp-content/uploads/2026/09/krnd026pl-550x374.jpg
https://jav.guru/1057095/kpu-001-young-wife-with-embarrassing-breast-meat-rika-kaneko/,https://cdn.javmiku.com/wp-content/uploads/2026/09/h_848kpu001pl-550x374.jpg
https://jav.guru/1057099/iptd-706-i-love-you-so-much-dialect-sex-overflowing-with-feeling-tsubasa-amami/,https://cdn.javmiku.com/wp-content/uploads/2026/09/iptd706pl-550x374.jpg
https://jav.guru/1057100/iptd-613-virtual-date-with-tsubasa-just-for-today-make-me-your-girlfriend-tsubasa-amami/,https://cdn.javmiku.com/wp-content/uploads/2026/09/iptd613pl-550x374.jpg
https://jav.guru/1057101/iptd-559-my-sweet-sex-life-with-tsubasa-tsubasa-amami/,https://cdn.javmiku.com/wp-content/uploads/2026/09/iptd559pl-550x374.jpg
https://jav.guru/1057102/inu-030-obedient-pet-candidate-014-yuzu-ogura/,https://cdn.javmiku.com/wp-content/uploads/2026/09/118inu030pl-550x374.jpg
https://jav.guru/1057105/hodv-20750-ill-do-anything-made-to-cum-crying-for-real-ass-licked-too-yuzu-ogura/,https://cdn.javmiku.com/wp-content/uploads/2026/09/41hodv20750pl-550x374.jpg
https://jav.guru/1057110/c-2406-mature-wife-interview-pov-fuck-16/,https://cdn.javmiku.com/wp-content/uploads/2026/09/140c2406pl-550x374.jpg
https://jav.guru/1057277/yum-001-obedient-runaway-pet-yuzu-ogura/,https://cdn.javmiku.com/wp-content/uploads/2026/09/118yum001pl-550x374.jpg
https://jav.guru/1057278/wo-027-beautiful-ass-development-esthetic-miyu-aizawa/,https://cdn.javmiku.com/wp-content/uploads/2026/09/1wo027pl-550x374.jpg
https://jav.guru/1057279/venu-643-incestuous-sweat-flushed-bodies-steamy-wombs-the-irresistible-parent-chld-instincts-shiho-egami/,https://cdn.javmiku.com/wp-content/uploads/2026/09/venu643pl-550x374.jpg
https://jav.guru/1057280/vdd-128-receptionist-in-blackmail-suite-miyu-saito/,https://cdn.javmiku.com/wp-content/uploads/2026/09/24vdd128pl-550x374.jpg
https://jav.guru/1057281/vdd-104-female-doctor-in-blackmail-suite-room-doctor-keiko-29/,https://cdn.javmiku.com/wp-content/uploads/2026/09/24vdd104pl-550x374.jpg
https://jav.guru/1057282/vdd-103-elevator-girl-in-blackmail-suite-elevator-girl-sara-24-sara-yurikawa/,https://cdn.javmiku.com/wp-content/uploads/2026/09/24vdd103pl-550x374.jpg
https://jav.guru/1057283/vdd-095-female-doctor-in-blackmail-suite-doctor-yuuka-30/,https://cdn.javmiku.com/wp-content/uploads/2026/09/24vdd095pl-550x374.jpg
https://jav.guru/1057284/vdd-094-secretary-in-blackmail-suite-secretary-riko-21/,https://cdn.javmiku.com/wp-content/uploads/2026/09/24vdd094pl-550x374.jpg
https://jav.guru/1057285/vdd-085-receptionist-in-blackmail-suite-miss-reception-miku-24/,https://cdn.javmiku.com/wp-content/uploads/2026/09/24vdd085pl-550x374.jpg
https://jav.guru/1057286/vdd-068-female-doctor-in-blackmail-suite-room-doctor-kaori-28/,https://cdn.javmiku.com/wp-content/uploads/2026/09/24vdd068pl-550x374.jpg
https://jav.guru/1057287/vdd-067-stewardess-in-blackmail-suite-cabin-attendant-riko-23/,https://cdn.javmiku.com/wp-content/uploads/2026/09/24vdd067pl-550x374.jpg
https://jav.guru/1057288/vdd-065-female-teacher-in-threatened-suite-room-teacher-ichika-23-10th-anniversary-special-edition-full-4-hours/,https://cdn.javmiku.com/wp-content/uploads/2026/09/24vdd065pl-550x374.jpg
https://jav.guru/1057289/vdd-064-receptionist-in-blackmail-suite-miss-reception-sinobu-25/,https://cdn.javmiku.com/wp-content/uploads/2026/09/24vdd064pl-550x374.jpg
https://jav.guru/1057292/tcd-347-a-day-with-me-and-my-girlfriend-who-has-a-cock-taxi-date-8-maaya-hanasou/,https://cdn.javmiku.com/wp-content/uploads/2026/09/tcd347pl-550x374.jpg
https://jav.guru/1057293/tcd-346-japans-first-newhalf-av-director-shia-himeoka-shoots-newhalf-lesbian-pov-fuck-intimate-date-5-with-rio-ashiro/,https://cdn.javmiku.com/wp-content/uploads/2026/09/tcd346pl-550x374.jpg
https://jav.guru/1057301/rlmp-003-baby-face-collapse-i-want-to-fuck-beautiful-girls-until-their-faces-get-all-crumpled-best-240-minutes-30-girls/,https://cdn.javmiku.com/wp-content/uploads/2026/09/rlmp003pl-550x374.jpg
https://jav.guru/1057302/rebd-1073-yuri-radiant-jewel-yamada-yuri/,https://cdn.javmiku.com/wp-content/uploads/2026/09/h_346rebd1073pl-550x374.jpg
https://jav.guru/1057303/rebd-1072-nanokas-first-summer-with-you-hatsumi-nanoka/,https://cdn.javmiku.com/wp-content/uploads/2026/09/h_346rebd1072pl-550x374.jpg
https://jav.guru/1057304/rebd-1071-miyu-pure-body-burst-miyu-imai/,https://cdn.javmiku.com/wp-content/uploads/2026/09/h_346rebd1071pl-550x374.jpg
https://jav.guru/1057305/rebd-1070-non5-emerald-flower-of-the-highlands-non-kohana/,https://cdn.javmiku.com/wp-content/uploads/2026/09/h_346rebd1070pl-550x374.jpg
https://jav.guru/1057307/nmk-087-nmk-87-consecutive-orgasm-selfie-masturbation-by-sexually-frustrated-sex-monster-women-with-innocent-looking-faces/,https://cdn.javmiku.com/wp-content/uploads/2026/09/h_897nmk87pl-550x374.jpg
https://jav.guru/1057308/kibd-353-best-free-fucks-with-gyaru-fuck-buddies-private-shoot-matching-app-pov-sex-amateur-secret-account-facial-slender-easygoing-tall-short-beautiful-legs-squirting-lovey-dovey-ti/,https://cdn.javmiku.com/wp-content/uploads/2026/09/kibd353pl-550x374.jpg
https://jav.guru/1057310/hoip-005-hoihoi-yummy-sin-02-creampie-gambling-bad-things-taste-like-honey-corrupting-a-pure-looking-girl-who-seems-like-shed-absolutely-never-fuck-at-a-drinking-party-with-pranks/,https://cdn.javmiku.com/wp-content/uploads/2026/09/hoip005pl-550x374.jpg
https://jav.guru/1057311/hnbr-015-devouring-the-sweaty-huge-tits-and-glossy-black-huge-areolas-of-a-woman-returning-from-the-harvest-then-ramming-her-105cm-hip-huge-ass-from-behind-for-instant-creampie-fuck-mikoshiba-mika/,https://cdn.javmiku.com/wp-content/uploads/2026/09/h_1664hnbr015pl-550x374.jpg
https://jav.guru/1057312/hery-173-femboy-complete-feminization-collection-57-yu-kataoka/,https://cdn.javmiku.com/wp-content/uploads/2026/09/hery173pl-550x374.jpg
https://jav.guru/1057313/goju-312-happy-peeing-wife-the-super-sensitive-big-tits-married-woman-drowning-in-euphoria-goes-crazy-cumming-on-another-mans-cock-aya-san-48-years-old/,https://cdn.javmiku.com/wp-content/uploads/2026/09/h_1165goju312pl-550x374.jpg
https://jav.guru/1057314/fem-037-i-thought-it-was-a-super-landmine-type-but-it-turned-out-to-be-an-unbelievably-shy-and-extreme-masochist-femboy-hanakanade-maaya/,https://cdn.javmiku.com/wp-content/uploads/2026/09/fem037pl-550x374.jpg
https://jav.guru/1057315/fays-017-popular-gravure-idols-secret-trip-leakd-as-is-without-permission-for-her-av-debut-harusaki-yuina/,https://cdn.javmiku.com/wp-content/uploads/2026/09/55fays017pl-550x374.jpg
https://jav.guru/1057317/dsjh-022-unstoppable-mega-squirting-jets-when-i-called-a-delivery-health-service-my-cocky-coworker-from-work-showed-up/,https://cdn.javmiku.com/wp-content/uploads/2026/09/h_139dsjh22pl-550x374.jpg
https://jav.guru/1057318/doks-693-my-favorite-cute-junior-ol-transforms-when-drunk-out-of-control-vacuum-blowjob-in-a-private-room-izakaya-where-itd-be-bad-if-we-got-caught/,https://cdn.javmiku.com/wp-content/uploads/2026/09/h_139doks693pl-550x374.jpg
https://jav.guru/1057319/doks-691-plump-assed-j-girls-intense-orgasm-pile-driving-piston-dildo-masturbation-3/,https://cdn.javmiku.com/wp-content/uploads/2026/09/h_139doks691pl-550x374.jpg
https://jav.guru/1057324/agmx-272-full-pov-puffy-cheeks-super-cute-hamster-blowjob/,https://cdn.javmiku.com/wp-content/uploads/2026/09/agmx272pl-550x374.jpg
https://jav.guru/1057325/agmx-271-outcall-babu-babu-tit-childcare-with-cock-milk-nursing-in-progress/,https://cdn.javmiku.com/wp-content/uploads/2026/09/agmx271pl-550x374.jpg
https://jav.guru/1057328/aarm-353-i-want-to-be-scolded-while-she-shows-off-her-panty-flashes/,https://cdn.javmiku.com/wp-content/uploads/2026/09/aarm353pl-550x374.jpg
https://jav.guru/1057384/fns-262-sullen-cinderella-until-the-1800-curfew-young-lady-college-students-av-debut-hashimoto-sena/,https://cdn.javmiku.com/wp-content/uploads/2026/10/FNS-262-550x374.jpg
https://jav.guru/1057385/abf-390-seduced-by-my-brothers-wife-whom-id-secretly-admired-my-emotions-exploded-and-i-creampied-her-again-and-again-nonoura-non/,https://cdn.javmiku.com/wp-content/uploads/2026/10/118abf390pl-550x374.jpg
https://jav.guru/1057386/abf-389-abusive-female-doctors-examination-room-that-makes-a-useless-man-understand-airi-suzumura/,https://cdn.javmiku.com/wp-content/uploads/2026/10/118abf389pl-550x374.jpg
https://jav.guru/1057521/yuj-075-several-days-of-having-my-sperm-drained-over-and-over-by-my-workplace-junior-who-fully-affirms-this-plain-unpopular-guy-with-a-distrust-of-women-melting-both-body-and-soul/,https://cdn.javmiku.com/wp-content/uploads/2026/10/yuj075pl-550x374.jpg
https://jav.guru/1057522/yuj-074-my-girlfriend-pretends-to-nurse-my-body-while-im-bedridden-with-a-fever-but-milks-me-like-crazy-and-swallows-it-all/,https://cdn.javmiku.com/wp-content/uploads/2026/10/yuj074pl-550x374.jpg
https://jav.guru/1057525/waaa-695-sticky-clingy-tongue-kiss-drowning-orgasms-saliva-smeared-licking-and-sucking-lips-whole-body-melting-kisses-consecutive-creampie-soapland-rin-suzunoya/,https://cdn.javmiku.com/wp-content/uploads/2026/10/waaa695pl-550x374.jpg
https://jav.guru/1057526/waaa-694-can-you-hold-back-cumming-from-our-cock-sucking-that-summer-i-couldnt-endure-my-erotic-cute-classmates-teasing-dirty-talk-and-little-devil-double-fellatio-and-got-my-ball-juice-compl/,https://cdn.javmiku.com/wp-content/uploads/2026/10/waaa694pl-550x374.jpg
https://jav.guru/1057529/waaa-691-slutty-wives-husband-swap-at-a-love-hotel-competing-with-sex-techniques-to-squeeze-out-every-drop-of-cum-in-a-harem-slut-3p-the-cock-cant-last-hibiki-otsuki-yui-hatano/,https://cdn.javmiku.com/wp-content/uploads/2026/10/waaa691pl-550x374.jpg
https://jav.guru/1057530/waaa-690-night-crawled-by-my-hated-father-in-law-yuki-takeuchi/,https://cdn.javmiku.com/wp-content/uploads/2026/10/waaa690pl-550x374.jpg
https://jav.guru/1057532/venx-382-arresting-a-real-rape-fiend-who-can-only-get-aroused-by-raping-women-the-arrested-boy-a-is-my-son-who-ran-away-from-home-3-years-ago-when-we-lived-together-i-sexually-serviced-him-to-su/,https://cdn.javmiku.com/wp-content/uploads/2026/10/venx382pl-550x374.jpg
https://jav.guru/1057534/vema-265-at-the-town-factory-where-i-work-the-presidents-wife-acts-as-a-mother-figure-for-everyone-and-even-takes-care-of-our-creampies-at-our-company-all-the-employees-are-hole-brothers-momose/,https://cdn.javmiku.com/wp-content/uploads/2026/10/vema265pl-550x374.jpg
https://jav.guru/1057535/vec-788-bringing-home-the-beautiful-married-woman-who-works-at-my-part-time-job-for-creampie-sex-toyoda-reika/,https://cdn.javmiku.com/wp-content/uploads/2026/10/vec788pl-550x374.jpg
https://jav.guru/1057545/same-249-cant-take-it-anymore-my-neighbors-are-showing-me-their-obscene-sex/,https://cdn.javmiku.com/wp-content/uploads/2026/10/same249pl-550x374.jpg
https://jav.guru/1057551/npjs-281-convenient-junior-fuck-buddy-from-my-part-time-job-instant-blowjob-instant-fuck-part-time-job-terrorism/,https://cdn.javmiku.com/wp-content/uploads/2026/10/npjs281pl-550x374.jpg
https://jav.guru/1057563/mida-837-ill-do-anything-because-i-love-you-so-much-my-all-affirming-girlfriend-who-grants-every-wish-from-my-perverted-fetishes-and-thoroughly-makes-me-drink-her-body-fluids-sweat-saliva/,https://cdn.javmiku.com/wp-content/uploads/2026/10/mida837pl-550x374.jpg
https://jav.guru/1057564/mida-817-newcomer-exclusive-hidden-big-tits-f-cup-kazami-nagatsuki-av-debut/,https://cdn.javmiku.com/wp-content/uploads/2026/10/mida817pl-550x374.jpg
https://jav.guru/1057566/mida-809-legal-lli-slut-therapist-who-even-after-you-cum-keeps-kneading-your-nipples-and-giving-intense-tongue-kisses-to-excessively-revive-and-milk-you-again-uniform-rejuvenation-massage-parlor-s/,https://cdn.javmiku.com/wp-content/uploads/2026/10/mida809pl-550x374.jpg
https://jav.guru/1057568/mida-806-completely-unscripted-after-teasing-and-repeatedly-edging-ibuki-aoi-who-abstained-for-a-month-to-heighten-her-sensitivity-to-the-extreme-a-beastly-massive-orgy/,https://cdn.javmiku.com/wp-content/uploads/2026/10/mida806pl-550x374.jpg
https://jav.guru/1057570/mida-804-the-dominatrix-i-met-at-an-m-sex-parlor-turned-out-to-be-a-plain-glasses-wearing-employee-with-huge-tits-the-j-cup-slut-play-continues-even-at-the-company-making-this-extreme-masochist-cu/,https://cdn.javmiku.com/wp-content/uploads/2026/10/mida804pl-550x374.jpg
https://jav.guru/1057571/mida-801-peachy-twitching-anal-bashful-girlfriend-spreads-wide-open-at-her-boyfriends-request-the-more-shes-watched-the-more-she-blushes-and-gets-aroused-melting-plump-ass-lovey-dovey-creampie/,https://cdn.javmiku.com/wp-content/uploads/2026/10/mida801pl-550x374.jpg
https://jav.guru/1057572/mida-800-i-a-call-girl-trained-by-a-man-in-a-four-and-a-half-tatami-room-get-my-huge-tits-wildly-kneaded-while-dripping-with-oil-and-even-agree-to-creampies-turning-into-a-convenient-meat-onahole/,https://cdn.javmiku.com/wp-content/uploads/2026/10/mida800pl-550x374.jpg
https://jav.guru/1057575/mida-793-record-leakd-from-the-smartphone-of-a-former-male-teacher-at-a-k-prefectural-school-of-him-creampieing-students-from-other-schools-nonstop-iori-kitano/,https://cdn.javmiku.com/wp-content/uploads/2026/10/mida793pl-550x374.jpg
https://jav.guru/1057577/miab-680-i-became-the-substitute-for-the-memorial-nude-model-and-the-big-tits-older-sister-with-love-juices-dripping-down-eyed-my-rock-hard-swollen-cock-and-milks-me-over-and-over-again-every-5-minu/,https://cdn.javmiku.com/wp-content/uploads/2026/10/miab680pl-550x374.jpg
https://jav.guru/1057578/lulu-456-my-super-horny-black-gyaru-big-tits-older-sister-interrupted-my-exam-studying-with-her-ridiculously-loud-oho-voice-masturbation/,https://cdn.javmiku.com/wp-content/uploads/2026/10/lulu456pl-550x374.jpg
https://jav.guru/1057579/lulu-455-fair-skinned-big-tits-mom-who-squeezes-young-sperm-gushing-from-her-sons-friends-cock-while-twisting-in-her-drool-soaked-wet-long-tongue-during-a-full-course-of-intense-tongue-kissing/,https://cdn.javmiku.com/wp-content/uploads/2026/10/lulu455pl-550x374.jpg
https://jav.guru/1057580/lulu-454-couldnt-resist-the-unconscious-indecent-big-ass-provocation-from-my-mourning-dress-jk-niece-i-reunited-with-at-the-memorial-service/,https://cdn.javmiku.com/wp-content/uploads/2026/10/lulu454pl-550x374.jpg
https://jav.guru/1057581/lulu-453-its-okay-if-its-just-sucking-begged-by-her-highly-sexed-jerk-off-monkey-nephew-the-fair-skinned-big-tits-aunt-who-loves-young-hard-cocks-and-is-a-former-no-1-sex-worker-reluctantl/,https://cdn.javmiku.com/wp-content/uploads/2026/10/lulu453pl-550x374.jpg
https://jav.guru/1057582/jufe-631-bondage-ban-lifted-young-lady-bondage-that-ties-up-her-soft-white-skin-iku-toba/,https://cdn.javmiku.com/wp-content/uploads/2026/10/jufe631pl-550x374.jpg
https://jav.guru/1057583/jjda-082-small-business-wife-the-town-factorys-accounting-wife-made-to-cum-over-and-over-by-an-employees-sweaty-cock/,https://cdn.javmiku.com/wp-content/uploads/2026/10/jjda082pl-550x374.jpg
https://jav.guru/1057584/jbd-313-fridays-are-a-different-day-i-cant-live-without-a-rope/,https://cdn.javmiku.com/wp-content/uploads/2026/10/jbd313pl-550x374.jpg
https://jav.guru/1057585/ipzz-983-i-spent-all-this-money-on-you-and-you-wont-even-date-me-let-alone-let-me-fuck-you-lounge-girl-bareback-raped-by-her-enraged-big-spending-customer-and-creampied-nonstop-until-morning/,https://cdn.javmiku.com/wp-content/uploads/2026/10/ipzz983pl-550x374.jpg
https://jav.guru/1057586/ipzz-980-you-can-use-my-pussy-however-you-like-my-childhood-friend-declared-herself-my-onahole-so-when-i-stick-it-in-she-cant-hold-back-her-voice-and-her-twitching-pleasured-look-is-so-cute/,https://cdn.javmiku.com/wp-content/uploads/2026/10/ipzz980pl-550x374.jpg
https://jav.guru/1057589/ipzz-967-my-cunningly-cute-concept-cafe-girlfriend-who-got-worried-about-me-after-i-discovered-the-pleasures-of-sex-and-became-insatiable-drains-15-loads-from-me-in-a-different-erotic-costume-every/,https://cdn.javmiku.com/wp-content/uploads/2026/10/ipzz967pl-550x374.jpg
https://jav.guru/1057595/ipzz-921-sakai-senpai-who-trains-me-at-the-swimsuit-company-has-a-gravure-idol-level-body-once-she-strips-and-i-get-an-erection-every-time-i-watch-her-try-on-swimsuits/,https://cdn.javmiku.com/wp-content/uploads/2026/10/ipzz921pl-550x374.jpg
https://jav.guru/1057603/dvrt-079-my-cold-big-breasted-stepmother-is-high-on-an-erection-drug-its-so-disgustingly-erotic-that-i-cant-help-but-thrust-into-her/,https://cdn.javmiku.com/wp-content/uploads/2026/10/dvrt079pl-550x374.jpg
https://jav.guru/1057604/dvmm-451-i-instantly-fucked-the-fair-skinned-housekeeper-with-a-huge-ass-the-married-woman-who-became-hooked-on-my-big-cock-barged-in-uninvited-the-next-day-so-i-creampied-her-over-and-over-until/,https://cdn.javmiku.com/wp-content/uploads/2026/10/dvmm451pl-550x374.jpg
https://jav.guru/1057605/dvmm-449-couldnt-resist-the-big-tits-and-huge-ass-of-the-fully-nude-housekeeping-maid-and-fucked-her-on-the-spot-the-next-day-the-nude-maid-barged-in-uninvited-and-milked-the-cum-in-a-divine-serv/,https://cdn.javmiku.com/wp-content/uploads/2026/10/dvmm449pl-550x374.jpg
https://jav.guru/1057606/dvmm-448-oozing-sex-appeal-the-dead-drunk-snack-bar-mamas-filthy-customer-service-tonight-forget-everything-passionate-after-hours-creampie-sex-with-you-until-morning-mami-zenba/,https://cdn.javmiku.com/wp-content/uploads/2026/10/dvmm448pl-550x374.jpg
https://jav.guru/1057607/dvmm-447-ordinary-men-and-women-monitoring-av-limited-to-loving-couples-challenge-the-shadow-play-heart-pounding-cuckold-silhouette-quiz/,https://cdn.javmiku.com/wp-content/uploads/2026/10/dvmm447pl-550x374.jpg
https://jav.guru/1057608/dveh-097-were-going-to-fix-the-world-with-mama-sex-before-potential-sex-offenders-lay-their-hands-on-the-kids-they-love-we-adult-women-will-relieve-your-sexual-desires-for-you-nozomi-arimura/,https://cdn.javmiku.com/wp-content/uploads/2026/10/dveh097pl-550x374.jpg
https://jav.guru/1057609/dsam-016-the-presidents-mistress-secretary-a-wealthy-celebrity-beauty-with-money-to-burn-craves-vulgar-sex-secret-fuck-buddy-meetup-pov-fuck/,https://cdn.javmiku.com/wp-content/uploads/2026/10/dsam016pl-550x374.jpg
https://jav.guru/1057610/dsam-015-shin-kawaii-revolution-the-super-cute-beauty-whos-the-no-1-nominated-girl-at-a-certain-famous-concept-cafe-will-immediately-go-to-a-hotel-for-off-duty-fuck-sex-even-during-business-hours/,https://cdn.javmiku.com/wp-content/uploads/2026/10/dsam015pl-550x374.jpg
https://jav.guru/1057611/deab-008-promising-future-female-basketball-player-arisa-kotanis-av-debut-arisa-kotani/,https://cdn.javmiku.com/wp-content/uploads/2026/10/deab008pl-550x374.jpg
https://jav.guru/1057612/club-943-debtor-pussy-repayment-creampie-rape-filming/,https://cdn.javmiku.com/wp-content/uploads/2026/10/club943pl-550x374.jpg
https://jav.guru/1057613/club-939-first-class-hotel-womans-elegant-pussy-gets-intense-pounding-creampie-rape-orgy-video/,https://cdn.javmiku.com/wp-content/uploads/2026/10/club939pl-550x374.jpg
https://jav.guru/1057614/club-938-big-tits-office-lady-stalked-abducted-knocked-unconscious-and-gang-raped/,https://cdn.javmiku.com/wp-content/uploads/2026/10/club938pl-550x374.jpg
https://jav.guru/1057615/club-937-stalking-voyeur-filming-of-a-beautiful-tits-white-gyaru-aphrodisiac-drug-sex-rape/,https://cdn.javmiku.com/wp-content/uploads/2026/10/club937pl-550x374.jpg
https://jav.guru/1057616/club-936-stalking-and-voyeur-filming-of-a-married-woman-with-a-baby-stroller-aphrodisiac-druggd-gang-rape/,https://cdn.javmiku.com/wp-content/uploads/2026/10/club936pl-550x374.jpg
https://jav.guru/1057618/cawb-051-even-though-shes-a-sunny-girl-she-has-a-fetish-for-wetting-herself-in-forbidden-places-causing-a-massive-pee-flood-the-innocent-and-cheerful-short-haired-g-cup-girl-with-massive-incont/,https://cdn.javmiku.com/wp-content/uploads/2026/10/cawb051pl-550x374.jpg
https://jav.guru/1057621/cawb-046-sisters-who-are-complete-opposites-in-looks-and-sex-fight-over-their-classmates-cock-creampieing-him-nonstop-even-though-theyre-students/,https://cdn.javmiku.com/wp-content/uploads/2026/10/cawb046pl-550x374.jpg
https://jav.guru/1057622/cawb-044-the-fate-of-the-ballerina-uniform-girl-whose-flexible-body-was-covered-in-sweat-squirt-and-semen-by-a-stinky-middle-aged-man-in-the-neighbors-garbage-room-and-impregnated-with-55-consecu/,https://cdn.javmiku.com/wp-content/uploads/2026/10/cawb044pl-550x374.jpg
https://jav.guru/1057624/cawb-040-this-woman-is-seriously-so-sloppy-it-pisses-me-off-her-room-is-filthy-her-clothes-are-sloppy-and-she-doesnt-work/,https://cdn.javmiku.com/wp-content/uploads/2026/10/cawb040pl-550x374.jpg
https://jav.guru/1057625/cawb-034-honestly-i-dont-know-why-but-a-totally-druggd-out-massive-orgy-we-spiked-g-cup-slim-waisted-beautiful-girl-honma-asami-chan-with-real-aphrodisiac-and-passed-her-around-non-stop-for/,https://cdn.javmiku.com/wp-content/uploads/2026/10/cawb034pl-550x374.jpg
https://jav.guru/1057626/cawb-019-beautiful-sns-influencer-targeted-by-a-vicious-fan-terrifying-stalking-sex-crime-rape-mayuki-ito/,https://cdn.javmiku.com/wp-content/uploads/2026/10/cawb019pl-550x374.jpg
https://jav.guru/1057629/atid-700-a-married-lawyer-specializing-in-adultery-cases-drowns-in-an-affair-with-a-client-she-absolutely-must-not-cross-the-line-with-professionally/,https://cdn.javmiku.com/wp-content/uploads/2026/10/atid700pl-550x374.jpg
https://jav.guru/1057630/atid-693-anal-orgasms-her-husband-doesnt-know-about-the-price-of-adultery/,https://cdn.javmiku.com/wp-content/uploads/2026/10/atid693pl-550x374.jpg
https://jav.guru/1057631/atid-666-i-got-fucked-by-your-ex-girlfriend-please-forgive-me/,https://cdn.javmiku.com/wp-content/uploads/2026/10/atid666pl-550x374.jpg
https://jav.guru/1057632/atid-649-succubus-academy-episode-2/,https://cdn.javmiku.com/wp-content/uploads/2026/10/atid649pl-550x374.jpg
https://jav.guru/1057633/adn-813-a-tall-beauty-who-flaunts-her-panty-shots-at-me-conveniently-invites-me-and-uses-me-for-sexual-relief-such-is-the-story-of-my-everyday-life/,https://cdn.javmiku.com/wp-content/uploads/2026/10/adn813pl-550x374.jpg
https://jav.guru/1057634/adn-811-i-want-to-be-loved-by-you/,https://cdn.javmiku.com/wp-content/uploads/2026/10/adn811pl-550x374.jpg
https://jav.guru/1057635/adn-810-the-story-of-how-my-university-senior-became-a-blowjob-sex-friend-with-me-an-introvert-for-the-remaining-few-months-until-graduation/,https://cdn.javmiku.com/wp-content/uploads/2026/10/adn810pl-550x374.jpg
https://jav.guru/1057637/adn-793-when-i-woke-up-in-the-morning-my-junior-coworker-azusa-was-totally-fascinated-by-my-morning-wood-we-skipped-work-and-ended-up-fucking-once-right-after-waking-once-at-noon-and-twice-at/,https://cdn.javmiku.com/wp-content/uploads/2026/10/adn793pl-550x374.jpg
https://jav.guru/1058287/ymds-314-lovey-dovey-close-contact-extra-thick-sexchu-the-one-night-i-monopolized-my-longed-for-onosaka-yuika/,https://cdn.javmiku.com/wp-content/uploads/2026/10/ymds314pl-550x374.jpg
https://jav.guru/1058288/ymdd-511-underground-sex-services-school-festival-plump-natural-marshmallow-bodies-offer-dream-service-melting-soft-squishy-soap-play-in-uniform-mina-fukuhara-yuno-harukawa/,https://cdn.javmiku.com/wp-content/uploads/2026/10/ymdd511pl-550x374.jpg
https://jav.guru/1058289/ymdd-510-collector-the-lovely-lustful-wife-transformed-into-a-hypersensitive-orgasm-crazed-squirting-woman-through-saliva-training-mami-nagase/,https://cdn.javmiku.com/wp-content/uploads/2026/10/ymdd510pl-550x374.jpg
https://jav.guru/1058290/ymdd-509-amateur-observation-monitoring-the-worlds-hatano-gives-god-tier-fan-service-dream-raw-fuck-creampie-grand-thanksgiving-festival-seducing-amateur-guys-one-after-another/,https://cdn.javmiku.com/wp-content/uploads/2026/10/ymdd509pl-550x374.jpg
https://jav.guru/1058291/xvsr-903-intense-sex-real-creampie-sex-where-they-single-mindedly-seek-each-other-as-their-instincts-dictate-izumi-yukimura/,https://cdn.javmiku.com/wp-content/uploads/2026/10/xvsr903pl-550x374.jpg
https://jav.guru/1058294/xvsr-900-vulgar-sex-exposing-her-ahegao-face-and-climaxing-with-oho-moans-yui-hatano/,https://cdn.javmiku.com/wp-content/uploads/2026/10/xvsr900pl-550x374.jpg
https://jav.guru/1058296/xvsr-898-pleasure-better-than-hugely-popular-toys-clit-suction-cunnilingus-for-continuous-orgasms-and-a-raw-creampie-miyu-aizawa/,https://cdn.javmiku.com/wp-content/uploads/2026/10/xvsr898pl-550x374.jpg
https://jav.guru/1058301/sqte-723-more-than-a-fuck-buddy-less-than-a-lover-in-heat-mating-with-the-sex-friend-i-want-to-fuck-all-day-long-maru-sai-rare/,https://cdn.javmiku.com/wp-content/uploads/2026/10/sqte723pl-550x374.jpg
https://jav.guru/1058303/sqte-721-anytime-use-onahole-junior-yukimura-izuki/,https://cdn.javmiku.com/wp-content/uploads/2026/10/sqte721pl-550x374.jpg
https://jav.guru/1058304/sqte-720-the-younger-girlfriend-holds-the-initiative-miyu-aizawa/,https://cdn.javmiku.com/wp-content/uploads/2026/10/sqte720pl-550x374.jpg
https://jav.guru/1058305/sps-001-straight-ball-idol-rina-rukawa-blu-ray-disc/,https://cdn.javmiku.com/wp-content/uploads/2026/10/sps001pl-550x374.jpg
https://jav.guru/1058307/sora-653-forcibly-druggd-kidnapping-a-fucking-arrogant-former-cabaret-girl-slapping-chking-rpe-is-fine-completely-high-and-corrupted-by-a-dirty-cock-karin-kitaoka/,https://cdn.javmiku.com/wp-content/uploads/2026/10/sora653pl-550x374.jpg
https://jav.guru/1058308/sora-652-the-dqn-who-bullies-me-occupies-the-classroom-and-rapes-me-for-a-week-at-school-the-big-tits-j-kei-older-sister-who-helped-me-takes-my-place-and-gets-skewered-in-a-4p-gang-rpe/,https://cdn.javmiku.com/wp-content/uploads/2026/10/sora652pl-550x374.jpg
https://jav.guru/1058310/sora-650-the-second-wife-of-a-founding-family-with-a-struggling-business-a-squirting-bushy-widow-who-cums-wildly-is-raped-until-morning-by-a-moronic-cock-excited-by-her-repeated-incontinence-and-p/,https://cdn.javmiku.com/wp-content/uploads/2026/10/sora650pl-550x374.jpg
https://jav.guru/1058311/sora-649-personality-manipulation-brainwashing-hypnosis-the-episode-where-i-brainwashed-the-succubus-parasitizing-my-house-me-a-pensioner-into-swallowing-cum-mina-kitano/,https://cdn.javmiku.com/wp-content/uploads/2026/10/sora649pl-550x374.jpg
https://jav.guru/1058315/smok-047-alone-together-in-the-office-during-overtime-a-married-big-tits-ol-just-back-from-maternity-leave-gets-her-sensitive-areolas-sucked-and-slurped-by-the-big-tits-loving-department-manager-an/,https://cdn.javmiku.com/wp-content/uploads/2026/10/smok047pl-550x374.jpg
https://jav.guru/1058316/smok-046-alone-together-in-the-office-during-overtime-the-new-big-assed-subordinate-ol-unconsciously-provokes-with-her-plump-juicy-ass/,https://cdn.javmiku.com/wp-content/uploads/2026/10/smok046pl-550x374.jpg
https://jav.guru/1058321/npjs-284-the-couples-raw-everyday-life-slender-tiny-tits/,https://cdn.javmiku.com/wp-content/uploads/2026/10/npjs284pl-550x374.jpg
https://jav.guru/1058322/npjb-131-secret-off-site-date-and-pov-fuck-with-the-sss-mens-esthetic-girl-who-gave-me-extreme-service/,https://cdn.javmiku.com/wp-content/uploads/2026/10/npjb131pl-550x374.jpg
https://jav.guru/1058323/murikuri-018-the-demure-female-worker-at-the-garbage-collection-center-gets-sticky-with-body-fluids-orgasm-stained-and-corrupted-then-reused-as-a-multi-use-sexual-processing-eco-pussy-ww/,https://cdn.javmiku.com/wp-content/uploads/2026/10/1murikuri018pl-550x374.jpg
https://jav.guru/1058324/murikuri-017-petite-lli-schoolgirl-molestation-real-bareback-route-lifted-and-restrained-so-her-smooth-pussy-clamps-tight-enough-to-make-her-cry-first-creampie-into-her-womb-to-break-her-in-as-a-r/,https://cdn.javmiku.com/wp-content/uploads/2026/10/1murikuri017pl-550x374.jpg
https://jav.guru/1058326/mrss-194-sexless-wife-gets-cuckolded-by-her-father-in-law-and-even-though-she-hates-it-ends-up-getting-horny-for-a-cock-she-hasnt-had-in-a-long-time-yui-tenma/,https://cdn.javmiku.com/wp-content/uploads/2026/10/mrss194pl-550x374.jpg
https://jav.guru/1058327/mopz-001-pleasure-trture-anal-frced-endorphin-secretion-confinement-masochistic-sensual-training-eri-kishi/,https://cdn.javmiku.com/wp-content/uploads/2026/10/mopz001pl-550x374.jpg
https://jav.guru/1058329/mooc-029-my-wifes-currently-peak-sassy-jk-style-femboy-stepchild-keeps-rebelliously-provoking-me-with-her-big-ass-so-i-lectured-her-restrained-her-with-a-fixed-anal-vibrator-left-her-alone-mad/,https://cdn.javmiku.com/wp-content/uploads/2026/10/mooc029pl-550x374.jpg
https://jav.guru/1058330/mmus-113-seductive-female-teachers-educational-erotic-guidance-academy/,https://cdn.javmiku.com/wp-content/uploads/2026/10/mmus113pl-550x374.jpg
https://jav.guru/1058331/mmkz-167-an-older-sisters-huge-ass-is-so-obscenely-lewd-it-seduces-you-in-a-second-kasumi-saiki/,https://cdn.javmiku.com/wp-content/uploads/2026/10/mmkz167pl-550x374.jpg
https://jav.guru/1058337/ksbj-448-barely-incest-i-am-the-sex-processing-meat-toilet-for-my-stepfather-and-stepson-mako-oda/,https://cdn.javmiku.com/wp-content/uploads/2026/10/ksbj00448pl-550x374.jpg
https://jav.guru/1058342/juta-198-superb-first-time-stripping-av-documentary-of-a-wife-in-her-forties-sagara-natsuki/,https://cdn.javmiku.com/wp-content/uploads/2026/10/juta198pl-550x374.jpg
https://jav.guru/1058343/jump-5049-marie-secret-of-success-in-life-of-a-girl-found-in-the-sns-jc-compensated-dating-partner-assistance/,https://cdn.javmiku.com/wp-content/uploads/2026/10/h_227jump5049pl-550x374.jpg
https://jav.guru/1058349/jjda-081-younger-brothers-wife-the-unemployed-older-brother-in-law-cant-hold-back-against-his-relatives-slender-female-body-with-a-thin-waist-and-beautiful-ass/,https://cdn.javmiku.com/wp-content/uploads/2026/10/jjda081pl-550x374.jpg
https://jav.guru/1058350/jera-053-i-was-consulted-about-married-life-by-the-newlywed-hazuki-noa-rumored-to-have-the-biggest-tits-in-the-apartment-complex/,https://cdn.javmiku.com/wp-content/uploads/2026/10/1jera053pl-550x374.jpg
https://jav.guru/1058351/jera-052-i-got-invited-on-a-drive-date-under-the-pretext-of-work-consultation-by-the-beautiful-office-lady-kasumi-tsukino-rumored-at-the-company-to-be-a-hidden-slut/,https://cdn.javmiku.com/wp-content/uploads/2026/10/1jera052pl-550x374.jpg
https://jav.guru/1058356/id-062-beloved-call-girl-62-the-model-class-best-looks-wife-continuous-womb-orgasm-edition-the-melancholic-slender-beautiful-wife-who-resembles-actress-hashimoto-ai-gets-demonic-pile-driving-pisto/,https://cdn.javmiku.com/wp-content/uploads/2026/10/h_113id062pl-550x374.jpg
https://jav.guru/1058357/hz-014-female-doctor-female-doctor-your-body-is-a-crime-jiggly-jiggly-k-cup-110cm-youre-flaunting-your-obscene-big-tits-and-plump-ass-to-the-patients-in-the-hospital-arent-you-saa-futaba/,https://cdn.javmiku.com/wp-content/uploads/2026/10/h_113hz014pl-550x374.jpg
https://jav.guru/1058358/gvh-884-during-the-swimming-clubs-intensive-training-camp-the-big-tits-advisor-gives-the-students-hot-blooded-paizuri-slut-coaching-in-competitive-swimsuits-ena-koume/,https://cdn.javmiku.com/wp-content/uploads/2026/10/gvh884pl-550x374.jpg
https://jav.guru/1058359/gvh-883-big-titted-sluts-cosplay-dirty-talk-teasing-yuno-sakura/,https://cdn.javmiku.com/wp-content/uploads/2026/10/gvh883pl-550x374.jpg
https://jav.guru/1058360/gvh-882-mother-son-incest-waka-ninomiya/,https://cdn.javmiku.com/wp-content/uploads/2026/10/gvh882pl-550x374.jpg
https://jav.guru/1058361/gebb-061-schoolgirl-frantically-tries-to-wash-her-pussy-before-the-applied-aphrodisiac-takes-effect-but-she-doesnt-make-it-in-time-and-regrettably-goes-into-heat/,https://cdn.javmiku.com/wp-content/uploads/2026/10/gebb061pl-550x374.jpg
https://jav.guru/1058362/gebb-060-defenseless-women-sleep-rpe-voyeurism-7-4-women-captured/,https://cdn.javmiku.com/wp-content/uploads/2026/10/gebb060pl-550x374.jpg
https://jav.guru/1058363/gebb-059-the-reality-of-men-who-want-to-take-care-of-dead-drunk-girls-after-drinking-parties-2-featuring-4-women/,https://cdn.javmiku.com/wp-content/uploads/2026/10/gebb059pl-550x374.jpg
https://jav.guru/1058365/fns-264-my-saintly-older-sister-was-gangbanged-by-the-old-men-at-the-factory-until-she-was-covered-in-semen-hamabe-yayoi/,https://cdn.javmiku.com/wp-content/uploads/2026/10/FNS-264-550x374.jpg
https://jav.guru/1058366/fkou-010-with-such-a-cute-face-my-clit-cock-is-huge-the-two-hole-anal-girl-cums-over-and-over-with-her-plump-ass-spasming-and-squirting-during-thrilling-anal-development-yume-ono/,https://cdn.javmiku.com/wp-content/uploads/2026/10/fkou010pl-550x374.jpg
https://jav.guru/1058367/fjin-168-licking-hustle-erotic-tongue-specialist-the-papa-katsu-office-lady-gives-full-body-lip-service-with-her-slug-like-snake-tongue-sunao-kui/,https://cdn.javmiku.com/wp-content/uploads/2026/10/fjin168pl-550x374.jpg
https://jav.guru/1058368/fjin-167-nude-model-an-ed-husband-who-failed-at-trying-to-conceive-confesses-his-ntr-fetish-to-his-wife-the-wife-who-hesitantly-accepted-for-the-sake-of-her-beloved-husband-drips-love-juices-and-g/,https://cdn.javmiku.com/wp-content/uploads/2026/10/fjin167pl-550x374.jpg
https://jav.guru/1058369/fjin-166-having-my-reason-thoroughly-shaken-by-the-cleavage-flash-temptation-of-a-shop-clerk-with-h-cup-huge-tits-whos-way-too-oblivious-maya-irita/,https://cdn.javmiku.com/wp-content/uploads/2026/10/fjin166pl-550x374.jpg
https://jav.guru/1058370/fjin-165-brainwashing-enlightenment-mind-fucker-vulgar-confinement-and-domination-of-an-ahegao-schoolgirl-kaho-hanamori/,https://cdn.javmiku.com/wp-content/uploads/2026/10/fjin165pl-550x374.jpg
https://jav.guru/1058371/dveh-096-i-had-an-angelically-cute-nurse-wash-a-sensitive-virgin-guys-genitals-her-lewdly-sparkling-nurse-eyes-lock-onto-the-sensitive-cock-that-gets-hard-while-hes-blushing-ww-it-evolves-into/,https://cdn.javmiku.com/wp-content/uploads/2026/10/dveh096pl-550x374.jpg
https://jav.guru/1058372/dsam-014-live-in-girlfriend-and-school-uniform-image-club-style-sex-breaking-the-monotony-hugely-exciting-meru/,https://cdn.javmiku.com/wp-content/uploads/2026/10/dsam014pl-550x374.jpg
https://jav.guru/1058373/dsam-013-sss-school-sexual-science-science-club-aphrodisiac-experiment-science-students-turn-lewd-after-being-administered-shady-drugs-drug-fueled-sex-squirting-climaxes-observation-report/,https://cdn.javmiku.com/wp-content/uploads/2026/10/dsam013pl-550x374.jpg
https://jav.guru/1058374/drpt-122-older-sister-with-pathetic-nipples-whose-sensitive-areolae-get-found-out-by-her-little-sister-and-gets-thoroughly-toyed-with-while-being-laughed-at-4-riho-shishido-ayaka-amamiya/,https://cdn.javmiku.com/wp-content/uploads/2026/10/1drpt122pl-550x374.jpg
https://jav.guru/1058377/dnjr-163-me-the-convenience-store-manager-who-keeps-getting-fucked-by-the-bareback-loving-gal-clerks-until-my-balls-are-empty-after-they-diy-the-backyard-into-a-fuck-room/,https://cdn.javmiku.com/wp-content/uploads/2026/10/dnjr163pl-550x374.jpg
https://jav.guru/1058378/dnjr-162-office-lady-specialty-nipple-hunting-tag-group-nipple-rpe/,https://cdn.javmiku.com/wp-content/uploads/2026/10/dnjr162pl-550x374.jpg
https://jav.guru/1058379/dldss-532-shock-exclusive-dahlia-misaki-kanna-just-one-beautiful-flower-blooms/,https://cdn.javmiku.com/wp-content/uploads/2026/10/1dldss00532pl-550x374.jpg
https://jav.guru/1058380/dandya-052-while-my-wife-is-back-home-for-childbirth-im-alternately-pressured-into-cheating-creampies-by-the-neighboring-big-tits-sisters-consecutive-ejaculation-video-vol-3/,https://cdn.javmiku.com/wp-content/uploads/2026/10/1dandya052pl-550x374.jpg
https://jav.guru/1058381/dandya-049-naive-high-school-girl-who-met-a-gurus-caregiver-during-vocational-experience-is-deceived-into-genital-washing-instructed-in-a-glans-fingertip-tickling-handjob-and-ends-up-making-him/,https://cdn.javmiku.com/wp-content/uploads/2026/10/1dandya049pl-550x374.jpg
https://jav.guru/1058382/bonu-048-a-date-with-the-former-number-one-pink-salon-girl-after-20-years-reiko-kobayakawa/,https://cdn.javmiku.com/wp-content/uploads/2026/10/bonu048pl-550x374.jpg
https://jav.guru/1058384/bijn-289-the-document-climax-sex-with-instincts-fully-bared-i-cup-beautiful-body-celebrity-wife-goes-crazy-in-adulterous-sex-with-a-young-cock-while-feeling-shy-reiko-kobayakawa/,https://cdn.javmiku.com/wp-content/uploads/2026/10/bijn289pl-550x374.jpg
https://jav.guru/1058385/aukg-660-petite-girl-and-l-type-girl-lesbian-the-petite-little-devil-bitch-and-the-tall-older-sister-with-beautiful-legs-and-a-beautiful-ass/,https://cdn.javmiku.com/wp-content/uploads/2026/10/aukg660pl-550x374.jpg
https://jav.guru/1058550/tyod-078-orgasm-crazed-slutty-teacher-sana/,https://cdn.javmiku.com/wp-content/uploads/2026/10/tyod078pl-550x374.jpg
https://jav.guru/1058552/sps-009-perverted-boyfriend-rina-rukawa/,https://cdn.javmiku.com/wp-content/uploads/2026/10/sps009pl-550x374.jpg
https://jav.guru/1058553/sora-012-stay-at-home-mom-a-friend-has-been-affair-everyone-second-year-marriage-i-even-i-think-you-want-to-adventureamemiya-peach-a-pseudonym-27-years-old/,https://cdn.javmiku.com/wp-content/uploads/2026/10/sora012pl-550x374.jpg
https://jav.guru/1058559/nact-196-ill-extract-all-the-bad-stuff-with-an-injection%e2%97%87-my-petite-g-cup-live-in-girlfriend-in-a-skin-tight-white-coat-gives-me-plenty-of-sweet-service-with-blowjobs-titjobs-and-cowgir/,https://cdn.javmiku.com/wp-content/uploads/2026/10/h_237nact196pl-550x374.jpg
https://jav.guru/1058560/nact-195-please-clean-the-filth-inside-me-again-today-the-demure-beautiful-tits-wife-who-of-her-own-accord-gets-on-all-fours-and-begs-for-a-creampie-while-her-husband-is-away-asaha-hono/,https://cdn.javmiku.com/wp-content/uploads/2026/10/h_237nact195pl-550x374.jpg
https://jav.guru/1058561/nact-194-im-glad-i-met-you%e2%97%87-i-saved-a-demure-rental-wife-suffering-from-debt-with-money-and-kindness-and-was-allowed-overnight-real-sex-but-the-cruel-truth-i-learned-the-next-morning-ts/,https://cdn.javmiku.com/wp-content/uploads/2026/10/h_237nact194pl-550x374.jpg
https://jav.guru/1058562/nact-193-54-year-old-wifes-absolute-full-affirmation-pampering-lifestyle-that-ruins-her-younger-husband-a-burned-out-corporate-slave/,https://cdn.javmiku.com/wp-content/uploads/2026/10/h_237nact193pl-550x374.jpg
https://jav.guru/1058563/nact-192-complete-failure-at-demure-reformation-the-gal-trained-for-obedient-sex-in-a-white-one-piece-dress-bares-her-true-nature-and-counterattacks-with-pile-driving-cowgirl-creampie-nana-kisaki/,https://cdn.javmiku.com/wp-content/uploads/2026/10/h_237nact192pl-550x374.jpg
https://jav.guru/1058564/nact-191-the-college-girl-next-door-wears-a-see-through-no-bra-and-flaunts-it-until-my-reason-collapses-ruka-itoi/,https://cdn.javmiku.com/wp-content/uploads/2026/10/h_237nact191pl-550x374.jpg
https://jav.guru/1058565/nact-190-supreme-technique-heals-the-heart-and-squeezes-out-the-sperm-super-popular-rejuvenating-mens-esthetic-chisato-shoda/,https://cdn.javmiku.com/wp-content/uploads/2026/10/h_237nact190pl-550x374.jpg
https://jav.guru/1058566/nact-189-rainy-day-is-my-masochist-anniversary-dumped-by-my-husband-i-beg-the-master-from-my-former-part-time-job-to-let-me-submit-miyu-aizawa/,https://cdn.javmiku.com/wp-content/uploads/2026/10/h_237nact189pl-550x374.jpg
https://jav.guru/1058571/kv-329-everyone-raw-creampie-sexual-processing-contamination-2-yuyu-wakuri/,https://cdn.javmiku.com/wp-content/uploads/2026/10/h_955kv329pl-550x374.jpg
https://jav.guru/1058572/dori-117-pov-fuck-no-117-the-fair-skinned-soft-skinned-beautiful-girl-sana-chan-who-wasnt-satisfied-with-classmates-and-started-sugar-daddy-dating-because-she-wanted-to-experience-feel-good-sex/,https://cdn.javmiku.com/wp-content/uploads/2026/10/h_491dori117pl-550x374.jpg
https://jav.guru/1058574/dldss-537-father-in-law-what-do-i-have-to-do-for-you-to-accept-me-as-your-wife-sweat-soaked-kissing-sex-as-she-devotes-herself-to-her-strict-father-in-law-goddess-jun/,https://cdn.javmiku.com/wp-content/uploads/2026/10/1dldss537pl-550x374.jpg
https://jav.guru/1058762/yuai-017-sweet-massage-room-yui-nonami-with-marika/,https://cdn.javmiku.com/wp-content/uploads/2026/10/n_650yuai017pl-550x374.jpg
https://jav.guru/1058763/yjm-007-eastern-european-nadeshiko-tormenting-a-shy-eastern-european-beauty-with-japanese-style-shame-czech-female-university-student/,https://cdn.javmiku.com/wp-content/uploads/2026/10/h_533yjm007pl-550x374.jpg
https://jav.guru/1058764/vdd-102-receptionist-in-blackmail-suite-room-mai-tamaki/,https://cdn.javmiku.com/wp-content/uploads/2026/10/24vdd102pl-550x374.jpg
https://jav.guru/1058765/tsds-43043-juicy-body-sakura-sunou/,https://cdn.javmiku.com/wp-content/uploads/2026/10/2722-550x374.jpg
https://jav.guru/1058766/thza-10-super-heroine-in-absolute-peril-vol-110-denei-sentai-annihilated-charge-mermaids-nightmare-proposal-mai-onodera/,https://cdn.javmiku.com/wp-content/uploads/2026/10/h_173thza10pl-550x374.jpg
https://jav.guru/1058767/start-655-plain-stalker-girl-who-unilaterally-nurtures-love-through-sex-with-a-sleeping-man-akari-matsunaga-overthinking-straightforward-reverse-rpe-courtship-due-to-the-twisted-heavy-love-of-a-per/,https://cdn.javmiku.com/wp-content/uploads/2026/10/1start655pl-550x374.jpg
https://jav.guru/1058768/start-647-sodstar-graduation-her-slender-body-jumps-and-arches-back-in-a-limit-breaking-massive-orgasm-and-then-bukkake-and-10-consecutive-creampies-rui-ichinomiya/,https://cdn.javmiku.com/wp-content/uploads/2026/10/1start647pl-1-550x374.jpg
https://jav.guru/1058769/start-646-the-26-year-old-female-mechanic-who-also-takes-care-of-the-sexual-desires-of-the-male-employees-working-at-her-familys-auto-repair-shop-haru-shibasaki/,https://cdn.javmiku.com/wp-content/uploads/2026/10/1start646pl-550x374.jpg
https://jav.guru/1058770/start-643-hit-it-off-with-the-mens-esthetician-who-secretly-jerked-me-off-at-the-shop-and-went-on-a-1-night-2-day-private-hot-spring-trip/,https://cdn.javmiku.com/wp-content/uploads/2026/10/1start643pl-1-550x374.jpg
https://jav.guru/1058771/spsf-68-fighting-spirit-squadron-battleranger-battle-lady-mea-amami/,https://cdn.javmiku.com/wp-content/uploads/2026/10/h_173spsf68pl-550x374.jpg
https://jav.guru/1058772/spsf-67-spandexer-sun-angel-vermarias-fall-to-evil-shirasaki-mizurei/,https://cdn.javmiku.com/wp-content/uploads/2026/10/h_173spsf67pl-550x374.jpg
https://jav.guru/1058773/spsf-66-heroine-white-eyed-fainting-hell-39-accel-girl-sakura-mahiru/,https://cdn.javmiku.com/wp-content/uploads/2026/10/h_173spsf66pl-550x374.jpg
https://jav.guru/1058774/smud-002-ramu-ichinose-ramu-muri-no-i-cant-%ef%bc%81-itinose-ramu/,https://cdn.javmiku.com/wp-content/uploads/2026/10/n_1010smud002pl-550x374.jpg
https://jav.guru/1058775/sdnm-566-a-single-mothers-weekdays-before-work-lunch-break-after-the-kids-fall-asleep-called-out-for-an-orgasm-av-shoot-shibuya-tsukiki-31-years-old/,https://cdn.javmiku.com/wp-content/uploads/2026/10/1sdnm566pl-550x374.jpg
https://jav.guru/1058776/sdnm-564-ill-ejaculate-into-your-pre-menopausal-eggs-over-and-over-and-impregnate-you-with-a-baby-okay-49-years-old-lives-in-tokorozawa-city-mother-of-three-full-time-housewife/,https://cdn.javmiku.com/wp-content/uploads/2026/10/1sdnm564pl-550x374.jpg
https://jav.guru/1058777/sdmm-241-magic-mirror-number-please-finish-licking-the-cock-candy-within-3-minutes-when-real-cocks-were-offered-to-the-swimsuit-beauties-earnestly-sucking-away-for-the-prize-money/,https://cdn.javmiku.com/wp-content/uploads/2026/10/1sdmm00241pl-550x374.jpg
https://jav.guru/1058778/sdjs-383-secretarys-holiday-at-home-yoshino-moriya/,https://cdn.javmiku.com/wp-content/uploads/2026/10/1sdjs383pl-550x374.jpg
https://jav.guru/1058779/sbvd-0574-sweet-story-nene-aizome/,https://cdn.javmiku.com/wp-content/uploads/2026/10/2770-550x374.jpg
https://jav.guru/1058780/sbvd-0393-career-high-shirakawa-yui/,https://cdn.javmiku.com/wp-content/uploads/2026/10/2714-550x374.jpg
https://jav.guru/1058781/san-497z-the-underside-of-the-world-youd-absolutely-never-see-living-a-normal-life-002/,https://cdn.javmiku.com/wp-content/uploads/2026/10/h_796san497zpl-550x374.jpg
https://jav.guru/1058782/san-496z-the-underside-of-the-world-youd-absolutely-never-see-living-a-normal-life-001/,https://cdn.javmiku.com/wp-content/uploads/2026/10/h_796san496zpl-550x374.jpg
https://jav.guru/1058783/san-495-sadistic-widow-rieko-rieko-hiraoka/,https://cdn.javmiku.com/wp-content/uploads/2026/10/h_796san495pl-550x374.jpg
https://jav.guru/1058784/san-494-miracle-experience-the-story-of-a-man-who-tried-a-sex-change-on-a-whim-succeeded-and-became-a-sex-loving-slut-miho-tsuno/,https://cdn.javmiku.com/wp-content/uploads/2026/10/h_796san494pl-550x374.jpg
https://jav.guru/1058785/san-493-nudist-family-slutty-little-sister-edition-ayaka-tomoda/,https://cdn.javmiku.com/wp-content/uploads/2026/10/h_796san493pl-550x374.jpg
https://jav.guru/1058786/san-492-the-overly-sadistic-gyaru-slut-wife-who-moved-in-upstairs-aika/,https://cdn.javmiku.com/wp-content/uploads/2026/10/h_796san492pl-550x374.jpg
https://jav.guru/1058787/pitv-017-happy-and-shy-h-cup-kadowaki-honoka/,https://cdn.javmiku.com/wp-content/uploads/2026/10/n_1187pitv017pl-550x374.jpg
https://jav.guru/1058788/pitv-014-miracle-nude-welcome-back-heart-throbbing-g-cup-kotone-shibasaki/,https://cdn.javmiku.com/wp-content/uploads/2026/10/n_1187pitv014pl-550x374.jpg
https://jav.guru/1058789/pitv-009-after-all-shes-an-idol-sakura-airu/,https://cdn.javmiku.com/wp-content/uploads/2026/10/n_1187pitv009pl-550x374.jpg
https://jav.guru/1058790/pitv-006-black-haired-maiden-cool-beauty-the-alluring-slender-beautiful-girl-kiryu-nanoha/,https://cdn.javmiku.com/wp-content/uploads/2026/10/n_1187pitv006pl-550x374.jpg
https://jav.guru/1058791/ome-357-sexual-angler-shihomi-yoshino/,https://cdn.javmiku.com/wp-content/uploads/2026/10/2745-550x374.jpg
https://jav.guru/1058792/ohp-026-100-beautiful-girl-vol-26-100%ef%bc%85-vol-26-enrin/,https://cdn.javmiku.com/wp-content/uploads/2026/10/2582-550x374.jpg
https://jav.guru/1058793/nacx-179-h-j-k-cup-fondling-the-supremely-soft-tits-of-50-women/,https://cdn.javmiku.com/wp-content/uploads/2026/10/h_237nacx179pl-550x374.jpg
https://jav.guru/1058794/mwkd-5070-17-taboos-packed-with-guilt-chika-nonomiya/,https://cdn.javmiku.com/wp-content/uploads/2026/10/n_650mwkd5070pl-550x374.jpg
https://jav.guru/1058795/mrec-012-sex-record-011-mahiro-ichiki-personal-bankruptcy-family-collapse-a-turbulent-adolescence-av-debut-to-buy-a-house-shocking-first-experiences-romance-lesbian-marriage-agency/,https://cdn.javmiku.com/wp-content/uploads/2026/10/mrec00012pl-550x374.jpg
https://jav.guru/1058796/__trashed-274/,https://cdn.javmiku.com/wp-content/uploads/2026/10/1152-550x374.jpg
https://jav.guru/1058797/__trashed-273/,https://cdn.javmiku.com/wp-content/uploads/2026/10/2581-550x374.jpg
https://jav.guru/1058798/__trashed-272/,https://cdn.javmiku.com/wp-content/uploads/2026/10/2593-550x374.jpg
https://jav.guru/1058799/__trashed-275/,https://cdn.javmiku.com/wp-content/uploads/2026/10/787-550x374.jpg
https://jav.guru/1058800/mmr-bm159-umis-descent-rinna-umi/,https://cdn.javmiku.com/wp-content/uploads/2026/10/2764-550x374.jpg
https://jav.guru/1058801/mmr-az074-mellow-ako-kurusu/,https://cdn.javmiku.com/wp-content/uploads/2026/10/2760-550x374.jpg
https://jav.guru/1058805/lcyv-41444-pet-wanko/,https://cdn.javmiku.com/wp-content/uploads/2026/10/2740-550x374.jpg
https://jav.guru/1058806/lcdv-41445-stay-by-my-side-forever-yanase-saki/,https://cdn.javmiku.com/wp-content/uploads/2026/10/2739-550x374.jpg
https://jav.guru/1058807/lcdv-41306-secret-experiment-rin-soramine/,https://cdn.javmiku.com/wp-content/uploads/2026/10/2726-550x374.jpg
https://jav.guru/1058808/lcdv-41299-do-you-dislike-naughty-things-%ef%bc%9f-ruis-tsuji/,https://cdn.javmiku.com/wp-content/uploads/2026/10/2766-550x374.jpg
https://jav.guru/1058809/lcdv-41176-ill-soothe-you-risa-toumiya/,https://cdn.javmiku.com/wp-content/uploads/2026/10/2758-550x374.jpg
https://jav.guru/1058810/lcdv-41097-naughty-kurea-chan-kurea-takanashi/,https://cdn.javmiku.com/wp-content/uploads/2026/10/2738-550x374.jpg
https://jav.guru/1058811/ku-117-yuri-kitatani-quiet-passion/,https://cdn.javmiku.com/wp-content/uploads/2026/10/2188-550x374.jpg
https://jav.guru/1058812/kidm-797b-temptation-game-horiguchi-toshimi/,https://cdn.javmiku.com/wp-content/uploads/2026/10/2711-550x374.jpg
https://jav.guru/1058813/kidm-221-am-i-bulging-chie-takenaka/,https://cdn.javmiku.com/wp-content/uploads/2026/10/n_945kidm221pl-550x374.jpg
https://jav.guru/1058814/kidm-177-lovely-schoolgirl-mizuho-ayase/,https://cdn.javmiku.com/wp-content/uploads/2026/10/2547-550x374.jpg
https://jav.guru/1058815/kidm-1119b-tsubasa-mania-akimoto-tsubasa/,https://cdn.javmiku.com/wp-content/uploads/2026/10/2612-550x374.jpg
https://jav.guru/1058816/kidm-1089b-shameless-angel-nagai-sumire/,https://cdn.javmiku.com/wp-content/uploads/2026/10/2610-550x374.jpg
https://jav.guru/1058824/grabd-037-only-i-know-nias-secret-nia/,https://cdn.javmiku.com/wp-content/uploads/2026/10/n_1535grabd037pl-550x374.jpg
https://jav.guru/1058825/goji-114-the-dominator-known-as-the-stepson-young-stepmothers-succumb-to-the-heights-of-irresistible-pleasure-and-completely-offer-up-their-lewd-bodies-in-a-forbidden-lineage/,https://cdn.javmiku.com/wp-content/uploads/2026/10/h_1729goji114pl-550x374.jpg
https://jav.guru/1058826/girid-029-girigura-peach-colored-region-miku-kohinata/,https://cdn.javmiku.com/wp-content/uploads/2026/10/n_1010girid029pl-550x374.jpg
https://jav.guru/1058827/gihhd-021-girigura-secret-treasure-museum-marina-komakura/,https://cdn.javmiku.com/wp-content/uploads/2026/10/n_1010gihhd021pl-550x374.jpg
https://jav.guru/1058828/fs-002b-bouncy-glamorous-marina-yuzuki-blu-ray-disc/,https://cdn.javmiku.com/wp-content/uploads/2026/10/n_1428fs002bpl-550x374.jpg
https://jav.guru/1058829/foen-002-megumis-day-yasu-megumi/,https://cdn.javmiku.com/wp-content/uploads/2026/10/2580-550x374.jpg
https://jav.guru/1058832/film-0004-vivid-film-nightmare-on-erom-street-naomi-satake/,https://cdn.javmiku.com/wp-content/uploads/2026/10/n_937film0004pl-550x374.jpg
https://jav.guru/1058833/fg-001-voluptuous-slut-club-vol-01/,https://cdn.javmiku.com/wp-content/uploads/2026/10/h_265fg001pl-550x374.jpg
https://jav.guru/1058834/enfd-5693-enbi-%ef%bd%9e-%ef%bd%9e-yoko-kawahara/,https://cdn.javmiku.com/wp-content/uploads/2026/10/2709-550x374.jpg
https://jav.guru/1058836/dldss-535-henmi-nao-debut-the-m-cup-married-woman-discovered-by-the-world/,https://cdn.javmiku.com/wp-content/uploads/2026/10/1dldss535pl-550x374.jpg
https://jav.guru/1058837/cand-01190-pure-labyrinth-maria-inoue/,https://cdn.javmiku.com/wp-content/uploads/2026/10/n_1234cand01190pl-550x374.jpg
https://jav.guru/1058838/bufe-112-hairless-girls-5/,https://cdn.javmiku.com/wp-content/uploads/2026/10/h_1786bufe00112pl-550x374.jpg
https://jav.guru/1058839/bufe-097-pure-maiden-43/,https://cdn.javmiku.com/wp-content/uploads/2026/10/h_1786bufe00097pl-550x374.jpg
https://jav.guru/1058840/bufe-080-big-tits-paradise-17/,https://cdn.javmiku.com/wp-content/uploads/2026/10/h_1786bufe00080pl-550x374.jpg
https://jav.guru/1058841/bufe-074-big-tits-paradise-15/,https://cdn.javmiku.com/wp-content/uploads/2026/10/h_1786bufe00074pl-550x374.jpg
https://jav.guru/1058842/bufe-053-beautiful-young-lady-3/,https://cdn.javmiku.com/wp-content/uploads/2026/10/h_1786bufe00053pl-550x374.jpg
https://jav.guru/1058843/brd-023-breeding-club-complete-creampie-fertilization-three-times-in-a-row-fertilization-file-no-23/,https://cdn.javmiku.com/wp-content/uploads/2026/10/118brd023pl-550x374.jpg
https://jav.guru/1058844/bgsd-353-unearthed-beautiful-girl-revolution-nishikawa-ran/,https://cdn.javmiku.com/wp-content/uploads/2026/10/n_1121bgsd353pl-550x374.jpg
https://jav.guru/1058845/abp-027-prestige-summer-festival-2013-summer-escape-ayami-shunka/,https://cdn.javmiku.com/wp-content/uploads/2026/10/118abp027pl-550x374.jpg
https://jav.guru/1059028/umd-1024-the-secretly-perverted-little-sister-with-a-strong-sex-drive-transforms-after-discovering-how-good-sumata-feels-she-keeps-wiggling-her-hips-her-smooth-pussy-about-to-take-her-brothers/,https://cdn.javmiku.com/wp-content/uploads/2026/10/125umd1024pl-550x374.jpg
https://jav.guru/1059029/umd-1023-the-twice-divorced-mature-woman-i-met-at-my-part-time-job-who-hasnt-had-her-pussy-licked-in-10-years-sex-after-so-long-turns-her-tight-pussy-into-a-loose-pussy-in-one-day-3/,https://cdn.javmiku.com/wp-content/uploads/2026/10/125umd1023pl-550x374.jpg
https://jav.guru/1059030/umd-1022-at-the-masseurs-mercy-married-women-thoroughly-toyed-with-from-top-to-bottom-through-the-curtain-suppressing-their-voices-panting-heavily-trembling-their-oil-flushed-bodies-and-cummi/,https://cdn.javmiku.com/wp-content/uploads/2026/10/125umd1022pl-550x374.jpg
https://jav.guru/1059031/umd-1021-the-poster-girls-of-the-hot-spring-inn-that-went-viral-on-sns-are-beautiful-big-titted-sisters-3/,https://cdn.javmiku.com/wp-content/uploads/2026/10/125umd1021pl-550x374.jpg
https://jav.guru/1059032/tsds-43035-drifting-with-you-miho-toki/,https://cdn.javmiku.com/wp-content/uploads/2026/10/2721-550x374.jpg
https://jav.guru/1059033/tsds-43034-love-me-deeply-karen-suzuhara/,https://cdn.javmiku.com/wp-content/uploads/2026/10/2720-550x374.jpg
https://jav.guru/1059034/tsds-42986-milky-glamour-kokoro-hakuha/,https://cdn.javmiku.com/wp-content/uploads/2026/10/2747-550x374.jpg
https://jav.guru/1059035/tsds-42882-even-though-its-my-first-time-momoko-shiratori/,https://cdn.javmiku.com/wp-content/uploads/2026/10/2719-550x374.jpg
https://jav.guru/1059036/tsds-42873-debut-ramu-higashimura/,https://cdn.javmiku.com/wp-content/uploads/2026/10/2718-550x374.jpg
https://jav.guru/1059037/tsds-42573-precocious-curiosity-tsugumi-hinamori/,https://cdn.javmiku.com/wp-content/uploads/2026/10/2717-550x374.jpg
https://jav.guru/1059038/tsds-42549-pure-smile-mii-ooeda/,https://cdn.javmiku.com/wp-content/uploads/2026/10/2746-550x374.jpg
https://jav.guru/1059039/tsds-42521-if-mizuki-were-to-mizuki-takanashi/,https://cdn.javmiku.com/wp-content/uploads/2026/10/2716-550x374.jpg
https://jav.guru/1059040/tsds-42516-short-haired-cutie-yamamoto-yuu/,https://cdn.javmiku.com/wp-content/uploads/2026/10/2715-550x374.jpg
https://jav.guru/1059041/tsds-42501-evolution-erika-nakamura/,https://cdn.javmiku.com/wp-content/uploads/2026/10/342496138_1112-550x374.jpg
https://jav.guru/1059042/skth-008-shikota-holdings-kista-inc-face-to-face-kissing-the-female-teacher-whose-tongue-is-way-too-sensitive-and-who-cums-and-pisses-herself-from-kissing-sunao-kui/,https://cdn.javmiku.com/wp-content/uploads/2026/10/1skth00008pl-550x374.jpg
https://jav.guru/1059043/skth-007-shikota-holdings-wakita-co-ltd-do-you-like-my-armpits-the-case-of-a-colleagues-armpits-being-way-too-erotic-2/,https://cdn.javmiku.com/wp-content/uploads/2026/10/1skth00007pl-550x374.jpg
https://jav.guru/1059044/sdam-182-young-ladies-on-a-girls-trip-found-at-shiobara-onsen-wont-you-try-entering-the-mens-bath-with-just-one-towel-64-approached-6-beauty-conscious-neat-gals/,https://cdn.javmiku.com/wp-content/uploads/2026/10/1sdam182pl-550x374.jpg
https://jav.guru/1059045/mmr-bm158-fetish-wanko/,https://cdn.javmiku.com/wp-content/uploads/2026/10/2763-550x374.jpg
https://jav.guru/1059046/mmr-bm154-my-first-after-school-shiko-gomiya/,https://cdn.javmiku.com/wp-content/uploads/2026/10/2744-550x374.jpg
https://jav.guru/1059047/mmr-bm149-a-surge-of-splendour-makoto/,https://cdn.javmiku.com/wp-content/uploads/2026/10/2743-550x374.jpg
https://jav.guru/1059048/mmr-bm146-im-debuting-%ef%bc%81-rinna-umi/,https://cdn.javmiku.com/wp-content/uploads/2026/10/2742-550x374.jpg
https://jav.guru/1059049/mmr-bm142-fetishism-sexual-charm-%ef%bd%9e-%ef%bd%9e-izumi-morikawa/,https://cdn.javmiku.com/wp-content/uploads/2026/10/2741-550x374.jpg
https://jav.guru/1059050/mmr-bm133-chihos-peach-momokawa-chiho/,https://cdn.javmiku.com/wp-content/uploads/2026/10/2712-550x374.jpg
https://jav.guru/1059051/mmr-bc003-just-for-once-elena-sumeragi/,https://cdn.javmiku.com/wp-content/uploads/2026/10/2762-550x374.jpg
https://jav.guru/1059052/mmr-bc002-non-non-style/,https://cdn.javmiku.com/wp-content/uploads/2026/10/2761-550x374.jpg
https://jav.guru/1059053/mmr-az579-shiny-body-maori-tani/,https://cdn.javmiku.com/wp-content/uploads/2026/10/2637-550x374.jpg
https://jav.guru/1059054/mmr-az545-when-i-tried-warming-it-up-seiko-kirishima/,https://cdn.javmiku.com/wp-content/uploads/2026/10/2769-550x374.jpg
https://jav.guru/1059055/mmr-az512-marshmallow-cup-rana/,https://cdn.javmiku.com/wp-content/uploads/2026/10/2768-550x374.jpg
https://jav.guru/1059064/jimmy-012-digital-tattoo-i-ended-up-exposing-an-indelible-disgrace-because-of-a-video-i-shot-thinking-it-would-go-viral-sakuragi-nagisa/,https://cdn.javmiku.com/wp-content/uploads/2026/10/JIMMY-012-550x374.jpg
https://jav.guru/1059608/yoch-036-thinking-of-my-husband-affair-trip-wanting-to-relive-the-thrills-with-my-orgasm-craving-greedy-body-without-telling-my-husband-i-stayed-out-overnight-on-an-unauthorized-affair-and-tr/,https://cdn.javmiku.com/wp-content/uploads/2026/10/h_086yoch036pl-550x374.jpg
https://jav.guru/1059609/xmom-123-tongue-licking-pervert-club-specializing-in-extreme-masochist-wives-ayami-mori/,https://cdn.javmiku.com/wp-content/uploads/2026/10/h_086xmom123pl-550x374.jpg
https://jav.guru/1059610/tkd-069-landlady-kayo-has-a-second-helping-of-oyakodon-kayo-iwasawa/,https://cdn.javmiku.com/wp-content/uploads/2026/10/tkd00069pl-550x374.jpg
https://jav.guru/1059611/tend-031-the-six-years-of-a-minato-girl-who-went-from-aspiring-idol-to-a-producers-mistress/,https://cdn.javmiku.com/wp-content/uploads/2026/10/h_1753tend031pl-550x374.jpg
https://jav.guru/1059612/stsk-247-mobile-phone-shop-clerk-rape-crying-and-screaming-for-help-but-out-of-range-endless-raw-creampies/,https://cdn.javmiku.com/wp-content/uploads/2026/10/h_1605stsk247pl-550x374.jpg
https://jav.guru/1059613/stsk-246-hotel-woman-group-molestation-11-the-female-room-attendant-destroyed-by-inhumane-acts/,https://cdn.javmiku.com/wp-content/uploads/2026/10/h_1605stsk246pl-550x374.jpg
https://jav.guru/1059614/stsk-245-maternity-class-4-targeted-pregnant-women/,https://cdn.javmiku.com/wp-content/uploads/2026/10/h_1605stsk245pl-550x374.jpg
https://jav.guru/1059615/pts-544-completely-private-footage-i-an-amateur-actually-got-to-have-sex-with-an-actress-surely-anyone-can-do-it-too-lets-try-it/,https://cdn.javmiku.com/wp-content/uploads/2026/10/h_021pts544pl-550x374.jpg
https://jav.guru/1059616/nxgs-022-wifes-mother-forbidden-immoral-mother-son-incest/,https://cdn.javmiku.com/wp-content/uploads/2026/10/h_1664nxgs022pl-550x374.jpg
https://jav.guru/1059617/nhdtc-261-intense-shame-anal-debut-dripping-intestinal-juices-anal-orgasm-outdoor-enema-two-hole-sex-please-watch-all-of-me-yura-satsuki/,https://cdn.javmiku.com/wp-content/uploads/2026/10/1nhdtc261pl-550x374.jpg
https://jav.guru/1059618/nhdtc-259-cutout-girl-who-becomes-aroused-with-erect-nipples-from-the-shame-of-having-her-bare-tits-pulled-out-through-the-chest-holes/,https://cdn.javmiku.com/wp-content/uploads/2026/10/1nhdtc259pl-550x374.jpg
https://jav.guru/1059619/nhdtc-258-the-shoplifting-girl-frced-to-give-an-apology-blowjob-by-the-flashy-store-manager-then-when-she-tried-to-go-home-cornered-by-the-peeping-scumbag-middle-aged-part-timer-and-given-a-lef/,https://cdn.javmiku.com/wp-content/uploads/2026/10/1nhdtc258pl-550x374.jpg
https://jav.guru/1059620/nhdtc-257-if-someone-comes-put-the-skirt-back-and-interrupt-seize-the-opportunity-to-re-insert-the-pantyhose-big-assed-office-lady-2-who-has-her-emotions-all-messed-up/,https://cdn.javmiku.com/wp-content/uploads/2026/10/1nhdtc257pl-550x374.jpg
https://jav.guru/1059621/nhdtc-256-izakaya-skewering-to-make-her-understand-taking-turns-giving-continuous-creampies-to-the-big-tits-woman-flirting-in-a-private-room-right-in-front-of-her-passed-out-boyfriend/,https://cdn.javmiku.com/wp-content/uploads/2026/10/1nhdtc256pl-550x374.jpg
https://jav.guru/1059622/nhdtc-229-with-my-wife-nearby-just-1cm-from-the-nipples-if-a-beautiful-therapist-sets-up-a-nipple-sixty-nine-on-you-can-you-resist-licking-2/,https://cdn.javmiku.com/wp-content/uploads/2026/10/1nhdtc229pl-550x374.jpg
https://jav.guru/1059625/jura-217-first-filming-married-woman-documentary-chapter-3-shiori-narumiya/,https://cdn.javmiku.com/wp-content/uploads/2026/10/h_086jura217pl-550x374.jpg
https://jav.guru/1059626/jura-216-first-time-filming-of-a-fifty-year-old-wife-documentary-chapter-2-kanae-shindo/,https://cdn.javmiku.com/wp-content/uploads/2026/10/h_086jura216pl-550x374.jpg
https://jav.guru/1059627/jura-215-first-filming-fifty-year-old-wife-documentary-chapter-2-chihiro-takaoka/,https://cdn.javmiku.com/wp-content/uploads/2026/10/h_086jura215pl-550x374.jpg
https://jav.guru/1059628/jura-214-first-filming-married-woman-documentary-chapter-2-reika-takamiya/,https://cdn.javmiku.com/wp-content/uploads/2026/10/h_086jura214pl-550x374.jpg
https://jav.guru/1059632/jrze-324-first-time-married-woman-documentary-natsume-okuno/,https://cdn.javmiku.com/wp-content/uploads/2026/10/h_086jrze324pl-550x374.jpg
https://jav.guru/1059633/jrze-323-first-filming-married-woman-documentary-maki-yuki/,https://cdn.javmiku.com/wp-content/uploads/2026/10/h_086jrze323pl-550x374.jpg
https://jav.guru/1059634/jrze-322-first-filming-documentary-of-a-fifty-year-old-wife-yoshika-aoba/,https://cdn.javmiku.com/wp-content/uploads/2026/10/h_086jrze322pl-550x374.jpg
https://jav.guru/1059642/ienf-450-amateur-wife-pickup-could-you-peel-and-wash-this-virgin-guys-phimosis-cock-for-him-4-she-gets-horny-at-the-rock-hard-cock-she-hasnt-seen-in-a-long-time-she-gently-gave-him-his-virgin/,https://cdn.javmiku.com/wp-content/uploads/2026/10/1ienf450pl-550x374.jpg
https://jav.guru/1059646/hbad-743-my-busty-sex-friend-is-quiet-and-obedient-and-will-let-anyone-fuck-her-shes-an-onahole-girl-tsugumi-aida/,https://cdn.javmiku.com/wp-content/uploads/2026/10/1hbad743pl-550x374.jpg
https://jav.guru/1059647/hbad-742-my-niece-whos-grown-into-j-cup-huge-tits-presses-her-soft-braless-tits-right-up-against-me-an-ayumi/,https://cdn.javmiku.com/wp-content/uploads/2026/10/1hbad742pl-550x374.jpg
https://jav.guru/1059648/haru-060-wet-amateur-pantyhose-with-an-obscene-scent/,https://cdn.javmiku.com/wp-content/uploads/2026/10/h_687haru060pl-550x374.jpg
https://jav.guru/1059649/haru-057-cute-big-titted-gals-beautiful-pantyhose-legs-toyed-with-until-i-cum/,https://cdn.javmiku.com/wp-content/uploads/2026/10/h_687haru057pl-550x374.jpg
https://jav.guru/1059651/goji-113-uncle-make-me-feel-even-better-black-haired-students-twitch-and-convulse-from-pleasure-theyve-never-experienced-before-as-they-fall-in-a-top-secret-impregnation-extracurricular-less/,https://cdn.javmiku.com/wp-content/uploads/2026/10/h_1729goji113pl-550x374.jpg
https://jav.guru/1059652/goji-112-even-though-theyre-bld-brothers-how-can-their-sizes-be-so-different-ever-since-the-day-she-saw-her-brother-in-laws-huge-cock-the-aching-wont-stop/,https://cdn.javmiku.com/wp-content/uploads/2026/10/h_1729goji112pl-550x374.jpg
https://jav.guru/1059653/gbsa-101-slutty-inappropriate-relationship-2/,https://cdn.javmiku.com/wp-content/uploads/2026/10/gbsa101pl-550x374.jpg
https://jav.guru/1059654/fw-011-lately-things-dont-seem-to-be-going-well-with-your-son-the-lonely-wife-whose-husband-wont-give-her-any-attention-became-her-father-in-laws-meat-onahole-sayu-nanahara/,https://cdn.javmiku.com/wp-content/uploads/2026/10/h_1089fw00011pl-550x374.jpg
https://jav.guru/1059655/fns-265-too-erotic-to-break-up-with-real-cohabitation-sex-life-with-a-cheating-insatiable-gal-mia-kamiki/,https://cdn.javmiku.com/wp-content/uploads/2026/10/1fns00265pl-550x374.jpg
https://jav.guru/1059656/fera-214-the-jerk-off-to-me-mother-who-makes-an-intense-appeal-to-her-son-with-pressuring-flaunting-and-dirty-talk-incest-hitomi-yoshimizu/,https://cdn.javmiku.com/wp-content/uploads/2026/10/h_086fera214pl-550x374.jpg
https://jav.guru/1059657/euud-088-sensitive-mature-body-convulsing-in-climax-massive-incontinence-urination-orgasm-squirting-fuck-squirting-orgasm-super-sex-konoe-tazaki/,https://cdn.javmiku.com/wp-content/uploads/2026/10/h_086euud88pl-550x374.jpg
https://jav.guru/1059658/dori-118-pov-fuck-no-118-shes-just-started-compensated-dating-but-for-a-high-school-girl-shes-a-bit-experienced-sensitive-girl-f-cup-high-school-girl-hinako-chan-who-feels-it-even-through-her/,https://cdn.javmiku.com/wp-content/uploads/2026/10/h_491dori118pl-550x374.jpg
https://jav.guru/1059659/doki-036-unexpected-secret-option-coaching-at-the-mens-esthetic-newcomer-training-i-heard-it-was-a-normal-shop-though-drilled-in-fellatio-service-close-contact-training-where-their-breath/,https://cdn.javmiku.com/wp-content/uploads/2026/10/h_1664doki036pl-550x374.jpg
https://jav.guru/1059660/docd-101-japans-highest-rated-love-hotel-turned-out-to-be-a-shady-hotel-famous-for-hidden-camera-filming-vol-2/,https://cdn.javmiku.com/wp-content/uploads/2026/10/h_1711docd101pl-550x374.jpg
https://jav.guru/1059662/dlis-025-erogenous-zone-development-circle-where-women-troubled-by-frigidity-gather-kokomi-hoshinaka/,https://cdn.javmiku.com/wp-content/uploads/2026/10/h_687dlis025pl-550x374.jpg
https://jav.guru/1059663/dlis-024-brutal-fathers-stolen-love-the-big-tits-schoolgirl-whose-relationship-with-her-boyfriend-was-torn-apart-hono-wakamiya/,https://cdn.javmiku.com/wp-content/uploads/2026/10/h_687dlis024pl-550x374.jpg
https://jav.guru/1059665/cesd-170-dad-and-mom-7-hibiki-otsuki/,https://cdn.javmiku.com/wp-content/uploads/2026/10/cesd170pl-550x374.jpg
https://jav.guru/1059666/cesd-169-edging-sex-please-im-begging-you-let-me-cum-akari-nanahara/,https://cdn.javmiku.com/wp-content/uploads/2026/10/cesd169pl-550x374.jpg
https://jav.guru/1059667/cesd-168-first-filming-of-the-shy-amateur-wife-maimi/,https://cdn.javmiku.com/wp-content/uploads/2026/10/cesd168pl-550x374.jpg
https://jav.guru/1059669/c-2567-raw-footage-lesbian-hot-spring-trip-10/,https://cdn.javmiku.com/wp-content/uploads/2026/10/140c2567pl-550x374.jpg
https://jav.guru/1059670/c-2566-married-woman-cuckold-hot-spring-trip-extra-edition-married-womans-travelogue-07/,https://cdn.javmiku.com/wp-content/uploads/2026/10/140c2566pl-550x374.jpg
https://jav.guru/1059671/c-2563-on-a-secret-hot-spring-trip-with-a-male-acquaintance-kept-from-my-husband-1/,https://cdn.javmiku.com/wp-content/uploads/2026/10/140c2563pl-550x374.jpg
https://jav.guru/1059672/c-2403-mature-wife-interview-pov-fuck-forties-wife-writhes-3-side-story-married-woman-travelogue-02/,https://cdn.javmiku.com/wp-content/uploads/2026/10/140c2403pl-550x374.jpg
https://jav.guru/1059673/c-2402-mature-womans-erotic-journey-003/,https://cdn.javmiku.com/wp-content/uploads/2026/10/140c2402pl-550x374.jpg
https://jav.guru/1059674/c-2400-adultery-and-then-006-continued-life-journey-017/,https://cdn.javmiku.com/wp-content/uploads/2026/10/140c2400pl-550x374.jpg
https://jav.guru/1059675/c-2396-taking-a-married-woman-i-know-on-a-hot-spring-trip-009/,https://cdn.javmiku.com/wp-content/uploads/2026/10/140c2396pl-550x374.jpg
https://jav.guru/1059676/c-2395-mature-wife-interview-pov-fuck-15/,https://cdn.javmiku.com/wp-content/uploads/2026/10/140c2395pl-550x374.jpg
https://jav.guru/1059677/c-2393-director-promotion-practical-skills-test-02/,https://cdn.javmiku.com/wp-content/uploads/2026/10/140c2393pl-550x374.jpg
https://jav.guru/1059678/c-2392-amateur-wife-seduction-interview/,https://cdn.javmiku.com/wp-content/uploads/2026/10/140c2392pl-550x374.jpg
https://jav.guru/1059679/bkd-147-mother-son-copulation-kamisuwa-road-reiko-sawamura/,https://cdn.javmiku.com/wp-content/uploads/2026/10/bkd147sopl-550x374.jpg
https://jav.guru/1059680/bkd-146-mother-son-mating-komoro-road-yuriko-hayakawa/,https://cdn.javmiku.com/wp-content/uploads/2026/10/bkd146sopl-550x374.jpg
https://jav.guru/1059681/bkd-145-mother-son-copulation-taeko-akiyoshi/,https://cdn.javmiku.com/wp-content/uploads/2026/10/bkd145sopl-550x374.jpg
https://jav.guru/1059682/bkd-143-mother-son-mating-emiko-nara/,https://cdn.javmiku.com/wp-content/uploads/2026/10/bkd143sopl-550x374.jpg
https://jav.guru/1059683/bkd-141-mother-son-copulation-miki-matsuzaka/,https://cdn.javmiku.com/wp-content/uploads/2026/10/bkd141sopl-550x374.jpg
https://jav.guru/1059684/beb-032-tall-slut-mami-yuuki/,https://cdn.javmiku.com/wp-content/uploads/2026/10/beb032pl-550x374.jpg
https://jav.guru/1059685/beb-031-slutty-teacher-yuuki-sayaka/,https://cdn.javmiku.com/wp-content/uploads/2026/10/beb031pl-550x374.jpg
https://jav.guru/1059686/beb-030-the-slutty-older-sister-is-a-masseuse-yukari-shirakawa/,https://cdn.javmiku.com/wp-content/uploads/2026/10/beb030pl-550x374.jpg
https://jav.guru/1059687/beb-028-lewd-hip-action-vol-5-runa/,https://cdn.javmiku.com/wp-content/uploads/2026/10/beb028pl-550x374.jpg
https://jav.guru/1059691/aarm-370-grabbing-a-mans-ass-flesh-twisting-the-tongue-in-and-thoroughly-sucking-it-dry-with-demonic-anal-licking-4/,https://cdn.javmiku.com/wp-content/uploads/2026/10/aarm370pl-550x374.jpg
https://jav.guru/1059692/aarm-369-invincible-black-gyaru-3p-sensual-salon-super-dynamite-body-sena-rumina-x-extreme-erotic-mango-tits-kurosaki-hana/,https://cdn.javmiku.com/wp-content/uploads/2026/10/aarm369pl-550x374.jpg
https://jav.guru/1059780/abf-392-ultimate-slippery-orgasm-shizukuha-takimoto/,https://cdn.javmiku.com/wp-content/uploads/2026/10/pb_e_abf-392-550x374.jpg
https://jav.guru/1059781/abf-391-still-pretending-to-be-a-pure-and-innocent-nurse-today-remu-suzumori/,https://cdn.javmiku.com/wp-content/uploads/2026/10/pb_e_abf-391-550x374.jpg
https://jav.guru/1059966/uman-014-no-bra-no-panties-huge-tits-super-slutty-wife-the-story-of-how-the-neighborhood-wife-seduced-me-with-her-bang-squeeze-boom-voluptuous-body/,https://cdn.javmiku.com/wp-content/uploads/2026/10/uman014pl-550x374.jpg
https://jav.guru/1059967/sodah-003-every-time-i-smell-the-shampoo-i-fall-in-love-with-my-senpai-over-and-over-the-adult-gazes-that-occasionally-bewitch-me-and-her-ample-tits-spilling-out-unprotected-in-the-room/,https://cdn.javmiku.com/wp-content/uploads/2026/10/sodah003pl-550x374.jpg
https://jav.guru/1059968/snos-440-busty-madame-sleeping-beauty-the-filthy-lewd-acts-she-received-during-insomnia-treatment-saki-okuda/,https://cdn.javmiku.com/wp-content/uploads/2026/10/snos440pl-550x374.jpg
https://jav.guru/1059969/snos-424-stuck-in-an-elevator-power-outage-from-a-heavy-rainstorm-alone-in-a-sealed-room-with-my-cool-beautiful-boss-i-get-aroused-by-her-sexy-wet-hair-and-wet-skin-and-attack-her/,https://cdn.javmiku.com/wp-content/uploads/2026/10/snos424pl-550x374.jpg
https://jav.guru/1059970/snos-418-the-once-innocent-granddaughter-has-developed-a-body-that-looks-ready-to-make-babies-enough-to-give-grandpa-his-first-erection-in-ten-years-rino-sakurano/,https://cdn.javmiku.com/wp-content/uploads/2026/10/snos418pl-550x374.jpg
https://jav.guru/1059971/snos-411-keep-it-in-until-the-last-train-no-foreplay-instant-fuck-consecutive-shots-affair-with-a-9-head-proportion-mistress-until-midnight/,https://cdn.javmiku.com/wp-content/uploads/2026/10/snos411pl-550x374.jpg
https://jav.guru/1059972/snos-404-i-got-to-date-my-super-popular-female-friend-whos-packed-with-sexual-experience-but-compared-to-her-ex-boyfriends-battle-hardened-cocks-looked-down-on-slut-fucked-frustrated-jerk/,https://cdn.javmiku.com/wp-content/uploads/2026/10/snos404pl-550x374.jpg
https://jav.guru/1059973/snos-392-betrayal-ntr-that-started-at-the-class-reunion-for-the-first-time-in-10-years-my-lowest-scumbag-ex-boyfriends-unmatched-stamina-pistoning-drove-me-completely-crazy/,https://cdn.javmiku.com/wp-content/uploads/2026/10/snos392pl-550x374.jpg
https://jav.guru/1059974/snos-384-the-ultimate-heroine-keeps-making-me-cum-for-24-hours-with-titjobs-handjobs-and-real-sex-all-ad-lib-raw-seto-kanna-total-10-ejaculations/,https://cdn.javmiku.com/wp-content/uploads/2026/10/snos384pl-550x374.jpg
https://jav.guru/1059975/snos-381-my-overly-considerate-beautiful-boss-who-even-follows-up-on-my-sexual-desires-gives-new-employee-training-with-jerk-off-support-sono-rion/,https://cdn.javmiku.com/wp-content/uploads/2026/10/snos381pl-550x374.jpg
https://jav.guru/1059976/snos-380-the-plain-ol-whose-hidden-erotic-body-was-discovered-by-her-middle-aged-creepy-boss-frced-to-share-a-room-on-a-business-trip-extreme-sexual-harassment-triggers-her-unexpected-slutty-aw/,https://cdn.javmiku.com/wp-content/uploads/2026/10/snos380pl-550x374.jpg
https://jav.guru/1059977/snos-378-new-years-eve-alone-together-in-the-student-dorm-with-just-the-talent-and-the-dorm-manager-the-middle-aged-cock-that-lusted-after-her-pure-white-i-cups-and-made-a-move-ready-to-get-fire/,https://cdn.javmiku.com/wp-content/uploads/2026/10/snos378pl-550x374.jpg
https://jav.guru/1059978/snos-376-unexpectedly-running-into-the-serious-ms-tano-from-accounting-at-a-delivery-health-service-and-when-i-stripped-her-her-tits-were-huge-hehe-ww-ill-use-this-as-leverage-to-get-plenty/,https://cdn.javmiku.com/wp-content/uploads/2026/10/snos376pl-550x374.jpg
https://jav.guru/1059979/snos-348-me-the-virgin-teacher-who-keeps-getting-completely-made-to-cum-over-and-over-by-a-bratty-schoolgirls-teasing-boner-provocations-shiraishi-touwa/,https://cdn.javmiku.com/wp-content/uploads/2026/10/snos348pl-550x374.jpg
https://jav.guru/1059980/snos-347-encountered-a-rookie-weather-caster-on-the-first-train-couldnt-hold-back-and-wildly-molested-her-turns-out-she-has-a-fetish-for-wanting-to-be-molested-suzuki-nozomi/,https://cdn.javmiku.com/wp-content/uploads/2026/10/snos347pl-550x374.jpg
https://jav.guru/1059981/snos-343-my-life-as-a-teacher-is-about-to-end-because-of-my-student-with-this-miraculous-face-and-body-that-makes-everyone-turn-and-look-hakata-ayaha/,https://cdn.javmiku.com/wp-content/uploads/2026/10/snos343pl-550x374.jpg
https://jav.guru/1059982/roe-571-absolutely-absolutely-keep-it-a-secret-the-cuckolded-wifes-day-off-secret-rendezvous-where-she-drowns-in-her-sons-friend-who-appeared-at-a-womens-sex-parlor-satsuki-kirioka/,https://cdn.javmiku.com/wp-content/uploads/2026/10/roe571pl-550x374.jpg
https://jav.guru/1059983/roe-570-monroe-5th-anniversary-commemorative-special-co-starring-work-when-i-returned-to-my-hometown-to-meet-my-remarried-father-i-was-welcomed-by-four-stepmothers/,https://cdn.javmiku.com/wp-content/uploads/2026/10/roe570pl-550x374.jpg
https://jav.guru/1059984/roe-569-pouring-16-consecutive-no-pull-out-pursuit-creampies-into-the-mother-hes-longed-for-for-10-years-incest-miyabi-inamori/,https://cdn.javmiku.com/wp-content/uploads/2026/10/roe569pl-550x374.jpg
https://jav.guru/1059985/roe-562-the-man-i-started-an-affair-with-on-a-matching-app-after-growing-fed-up-with-my-home-life-turned-out-to-be-my-daughters-boyfriend/,https://cdn.javmiku.com/wp-content/uploads/2026/10/roe562pl-550x374.jpg
https://jav.guru/1059986/ngod-363-wifes-mother-since-my-idiot-wife-cheated-and-left-i-summoned-her-mother-to-protest-and-when-she-said-sorry-for-my-daughter/,https://cdn.javmiku.com/wp-content/uploads/2026/10/ngod363pl-550x374.jpg
https://jav.guru/1059987/ngod-361-the-late-night-ward-receptionist-wife-gets-load-after-load-of-the-frustrated-large-room-patients-built-up-semen-poured-deep-into-her-pussy/,https://cdn.javmiku.com/wp-content/uploads/2026/10/ngod361pl-550x374.jpg
https://jav.guru/1059988/jur-901-your-wife-was-the-best-the-unexpected-cuckold-story-written-in-the-resignation-letter-of-the-new-employee-who-quit-after-three-months-nami-okimiya/,https://cdn.javmiku.com/wp-content/uploads/2026/10/jur901pl-550x374.jpg
https://jav.guru/1059989/jur-898-today-ill-give-you-lots-of-special-service-you-cant-tell-anyone-okay-when-i-found-out-the-plain-unsociable-wife-next-door-was-running-a-home-brothel-and-went-to-visit/,https://cdn.javmiku.com/wp-content/uploads/2026/10/jur898pl-550x374.jpg
https://jav.guru/1059990/jur-887-is-this-really-part-of-the-treatment-too-humiliating-manguri-breeding-press-beauty-salon-kanna-fuji/,https://cdn.javmiku.com/wp-content/uploads/2026/10/jur887pl-550x374.jpg
https://jav.guru/1059991/jur-881-a-one-night-two-day-semen-squeezing-trip-with-my-insatiable-aunt-who-fucks-like-crazy-with-her-husband-every-night-i-the-virgin-who-got-drained-over-and-over-and-awakened-to-sex/,https://cdn.javmiku.com/wp-content/uploads/2026/10/jur881pl-550x374.jpg
https://jav.guru/1059992/jur-879-the-days-completely-filled-with-mother-son-incest-from-when-her-doting-son-stopped-going-to-school-until-the-day-he-became-independent/,https://cdn.javmiku.com/wp-content/uploads/2026/10/jur879pl-550x374.jpg
https://jav.guru/1059993/jur-875-the-days-spent-covered-in-sweat-greedily-devouring-each-other-with-the-beautiful-naked-married-woman-next-door-until-our-sexual-desires-were-completely-exhausted/,https://cdn.javmiku.com/wp-content/uploads/2026/10/jur875pl-550x374.jpg
https://jav.guru/1059994/jur-868-when-i-half-jokingly-egged-on-my-junior-colleague-who-had-absolutely-no-experience-with-women-he-unexpectedly-turned-out-to-have-insane-stamina/,https://cdn.javmiku.com/wp-content/uploads/2026/10/jur868pl-550x374.jpg
https://jav.guru/1059995/jur-867-female-teacher-ntr-my-beloved-wife-is-cuckolded-by-delinquent-students-nana-miura/,https://cdn.javmiku.com/wp-content/uploads/2026/10/jur867pl-550x374.jpg
https://jav.guru/1059996/jur-859-sweat-gushing-out-reason-blown-away-cumming-and-leaping-so-hard-she-floats-in-mid-air-midsummer-massive-spasming-shrimp-arch-adultery-sex-kana-kusakabe/,https://cdn.javmiku.com/wp-content/uploads/2026/10/jur859pl-550x374.jpg
https://jav.guru/1059997/jur-856-my-childhood-friend-with-a-small-cock-who-used-to-like-me-had-evolved-into-a-man-with-a-huge-cock-and-a-vigorous-sex-drive-so-i-ended-up-drowning-in-raw-sex-over-and-over-again-meguri/,https://cdn.javmiku.com/wp-content/uploads/2026/10/jur856pl-550x374.jpg
https://jav.guru/1059998/jur-845-come-over-whenever-you-want-to-cum-again-secret-close-contact-cowgirl-milking-massage-with-aunt-ririko-in-a-midsummer-sealed-room-where-drool-sweat-and-lewd-juices-drip-down/,https://cdn.javmiku.com/wp-content/uploads/2026/10/jur845pl-550x374.jpg
https://jav.guru/1059999/jur-841-breathtaking-beauty-gripping-i-cups-a-suddenly-awakening-urge-to-cheat-nana-matsusaki-34-years-old-av-debut/,https://cdn.javmiku.com/wp-content/uploads/2026/10/jur841pl-550x374.jpg
https://jav.guru/1060000/jur-840-stepmom-will-teach-you-adult-kissing-the-voluptuous-stepmother-who-steals-the-lips-and-virginity-of-her-husbands-naive-stepson/,https://cdn.javmiku.com/wp-content/uploads/2026/10/jur840pl-550x374.jpg
https://jav.guru/1060001/jur-281-i-want-to-be-pampered-by-a-breast-milk-wife-like-this-azuki-mochi-30-years-old-av-debut-mochi-like-soft-h-cup-breasts-mysterious-milk-overflowing-from-them/,https://cdn.javmiku.com/wp-content/uploads/2026/10/jur281pl-550x374.jpg
https://jav.guru/1060002/ipzz-985-the-case-of-my-favorite-m-sensuality-girl-i-got-hooked-on-in-kansai-crashing-at-my-house-in-tokyo-a-strange-mesuiki-cohabitation-life-where-the-prostate-cries-with-joy-mikoto-chio/,https://cdn.javmiku.com/wp-content/uploads/2026/10/ipzz985pl-550x374.jpg
https://jav.guru/1060003/ipzz-973-former-celebrity-older-sister-switches-the-mic-for-a-cock-sucks-and-licks-it-in-a-thorough-blowjob-and-unleashes-an-intense-facial-cum-shower-runa-shiraishi/,https://cdn.javmiku.com/wp-content/uploads/2026/10/ipzz973pl-550x374.jpg
https://jav.guru/1060004/ipzz-972-the-quiet-and-mysterious-aisai-san-from-my-part-time-job-on-our-first-date-she-saw-through-my-sexual-fetishes-and-took-the-confused-me-to-a-hotel-where-she-kept-freely-slutting-me-until-mo/,https://cdn.javmiku.com/wp-content/uploads/2026/10/ipzz972pl-550x374.jpg
https://jav.guru/1060005/ipzz-970-my-gentle-pure-girlfriend-who-landed-a-job-at-an-esthetic-salon-was-frced-by-a-scumbag-customer-to-straddle-him-and-perform-the-treatment-had-his-erect-cock-inserted-through-the-cloth-le/,https://cdn.javmiku.com/wp-content/uploads/2026/10/ipzz970pl-550x374.jpg
https://jav.guru/1060006/ipzz-964-substitute-meat-toilet-10-days-of-confinement-with-an-insatiable-yakuza-old-man-who-never-stops-no-matter-how-many-times-he-cums-hinano-kanon/,https://cdn.javmiku.com/wp-content/uploads/2026/10/ipzz964pl-550x374.jpg
https://jav.guru/1060007/ipzz-954-super-pleasure-double-ejaculation-from-nipples-and-cock-a-mean-gal-nurse-uses-the-latest-nipple-gadgets-to-thoroughly-torment-a-masochist-pig-man-while-smirking-contemptuously-until-his-n/,https://cdn.javmiku.com/wp-content/uploads/2026/10/ipzz954pl-550x374.jpg
https://jav.guru/1060008/ipzz-951-at-my-first-ever-night-pool-i-saw-the-big-ass-swimsuit-look-of-the-senior-i-like-most-in-the-circle-and-couldnt-help-getting-rock-hard-i-thought-my-life-was-over-when-the-erection-got-fo/,https://cdn.javmiku.com/wp-content/uploads/2026/10/ipzz951pl-550x374.jpg
https://jav.guru/1060009/ipzz-942-glamorous-beauty-goddess-misumi-nene-awakening-massive-orgy-uncut-sp-a-grand-semen-festival-with-a-total-of-21-people-and-over-18-loads-misumi-nene/,https://cdn.javmiku.com/wp-content/uploads/2026/10/ipzz942pl-550x374.jpg
https://jav.guru/1060010/ipzz-936-a-hot-spring-date-with-the-soft-healing-type-shinozaki-senpai-the-drunk-senpais-slightly-sadistic-zero-distance-sweet-slut-play-was-way-too-melty-saho-shinozaki/,https://cdn.javmiku.com/wp-content/uploads/2026/10/ipzz936pl-550x374.jpg
https://jav.guru/1060011/ipzz-935-the-rapist-stepfather-who-served-time-is-released-after-6-years-frced-to-live-with-him-during-the-few-hours-when-my-husband-is-away-i-am-seed-raped-over/,https://cdn.javmiku.com/wp-content/uploads/2026/10/ipzz935pl-550x374.jpg
https://jav.guru/1060012/dsod-119-one-year-ill-go-out-with-you-for-one-year-only-me-a-beautician-wounded-by-heartbreak-melted-by-the-girls-kindness-and-fingertips-365-days-of-bittersweetly-drowning-with-my-tsund/,https://cdn.javmiku.com/wp-content/uploads/2026/10/dsod119pl-550x374.jpg
https://jav.guru/1060013/dsod-109-married-gals-temptation-on-parents-visiting-day-aint-your-mom-way-too-erotic-rena-momozono/,https://cdn.javmiku.com/wp-content/uploads/2026/10/dsod109pl-550x374.jpg
https://jav.guru/1060014/dsod-099-plain-freckled-round-glasses-big-tits-childhood-friend-whispers-will-you-teach-me-naughty-things-destroying-my-reason-as-i-creampie-her-over-and-over-in-this-extreme-cock-teasing-slut/,https://cdn.javmiku.com/wp-content/uploads/2026/10/dsod099pl-550x374.jpg
https://jav.guru/1060016/achj-103-long-ago-i-reunited-with-the-beautiful-slut-who-drove-me-crazy-it-was-supposed-to-be-revenge-but-a-story-where-everything-got-overwritten-by-anal-development-the-most-terrifying-super/,https://cdn.javmiku.com/wp-content/uploads/2026/10/achj103pl-550x374.jpg
https://jav.guru/1060017/achj-093-the-reason-why-i-a-virgin-turned-into-a-pervert-the-seven-trainings-drilled-into-me-by-the-beautiful-married-woman-next-door-who-taught-me-this-is-normal-nao-jinguji/,https://cdn.javmiku.com/wp-content/uploads/2026/10/achj093pl-550x374.jpg
