page_url,image_url
https://jav.guru/1050432/akid-123-married-women-welcome-i-secretly-filmed-everything-of-the-mature-women-who-fucked-like-crazy-at-my-home-26-seina-san-g-cup-31-years-old-a-beautiful-sexually-frustrated-wife-bursting-w/,https://cdn.javmiku.com/wp-content/uploads/2026/09/akid123pl-550x374.jpg
https://jav.guru/1050851/xvsr-385-incontinence-sex-wetting-ban-lifted-the-young-ladys-holy-water-aori-arihoshi/,https://cdn.javmiku.com/wp-content/uploads/2026/09/xvsr385sopl-550x374.jpg
https://jav.guru/1050852/tnoz-050-crushing-the-arrogant-pride-of-a-19-year-old-cosplayer-who-thinks-shes-an-idol-with-deepthroat-throat-piston-fucking-from-a-super-huge-cock-that-nearly-unhinges-her-jaw/,https://cdn.javmiku.com/wp-content/uploads/2026/09/tnoz050pl-550x374.jpg
https://jav.guru/1050856/scop-921-at-an-underground-brothel-that-offers-real-sex-i-secretly-took-off-the-condom-without-the-girl-noticing-and-plunged-in-for-a-deep-raw-creampie-8-tokyo-ota-ku-kamata-rental-room/,https://cdn.javmiku.com/wp-content/uploads/2026/09/scop921pl-550x374.jpg
https://jav.guru/1050857/rebd-1065-sora3-the-sunshine-that-envelops-you-eren-sora/,https://cdn.javmiku.com/wp-content/uploads/2026/09/h_346rebd1065pl-550x374.jpg
https://jav.guru/1050858/rebd-1064-non9-love-colored-vacation-nonoura-non/,https://cdn.javmiku.com/wp-content/uploads/2026/09/h_346rebd1064pl-550x374.jpg
https://jav.guru/1050859/rebd-1063-aika4-happy-gal-rush-aika/,https://cdn.javmiku.com/wp-content/uploads/2026/09/h_346rebd1063pl-550x374.jpg
https://jav.guru/1050860/rebd-1062-meguri-3-sweet-whispers-of-paradise-meguri/,https://cdn.javmiku.com/wp-content/uploads/2026/09/h_346rebd1062pl-550x374.jpg
https://jav.guru/1050861/prin-066-eh-milk-cow-tits-the-cosplayer-girl-who-shakes-her-holstein-natural-beautiful-huge-tits-all-bouncy-and-the-strongest-legal-cosplayer-girl-with-a-minimum-body-g-cup-big-tits-anime/,https://cdn.javmiku.com/wp-content/uploads/2026/09/prin066pl-550x374.jpg
https://jav.guru/1050863/love-088-the-tiny-girl-is-a-lewd-sex-doll-kagami-shuna/,https://cdn.javmiku.com/wp-content/uploads/2026/09/h_491love88pl-550x374.jpg
https://jav.guru/1050864/ksbj-175-having-an-affair-at-home-behind-her-husbands-back-mayuka-kitagawa/,https://cdn.javmiku.com/wp-content/uploads/2026/09/ksbj175pl-550x374.jpg
https://jav.guru/1050865/ksbj-174-8-beautiful-fifty-something-mothers-in-law-who-ended-up-having-sex-with-their-sons-in-law-during-a-man-drought/,https://cdn.javmiku.com/wp-content/uploads/2026/09/ksbj174pl-550x374.jpg
https://jav.guru/1050866/ksbj-144-reunion-natsu-tojo/,https://cdn.javmiku.com/wp-content/uploads/2026/09/ksbj144pl-550x374.jpg
https://jav.guru/1050872/id-047-my-beloved-call-girl-is-like-a-gentle-mother-shes-a-spoiled-girl-who-is-buried-in-her-voluptuous-body-i-push-her-thick-pussy-aside-and-insert-it-raw-i-shoot-raw-semen-into-the-vagina/,https://cdn.javmiku.com/wp-content/uploads/2026/09/h_113id047pl-550x374.jpg
https://jav.guru/1050873/id-043-beloved-deriheru-miss-serious-neighborhood-big-ass-beautiful-wife-edition-a-beautiful-and-plump-new-married-woman-tsukasa-nagano/,https://cdn.javmiku.com/wp-content/uploads/2026/09/h_113id043pl-550x374.jpg
https://jav.guru/1050876/hsm-090-virginity-graduation-minimum-lli-type-beautiful-virgin-otoko-no-ko-tomoe-mei-18-years-old-av-debut/,https://cdn.javmiku.com/wp-content/uploads/2026/09/h_458hsm090pl-550x374.jpg
https://jav.guru/1050877/hez-922-lewd-wife-who-wants-to-reboot-i-want-to-expose-my-true-slutty-self/,https://cdn.javmiku.com/wp-content/uploads/2026/09/59hez922pl-550x374.jpg
https://jav.guru/1050878/hez-920-even-though-im-in-a-shared-room-my-dick-is-throbbing-and-i-cant-sleep-so-a-sexy-and-cute-married-nurse-is-there-to-squeeze-out-my-sperm-for-me/,https://cdn.javmiku.com/wp-content/uploads/2026/09/59hez920pl-550x374.jpg
https://jav.guru/1050879/hez-919-a-pre-menopausal-mature-woman-who-handles-the-sexual-desire-left-over-from-being-busy-with-housework-and-childcare-via-anal-at-home-from-midday-saying-cheating-is-impossible-so-yuria/,https://cdn.javmiku.com/wp-content/uploads/2026/09/59hez919pl-550x374.jpg
https://jav.guru/1050880/hez-916-convenience-store-part-time-wife-starts-a-meat-onahole-side-job-with-the-male-part-timer-in-the-break-room-asami-mizumi/,https://cdn.javmiku.com/wp-content/uploads/2026/09/59hez916pl-550x374.jpg
https://jav.guru/1050884/fneo-066-someone-like-me-whos-short-and-flat-chested-the-20-year-old-college-girl-whose-embarrassed-smile-is-cute-loses-her-virginity/,https://cdn.javmiku.com/wp-content/uploads/2026/09/h_491fneo066pl-550x374.jpg
https://jav.guru/1050885/fit-008-first-shoot-now-that-ive-turned-20-i-tried-appearing-in-an-av-on-a-whim-nanami-yagami/,https://cdn.javmiku.com/wp-content/uploads/2026/09/118fit008pl-550x374.jpg
https://jav.guru/1050886/fays-016-my-student-turns-into-a-sex-friend-ayaka-matsumoto/,https://cdn.javmiku.com/wp-content/uploads/2026/09/55fays016pl-550x374.jpg
https://jav.guru/1050895/dldss-533-today-again-an-after-school-on-campus-date-with-my-older-girlfriend-naho-ozawa/,https://cdn.javmiku.com/wp-content/uploads/2026/09/1dldss533pl-550x374.jpg
https://jav.guru/1050896/cnstv-032-married-woman-ambushed-unconscious-with-a-sleeper-hold-free-rein-over-her-whole-body-and-breeding-her-at-will-008/,https://cdn.javmiku.com/wp-content/uploads/2026/09/h_1472cnstv00032pl-550x374.jpg
https://jav.guru/1050897/cnstv-031-43-year-old-super-lewd-glamorous-l-cup-huge-tits-body-lust-monster-married-womans-challenge-reika-toyota/,https://cdn.javmiku.com/wp-content/uploads/2026/09/h_1472cnstv00031pl-550x374.jpg
https://jav.guru/1050898/cesd-103-the-moment-a-woman-becomes-a-bitch-first-experience-at-23-the-unleashed-sexual-desire-of-a-late-blooming-sensitive-married-woman-sakura-hanamitsu/,https://cdn.javmiku.com/wp-content/uploads/2026/09/cesd103pl-550x374.jpg
https://jav.guru/1050899/cesd-098-the-proprietress-of-the-downtown-oden-shop-that-brings-happiness-chiori-shirakawa/,https://cdn.javmiku.com/wp-content/uploads/2026/09/cesd098pl-550x374.jpg
https://jav.guru/1050900/c-2493-married-womans-cuckold-hot-spring-trip/,https://cdn.javmiku.com/wp-content/uploads/2026/09/140c02493pl-550x374.jpg
https://jav.guru/1050901/c-2466-married-woman-selfie-ntr-cuckold-report-video-03/,https://cdn.javmiku.com/wp-content/uploads/2026/09/140c2466pl-550x374.jpg
https://jav.guru/1050902/bobb-322-aoyama-ai-sensitive-g-cup-huge-tits-beautiful-girl-convenience-store-clerk-pov-fuck-x-voyeur-her-crotch-is-also-the-loose-fluffy-type-becoming-a-fuckbuddy-with-no-restraint-lol/,https://cdn.javmiku.com/wp-content/uploads/2026/09/bobb322pl-550x374.jpg
https://jav.guru/1050903/bnst-092-pushers-sana/,https://cdn.javmiku.com/wp-content/uploads/2026/09/bnst00092pl-550x374.jpg
https://jav.guru/1050904/bkd-220-mother-son-mating-mei-yuzuki/,https://cdn.javmiku.com/wp-content/uploads/2026/09/bkd220sopl-550x374.jpg
https://jav.guru/1050905/basj-049-three-middle-aged-kunoichi-time-slip-the-chapter-where-they-go-wild-at-a-reiwa-era-temple-school/,https://cdn.javmiku.com/wp-content/uploads/2026/09/basj049pl-550x374.jpg
https://jav.guru/1050906/basj-048-slutty-mom-friends-well-side-sex-diary-married-women-who-dive-into-orgies-while-their-husbands-are-away/,https://cdn.javmiku.com/wp-content/uploads/2026/09/basj048pl-550x374.jpg
https://jav.guru/1050907/bacj-191-the-nighttime-classroom-is-my-private-love-hotel-a-serious-schoolgirl-wildly-fucks-a-man-in-the-empty-classroom-umi-jini/,https://cdn.javmiku.com/wp-content/uploads/2026/09/bacj191pl-550x374.jpg
https://jav.guru/1050908/apgh-059-the-secret-sugar-daddy-arrangement-of-a-naive-pure-beautiful-girl-tinged-with-a-sense-of-immorality-she-surrenders-herself-to-unknown-pleasures-a-pure-and-obedient-love-doll-sana-takeuc/,https://cdn.javmiku.com/wp-content/uploads/2026/09/apgh059pl-550x374.jpg
https://jav.guru/1050912/abf-384-softly-whispering-in-your-ear-an-invitation-to-an-affair-guaranteed-to-destroy-your-family-nonoura-non/,https://cdn.javmiku.com/wp-content/uploads/2026/09/118abf384pl-550x374.jpg
https://jav.guru/1050913/abf-383-monthly-pov-fuck-instincts-laid-bare-3-full-sex-scenes-remu-suzumori/,https://cdn.javmiku.com/wp-content/uploads/2026/09/118abf383pl-550x374.jpg
https://jav.guru/1051230/vod-063-if-you-like-tits-that-much-ill-keep-sandwiching-them-until-your-balls-are-empty-colossal-tits-demon-squeeze-paizuri-titjob-cumshot-shiho-terashima/,https://cdn.javmiku.com/wp-content/uploads/2026/09/vod063pl-550x374.jpg
https://jav.guru/1051231/vod-062-virgin-boys-assemble-oguri-misao-lures-you-to-cum-with-ultra-dirty-talk-in-the-ultimate-deflowering-creampie-documentary/,https://cdn.javmiku.com/wp-content/uploads/2026/09/vod062pl-550x374.jpg
https://jav.guru/1051232/venx-381-my-aunt-who-came-to-stay-at-my-house-is-so-lovable-that-i-fuck-her-nonstop-from-morning-till-night-for-the-best-two-days-filled-with-eroticism-kaori-mori/,https://cdn.javmiku.com/wp-content/uploads/2026/09/venx381pl-550x374.jpg
https://jav.guru/1051233/vagu-295-locked-up-and-unable-to-hold-her-pee-the-mother-in-law-gushes-with-incontinence-and-my-lust-wont-stop-as-i-creampie-her-to-climax-over-and-over-while-fucking-and-spraying-piss-in-incest/,https://cdn.javmiku.com/wp-content/uploads/2026/09/vagu295pl-550x374.jpg
https://jav.guru/1051237/snos-299-extra-large-newcomer-no-1-style-miu-kibou-av-debut/,https://cdn.javmiku.com/wp-content/uploads/2026/09/snos299pl-550x374.jpg
https://jav.guru/1051238/skmj-789-shonan-bikini-beauties-overflowing-with-babumi-and-maternal-instinct-let-you-suckle-their-tits-while-babying-and-pampering-your-cock-to-make-you-cum-with-nursing-handjobs-30-tit-beauties-4/,https://cdn.javmiku.com/wp-content/uploads/2026/09/h_1324skmj789pl-550x374.jpg
https://jav.guru/1051239/skmj-788-double-bikini-gals-frolicking-at-enoshima-take-on-the-continuous-ejaculation-challenge-showdown-with-an-insatiable-huge-cock-ww-make-the-rock-hard-fully-erect-huge-dick-cum-even-one-more-ti/,https://cdn.javmiku.com/wp-content/uploads/2026/09/h_1324skmj788pl-550x374.jpg
https://jav.guru/1051240/skmj-787-amateur-college-girls-only-knock-cover-rock-paper-scissors-win-and-get-the-prize-money-lose-and-its-immediate-raw-fucking-creampie-sex/,https://cdn.javmiku.com/wp-content/uploads/2026/09/h_1324skmj787pl-550x374.jpg
https://jav.guru/1051241/skmj-786-active-estheticians-working-at-a-luxury-esthetic-salon-take-on-the-challenge-first-time-slippery-oil-handjob-edition/,https://cdn.javmiku.com/wp-content/uploads/2026/09/h_1324skmj786pl-550x374.jpg
https://jav.guru/1051242/skmj-785-its-summer-its-the-sea-its-swimsuit-gals-amateur-young-ladies-in-dazzling-bikinis-on-shonan-beach-wont-you-help-a-virgin-guy-with-his-masturbation-nosebleed-boom-ww-from-those/,https://cdn.javmiku.com/wp-content/uploads/2026/09/h_1324skmj785pl-550x374.jpg
https://jav.guru/1051243/prwf-016-at-the-inn-run-by-a-married-couple-summoned-for-an-old-male-guests-evening-drinks-the-wife-who-fell-into-creampie-hospitality-that-doesnt-end-even-when-morning-comes-sora-komatsu/,https://cdn.javmiku.com/wp-content/uploads/2026/09/prwf016pl-550x374.jpg
https://jav.guru/1051244/prpm-002-intense-old-man-x-sister-brainwashing-we-are-our-new-stepfathers-sex-toys-miyu-aizawa-nanao-ayatsuki/,https://cdn.javmiku.com/wp-content/uploads/2026/09/prpm002pl-550x374.jpg
https://jav.guru/1051245/pred-902-while-my-girlfriend-was-away-i-spent-three-days-having-sweaty-creampie-cheating-sex-nonstop-with-her-best-friend-yuka-miyoshi/,https://cdn.javmiku.com/wp-content/uploads/2026/09/pred902pl-550x374.jpg
https://jav.guru/1051246/pred-899-class-reunion-cuckold-on-a-night-of-no-contact-my-wife-was-being-creampied-by-her-perfectly-compatible-ex-boyfriend-behind-my-back-yukimura-izuki/,https://cdn.javmiku.com/wp-content/uploads/2026/09/pred899pl-550x374.jpg
https://jav.guru/1051247/pred-898-even-old-geezer-customers-get-rock-hard-and-insatiable-tongue-kissing-ptom-until-your-cock-goes-stupid-full-power-service-in-embarrassing-outfits-cumming-nonstop-creampie-massage-kana-ta/,https://cdn.javmiku.com/wp-content/uploads/2026/09/pred898pl-550x374.jpg
https://jav.guru/1051248/pred-894-mom-is-hooked-on-a-scumbag-guy-im-being-frced-to-help-with-that-yuna-hinata/,https://cdn.javmiku.com/wp-content/uploads/2026/09/pred894pl-550x374.jpg
https://jav.guru/1051249/pred-890-continuous-creampie-sex-record-densely-filming-yuzuriha-karens-super-slutty-body-solely-for-masturbation-yuzuriha-karen/,https://cdn.javmiku.com/wp-content/uploads/2026/09/pred890pl-550x374.jpg
https://jav.guru/1051250/pppe-446-i-lost-all-reason-over-my-students-big-tits-and-ended-up-having-creampie-sex-with-rena-over-and-over-again-at-a-love-hotel-after-school-rena-momozono/,https://cdn.javmiku.com/wp-content/uploads/2026/09/pppe446pl-550x374.jpg
https://jav.guru/1051251/pppe-443-timid-big-tits-club-girl-who-couldnt-say-the-word-no-and-kept-getting-made-to-cum-embarrassingly-by-an-erotic-masseur-miyu-aizawa/,https://cdn.javmiku.com/wp-content/uploads/2026/09/pppe443pl-550x374.jpg
https://jav.guru/1051252/pppe-442-spence-mammary-gland-development-clinic-special-anzu-an/,https://cdn.javmiku.com/wp-content/uploads/2026/09/pppe442pl-550x374.jpg
https://jav.guru/1051253/pppe-441-slutty-rejuvenation-esthetic-that-guides-you-to-ball-reviving-ejaculation-with-fully-exposed-huge-tits-in-a-lewd-outfit-and-dirty-talk-titjobs-fumika-nakayama/,https://cdn.javmiku.com/wp-content/uploads/2026/09/pppe441pl-550x374.jpg
https://jav.guru/1051254/pppe-440-unable-to-endure-living-with-my-j-cup-huge-titted-stepdaughter-from-remarriage-i-hide-from-my-wife-and-stickily-lick-rape-and-impregnate-her-domestic-tongue-kiss-molestation-creampie-ra/,https://cdn.javmiku.com/wp-content/uploads/2026/09/pppe440pl-550x374.jpg
https://jav.guru/1051255/pppe-439-how-to-spences-mammary-gland-development-academy-textbook-av-that-lets-you-make-women-feel-pleasure-with-their-tits-if-you-watch-it-karen-yuzuriha/,https://cdn.javmiku.com/wp-content/uploads/2026/09/pppe439pl-550x374.jpg
https://jav.guru/1051256/nima-083-live-action-version-the-clumsy-duo-misaki-kanna/,https://cdn.javmiku.com/wp-content/uploads/2026/09/nima083pl-550x374.jpg
https://jav.guru/1051257/mukd-585-still-doesnt-know-a-thing-zero-romantic-experience-tsumugi-chan/,https://cdn.javmiku.com/wp-content/uploads/2026/09/mukd585pl-550x374.jpg
https://jav.guru/1051258/mukc-129-ill-show-you-the-daily-life-of-a-selfie-secret-account-girl-who-posts-naughty-pics-all-day-cosplay-sex-with-a-minato-ku-style-influencer-girl-nonstop-pov-fucking-offline-meetup/,https://cdn.javmiku.com/wp-content/uploads/2026/09/mukc129pl-550x374.jpg
https://jav.guru/1051259/mufr-010-pure-type-underground-idol-connected-pov-fuck-video-leakd/,https://cdn.javmiku.com/wp-content/uploads/2026/09/mufr010pl-550x374.jpg
https://jav.guru/1051260/mudr-406-since-that-day-beautiful-girl-in-uniform-gets-bondage-trained-and-creampied-hinano-minami/,https://cdn.javmiku.com/wp-content/uploads/2026/09/mudr406pl-550x374.jpg
https://jav.guru/1051261/mudr-404-g-cup-big-tits-real-athlete-who-competed-in-freestyle-swimming-at-the-national-tournament-makes-her-av-debut-pure-and-innocent-competitive-swimming-girl-reaches-intense-orgasmic-climax-wit/,https://cdn.javmiku.com/wp-content/uploads/2026/09/mudr404pl-550x374.jpg
https://jav.guru/1051262/mudr-403-exclusive-kuramoto-sumire-fan-appreciation-festival-special-where-she-gulps-down-every-last-drop-of-fans-sperm-in-jk-cosplay-kuramoto-sumire/,https://cdn.javmiku.com/wp-content/uploads/2026/09/mudr403pl-550x374.jpg
https://jav.guru/1051263/mudr-402-chemistry-club-jk-drinks-an-aphrodisiac-that-works-too-well-and-instantly-goes-into-heat-sensitivity-maxed-out-begging-to-cum-cum-old-man-cocks-and-creepy-guys-cocks-are-all-welcome/,https://cdn.javmiku.com/wp-content/uploads/2026/09/mudr402pl-550x374.jpg
https://jav.guru/1051264/mudr-397-i-found-an-adult-toy-calling-out-a-pure-girl-for-a-private-shoot-teasing-instant-fuck-deepthroat-exposure-pissing-and-the-plan-to-turn-her-into-an-onahole-shiori-chan/,https://cdn.javmiku.com/wp-content/uploads/2026/09/mudr397pl-550x374.jpg
https://jav.guru/1051265/mngs-082-the-year-repeating-gal-who-wants-credits-begs-for-it-infinite-ptom-of-blowjob-cum-swallowing-and-pile-driving-creampies-empties-the-balls-of-me-her-teacher-moka-haruhi/,https://cdn.javmiku.com/wp-content/uploads/2026/09/mngs082pl-550x374.jpg
https://jav.guru/1051266/mngs-077-ive-been-waiting-for-you-to-come-home-all-this-time-the-hated-father-in-law-i-reunited-with-after-a-long-time-had-turned-into-a-reeking-old-man-in-a-garbage-room/,https://cdn.javmiku.com/wp-content/uploads/2026/09/mngs077pl-550x374.jpg
https://jav.guru/1051267/mngs-074-kupa-fully-exposed-pussy-parting-the-labia-majora-and-labia-minora-vaginal-opening-left-wide-open-for-120-minutes-rima-arai/,https://cdn.javmiku.com/wp-content/uploads/2026/09/mngs074pl-550x374.jpg
https://jav.guru/1051268/mngs-072-secretly-no-bra-seducing-little-devil-nurse-whispers-sweet-sadistic-dirty-talk-to-an-abstinent-cock-for-a-titjob-sandwiched-cumshot-nanao-ayatsuki/,https://cdn.javmiku.com/wp-content/uploads/2026/09/mngs072pl-550x374.jpg
https://jav.guru/1051269/mimk-291-papa-katsu-save-data-with-time-leap-ability-to-make-cold-girls-fall-for-you-kitaoka-karin/,https://cdn.javmiku.com/wp-content/uploads/2026/09/mimk291pl-550x374.jpg
https://jav.guru/1051270/mikr-123-shirakawa-juices-massive-explosion-3500cc-of-lewd-juices-5200cc-of-orgasm-squirts-5819-convulsions-a-beautiful-lady-sprays-sweat-and-squirt-everywhere-cumming-nonstop-in-a-body-fluids/,https://cdn.javmiku.com/wp-content/uploads/2026/09/mikr123pl-550x374.jpg
https://jav.guru/1051271/mikr-122-hinako-moris-berating-masturbation-support-that-smashes-masochistic-mens-brains-in-6-segments/,https://cdn.javmiku.com/wp-content/uploads/2026/09/mikr122pl-550x374.jpg
https://jav.guru/1051272/mikr-108-the-brat-of-my-mom-friend-who-lives-on-the-high-floors-of-a-tower-mansion-and-always-unconsciously-one-ups-me-pissing-me-off-bullied-my-kd-into-becoming-a-shut-in/,https://cdn.javmiku.com/wp-content/uploads/2026/09/mikr108pl-550x374.jpg
https://jav.guru/1051275/mifd-735-eh-no-way-right-after-our-exciting-first-date-with-the-boyfriend-i-started-a-mutual-office-romance-with-we-went-to-a-hotel-only-to-find-lecherous-old-guys-from-a-client-company-there/,https://cdn.javmiku.com/wp-content/uploads/2026/09/mifd735pl-550x374.jpg
https://jav.guru/1051276/mida-790-two-timing-academy-side-unpai-two-stories-intertwine-in-a-youthful-love-triangle-creampie-linked-dual-work-project-part-1-unpai-matsumoto-ichika/,https://cdn.javmiku.com/wp-content/uploads/2026/09/mida790pl-550x374.jpg
https://jav.guru/1051277/mida-788-whenever-im-pissed-off-i-can-call-her-and-she-comes-right-away-the-plain-glasses-big-tits-15-loads-ejaculated-into-the-convenient-meaty-k-cup-onahole-komomo-koikawa/,https://cdn.javmiku.com/wp-content/uploads/2026/09/mida788pl-550x374.jpg
https://jav.guru/1051278/mida-787-i-got-the-right-to-turn-my-admired-teacher-kuno-into-an-obedient-maid-and-do-whatever-i-want-with-her-for-one-day-hinano-kuno/,https://cdn.javmiku.com/wp-content/uploads/2026/09/mida787pl-550x374.jpg
https://jav.guru/1051279/mida-786-the-mistake-on-that-summer-day-when-i-kept-creampieing-over-and-over-while-dripping-with-sweat-with-my-little-sister-who-had-awakened-to-sex-ever-since-the-time-she-witnessed-her-big-brothe/,https://cdn.javmiku.com/wp-content/uploads/2026/09/mida786pl-550x374.jpg
https://jav.guru/1051280/mida-785-fair-skinned-body-thrashing-in-ultra-intense-pleasure-orgasms-portio-and-g-spot-development-squirting-climax-nozomi-ishihara/,https://cdn.javmiku.com/wp-content/uploads/2026/09/mida785pl-550x374.jpg
https://jav.guru/1051281/mida-783-j-cup-swimming-club-advisor-whose-massive-tits-trembled-through-endless-orgasms-from-50-pursuit-creampie-loads-in-a-gangbang-by-the-insatiable-students-who-turned-into-horny-monkeys-over-he/,https://cdn.javmiku.com/wp-content/uploads/2026/09/mida783pl-550x374.jpg
https://jav.guru/1051282/mida-781-i-looove-blowjobs-the-adolescent-cock-sucking-stepsister-who-became-family-through-her-parents-remarriage-begs-for-cock-in-obscene-cosplay-and-slurps-every-last-drop-of-the-cleanup-too/,https://cdn.javmiku.com/wp-content/uploads/2026/09/mida781pl-550x374.jpg
https://jav.guru/1051283/mida-780-infinite-milking-course-that-wont-stop-no-matter-how-many-times-you-cum-masochist-specialized-soapland-that-leads-you-to-frced-ejaculation-once-every-5-minutes-himari/,https://cdn.javmiku.com/wp-content/uploads/2026/09/mida780pl-550x374.jpg
https://jav.guru/1051287/mida-758-the-new-secretary-whose-pussy-was-managed-with-a-fixed-suction-vibrator-by-the-perverted-boss-she-hates-wetting-training-mayu-misaki/,https://cdn.javmiku.com/wp-content/uploads/2026/09/mida758pl-550x374.jpg
https://jav.guru/1051293/mida-744-the-affair-life-that-was-way-too-good-sweet-lovey-dovey-sex-that-melts-my-reason-with-a-slender-little-devil-mistress-who-sucks-me-in-with-everything-sex-and-daily-life-mia-nanasawa/,https://cdn.javmiku.com/wp-content/uploads/2026/09/mida744pl-550x374.jpg
https://jav.guru/1051294/miab-677-dream-woman-vol-101-miyu-aizawa/,https://cdn.javmiku.com/wp-content/uploads/2026/09/miab677pl-550x374.jpg
https://jav.guru/1051295/mfyd-195-a-wife-who-was-doing-erotic-streams-on-sns-with-a-lived-in-feel-tits-and-libido-wants-maximum-sex-for-her-av-debut-yura-tsukishiro/,https://cdn.javmiku.com/wp-content/uploads/2026/09/mfyd195pl-550x374.jpg
https://jav.guru/1051296/mfyd-194-white-skin-elegance-lust-a-pure-white-married-woman-raised-by-kyoto-far-lewder-than-youd-imagine-supernova-suzuka-shirato-32-av-debut/,https://cdn.javmiku.com/wp-content/uploads/2026/09/mfyd194pl-550x374.jpg
https://jav.guru/1051297/mfyd-191-the-sexually-frustrated-married-teacher-turns-into-a-slut-at-5-oclock-after-school-we-kept-getting-fucked-by-the-teacher-whod-unleashed-her-libido-and-gone-full-dirty-slut-until-our-ba/,https://cdn.javmiku.com/wp-content/uploads/2026/09/mfyd191pl-550x374.jpg
https://jav.guru/1051298/mfyd-190-s1-x-tameike-20th-anniversary-commemorative-collaboration-work-while-my-wife-pregnant-was-back-home-with-her-parents-i-fucked-like-crazy-at-home-with-the-nursery-school-teacher-my/,https://cdn.javmiku.com/wp-content/uploads/2026/09/mfyd190pl-550x374.jpg
https://jav.guru/1051299/mfyd-189-a-married-woman-returns-to-the-countryside-and-awakens-to-ecstasy-through-wild-kissing-with-her-ex-boyfriend-natsuki-waka/,https://cdn.javmiku.com/wp-content/uploads/2026/09/mfyd189pl-550x374.jpg
https://jav.guru/1051300/mfyd-188-the-craziest-ever-holy-water-oasis-x-thick-bush-jungle-x-vulgar-bitch-two-womens-nonstop-orgasm-lesbian-sara-isshiki-misao-oguri/,https://cdn.javmiku.com/wp-content/uploads/2026/09/mfyd188pl-550x374.jpg
https://jav.guru/1051301/mfyd-187-i-fucked-the-married-woman-who-tried-to-scam-300000-yen-with-an-aphrodisiac-and-turned-it-into-a-creampie-festival-with-my-best-friend-lol-noa-koizuki/,https://cdn.javmiku.com/wp-content/uploads/2026/09/mfyd187pl-550x374.jpg
https://jav.guru/1051302/mfyd-186-a-demure-plain-wife-has-a-hardcore-masochist-awakening-sm-training-date-where-she-gets-brutally-fucked-by-a-super-sadistic-man-anytime-anywhere/,https://cdn.javmiku.com/wp-content/uploads/2026/09/mfyd186pl-550x374.jpg
https://jav.guru/1051303/mfyd-185-if-its-just-kissing-its-not-cheating-right-a-married-woman-and-a-young-part-timer-at-a-late-night-convenience-store-kiss-nonstop-rei-saegusa/,https://cdn.javmiku.com/wp-content/uploads/2026/09/mfyd185pl-550x374.jpg
https://jav.guru/1051304/mfyd-184-fellatio-meister-x-semen-taster-x-licking-technique-junkie-rena-dan-licks-and-licks-gulping-down-7-ejaculations-all-real-semen-all-cum-swallowing-special-rena-dan/,https://cdn.javmiku.com/wp-content/uploads/2026/09/mfyd184pl-550x374.jpg
https://jav.guru/1051305/mfyd-183-tameike-w-exclusive-reptilians-co-star-two-sex-elite-stamina-monster-beasts-who-know-no-limits-drain-every-drop-of-sperm-all-night-futaba-otani-ruisa-tsuzuki/,https://cdn.javmiku.com/wp-content/uploads/2026/09/mfyd183pl-550x374.jpg
https://jav.guru/1051306/mfyd-182-kanae-yumemis-how-to-for-truly-feel-good-married-couple-sex-put-the-6-methods-into-practice-and-you-too-can-end-a-sexless-marriage-and-have-passionate-sex-that-burns-like-it-did-when-you/,https://cdn.javmiku.com/wp-content/uploads/2026/09/mfyd182pl-550x374.jpg
https://jav.guru/1051307/manx-034-screaming-room-confined-and-frced-to-cum-over-and-over-until-she-breaks-frced-climaxes-kikuno-ran/,https://cdn.javmiku.com/wp-content/uploads/2026/09/manx034pl-550x374.jpg
https://jav.guru/1051308/kibd-355-plump-fleshy-big-assed-gal-gets-94-consecutive-hard-pounding-doggy-style-piston-thrusts/,https://cdn.javmiku.com/wp-content/uploads/2026/09/kibd355pl-550x374.jpg
https://jav.guru/1051312/jufe-630-old-guys-pov-fuck-documentary-stickily-and-richly-devouring-her-completely-in-body-fluid-smeared-sweat-drenched-sex-mia-kosaka/,https://cdn.javmiku.com/wp-content/uploads/2026/09/jufe630pl-550x374.jpg
https://jav.guru/1051318/hrsm-159-too-cute-ice-cream-truck-lady-i-want-to-impregnate-plenty-of-fresh-cream-breeding-obscenity-with-4-girls/,https://cdn.javmiku.com/wp-content/uploads/2026/09/h_1745hrsm159pl-550x374.jpg
https://jav.guru/1051319/hmn-918-introducing-my-overly-erotic-girlfriend-the-fearsome-sexual-desire-of-a-20-year-old-creampie-sex-with-a-college-girl-who-has-a-super-weak-pussy-that-gets-wet-immediately-and-cums-nonstop/,https://cdn.javmiku.com/wp-content/uploads/2026/09/hmn918pl-550x374.jpg
https://jav.guru/1051320/hmn-910-beautiful-flight-attendant-from-a-struggling-airline-serves-customers-flashing-her-pussy-in-black-pantyhose-with-no-panties/,https://cdn.javmiku.com/wp-content/uploads/2026/09/hmn910pl-550x374.jpg
https://jav.guru/1051321/hmn-907-caught-in-her-bosss-trap-gang-raped-unconscious-next-to-her-boyfriend-who-passed-out-drunk-made-to-cum-over-and-over-and-creampied-endlessly-until-she-fell-into-pleasure-the-ultra-skinn/,https://cdn.javmiku.com/wp-content/uploads/2026/09/hmn907pl-550x374.jpg
https://jav.guru/1051322/hmn-903-since-the-classmate-i-used-to-like-long-ago-was-drowning-in-debt-i-hired-her-daughter-who-looks-exactly-like-that-girl-from-back-then-as-my-exclusive-substitute-meat-toilet-maid-for-one-wee/,https://cdn.javmiku.com/wp-content/uploads/2026/09/hmn903pl-550x374.jpg
https://jav.guru/1051323/hmn-901-she-decided-to-become-a-new-av-actress-because-of-a-fortune-telling-prophecy-a-ballerina-who-has-even-competed-in-world-class-ballet-competitions-firmly-quits-and-makes-her-av-creampie-deb/,https://cdn.javmiku.com/wp-content/uploads/2026/09/hmn901pl-550x374.jpg
https://jav.guru/1051324/hjmo-735-big-ass-tight-pants-manguri-orgasm-endurance-battle-breaking-past-the-limit-with-stained-blushing-peeing-massive-climaxes-losers-get-pussy-fully-exposed-for-mating-press-creampie-fuck/,https://cdn.javmiku.com/wp-content/uploads/2026/09/hjmo735pl-550x374.jpg
https://jav.guru/1051325/fpre-245-ordered-by-her-husbands-subordinate-into-a-super-perverted-voluptuous-pose-with-her-anus-fully-exposed-the-beautiful-wife-in-her-prime-whose-weakness-was-seized-ao-ebisaki/,https://cdn.javmiku.com/wp-content/uploads/2026/09/fpre245pl-550x374.jpg
https://jav.guru/1051326/eyan-221-dont-touch-me-dont-lick-me-dont-put-it-in-creepy-sexual-harassment-from-her-father-in-law-the-nightmare-of-a-married-woman-who-kept-enduring-sex-she-had-no-choice-but-to-have-m/,https://cdn.javmiku.com/wp-content/uploads/2026/09/eyan221pl-550x374.jpg
https://jav.guru/1051327/ebwh-369-hidden-big-tits-send-the-sns-industry-into-an-uproar-the-top-lead-of-the-salon-model-world-when-she-strips-moist-j-cups-100cm-face-hidden-debut-akina/,https://cdn.javmiku.com/wp-content/uploads/2026/09/ebwh369pl-550x374.jpg
https://jav.guru/1051328/ebwh-368-treat-me-like-a-video-the-h-cup-erotic-dvd-shop-clerk-24-who-gets-double-takes-every-inventory-is-messily-sunk-with-anal-pearls-and-deepthroat-in-her-hardcore-masochist-awakening-deb/,https://cdn.javmiku.com/wp-content/uploads/2026/09/ebwh368pl-550x374.jpg
https://jav.guru/1051329/ebwh-367-i-want-you-to-rape-me-roughly-the-literary-girl-whose-whole-body-is-an-erogenous-zone-found-in-the-corner-of-an-antiquarian-bookstore-an-extreme-masochist-with-fair-s/,https://cdn.javmiku.com/wp-content/uploads/2026/09/ebwh367pl-550x374.jpg
https://jav.guru/1051330/ebwh-366-when-i-returned-to-my-countryside-family-home-for-summer-vacation-my-cousin-hinako-was-secretly-masturbating-nonstop-if-mom-or-the-relatives-find-out-ill-die-she-gently-jerks-me/,https://cdn.javmiku.com/wp-content/uploads/2026/09/ebwh366pl-550x374.jpg
https://jav.guru/1051331/ebwh-365-when-i-asked-my-gentle-easygoing-sister-in-law-let-me-drink-your-breast-milk-fumika-kashiwagi-blu-ray-disc/,https://cdn.javmiku.com/wp-content/uploads/2026/09/ebwh365pl-550x374.jpg
https://jav.guru/1051332/ebwh-363-raping-the-big-titted-housekeeping-service-woman-who-cant-say-no-until-i-creampie-her-riri-haruka-blu-ray-disc/,https://cdn.javmiku.com/wp-content/uploads/2026/09/ebwh363pl-550x374.jpg
https://jav.guru/1051333/ebwh-362-the-natural-g-cup-big-tits-flexible-cheerleader-the-club-members-jerked-off-to-endlessly/,https://cdn.javmiku.com/wp-content/uploads/2026/09/ebwh362pl-550x374.jpg
https://jav.guru/1051334/ebwh-361-face-65-points-body-120-points-i-live-at-my-parents-house-and-masturbate-8-times-a-week-a-fetish-k-cup-college-girl-21-aiming-to-become-a-dental-assistant-looks-like-this-but-shes/,https://cdn.javmiku.com/wp-content/uploads/2026/09/ebwh361pl-550x374.jpg
https://jav.guru/1051335/ebwh-352-take-out-your-cocks-and-line-up-the-teachers-will-slut-it-up-for-you-in-sexy-swimsuits-kiyomiya-jinai-momota-mitsuki/,https://cdn.javmiku.com/wp-content/uploads/2026/09/ebwh352pl-550x374.jpg
https://jav.guru/1051336/dvmm-445-immediately-fucked-the-fair-skinned-big-assed-housekeeper-lady-the-married-woman-who-became-addicted-to-the-big-cock-showed-up-uninvited-the-next-day-so-i-creampied-her-over-and-over-unti/,https://cdn.javmiku.com/wp-content/uploads/2026/09/dvmm445pl-550x374.jpg
https://jav.guru/1051337/dvmm-442-ordinary-men-and-women-monitoring-av-on-the-other-side-of-the-magic-mirror-is-her-boyfriend-best-friend/,https://cdn.javmiku.com/wp-content/uploads/2026/09/dvmm442pl-550x374.jpg
https://jav.guru/1051686/yjns-001-latchkey-girl-watch-squad-file-1/,https://cdn.javmiku.com/wp-content/uploads/2026/09/yjns001pl-550x374.jpg
https://jav.guru/1051687/urkk-124-ill-cool-your-fever-with-my-pussy-200-bliss-harem-nursing/,https://cdn.javmiku.com/wp-content/uploads/2026/09/urkk124pl-550x374.jpg
https://jav.guru/1051688/ubug-017-all-you-can-eat-convenient-k-cup-girl-for-a-flat-3000-yen-travel-fee/,https://cdn.javmiku.com/wp-content/uploads/2026/09/h_1133ubug017pl-550x374.jpg
https://jav.guru/1051689/tikb-226-infiltrating-the-off-paco-photoshoot-of-a-god-tier-slutty-beautiful-girl-cosplayer-lust-fully-exposed-cock-addict/,https://cdn.javmiku.com/wp-content/uploads/2026/09/tikb226pl-550x374.jpg
https://jav.guru/1051690/tenn-052-kotone-fuyuai-seven-temptations-the-freely-transforming-heroine-who-captivates-men/,https://cdn.javmiku.com/wp-content/uploads/2026/09/h_491tenn052pl-550x374.jpg
https://jav.guru/1051691/tanp-056-the-quiet-super-perverted-it-engineer-was-a-creampie-meat-toilet-femboy-ok-with-endless-deepthroat-gulping-getting-huge-cocks-slammed-into-him-and-going-crazy-with-ahegao-orgasms-as-a-maso/,https://cdn.javmiku.com/wp-content/uploads/2026/09/tanp056pl-550x374.jpg
https://jav.guru/1051692/suji-319-shaved-country-beautiful-girl-suddenly-going-to-confirm-the-childhood-memories-she-recalled-flat-chested-shaved-pissing-meru-chan-149cm-kohinata-meru/,https://cdn.javmiku.com/wp-content/uploads/2026/09/suji319pl-550x374.jpg
https://jav.guru/1051693/suji-318-i-happened-to-talk-to-a-cute-girl-stalking-indecent-acts-abduction-rape-semen-ingestion-hina-chan-149cm-satsuki-hina/,https://cdn.javmiku.com/wp-content/uploads/2026/09/suji318pl-550x374.jpg
https://jav.guru/1051694/sqte-719-hit-me-more-chke-me-the-perverted-extreme-masochist-with-big-tits-who-wants-to-be-bullied-yuka-chiba/,https://cdn.javmiku.com/wp-content/uploads/2026/09/sqte719pl-550x374.jpg
https://jav.guru/1051695/sqte-718-anytime-use-onahole-junior-sui-tsukinoe/,https://cdn.javmiku.com/wp-content/uploads/2026/09/sqte718pl-550x374.jpg
https://jav.guru/1051696/sqte-717-on-a-holiday-with-my-girlfriend-lovey-dovey-fucking-hot-spring-date-with-my-clingy-girlfriend-mami-zenba/,https://cdn.javmiku.com/wp-content/uploads/2026/09/sqte717pl-550x374.jpg
https://jav.guru/1051697/sqte-716-after-school-overnight-sex-a-body-that-gets-wetter-the-more-we-make-out-and-clothed-sex-natsuho-hanamori/,https://cdn.javmiku.com/wp-content/uploads/2026/09/sqte716pl-550x374.jpg
https://jav.guru/1051699/scmf-004-sweet-sadist-full-pov-sex-with-a-godly-h-cup-beautiful-girl-cosplayer-it-feels-better-than-jerking-yourself-off-right-she-deprives-me-of-sage-time-with-edging-handjobs-and-long-tongu/,https://cdn.javmiku.com/wp-content/uploads/2026/09/scmf004pl-550x374.jpg
https://jav.guru/1051700/scd-252-daughter-who-cares-for-her-father-7/,https://cdn.javmiku.com/wp-content/uploads/2026/09/scd252pl-550x374.jpg
https://jav.guru/1051701/pppe-445-made-to-cum-to-fainting-orgasms-in-6-cosplays-pursuit-reboot-instant-flying-brain-bug-fuck-marina-yakuno/,https://cdn.javmiku.com/wp-content/uploads/2026/09/pppe445pl-550x374.jpg
https://jav.guru/1051702/pkpd-435-private-creampie-hot-spring-trip-hiiragi-provisional/,https://cdn.javmiku.com/wp-content/uploads/2026/09/pkpd435pl-550x374.jpg
https://jav.guru/1051703/pkpd-434-creampie-room-drinking-documentary-g-cup-clingy-beautiful-older-sister-honoka-ashina/,https://cdn.javmiku.com/wp-content/uploads/2026/09/pkpd434pl-550x374.jpg
https://jav.guru/1051704/pako-108-calling-over-my-married-sex-friend-and-having-a-stranger-with-a-huge-cock-cuckold-her-with-consecutive-creampies-freshly-newlywed-full-time-housewife-30-years-old/,https://cdn.javmiku.com/wp-content/uploads/2026/09/h_1133pako108pl-550x374.jpg
https://jav.guru/1051705/otin-028-lovey-dovey-swamp-affair-with-a-former-classmate-ahegao-orgasms-with-tongue-out-nonstop-titjobs-huge-tits-cowgirl-2sex-creampies-cosplay-cum-on-tits-sunao-kui/,https://cdn.javmiku.com/wp-content/uploads/2026/09/h_1133otin028pl-550x374.jpg
https://jav.guru/1051706/oftr-016-found-a-young-lady-with-big-tits-in-a-hot-spring-town-storming-the-mens-bath-for-a-semen-extraction-challenge-aiming-for-the-1-million-yen-prize-in-atami/,https://cdn.javmiku.com/wp-content/uploads/2026/09/1oftr016pl-550x374.jpg
https://jav.guru/1051707/oftr-015-super-secretly-perverted-guys-and-girls-hold-an-after-school-masturbation-presentation-when-they-show-each-other-their-masturbation-in-a-mixed-gender-group-everyone-gets-horny-and-it-turn/,https://cdn.javmiku.com/wp-content/uploads/2026/09/1oftr015pl-550x374.jpg
https://jav.guru/1051708/nvh-087-newhalf-lesbian-the-doting-female-beast-slutty-lesbian-sisters-crazed-with-possessive-desire-and-jealousy-for-their-younger-brother-hanamiya-hime-niimura-akari-hibiki-tsukasa/,https://cdn.javmiku.com/wp-content/uploads/2026/09/nvh00087pl-550x374.jpg
https://jav.guru/1051709/nine-124-when-i-approached-her-for-a-diet-supplement-monitor-pickup-i-reeled-in-unprecedented-matured-h-cup%e2%98%86super-a5-rank-top-grade-meat-tsubasa-45-years-old/,https://cdn.javmiku.com/wp-content/uploads/2026/09/h_1133nine00124pl-550x374.jpg
https://jav.guru/1051710/mvg-173-asshole-addicted-doujin-cosplayer-in-heat-for-an-anal-fuck-photoshoot-misaki-oto/,https://cdn.javmiku.com/wp-content/uploads/2026/09/mvg00173pl-550x374.jpg
https://jav.guru/1051711/mukc-132-raw-gem-newcomer-idols-first-pov-personal-sex-video-putting-her-career-aside-shes-hooked-on-pillow-trade-sex-and-getting-irresponsible-breeding-creampies-in-her-precocious-womb-erin/,https://cdn.javmiku.com/wp-content/uploads/2026/09/mukc132pl-550x374.jpg
https://jav.guru/1051712/mrss-192-shady-delivery-men-target-a-married-woman-whose-big-ass-is-obvious-even-through-her-clothes-day-after-day-of-raw-insertion-and-creampies-until-she-cant-stand-up-yui-onozaka/,https://cdn.javmiku.com/wp-content/uploads/2026/09/mrss192pl-550x374.jpg
https://jav.guru/1051713/mrhp-052-i-got-horny-for-my-sexually-frustrated-sister-in-laws-plump-ass-and-was-jerking-off-when-she-got-turned-on-by-my-young-cock-instead-and-we-had-creampie-sex-until-my-balls-were-empty-tsuba/,https://cdn.javmiku.com/wp-content/uploads/2026/09/mrhp052pl-550x374.jpg
https://jav.guru/1051714/mmpv-005-face-jerk-off-face-close-up-seduction-pov-i-want-to-be-adored-by-matsui-san-who-loves-staring-hard-at-orgasm-faces-while-being-scorned-and-verbally-abusd-hinako-matsui/,https://cdn.javmiku.com/wp-content/uploads/2026/09/mmpv005pl-550x374.jpg
https://jav.guru/1051715/mkon-148-i-an-introvert-get-used-as-material-for-my-little-sisters-punishment-game-and-end-up-having-creampie-harem-sex-nonstop/,https://cdn.javmiku.com/wp-content/uploads/2026/09/mkon148pl-550x374.jpg
https://jav.guru/1051724/lock-017-lock-onhina-manager-wont-you-have-sex-with-me-propositioned-for-an-adult-relationship-by-the-flat-chested-j-type-part-timer-they-tangled-together-over-and-over-and-climaxed-with-e/,https://cdn.javmiku.com/wp-content/uploads/2026/09/h_491lock017pl-550x374.jpg
https://jav.guru/1051725/ksbj-446-father-in-laws-warped-lust-a-thirty-something-married-woman-tricked-by-its-a-massage-that-helps-with-trying-to-conceive-into-having-her-exquisite-love-juice-spots-developed-by-a-ha/,https://cdn.javmiku.com/wp-content/uploads/2026/09/ksbj446pl-550x374.jpg
https://jav.guru/1051726/ksbj-445-the-lewd-mother-who-seduces-her-son-because-she-doesnt-want-him-to-leave-the-nest-rieko-hiraoka/,https://cdn.javmiku.com/wp-content/uploads/2026/09/ksbj445pl-550x374.jpg
https://jav.guru/1051727/kam-282-perverted-gynecological-examination-the-corrupt-erotic-gynecologist-who-endlessly-gives-wet-slippery-exams-to-the-crotch-of-the-beautiful-wife-who-came-in-for-a-checkup-05/,https://cdn.javmiku.com/wp-content/uploads/2026/09/kam282pl-550x374.jpg
https://jav.guru/1051728/kam-281-married-private-tutor-and-huge-cock-exam-students-secret-room-lewd-sex-voyeur-recording-4/,https://cdn.javmiku.com/wp-content/uploads/2026/09/kam281pl-550x374.jpg
https://jav.guru/1051734/juan-032-super-masochistic-plump-young-wife-who-opens-both-holes-for-her-perverted-relative-father-and-son-hina-akikawa/,https://cdn.javmiku.com/wp-content/uploads/2026/09/juan032pl-550x374.jpg
https://jav.guru/1051738/hrsm-160-the-super-erotic-pink-companion-rumored-for-excessive-service-super-long-extension-until-morning-activated-the-extreme-erotic-secret-option-balls-sperm-depleted-lol/,https://cdn.javmiku.com/wp-content/uploads/2026/09/h_1745hrsm160pl-550x374.jpg
https://jav.guru/1051739/honb-499-if-its-the-showa-era-its-safe-10/,https://cdn.javmiku.com/wp-content/uploads/2026/09/h_1133honb00499pl-550x374.jpg
https://jav.guru/1051740/hoks-235-serious-wifes-first-cheating-sex-mai-fuyuki/,https://cdn.javmiku.com/wp-content/uploads/2026/09/hoks235pl-550x374.jpg
https://jav.guru/1051741/hoks-234-single-mature-woman-in-her-40s-a-life-full-of-troubles-caregiving-debt-affair-sex-fujisaki-murasaki/,https://cdn.javmiku.com/wp-content/uploads/2026/09/hoks234pl-550x374.jpg
https://jav.guru/1051742/hjmo-741-when-they-lose-the-cruel-mirror-game-its-an-erotic-punishment-game-pure-young-wives-get-creampie-sex-with-huge-cocks-theyve-never-tasted-before-not-caring-one-bit-even-with-their-husb/,https://cdn.javmiku.com/wp-content/uploads/2026/09/hjmo741pl-550x374.jpg
https://jav.guru/1051743/hjmo-739-if-shes-your-girlfriend-she-should-be-able-to-pick-out-her-boyfriends-cock-right-pick-his-dick-from-the-row-of-lined-up-cocks-and-suck-him-off-if-she-gets-it-wrong-bukkake-creampie/,https://cdn.javmiku.com/wp-content/uploads/2026/09/hjmo739pl-550x374.jpg
https://jav.guru/1051744/hjbb-244-even-though-i-have-a-boyfriend-pissing-ntr-orgasm-of-a-uniformed-girl-cuckolded-by-a-perverted-old-man-while-covered-in-bodily-fluids/,https://cdn.javmiku.com/wp-content/uploads/2026/09/hjbb244pl-550x374.jpg
https://jav.guru/1051745/gvh-880-the-female-cult-leader-of-a-sex-cult-who-repeatedly-climaxes-every-day-while-intertwining-lewd-body-fluids-with-the-fanatics-hikaru-minazuki/,https://cdn.javmiku.com/wp-content/uploads/2026/09/gvh880pl-550x374.jpg
https://jav.guru/1051746/gvh-879-forbidden-care-shitara-yuuhi/,https://cdn.javmiku.com/wp-content/uploads/2026/09/gvh879pl-550x374.jpg
https://jav.guru/1051747/fsbk-026-celebrity-miu-nakamura-x-ideapocket-2020-4-2026-2-complete-best/,https://cdn.javmiku.com/wp-content/uploads/2026/09/h_491fsbk026pl-550x374.jpg
https://jav.guru/1051748/fns-261-if-its-blowing-up-online-then-its-okay-to-do-xxx-right-yachimitsu-rin/,https://cdn.javmiku.com/wp-content/uploads/2026/09/FNS-261-550x374.jpg
https://jav.guru/1051749/fnew-024-slender-schoolgirl-has-her-erogenous-zones-developed-in-a-massage-experience-nipples-erect-as-she-arches-like-a-shrimp-and-pisses-herself/,https://cdn.javmiku.com/wp-content/uploads/2026/09/h_491fnew024pl-550x374.jpg
https://jav.guru/1051750/dvmm-444-the-creampie-only-onahole-wife-who-comes-in-10-seconds-when-called-when-i-get-horny-i-use-the-pussy-of-the-big-tits-big-ass-married-woman-living-in-the-next-room-for-sexual-relief-yuri-os/,https://cdn.javmiku.com/wp-content/uploads/2026/09/dvmm444pl-550x374.jpg
https://jav.guru/1051751/dvmm-443-amateur-men-and-women-monitoring-av-limited-to-h-cup-and-above-three-close-college-girl-friends-hold-milk-in-their-mouths-then-get-their-huge-tits-groped-then-take-a-nipple-kneading-orgasm/,https://cdn.javmiku.com/wp-content/uploads/2026/09/dvmm443pl-550x374.jpg
https://jav.guru/1051754/ddk-241-bushy-meat-toilet-splash-monster-sara-isshiki/,https://cdn.javmiku.com/wp-content/uploads/2026/09/ddk241pl-550x374.jpg
https://jav.guru/1051755/ddff-055-a-beautiful-girl-targeted-by-a-scumbag-with-abnormal-sexual-desires-hinako-seto/,https://cdn.javmiku.com/wp-content/uploads/2026/09/ddff055pl-550x374.jpg
https://jav.guru/1051756/bbtu-120-tits-daycare-yuria-yoshine/,https://cdn.javmiku.com/wp-content/uploads/2026/09/bbtu120pl-550x374.jpg
https://jav.guru/1051757/bbtu-119-tit-shower-cum-bukkake-on-ahegao-big-tits-sunao-kui/,https://cdn.javmiku.com/wp-content/uploads/2026/09/bbtu119pl-550x374.jpg
https://jav.guru/1051758/bank-248-big-tits-married-woman-hot-spring-date-beautiful-young-wife-with-little-experience-with-men-because-she-married-young-koharu-26-years-old/,https://cdn.javmiku.com/wp-content/uploads/2026/09/h_1495bank248pl-550x374.jpg
https://jav.guru/1051759/bank-247-serious-girl-and-sticky-cunnilingus-hot-spring-training-camp/,https://cdn.javmiku.com/wp-content/uploads/2026/09/h_1495bank247pl-550x374.jpg
https://jav.guru/1051760/bank-246-big-tits-sisters-hot-spring-trip-to-release-their-sexual-desires/,https://cdn.javmiku.com/wp-content/uploads/2026/09/h_1495bank246pl-550x374.jpg
https://jav.guru/1051761/awaw-030-the-plain-short-cut-glasses-girl-with-big-tits-whos-popular-for-her-hole-is-a-god-tier-fuck-buddy-who-comes-over-whenever-convenient-riko-19-natural-g-cups/,https://cdn.javmiku.com/wp-content/uploads/2026/09/h_1819awaw030pl-550x374.jpg
https://jav.guru/1051762/awaw-029-pov-sex-documentary-orgy-party-at-a-secret-hideout-gen-z-girls-with-an-ultra-low-sense-of-chastity-at-a-hangout-where-sluts-and-fuckboys-gather-men-and-women-meeting-for-the-first-time/,https://cdn.javmiku.com/wp-content/uploads/2026/09/h_1819awaw029pl-550x374.jpg
https://jav.guru/1051763/aukg-659-slippery-wet-lesbian-dripping-lotion-and-melting-body-to-body-lesbian-sex/,https://cdn.javmiku.com/wp-content/uploads/2026/09/aukg00659pl-550x374.jpg
https://jav.guru/1051764/alog-032-creampie-copy/,https://cdn.javmiku.com/wp-content/uploads/2026/09/h_491alog032pl-550x374.jpg
https://jav.guru/1051765/aczd-250-ropes-lewd-flower-arisa-togawa/,https://cdn.javmiku.com/wp-content/uploads/2026/09/h_019aczd250pl-550x374.jpg
https://jav.guru/1052315/xvsr-399-a-beautiful-girl-who-seriously-blushes-while-pissing-climax-3-fuck-special-mami-nagase/,https://cdn.javmiku.com/wp-content/uploads/2026/09/xvsr399sopl-550x374.jpg
https://jav.guru/1052316/xvsr-352-welcome-to-maxcafe-enjoy-nagase-mami-maamins-special-menu/,https://cdn.javmiku.com/wp-content/uploads/2026/09/xvsr352sopl-550x374.jpg
https://jav.guru/1052317/xvsr-350-i-want-to-try-cumming-even-deeper-sexual-development-of-a-19-year-old-beautiful-girl-with-tiny-tits-aori-arihoshi/,https://cdn.javmiku.com/wp-content/uploads/2026/09/xvsr350sopl-550x374.jpg
https://jav.guru/1052318/wa-592-amateur-wife-pickup-all-get-raw-creampies-5-hour-celeb-dx-106/,https://cdn.javmiku.com/wp-content/uploads/2026/09/h_047wa592pl-550x374.jpg
https://jav.guru/1052319/vio-080-amateur-lesbian-i-filmed-the-naughty-side-she-only-shows-to-me/,https://cdn.javmiku.com/wp-content/uploads/2026/09/36vio80pl-550x374.jpg
https://jav.guru/1052320/usag-098-no-way-they-say-yet-these-amateur-girls-cum-like-crazy-from-dildo-masturbation-anytime-anywhere-even-outdoors/,https://cdn.javmiku.com/wp-content/uploads/2026/09/usag098pl-550x374.jpg
https://jav.guru/1052322/ss-155-etoile-ririko-kinoshita/,https://cdn.javmiku.com/wp-content/uploads/2026/09/n_1428ss155pl-550x374.jpg
https://jav.guru/1052323/sal-264-kondo-mumu-the-otokonoko-with-a-cute-smile-gets-horny-and-hard-tight-pants-cameltoe-black-pantyhose-teasing-and-dirty-talk-from-double-cock-girls-in-a-threesome-fuck-with-three-raw-cream/,https://cdn.javmiku.com/wp-content/uploads/2026/09/sal264pl-550x374.jpg
https://jav.guru/1052324/rpin-093-plump-fleshy-huge-titted-inn-maid-whos-reliable-cheerful-and-has-outstanding-communication-skills-her-tits-bounce-bounce-sticky-sensual-massage-and-big-cock-pistoning-turn-her-ahegao/,https://cdn.javmiku.com/wp-content/uploads/2026/09/rpin093pl-550x374.jpg
https://jav.guru/1052327/qrdf-013-sm-queen-road-vol-48-erika/,https://cdn.javmiku.com/wp-content/uploads/2026/09/qrdf013pl-550x374.jpg
https://jav.guru/1052328/pfas-044-ripe-and-soft-the-tits-of-a-secretly-lewd-mature-woman/,https://cdn.javmiku.com/wp-content/uploads/2026/09/pfas044pl-550x374.jpg
https://jav.guru/1052329/nmsl-047-college-girl-who-got-into-sugar-dating-and-was-turned-into-a-meat-toilet-squirting-and-wetting-herself-sui-tsukinoe/,https://cdn.javmiku.com/wp-content/uploads/2026/09/h_1814nmsl00047pl-550x374.jpg
https://jav.guru/1052330/nghj-074-exclusive-to-shy-cunnilingus-less-girls-who-want-to-be-licked-but-cant-tell-their-boyfriends-a-relentless-cunnilingus-therapy-experience-that-makes-their-clits-get-soggy-clit-peeling-li/,https://cdn.javmiku.com/wp-content/uploads/2026/09/nghj074pl-550x374.jpg
https://jav.guru/1052331/naac-077-best-naked-02-ruka-itoi/,https://cdn.javmiku.com/wp-content/uploads/2026/09/n_1541naac077pl-550x374.jpg
https://jav.guru/1052332/naac-076-best-naked-yuuka/,https://cdn.javmiku.com/wp-content/uploads/2026/09/n_1541naac076pl-550x374.jpg
https://jav.guru/1052333/naac-075-best-naked-02-arisa-hanyu/,https://cdn.javmiku.com/wp-content/uploads/2026/09/n_1541naac075pl-550x374.jpg
https://jav.guru/1052334/naac-074-best-naked-04-unpai/,https://cdn.javmiku.com/wp-content/uploads/2026/09/n_1541naac074pl-550x374.jpg
https://jav.guru/1052335/myba-098-married-womans-petal-spreading-sakura-tsukishima/,https://cdn.javmiku.com/wp-content/uploads/2026/09/myba098pl-550x374.jpg
https://jav.guru/1052336/murikuri-015-big-nippled-schoolgirl-molestation-genuine-bareback-route-training-teasing-wrecks-her-sensitivity-tiny-pussy-convulsing-and-clamping-for-creampie/,https://cdn.javmiku.com/wp-content/uploads/2026/09/1murikuri015pl-550x374.jpg
https://jav.guru/1052337/mopg-047-clothed-masochist-man-hunting-skin-tight-jeans-harassment-mirei-aika/,https://cdn.javmiku.com/wp-content/uploads/2026/09/mopg047sopl-550x374.jpg
https://jav.guru/1052338/mmraa-397-teen-graduation%e2%98%86a-melting-premonition-kanon-akagawa/,https://cdn.javmiku.com/wp-content/uploads/2026/09/n_709mmraa397pl-550x374.jpg
https://jav.guru/1052339/mmraa-396-you-a-teenager-a-premonition-of-love-yui-yuuki/,https://cdn.javmiku.com/wp-content/uploads/2026/09/n_709mmraa396pl-550x374.jpg
https://jav.guru/1052340/mird-281-moodyz-fan-appreciation-festival-bakobako-bus-tour-2026-20-hours-25-minutes-bakobako-bus-13-hours-40-minutes-ura-bako-4-hours-unreleased-scenes-included-complete-version/,https://cdn.javmiku.com/wp-content/uploads/2026/09/mird281pl-550x374.jpg
https://jav.guru/1052344/mbraa-360-overdoing-it-debut-matsuri-kosaka/,https://cdn.javmiku.com/wp-content/uploads/2026/09/n_709mbraa360pl-550x374.jpg
https://jav.guru/1052345/mbraa-359-absolutely-must-not-feel-it-merumo-tsunoda-merumo-tsunoda/,https://cdn.javmiku.com/wp-content/uploads/2026/09/n_709mbraa359pl-550x374.jpg
https://jav.guru/1052346/mbraa-358-im-gonna-go-crazy-aimis-erotic-prescription-aimi/,https://cdn.javmiku.com/wp-content/uploads/2026/09/n_709mbraa358pl-550x374.jpg
https://jav.guru/1052347/mbraa-357-love-vibration-ren-okubo/,https://cdn.javmiku.com/wp-content/uploads/2026/09/n_709mbraa357pl-550x374.jpg
https://jav.guru/1052348/maraa-233-out-safe-moon-gazing-moon-gazing/,https://cdn.javmiku.com/wp-content/uploads/2026/09/n_709maraa233pl-550x374.jpg
https://jav.guru/1052349/love-053-please-keep-the-small-titts-me-as-your-livestock-2/,https://cdn.javmiku.com/wp-content/uploads/2026/09/h_491love53pl-550x374.jpg
https://jav.guru/1052351/ksbj-143-and-then-i-could-no-longer-be-satisfied-with-my-husband-chitose-shinohara/,https://cdn.javmiku.com/wp-content/uploads/2026/09/ksbj143pl-550x374.jpg
https://jav.guru/1052352/ksbj-142-my-sons-wife-was-a-natural-born-slut-kiriyama-yuha/,https://cdn.javmiku.com/wp-content/uploads/2026/09/ksbj142pl-550x374.jpg
https://jav.guru/1052353/kagp-404-amateur-girls-pussy-juice-sopping-wet-hole-plunging-masturbation-2/,https://cdn.javmiku.com/wp-content/uploads/2026/09/kagp404pl-550x374.jpg
https://jav.guru/1052360/jjda-080-wife-who-fell-for-an-unemployed-bastards-huge-cock/,https://cdn.javmiku.com/wp-content/uploads/2026/09/jjda080pl-550x374.jpg
https://jav.guru/1052361/jera-050-first-time-cum-swallowing-part-timer-girl-invited-to-a-love-hotel-out-of-interest-in-the-younger-big-tits-girl-kosuzu-mikan-who-works-at-a-bento-shop/,https://cdn.javmiku.com/wp-content/uploads/2026/09/1jera050pl-550x374.jpg
https://jav.guru/1052366/hbla-009-pussy-gacha-indiscriminate-rpe-4-hour-best/,https://cdn.javmiku.com/wp-content/uploads/2026/09/hbla009pl-550x374.jpg
https://jav.guru/1052367/hawa-386-the-mature-wife-with-strong-maternal-instincts-and-sexual-desire-who-handles-my-self-indulgent-sexual-relief-is-the-best-feeling-toy-free-to-cum-as-much-as-i-want-into-the-ripe-aunties-m/,https://cdn.javmiku.com/wp-content/uploads/2026/09/1hawa386pl-550x374.jpg
https://jav.guru/1052369/goju-320-wont-stop-even-if-you-cum-endless-cleanup-blowjobs-from-an-amateur-wife-who-loves-sucking-cock/,https://cdn.javmiku.com/wp-content/uploads/2026/09/h_1165goju320pl-550x374.jpg
https://jav.guru/1052370/gohm-012-documentary-sex-of-working-women-who-applied-for-private-shoots-in-search-of-money-and-thrills-6/,https://cdn.javmiku.com/wp-content/uploads/2026/09/gohm012pl-550x374.jpg
https://jav.guru/1052371/fskt-032-big-tits-real-chan-super-amateur-jk-compilation-omnibus-240-minutes-4-girls/,https://cdn.javmiku.com/wp-content/uploads/2026/09/h_491fskt032pl-550x374.jpg
https://jav.guru/1052372/fns-257-after-our-respective-lovers-cheated-on-us-my-female-friend-and-i-started-having-sex-where-we-lick-each-others-wounds-and-pussies-and-it-felt-so-good-weve-sunk-into-a-quagmire-akari-ts/,https://cdn.javmiku.com/wp-content/uploads/2026/09/FNS-257-550x374.jpg
https://jav.guru/1052374/fgan-175-provocation-bloomers-loose-socks-mania-i-want-to-be-tormented-by-the-golden-combo-of-bloomers-and-loose-socks/,https://cdn.javmiku.com/wp-content/uploads/2026/09/h_1440fgan175pl-550x374.jpg
https://jav.guru/1052375/ebod-555-saliva-male-female-sweat-male-female-squirt-female-semen-male-mixed-body-fluid-sex-between-a-middle-aged-guy-and-a-beautiful-girl-koharu-suzuki/,https://cdn.javmiku.com/wp-content/uploads/2026/09/ebod555pl-550x374.jpg
https://jav.guru/1052376/dori-077-pakodori-no-77-i-lied-to-a-high-school-girl-who-likes-watching-the-face-of-an-old-man-whos-feeling-good-by-saying-i-forgot-the-condom-and-she-replied-bareback-is-totally-fine/,https://cdn.javmiku.com/wp-content/uploads/2026/09/h_491dori077pl-550x374.jpg
https://jav.guru/1052377/dori-041-korean-beauty-straddling-the-crotch-and-stretching-out-her-legs-barefoot-footjob-special-packed-with-realistic-sensation-that-keeps-you-excited-for-24-hours/,https://cdn.javmiku.com/wp-content/uploads/2026/09/h_491dori041pl-550x374.jpg
https://jav.guru/1052378/dandya-050-you-shouldnt-get-your-cock-hard-should-you-all-the-sperm-id-saved-up-for-baby-making-with-my-beloved-wife-gets-completely-milked-out/,https://cdn.javmiku.com/wp-content/uploads/2026/09/1dandya050pl-550x374.jpg
https://jav.guru/1052379/cesd-110-female-scumbag-lawyer-2-from-divorce-defense-to-criminal-cases-i-accept-them-cheaply-with-my-supreme-anal-chisato-shoda/,https://cdn.javmiku.com/wp-content/uploads/2026/09/cesd110pl-550x374.jpg
https://jav.guru/1052380/cead-767-onahole-transforms-into-an-actresss-mouth-13-ultra-slutty-actresses-skilled-at-oral-sex-who-milk-you-with-onahole-blowjobs/,https://cdn.javmiku.com/wp-content/uploads/2026/09/cead767pl-550x374.jpg
https://jav.guru/1052381/c-2508-day-trip-hot-spring-mature-woman-erotic-journey-the-best-2018-12-2019-05/,https://cdn.javmiku.com/wp-content/uploads/2026/09/140c2508pl-550x374.jpg
https://jav.guru/1052382/bobb-288-three-amateur-girls-with-big-tits-if-we-put-on-glasses-wont-we-get-found-out-part-3/,https://cdn.javmiku.com/wp-content/uploads/2026/09/bobb288pl-550x374.jpg
https://jav.guru/1052383/bobb-287-three-amateur-girls-with-big-tits-if-we-put-on-glasses-wont-we-get-caught-part-2/,https://cdn.javmiku.com/wp-content/uploads/2026/09/bobb287pl-550x374.jpg
https://jav.guru/1052384/anb-262-i-became-moms-toy-the-lewd-beautiful-stepmother-with-beautiful-tits-and-beautiful-legs-madoka-miyashita/,https://cdn.javmiku.com/wp-content/uploads/2026/09/anb262pl-550x374.jpg
https://jav.guru/1052386/akdl-148-if-you-want-to-have-sex-with-me-then-study-i-got-milked-dry-over-and-over-by-the-private-tutor-with-secret-options-usami-rena/,https://cdn.javmiku.com/wp-content/uploads/2026/09/1akdl00148pl-1-550x374.jpg
https://jav.guru/1052387/akdl-147-hey-lets-have-sex-the-day-i-gave-in-to-sudden-temptation-from-my-daughters-friend-ena-who-seeks-forbidden-acts-with-her-pure-and-innocent-smile-satsuki-ena/,https://cdn.javmiku.com/wp-content/uploads/2026/09/1akdl00147pl-1-550x374.jpg
https://jav.guru/1052389/aarm-365-fully-naked-seiza-blowjob/,https://cdn.javmiku.com/wp-content/uploads/2026/09/aarm365pl-550x374.jpg
https://jav.guru/1052495/xmom-121-the-muscular-wife-loves-cock-kaori-yamamoto/,https://cdn.javmiku.com/wp-content/uploads/2026/09/h_086xmom121pl-550x374.jpg
https://jav.guru/1052496/sykh-188-streetwalker-wife-b-grade-mature-woman-shoko-38-years-old/,https://cdn.javmiku.com/wp-content/uploads/2026/09/sykh188pl-550x374.jpg
https://jav.guru/1052497/piyo-240-i-secretly-wanted-to-make-that-girl-i-see-around-town-drink-sperm-adding-special-white-syrup-to-croissants-cakes-pudding-and-drinks-and-in-the-end-making-her-drink-seething-hot-se/,https://cdn.javmiku.com/wp-content/uploads/2026/09/1piyo240pl-550x374.jpg
https://jav.guru/1052498/mesu-146-incompetent-at-work-but-at-night-a-super-stud-who-never-pulls-out-the-close-contact-position-that-made-the-female-boss-fall-remi-saegiki/,https://cdn.javmiku.com/wp-content/uploads/2026/09/h_086mesu146pl-550x374.jpg
https://jav.guru/1052499/mesu-145-affair-exposed-spreads-on-sns-and-blows-up-plan-to-turn-the-beautiful-female-principal-into-a-sex-toy-chiharu-yahiro/,https://cdn.javmiku.com/wp-content/uploads/2026/09/h_086mesu145pl-550x374.jpg
https://jav.guru/1052500/mdvij-029-wives-who-are-made-to-cum-over-and-over-by-their-big-cocked-insatiable-bosses-completely-fall-and-even-end-up-allowing-creampies-5/,https://cdn.javmiku.com/wp-content/uploads/2026/09/48mdvij029pl-550x374.jpg
https://jav.guru/1052501/jura-211-first-time-married-woman-documentary-chapter-2-sayaka-yukihira/,https://cdn.javmiku.com/wp-content/uploads/2026/09/h_086jura211pl-550x374.jpg
https://jav.guru/1052502/gdjp-009-tracking-dogeza-pickup-screaming-married-woman-killer-9/,https://cdn.javmiku.com/wp-content/uploads/2026/09/gdjp009pl-550x374.jpg
https://jav.guru/1052503/dldss-554-lust-starved-company-presidents-wife-secretly-visits-the-middle-aged-mans-janitor-room-reeking-of-sweat-and-oil-kasuga-hine/,https://cdn.javmiku.com/wp-content/uploads/2026/09/1dldss554pl-550x374.jpg
https://jav.guru/1052504/akdl-367-sexual-harassment-desired-female-employee-yurira-25-years-old-a-perverted-beautiful-office-lady-who-wants-to-become-a-sex-pet-for-her-employees/,https://cdn.javmiku.com/wp-content/uploads/2026/09/1akdl00367pl-550x374.jpg
https://jav.guru/1052505/agav-171-please-rpe-me-a-lot-sex-android-arina-kuninaka-arina/,https://cdn.javmiku.com/wp-content/uploads/2026/09/agav171pl-550x374.jpg
https://jav.guru/1052506/agav-170-the-gut-wrenchingly-disgusting-worst-record-of-a-pure-girl-becoming-an-obedient-sex-slave-mikoto-momomi/,https://cdn.javmiku.com/wp-content/uploads/2026/09/agav170pl-550x374.jpg
https://jav.guru/1052577/xvsr-308-nonstop-drinking-x-the-most-erotic-sex-asami-nagase/,https://cdn.javmiku.com/wp-content/uploads/2026/09/xvsr308sopl-550x374.jpg
https://jav.guru/1052578/whx-042-how-to-make-a-woman-who-gets-fucked-case02-why-dont-you-try-drowning-in-sex-how-to-make-a-pleasure-woman-who-feels-good/,https://cdn.javmiku.com/wp-content/uploads/2026/09/h_849whx042pl-550x374.jpg
https://jav.guru/1052579/wa-593-ntr-orgy-with-a-mom-friend-i-met-at-a-festival-first-time-massive-sex-party-god-tier-development-lol/,https://cdn.javmiku.com/wp-content/uploads/2026/09/h_047wa593pl-550x374.jpg
https://jav.guru/1052580/t28-524-schoolgirl-corner-masturbation-submission-videos-purchased-through-website-recruitment/,https://cdn.javmiku.com/wp-content/uploads/2026/09/55t28524pl-550x374.jpg
https://jav.guru/1052581/start-637-28-creampie-massive-orgy-nonstop-and-uncut-getting-relentlessly-pounded-by-30-cocks-and-bukkake-hikari-aozora/,https://cdn.javmiku.com/wp-content/uploads/2026/09/1start637vpl-550x374.jpg
https://jav.guru/1052582/start-633-watch-me-get-pregnant-by-someone-other-than-you-the-wife-who-implants-30-days-later-a-record-of-open-cuckold-impregnation-ntr-sex-where-a-newlywed-couple-trying-to-conceive-has-the/,https://cdn.javmiku.com/wp-content/uploads/2026/09/1start633pl-550x374.jpg
https://jav.guru/1052583/start-604-at-the-school-festival-student-council-president-nano-chan-is-way-too-erotic-in-her-almost-fully-nude-cosplay-and-the-shop-has-a-huge-line-booming-business-she-seduces-in-reverse-bunny/,https://cdn.javmiku.com/wp-content/uploads/2026/09/1start604pl-550x374.jpg
https://jav.guru/1052584/sods-090-anal-virgin-6-girls-first-anal-milk-enema-massive-gushing-compilation-fully-enjoy-300-minutes-of-dripping-intestinal-juices-and-straining-orgasms-special/,https://cdn.javmiku.com/wp-content/uploads/2026/09/1sods090pl-550x374.jpg
https://jav.guru/1052585/sdmm-239-magic-mirror-number-health-and-pe-extracurricular-lesson-flaunting-intense-adult-sex-right-in-front-of-current-high-school-girls/,https://cdn.javmiku.com/wp-content/uploads/2026/09/1sdmm00239pl-550x374.jpg
https://jav.guru/1052586/sdjs-382-sod-female-employee-second-year-hr-department-hikage-yoda-challenges-the-agonizing-endurance-duty-tormented-at-a-company-information-session-while-future-juniors-watch-over-her/,https://cdn.javmiku.com/wp-content/uploads/2026/09/1sdjs382pl-550x374.jpg
https://jav.guru/1052587/sdab-359-18-year-old-sexual-development-the-baby-faced-kyudo-girl-cums-continuously-her-body-loosened-by-oil-massage-gets-sexual-development-with-follow-up-hold-pistoning-yua-kaname/,https://cdn.javmiku.com/wp-content/uploads/2026/09/1sdab359pl-550x374.jpg
https://jav.guru/1052588/pym-577-cowgirl-focused-hip-pounding-dildo-masturbation-with-love-juices-dripping-as-they-swallow-cocks-whole-10-selfie-girls/,https://cdn.javmiku.com/wp-content/uploads/2026/09/h_283pym577pl-550x374.jpg
https://jav.guru/1052589/pts-555-sweaty-pantyhose-office-ladies-only-orgasm-endurance-challenge-via-shameful-restrained-cunnilingus/,https://cdn.javmiku.com/wp-content/uploads/2026/09/h_021pts555pl-550x374.jpg
https://jav.guru/1052590/pts-554-i-tried-turning-an-introverted-girl-into-a-different-person-with-druggd-sex/,https://cdn.javmiku.com/wp-content/uploads/2026/09/h_021pts554pl-550x374.jpg
https://jav.guru/1052591/pkpd-175-completely-private-footage-of-bareback-loving-e-cup-college-slut-kanna-shirosaki-chan-on-her-first-overnight-stay-alone-together-kanna-shirosaki/,https://cdn.javmiku.com/wp-content/uploads/2026/09/pkpd175pl-550x374.jpg
https://jav.guru/1052593/nps-476-real-nanpa-can-male-female-friendship-really-exist-the-female-senior-innocent-looking-carnivore-and-male-junior-infinite-lust-virgin-play-strip-rock-paper-scissors/,https://cdn.javmiku.com/wp-content/uploads/2026/09/h_021nps476pl-550x374.jpg
https://jav.guru/1052594/mvsh-006-the-woman-who-moved-into-the-room-across-the-way-was-a-crazy-exhibitionist-nudist-beauty-who-flaunted-her-full-nudity-masturbation-and-sex-at-the-middle-aged-guy-only-his-wife-knows-about/,https://cdn.javmiku.com/wp-content/uploads/2026/09/mvsh00006pl-550x374.jpg
https://jav.guru/1052595/mvsd-706-married-womans-home-salon-the-young-wife-esthetician-who-fell-to-her-lowlife-scumbag-neighbors-filthy-huge-cock-mochino-yomogi/,https://cdn.javmiku.com/wp-content/uploads/2026/09/mvsd00706pl-550x374.jpg
https://jav.guru/1052596/mvsd-700-od-trans-chemsex-aphrodisiac-addicted-pussy-half-gal-cums-crazily-with-male-moans-in-explosive-piss-squirting-explosive-piston-fuck/,https://cdn.javmiku.com/wp-content/uploads/2026/09/mvsd00700pl-550x374.jpg
https://jav.guru/1052597/mopg-010-a-mans-fantasy-office-the-ideal-senior-ol-who-makes-me-have-a-female-orgasm-with-massive-ejaculation-and-a-huge-strap-on-an-takase/,https://cdn.javmiku.com/wp-content/uploads/2026/09/mopg010sopl-550x374.jpg
https://jav.guru/1052598/mope-026-anal-fisting-foot-fucking-the-pleasure-a-man-feels-in-his-anus-dry-orgasm/,https://cdn.javmiku.com/wp-content/uploads/2026/09/mope026sopl-550x374.jpg
https://jav.guru/1052599/mopa-025-mans-nipples-x-a-womans-body-odor-and-fluids-dry-orgasms-that-make-him-cum-over-and-over-yuna-hoshizaki/,https://cdn.javmiku.com/wp-content/uploads/2026/09/mopa025sopl-550x374.jpg
https://jav.guru/1052600/midd-964-soaking-wet-sex-with-incontinence-and-squirting-kokone-mizutani/,https://cdn.javmiku.com/wp-content/uploads/2026/09/midd964pl-550x374.jpg
https://jav.guru/1052608/jbjb-038-the-pure-looking-beautiful-girl-overflowing-with-clear-beauty-was-actually-an-innocent-super-slut-who-can-handle-both-extreme-s-and-extreme-m-machi-ikuta/,https://cdn.javmiku.com/wp-content/uploads/2026/09/h_687jbjb038pl-550x374.jpg
https://jav.guru/1052610/fskt-030-compensated-dating-business-trip-expedition-diary-fukushima-countryside-plain-big-tits-high-school-girl-creampie-sperm-soaked/,https://cdn.javmiku.com/wp-content/uploads/2026/09/h_491fskt030pl-550x374.jpg
https://jav.guru/1052619/c-2464-raw-footage-lesbian-hot-spring-trip-03/,https://cdn.javmiku.com/wp-content/uploads/2026/09/140c2464pl-550x374.jpg
https://jav.guru/1052620/c-2463-mature-married-woman-interview-pov-fuck-19/,https://cdn.javmiku.com/wp-content/uploads/2026/09/140c2463pl-550x374.jpg
https://jav.guru/1052621/c-2414-mature-womans-erotic-journey-004/,https://cdn.javmiku.com/wp-content/uploads/2026/09/140c2414pl-550x374.jpg
https://jav.guru/1052622/bobb-286-three-amateur-girls-with-big-tits-if-we-wear-glasses-wont-we-get-found-out/,https://cdn.javmiku.com/wp-content/uploads/2026/09/bobb286pl-550x374.jpg
https://jav.guru/1052623/bobb-279-completely-newly-filmed-big-tits-night-crawling/,https://cdn.javmiku.com/wp-content/uploads/2026/09/bobb279pl-550x374.jpg
https://jav.guru/1052737/t38-071-the-real-target-is-the-innocent-stepdaughters-of-his-remarried-wife-haru-shiori-nanaha/,https://cdn.javmiku.com/wp-content/uploads/2026/09/55t38071pl-550x374.jpg
https://jav.guru/1052739/mxgs-1447-the-ultimate-kiss-demon-ririka-amaha-melting-from-sticky-sweet-kisses/,https://cdn.javmiku.com/wp-content/uploads/2026/09/h_068mxgs1447pl-550x374.jpg
https://jav.guru/1052740/mxgs-1446-office-shared-room-ntr-during-a-business-trip-i-became-the-hated-bosss-business-trip-onapet-rio-asahina/,https://cdn.javmiku.com/wp-content/uploads/2026/09/h_068mxgs1446pl-550x374.jpg
https://jav.guru/1052741/mxgs-1445-pilates-experience-special-instruction-from-a-perverted-instructor-yuka-chiba/,https://cdn.javmiku.com/wp-content/uploads/2026/09/h_068mxgs1445pl-550x374.jpg
https://jav.guru/1052742/mxgs-1444-the-story-of-how-an-insecure-plain-girl-with-glasses-turned-out-to-have-an-erotic-body-when-she-stripped-so-after-i-endlessly-praised-her-erotic-body-and-blowjob-skills-she-awakened-into/,https://cdn.javmiku.com/wp-content/uploads/2026/09/h_068mxgs1444pl-550x374.jpg
https://jav.guru/1052745/jimmy-009-days-spent-with-a-male-relative-i-have-to-teach-this-girl-who-doesnt-know-how-to-handle-women-that-the-portio-isnt-food-sakuragi-nagisa/,https://cdn.javmiku.com/wp-content/uploads/2026/09/JIMMY-009-550x374.jpg
https://jav.guru/1052746/ienf-470-lewd-schoolgirls-dirty-talk-to-you-with-squelching-continuous-orgasms-in-school-swimsuit-masturbation-9/,https://cdn.javmiku.com/wp-content/uploads/2026/09/1ienf470pl-550x374.jpg
https://jav.guru/1052747/ienf-458-you-were-looking-at-my-panties-right-a-little-devil-schoolgirl-sets-up-panty-flash-traps-by-deliberately-posing-to-show-her-panties-and-toys-with-unknown-men-komatu-motoka-kawakami/,https://cdn.javmiku.com/wp-content/uploads/2026/09/1ienf458pl-550x374.jpg
https://jav.guru/1052761/akdl-371-armpit-love-my-fuck-buddy-is-in-love-with-my-armpits-the-downtime-of-a-corporate-slave-office-lady-is-filled-with-a-sex-life-where-shes-spoiled-by-men-sales-mami-25-years-old-zenba-m/,https://cdn.javmiku.com/wp-content/uploads/2026/09/1akdl00371pl-550x374.jpg
https://jav.guru/1052875/wawa-045-exquisite-soap-princess-relaxation-soap-infinite-climaxes-the-ultimate-healing-misaki-kanna/,https://cdn.javmiku.com/wp-content/uploads/2026/09/1wawa045pl-550x374.jpg
https://jav.guru/1052876/tenh-025-suddenly-but-may-i-play-with-your-nipples-big-tits-all-firm-small-tits-rock-hard-pinching-and-kneading-those-nipples-and-while-at-it-developing-amateur-mature-women-for-nipple-orgas/,https://cdn.javmiku.com/wp-content/uploads/2026/09/h_086tenh25pl-550x374.jpg
https://jav.guru/1052877/sw-1067-big-ass-close-contact-mens-esthetic-her-oil-smeared-big-ass-tempts-you-with-a-defenseless-miniskirt-panty-flash-because-my-rock-hard-cock-wouldnt-settle-down-the-secretly-perverted-e/,https://cdn.javmiku.com/wp-content/uploads/2026/09/1sw1067pl-550x374.jpg
https://jav.guru/1052880/onsd-911-raped-schoolgirl-the-soiled-uniform/,https://cdn.javmiku.com/wp-content/uploads/2026/09/onsd911pl-550x374.jpg
https://jav.guru/1052881/onsd-777-best-easy-to-cum-woman-on-top/,https://cdn.javmiku.com/wp-content/uploads/2026/09/onsd777pl-550x374.jpg
https://jav.guru/1052882/nhdtc-254-timid-girl-fingered-while-sleeping-on-a-night-bus-too-terrified-to-open-her-eyes-so-she-pretends-to-sleep-while-cumming-over-and-over-5-extra-creampie-sp/,https://cdn.javmiku.com/wp-content/uploads/2026/09/1nhdtc254pl-550x374.jpg
https://jav.guru/1052883/nhdtc-253-women-only-apartment-shame-2-the-plain-girl-who-twitches-her-hips-and-cums-hard-from-sticky-small-tit-teasing/,https://cdn.javmiku.com/wp-content/uploads/2026/09/1nhdtc253pl-550x374.jpg
https://jav.guru/1052884/nhdtc-252-the-married-woman-who-cant-move-on-a-crowded-bus-gets-tongue-kissed-for-a-long-time-has-her-melting-face-seen-and-starts-gripping-a-young-cock/,https://cdn.javmiku.com/wp-content/uploads/2026/09/1nhdtc252pl-550x374.jpg
https://jav.guru/1052885/nhdtc-245-cant-resist-consecutive-creampies-in-the-calligraphy-girls-seiza-ass-unable-to-refuse-the-sexual-harassment-practice-she-gets-pounded-hard-with-her-asshole-twitching-in-an-incontinen/,https://cdn.javmiku.com/wp-content/uploads/2026/09/1nhdtc245pl-550x374.jpg
https://jav.guru/1052886/neo-954-farts-and-innocence-iku-toba/,https://cdn.javmiku.com/wp-content/uploads/2026/09/433neo954pl-550x374.jpg
https://jav.guru/1052887/mmr-az054-aoyama-hikaru/,https://cdn.javmiku.com/wp-content/uploads/2026/09/1514699947_mmr-az054-550x374.jpg
https://jav.guru/1052888/mmr-az053-title-undecided-shiho-ito/,https://cdn.javmiku.com/wp-content/uploads/2026/09/n_709mmraz053pl-550x374.jpg
https://jav.guru/1052889/mmr-az040-misa-kubota/,https://cdn.javmiku.com/wp-content/uploads/2026/09/1560702734_mmr-az040-550x374.jpg
https://jav.guru/1052890/mmr-ar003-rie-matsuoka/,https://cdn.javmiku.com/wp-content/uploads/2026/09/mmr-ar003-550x374.jpg
https://jav.guru/1052891/mmr-aq033-mariko-takayama/,https://cdn.javmiku.com/wp-content/uploads/2026/09/306294716_2498-550x374.jpg
https://jav.guru/1052892/mmr-aq030-iwasaki-mana/,https://cdn.javmiku.com/wp-content/uploads/2026/09/1689-550x374.jpg
https://jav.guru/1052893/mmr-aq023-konomi-tachibana/,https://cdn.javmiku.com/wp-content/uploads/2026/09/1572210777_mmr-aq023-550x374.jpg
https://jav.guru/1052894/mmr-aq012-saori-ninomiya/,https://cdn.javmiku.com/wp-content/uploads/2026/09/1569504017_mmr-aq012-550x374.jpg
https://jav.guru/1052895/mmr-ap012-yuzuna-aida-g-goda-yuna/,https://cdn.javmiku.com/wp-content/uploads/2026/09/1573089219_mmr-ap012-550x374.jpg
https://jav.guru/1052896/mmr-ak068-moe-hirano/,https://cdn.javmiku.com/wp-content/uploads/2026/09/1563466821_mmr-ak068-550x374.jpg
https://jav.guru/1052900/mmr-ak041-rika-ootaki/,https://cdn.javmiku.com/wp-content/uploads/2026/09/345-550x374.jpg
https://jav.guru/1052901/mmr-ak034-nana-arima/,https://cdn.javmiku.com/wp-content/uploads/2026/09/3020-550x374.jpg
https://jav.guru/1052902/mmr-ak012-chihiro-minegishi/,https://cdn.javmiku.com/wp-content/uploads/2026/09/2824-550x374.jpg
https://jav.guru/1052903/mmr-ak011-nana-arima/,https://cdn.javmiku.com/wp-content/uploads/2026/09/1563-550x374.jpg
https://jav.guru/1052904/mmr-ab003-asuka-okamoto-i-kawai-mayu-kawai-mayu/,https://cdn.javmiku.com/wp-content/uploads/2026/09/406mmrab00003pl-550x374.jpg
https://jav.guru/1052905/mmr-aa081-fuga-fuga-takimoto-shizuki/,https://cdn.javmiku.com/wp-content/uploads/2026/09/n_709mmraa081pl-550x374.jpg
https://jav.guru/1052906/mmr-aa071-milky-purun-reika-senoo/,https://cdn.javmiku.com/wp-content/uploads/2026/09/n_709mmraa071pl-550x374.jpg
https://jav.guru/1052908/mmr-aa063-pure-chronicle-sakaguchi-china/,https://cdn.javmiku.com/wp-content/uploads/2026/09/n_709mmraa063pl-550x374.jpg
https://jav.guru/1052909/mmr-aa059-kobayashi-kasumi/,https://cdn.javmiku.com/wp-content/uploads/2026/09/1596530368_mmr-aa059-550x374.jpg
https://jav.guru/1052910/mmr-aa048-hd-ayaka-fushimi/,https://cdn.javmiku.com/wp-content/uploads/2026/09/2535-550x374.jpg
https://jav.guru/1052911/mmr-aa036-chia-kinoshita/,https://cdn.javmiku.com/wp-content/uploads/2026/09/674-550x374.jpg
https://jav.guru/1052912/mmr-aa031-akina/,https://cdn.javmiku.com/wp-content/uploads/2026/09/547623093_1418-550x374.jpg
https://jav.guru/1052913/mmr-aa009-the-switch-of-desire-karen-terashima/,https://cdn.javmiku.com/wp-content/uploads/2026/09/406mmraa00009pl-550x374.jpg
https://jav.guru/1052914/mmr-aa002-umeda-nonoka/,https://cdn.javmiku.com/wp-content/uploads/2026/09/1346-550x374.jpg
https://jav.guru/1052915/milk-308-akari-niimura-10th-debut-anniversary-commemorative-5-hour-best-milk-special-compilation/,https://cdn.javmiku.com/wp-content/uploads/2026/09/h_1240milk308pl-550x374.jpg
https://jav.guru/1052916/milk-307-sexual-desire-runs-wild-sweaty-and-juice-drenched-intense-sexercise-with-a-g-cup-huge-tits-trainer-until-the-sperm-runs-dry-ayase-kokoro/,https://cdn.javmiku.com/wp-content/uploads/2026/09/h_1240milk307pl-550x374.jpg
https://jav.guru/1052926/jura-213-first-time-married-woman-documentary-chapter-2-akari-moriyama/,https://cdn.javmiku.com/wp-content/uploads/2026/09/h_086jura213pl-550x374.jpg
https://jav.guru/1052929/jrze-321-first-filming-documentary-of-a-sixty-year-old-wife-yukiko-ozawa/,https://cdn.javmiku.com/wp-content/uploads/2026/09/h_086jrze321pl-550x374.jpg
https://jav.guru/1052930/jrze-320-first-time-filming-documentary-of-a-fifty-year-old-wife-misako-enami/,https://cdn.javmiku.com/wp-content/uploads/2026/09/h_086jrze320pl-550x374.jpg
https://jav.guru/1052931/jrze-319-first-filming-married-woman-documentary-shinobu-namisaka/,https://cdn.javmiku.com/wp-content/uploads/2026/09/h_086jrze319pl-550x374.jpg
https://jav.guru/1052932/iro-064-the-busty-married-woman-whose-tits-are-so-incredible-that-molesters-flock-right-over-for-creampie-on-the-train-momose-jougasaki/,https://cdn.javmiku.com/wp-content/uploads/2026/09/h_086iro64pl-550x374.jpg
https://jav.guru/1052933/iqqqx-005-married-woman-teachers-who-get-10-times-wetter-in-silent-orgasm-lessons-dx5-10-women-4-hours/,https://cdn.javmiku.com/wp-content/uploads/2026/09/h_086iqqqx05pl-550x374.jpg
https://jav.guru/1052935/hone-299-i-never-thought-id-end-up-giving-my-virginity-to-my-beloved-grandmother-saki-sunohara/,https://cdn.javmiku.com/wp-content/uploads/2026/09/h_086hone299pl-550x374.jpg
https://jav.guru/1052937/euud-92-honoka-mitsuhara-forgets-the-everyday-world-bares-her-true-nature-and-fucks-relentlessly-on-a-breeding-mixed-bath-hot-spring-trip/,https://cdn.javmiku.com/wp-content/uploads/2026/09/h_086euud92pl-550x374.jpg
https://jav.guru/1052940/dldss-540-during-exams-after-a-month-of-abstinence-i-ended-up-impregnating-my-friends-mother-miyagami-yuika/,https://cdn.javmiku.com/wp-content/uploads/2026/09/1dldss540pl-550x374.jpg
https://jav.guru/1052941/cherd-108-would-you-mind-if-your-first-time-is-bareback-with-an-older-woman-a-virgin-boy-has-the-best-deflowering-sex-with-a-married-mature-woman-shiori-kimika/,https://cdn.javmiku.com/wp-content/uploads/2026/09/h_086cherd108pl-550x374.jpg
https://jav.guru/1052942/aarm-367-endless-saliva-slurping-nipple-licking-x-tornado-edging-oil-handjob-6/,https://cdn.javmiku.com/wp-content/uploads/2026/09/aarm367pl-550x374.jpg
https://jav.guru/1053032/abf-386-creampie-sex-log-of-a-perverted-couple-living-together-dominated-by-lust-miyoshi-uta/,https://cdn.javmiku.com/wp-content/uploads/2026/09/pb_e_abf-386-550x374.jpg
https://jav.guru/1053033/abf-385-sweet-melting-close-contact-esthetic-milked-dry-to-the-very-last-drop-in-an-exquisite-detox-unlimited-ejaculations-asuna-kawai/,https://cdn.javmiku.com/wp-content/uploads/2026/09/pb_e_abf-385-550x374.jpg
https://jav.guru/1053080/ure-142-exclusive-iyo-shinoharas-first-original-collaboration-original-work-irodori-gyunyu-4-5-trop-1-taking-the-postpartum-virginity-of-the-married-woman-caught-masturbating-live-action-vers/,https://cdn.javmiku.com/wp-content/uploads/2026/09/ure142pl-550x374.jpg
https://jav.guru/1053081/ure-140-tina-nanamis-first-original-work-collaboration-original-work-tama-go-manager-youve-got-big-tits-and-youre-a-bit-m-right-live-action-version/,https://cdn.javmiku.com/wp-content/uploads/2026/09/ure140pl-550x374.jpg
https://jav.guru/1053082/snos-444-170cm-g-cup-new-graduate-av-actress-fresh-pussy-in-massive-convulsions-the-ultimate-working-woman-squirts-arches-her-back-and-reaches-the-first-massive-orgasmic-climax-of-her-life-ne/,https://cdn.javmiku.com/wp-content/uploads/2026/09/snos444pl-550x374.jpg
https://jav.guru/1053083/snos-405-the-slutty-office-lady-who-cant-forget-the-pleasure-of-being-groped-in-the-crowd-and-boards-a-packed-train-braless-wanting-to-get-molested-aika-yumeno/,https://cdn.javmiku.com/wp-content/uploads/2026/09/snos405pl-550x374.jpg
https://jav.guru/1053084/snos-403-even-during-class-she-secretly-masturbates-this-adolescent-girl-overflowing-with-sexual-hormones-and-every-day-at-school-i-her-classmate-get-secretly-fucked-by-her-shirakami-saki/,https://cdn.javmiku.com/wp-content/uploads/2026/09/snos403pl-550x374.jpg
https://jav.guru/1053085/snos-402-if-i-treat-her-gently-the-way-too-easy-yandere-girl-at-my-part-time-job-who-lets-me-do-cum-swallowing-and-real-sex-too-airi-nagisa/,https://cdn.javmiku.com/wp-content/uploads/2026/09/snos402pl-550x374.jpg
https://jav.guru/1053086/snos-400-right-after-abstinence-she-turns-into-a-beast-in-an-aphrodisiac-bath-non-stop-ahegao-and-massive-incontinence-riri-nanatsumori/,https://cdn.javmiku.com/wp-content/uploads/2026/09/snos400pl-550x374.jpg
https://jav.guru/1053087/snos-399-huge-cock-adultery-ntr-my-girlfriend-who-accepted-my-8cm-cock-with-a-smile-gets-completely-turned-into-a-bitch-by-my-scumbag-senpais-20cm-cock-asano-kokoro/,https://cdn.javmiku.com/wp-content/uploads/2026/09/snos399pl-550x374.jpg
https://jav.guru/1053088/snos-398-the-newly-dispatched-pta-member-washio-san-who-values-discipline-morality-and-order-is-excessively-strict-has-fucking-huge-tits-and-is-just-plain-erotic/,https://cdn.javmiku.com/wp-content/uploads/2026/09/snos398pl-550x374.jpg
https://jav.guru/1053089/snos-397-the-tipsy-nightlife-older-sisters-sticky-sweet-alcohol-laced-tongue-kiss-temptation-that-melts-this-part-timer-into-falling-kuraki-hana/,https://cdn.javmiku.com/wp-content/uploads/2026/09/snos397pl-550x374.jpg
https://jav.guru/1053090/snos-396-dynamic-m-cup-that-shakes-the-world-in-9-situations-minami-haru/,https://cdn.javmiku.com/wp-content/uploads/2026/09/snos396pl-550x374.jpg
https://jav.guru/1053091/snos-393-the-sexual-harassment-boss-she-hates-to-death-obtains-a-time-stopping-skill-nanoka-hatsumi/,https://cdn.javmiku.com/wp-content/uploads/2026/09/snos393pl-550x374.jpg
https://jav.guru/1053092/snos-387-full-orgasm-course-that-destroys-a-womans-erogenous-zones-into-batshit-crazy-taught-by-an-ai-fed-10000-avs-yuka-murakami/,https://cdn.javmiku.com/wp-content/uploads/2026/09/snos387pl-550x374.jpg
https://jav.guru/1053093/snos-377-today-i-want-abnormal-sex-when-i-fucked-my-flight-attendant-girlfriend-senseless-after-she-sweet-talked-me-like-that-she-awakened-as-a-hardcore-masochist-saika-kawakita/,https://cdn.javmiku.com/wp-content/uploads/2026/09/snos377pl-550x374.jpg
https://jav.guru/1053094/snos-375-she-pulls-down-the-zipper-right-after-we-meet-a-cute-but-insanely-vulgar-rental-girlfriend-natsuo-natsu/,https://cdn.javmiku.com/wp-content/uploads/2026/09/snos375pl-550x374.jpg
https://jav.guru/1053095/snos-367-the-plain-classmate-has-amazing-tits-when-she-strips-the-temptation-of-her-way-too-unaware-precocious-i-cups-kanon-hayasaka/,https://cdn.javmiku.com/wp-content/uploads/2026/09/snos367pl-550x374.jpg
https://jav.guru/1053096/snos-350-ill-teach-you-something-good-cocks-and-sperm-are-drinks-you-know-my-older-cousin-who-came-back-to-our-hometown-swallows-my-cock-whole-and-gulps-it-down-kisora-araki/,https://cdn.javmiku.com/wp-content/uploads/2026/09/snos350pl-550x374.jpg
https://jav.guru/1053097/snos-344-my-girlfriends-little-sister-who-missed-the-last-train-and-came-to-stay-over-flashes-her-j-cup-big-tits-and-slender-bare-legs-as-she-goes-after-my-cock-with-every-trick-in-the-book-hon/,https://cdn.javmiku.com/wp-content/uploads/2026/09/snos344pl-550x374.jpg
https://jav.guru/1053098/snos-337-strikingly-beautiful-20-year-old-goddess-body-blasts-through-the-limits-of-orgasm-awakening-climax-konoa-mitsu/,https://cdn.javmiku.com/wp-content/uploads/2026/09/snos337pl-550x374.jpg
https://jav.guru/1053099/jur-865-only-i-the-class-rep-know-the-hidden-face-of-student-guidance-teacher-ms-rei-after-school-im-spending-all-my-time-on-campus-exhibitionism-with-the-most-serious-female-teacher-in-the-s/,https://cdn.javmiku.com/wp-content/uploads/2026/09/jur865pl-550x374.jpg
https://jav.guru/1053100/jur-863-my-girlfriends-mother-has-an-excessively-strong-sex-drive-and-is-a-total-strike-for-me-so-im-offering-her-my-erect-cock-over-and-over-again-in-secret-from-my-girlfriend-ayano-kato/,https://cdn.javmiku.com/wp-content/uploads/2026/09/jur863pl-550x374.jpg
https://jav.guru/1053101/jur-855-dear-manager-ive-decided-to-transfer-my-residence-to-your-wifes-big-ass/,https://cdn.javmiku.com/wp-content/uploads/2026/09/jur855pl-550x374.jpg
https://jav.guru/1053102/jur-828-window-side-close-contact-molestation-continuously-fondled-all-over-my-body-during-my-commute-i-was-made-to-fall-into-pleasure-and-today-i-offer-my-body-again/,https://cdn.javmiku.com/wp-content/uploads/2026/09/jur828pl-550x374.jpg
https://jav.guru/1053103/jur-825-the-too-beautiful-married-housekeeper-with-a-huge-ass-who-gets-her-defenseless-ass-immediately-penetrated-while-cleaning-goes-crazy-cumming-with-her-asshole-unexpectedly-exposed-and-drowns/,https://cdn.javmiku.com/wp-content/uploads/2026/09/jur825pl-550x374.jpg
https://jav.guru/1053104/jur-264-submitted-true-story-my-wife-was-passed-around-kana-mito-part-2-the-white-body-soaked-bright-red-with-humiliation/,https://cdn.javmiku.com/wp-content/uploads/2026/09/jur264pl-550x374.jpg
https://jav.guru/1053105/jur-093-the-nameless-diamond-in-the-rough-wife-28-years-old-av-appearance-the-late-arriving-real-deal-birth-of-the-next-generation-mrs/,https://cdn.javmiku.com/wp-content/uploads/2026/09/jur093pl-550x374.jpg
https://jav.guru/1053106/dsod-088-edging-camp-with-the-crazy-swimming-clubs-twin-carnivorous-athletes-even-with-precum-dripping-everywhere-their-merciless-slutty-torment-causes-consecutive-premature-ejaculations-and/,https://cdn.javmiku.com/wp-content/uploads/2026/09/dsod088pl-550x374.jpg
https://jav.guru/1053107/dsod-080-youre-secretly-filming-bring-it-on-the-former-gal-young-landlady-who-inherited-her-familys-inn-edges-the-complaining-guest-who-showed-up-with-handjobs-and-pussyjobs-until-hes-left/,https://cdn.javmiku.com/wp-content/uploads/2026/09/dsod080pl-550x374.jpg
https://jav.guru/1053108/dsod-072-a-very-happy-destructive-impulse-this-stuck-up-woman-ill-thoroughly-corner-her-and-turn-her-into-a-training-sandbag-miu-shiromine/,https://cdn.javmiku.com/wp-content/uploads/2026/09/dsod072pl-550x374.jpg
https://jav.guru/1053109/dsod-038-busty-wife-who-falls-into-orgasm-from-the-trainers-womb-gouging-doggy-style-pounding-and-goes-every-day-to-get-cuckolded-ayasa-sasakura/,https://cdn.javmiku.com/wp-content/uploads/2026/09/dsod038pl-550x374.jpg
https://jav.guru/1053327/snos-394-at-a-rural-hot-spring-inn-stiflingly-sweaty-intense-sex-with-the-languid-innkeepers-daughter-sakakibara-moe/,https://cdn.javmiku.com/wp-content/uploads/2026/09/snos394pl-550x374.jpg
https://jav.guru/1053328/snos-382-the-kings-orders-are-absolute-the-story-of-how-my-plain-and-quiet-female-friend-started-getting-horny-in-the-kings-game-and-turned-into-a-slutty-pussy-nanami-kodama/,https://cdn.javmiku.com/wp-content/uploads/2026/09/snos382pl-550x374.jpg
https://jav.guru/1053329/snos-330-its-coming-out-hey-its-coming-out-the-squirt-from-my-pussy-wont-stop-sweat-hakata-idol-hopefuls-first-bashful-super-peeing-and-super-squirting-even-though-shes-an/,https://cdn.javmiku.com/wp-content/uploads/2026/09/snos330pl-550x374.jpg
https://jav.guru/1053330/royd-362-ill-lick-your-cock-so-pretend-to-be-my-boyfriend-i-became-the-one-day-boyfriend-of-a-super-cute-female-coworker-to-reassure-her-parents-who-keep-nagging-her-to-hurry-up-and-get-married-s/,https://cdn.javmiku.com/wp-content/uploads/2026/09/royd362pl-550x374.jpg
https://jav.guru/1053331/royd-355-kami-machi-runaway-girl-protected-and-penetrated-turned-into-an-outlet-for-the-sexual-desires-of-bad-adults-and-creampied-over-and-over-until-the-morning-sun-rose/,https://cdn.javmiku.com/wp-content/uploads/2026/09/royd355pl-550x374.jpg
https://jav.guru/1053332/roe-561-monroe-exclusive-active-model-married-woman-shockingly-lifts-the-creampie-ban-beautiful-friends-mother-the-days-she-drowned-in-kissing-and-impregnation/,https://cdn.javmiku.com/wp-content/uploads/2026/09/roe561pl-550x374.jpg
https://jav.guru/1053333/roe-559-in-the-family-home-where-everyone-has-left-the-nest-the-days-of-incest-spent-with-my-mother-sugisaki-hoka/,https://cdn.javmiku.com/wp-content/uploads/2026/09/roe559pl-550x374.jpg
https://jav.guru/1053334/roe-556-after-dating-my-girlfriend-with-a-5-pm-curfew-i-have-creampie-sex-with-her-mother-to-make-her-little-sister-momoko-isshiki/,https://cdn.javmiku.com/wp-content/uploads/2026/09/roe556pl-550x374.jpg
https://jav.guru/1053335/roe-551-sacrificial-love-training-suite-for-her-sons-sake-the-mother-who-offers-up-her-body-yurika-aoi/,https://cdn.javmiku.com/wp-content/uploads/2026/09/roe551pl-550x374.jpg
https://jav.guru/1053336/roe-549-manager-please-get-pregnant-with-my-seed-i-a-second-year-new-graduate-impregnate-my-power-harassing-female-boss-whos-trying-to-conceive-during-breeding-service-overtime-tomoda-maki/,https://cdn.javmiku.com/wp-content/uploads/2026/09/roe549pl-550x374.jpg
https://jav.guru/1053337/roe-546-while-witnessing-her-daughters-happiness-the-mother-raped-by-her-son-in-law-at-the-wedding-reception/,https://cdn.javmiku.com/wp-content/uploads/2026/09/roe546pl-550x374.jpg
https://jav.guru/1053338/mism-463-anal-deep-throat-pussy-the-craziest-luxurious-3-hole-full-course-gouging-her-asshole-during-her-part-time-job-for-a-mad-intense-orgasm-that-reaches-the-brain-while-on-the-clock/,https://cdn.javmiku.com/wp-content/uploads/2026/09/mism463pl-550x374.jpg
https://jav.guru/1053339/mism-462-heart-fluttering-for-the-anus-greedy-asshole-training-session-aoka-tsukimachi/,https://cdn.javmiku.com/wp-content/uploads/2026/09/mism462pl-550x374.jpg
https://jav.guru/1053340/mism-456-fabulous-deepthroat-japanese-women-are-beautiful-tsubaki-hanagoromo-ai-aoi-suzu-yuuki/,https://cdn.javmiku.com/wp-content/uploads/2026/09/mism456pl-550x374.jpg
https://jav.guru/1053347/jyma-114-tall-beautiful-wife-cuckolded-by-the-housewives-volleyball-coach/,https://cdn.javmiku.com/wp-content/uploads/2026/09/jyma114pl-550x374.jpg
https://jav.guru/1053348/jur-866-during-the-5-days-my-husband-is-away-on-a-business-trip-succumbing-to-bondage-slow-piston-rape-by-my-hated-father-in-law/,https://cdn.javmiku.com/wp-content/uploads/2026/09/jur866pl-550x374.jpg
https://jav.guru/1053349/jur-864-ive-been-continuing-a-friends-with-benefits-relationship-with-my-sons-friend-for-5-years-already-illicit-playing-with-fire-with-a-younger-guy-me-drowning-in-creampie-affairs-miki-su/,https://cdn.javmiku.com/wp-content/uploads/2026/09/jur864pl-550x374.jpg
https://jav.guru/1053350/jur-853-i-have-sex-with-my-wife-three-days-a-week-bragged-my-friend-so-i-creampied-that-guys-wife-five-days-a-week-four-loads-each-time-for-a-total-of-twenty-creampies-and-cuckolded-her-han/,https://cdn.javmiku.com/wp-content/uploads/2026/09/jur853pl-550x374.jpg
https://jav.guru/1053351/jur-849-i-was-toyed-with-by-the-devilish-teasing-seduction-of-my-sister-in-law-maki-a-former-slutty-gal-who-came-over-to-our-place-after-fighting-with-my-big-brother/,https://cdn.javmiku.com/wp-content/uploads/2026/09/jur849pl-550x374.jpg
https://jav.guru/1053352/jur-847-stepmom-you-want-a-kd-right-while-my-indifferent-husband-was-away-on-a-solo-assignment-i-kept-getting-breeding-creampies-from-my-lustful-stepson-daisuke-kun/,https://cdn.javmiku.com/wp-content/uploads/2026/09/jur847pl-550x374.jpg
https://jav.guru/1053353/jur-266-close-contact-sex-the-heat-filling-the-gym-forbidden-passion-with-an-older-student/,https://cdn.javmiku.com/wp-content/uploads/2026/09/jur266pl-550x374.jpg
https://jav.guru/1053354/jur-265-nude-model-ntr-shocking-cheating-footage-of-the-wife-who-drowned-in-humiliation-with-her-boss-suzu-matsuoka/,https://cdn.javmiku.com/wp-content/uploads/2026/09/jur265pl-550x374.jpg
https://jav.guru/1053355/jur-107-lovely-lingerie-the-rewarded-married-woman-insurance-saleswoman-dirtied-with-saliva-and-semen-yuki-kanoha/,https://cdn.javmiku.com/wp-content/uploads/2026/09/jur107pl-550x374.jpg
https://jav.guru/1053356/huntc-660-observing-the-daily-life-of-schoolgirls-for-whom-going-to-school-in-school-swimsuits-has-become-normal-at-a-girls-school-in-a-certain-town-commuting-in-school-swimsuits-was-made-mandat/,https://cdn.javmiku.com/wp-content/uploads/2026/09/huntc660pl-550x374.jpg
https://jav.guru/1053357/huntc-576-maybe-he-goes-soft-because-im-bad-at-sex-my-inexperienced-sister-in-law-tempts-me-into-baby-making-practice-saying-i-want-to-get-better-i-ended-up-having-creampie-sex-with-her-b/,https://cdn.javmiku.com/wp-content/uploads/2026/09/huntc576pl-550x374.jpg
https://jav.guru/1053358/hublk-081-public-execution-3/,https://cdn.javmiku.com/wp-content/uploads/2026/09/hublk081pl-550x374.jpg
https://jav.guru/1053359/hublk-079-daughter-oral-rape/,https://cdn.javmiku.com/wp-content/uploads/2026/09/hublk079pl-550x374.jpg
https://jav.guru/1053360/hmn-914-smearing-aphrodisiac-on-the-high-leg-of-my-girlfriends-cocky-little-sister-and-repeatedly-pressing-my-huge-cock-against-her-in-a-thighjob/,https://cdn.javmiku.com/wp-content/uploads/2026/09/hmn914pl-550x374.jpg
https://jav.guru/1053361/hmn-911-the-dominatrix-i-met-at-an-m-sex-parlor-was-surprisingly-a-plain-female-office-worker-with-our-positions-reversed-her-slut-play-continues-even-at-the-company-and-im-getting-reverse-raped/,https://cdn.javmiku.com/wp-content/uploads/2026/09/hmn911pl-550x374.jpg
https://jav.guru/1053362/hmn-902-bratty-sports-girl-given-aphrodisiac-x-restraint-slow-piston-cock-slowly-and-thoroughly-inserted-to-raise-sensitivity-150x/,https://cdn.javmiku.com/wp-content/uploads/2026/09/hmn902pl-550x374.jpg
https://jav.guru/1053363/hmn-894-immediately-milk-that-rock-hard-cock-dry-the-nurse-who-does-deep-pussy-stroking-creampies-because-its-throbbing-too-hard-and-gets-in-the-way-of-treatment-a-hospital-stay-with-a-daily-qu/,https://cdn.javmiku.com/wp-content/uploads/2026/09/hmn894pl-550x374.jpg
https://jav.guru/1053365/dsod-114-easily-lifting-a-defenseless-petite-man-into-acrobatic-cowgirl-a-super-sadistic-predator-slut-who-madly-torments-him-with-overwhelming-muscular-strength-kyoko-hanamiya/,https://cdn.javmiku.com/wp-content/uploads/2026/09/dsod114pl-550x374.jpg
https://jav.guru/1053366/dsod-082-w-exclusive-hibiki-otsuki-x-momiji-hiiragi-the-beautiful-cross-dressing-boy-is-taught-the-joy-of-being-female-by-a-super-sadistic-female-teacher-and-can-never-go-back-to-being-a-boy-sp/,https://cdn.javmiku.com/wp-content/uploads/2026/09/dsod082pl-550x374.jpg
https://jav.guru/1053367/dsod-081-while-my-wife-was-back-home-visiting-her-family-i-was-led-astray-by-my-slender-big-tits-subordinates-cunning-temptation/,https://cdn.javmiku.com/wp-content/uploads/2026/09/dsod081pl-550x374.jpg
https://jav.guru/1053368/dsod-077-no-script-direction-or-acting-at-all-surrendering-body-to-pleasure-as-instincts-dictate-in-a-1-on-1-miyu-aizawa/,https://cdn.javmiku.com/wp-content/uploads/2026/09/dsod077pl-550x374.jpg
https://jav.guru/1053369/dsod-074-steamy-drenched-in-sweat-dripping-a-documentary-of-extreme-sex-covered-in-thick-bodily-fluids-hana-himesaki/,https://cdn.javmiku.com/wp-content/uploads/2026/09/dsod074pl-550x374.jpg
https://jav.guru/1053370/dsod-049-special-news-report-record-of-the-truth-the-reason-the-female-announcer-keeps-running-on-the-front-lines-real-orgasm-broadcast-accident-on-the-national-network-himari-kinoshita/,https://cdn.javmiku.com/wp-content/uploads/2026/09/dsod049pl-550x374.jpg
https://jav.guru/1053371/cjod-548-naughty-older-sister-comes-onto-you-as-a-slut-at-the-creampie-ok-rejuvenating-asian-mens-esthetic-alice-shaku/,https://cdn.javmiku.com/wp-content/uploads/2026/09/cjod548pl-550x374.jpg
https://jav.guru/1053698/yhh-006-deadly-hell-thrusts-even-if-her-eyes-roll-back-sakisaka-karen/,https://cdn.javmiku.com/wp-content/uploads/2026/09/h_127yhh006pl-550x374.jpg
https://jav.guru/1053699/xmom-88-hotel-orgy-with-a-female-ground-staffer-from-a-major-airline-company-hinano-sonoda/,https://cdn.javmiku.com/wp-content/uploads/2026/09/h_086xmom88pl-550x374.jpg
https://jav.guru/1053700/wtex-025-completely-capturing-hairless-pussies-in-intense-shots-shaved-beautiful-girl-cosplayer-creampie-private-shoot-sex-collection-300-minutes/,https://cdn.javmiku.com/wp-content/uploads/2026/09/wtex025pl-550x374.jpg
https://jav.guru/1053701/tpin-102-mothers-love-and-twisted-family-circumstances/,https://cdn.javmiku.com/wp-content/uploads/2026/09/tpin102pl-550x374.jpg
https://jav.guru/1053702/smom-010-shin-abnormal-sexual-intercourse-mother-and-chld-in-the-storehouse-part-one-twisted-parent-chld-love-woven-together-in-a-damp-secret-room-in-a-rural-village-chisato-shoda/,https://cdn.javmiku.com/wp-content/uploads/2026/09/smom010pl-550x374.jpg
https://jav.guru/1053704/royd-356-handjob-pleasure-so-intense-that-cumming-in-a-pussy-becomes-a-hassle-foreskin-stroking-joi-that-leads-you-to-ejaculation-by-rubbing-the-sensitive-glans-skin-and-all/,https://cdn.javmiku.com/wp-content/uploads/2026/09/royd356pl-550x374.jpg
https://jav.guru/1053705/royd-352-eh-this-is-the-practical-training-when-i-enrolled-in-an-esthetics-vocational-school-i-was-the-only-guy-the-training-is-freely-touching-the-bodies-of-girls-wearing-nothing-but-a-single-to/,https://cdn.javmiku.com/wp-content/uploads/2026/09/royd352pl-550x374.jpg
https://jav.guru/1053706/royd-349-forbidden-weight-loss-drug-triggers-a-massive-awakening-into-an-ultra-slim-beauty-forbidden-sister-brother-incest-as-she-completely-unleashes-years-of-pent-up-lust-on-her-younger-brother/,https://cdn.javmiku.com/wp-content/uploads/2026/09/royd349pl-550x374.jpg
https://jav.guru/1053707/rlmp-015-im-going-to-rape-this-entire-family-right-now-arakawa-ku-nippori/,https://cdn.javmiku.com/wp-content/uploads/2026/09/rlmp015pl-550x374.jpg
https://jav.guru/1053708/ppr-011-nonoura-non-8-hour-best-prestige-premium-restricted-vol-13/,https://cdn.javmiku.com/wp-content/uploads/2026/09/pb_e_ppr-011-550x374.jpg
https://jav.guru/1053709/onsg-110-big-tits-delivery-health-j-cup-hirose-miyu/,https://cdn.javmiku.com/wp-content/uploads/2026/09/onsg110pl-550x374.jpg
https://jav.guru/1053710/oae-317-all-nude-hoshizora-neru/,https://cdn.javmiku.com/wp-content/uploads/2026/09/oae317pl-550x374.jpg
https://jav.guru/1053711/oae-316-naked-angel-yua-fukuda/,https://cdn.javmiku.com/wp-content/uploads/2026/09/oae316pl-550x374.jpg
https://jav.guru/1053712/oae-315-punsuka-pink-otsuka-biru/,https://cdn.javmiku.com/wp-content/uploads/2026/09/oae315pl-550x374.jpg
https://jav.guru/1053713/nsfs-514-super-humiliation-the-wife-who-was-turned-into-everyones-toy-on-the-company-trip-8-yumi-nijimura/,https://cdn.javmiku.com/wp-content/uploads/2026/09/nsfs514pl-550x374.jpg
https://jav.guru/1053714/mkmp-754-asshole-marking-of-bored-sexless-young-wives-in-the-countryside-taming-them-with-anal-rimming-until-their-anuses-get-soggy-then-a-big-ass-smothering-harem-that-milks-you-dry-until-their-a/,https://cdn.javmiku.com/wp-content/uploads/2026/09/mkmp754pl-550x374.jpg
https://jav.guru/1053715/mkmp-752-hairdresser-ntr-3-hours-until-the-last-train-my-apprentice-hairdresser-girlfriend-apparently-writhes-in-ecstasy-on-the-managers-cock-every-night-after-the-shop-closes-ena-satsuki/,https://cdn.javmiku.com/wp-content/uploads/2026/09/mkmp752pl-550x374.jpg
https://jav.guru/1053724/mibb-087-slender-sexy-stylish-race-queen-clothed-sex-without-taking-off-the-admired-cool-costume-aya-sasakura/,https://cdn.javmiku.com/wp-content/uploads/2026/09/mibb087pl-550x374.jpg
https://jav.guru/1053725/mibb-086-170cm-tall-full-volume-h-cups-a-godlike-body-just-like-a-figurine-clothed-sex-that-seeks-nothing-but-pleasure-mina-fukuhara/,https://cdn.javmiku.com/wp-content/uploads/2026/09/mibb086pl-550x374.jpg
https://jav.guru/1053729/madv-642-unexpected-sexual-service-duties-during-training-the-huge-assed-big-tits-new-hires-stress-relief-method-she-cant-tell-anyone-about-is-being-a-full-body-sheer-tights-slut-ruka-itoi/,https://cdn.javmiku.com/wp-content/uploads/2026/09/madv642pl-550x374.jpg
https://jav.guru/1053730/jyma-115-huge-titted-young-wife-transforms-on-an-aphrodisiac-for-druggd-sex/,https://cdn.javmiku.com/wp-content/uploads/2026/09/jyma115pl-550x374.jpg
https://jav.guru/1053736/huntc-659-ill-wash-your-back-we-are-the-hot-spring-girls-back-washing-squad-at-a-local-volunteer-event-schoolgirls-wash-your-back-at-a-hot-spring-inn-they-wash-your-back-in-gym-clothes-schoo/,https://cdn.javmiku.com/wp-content/uploads/2026/09/huntc659pl-550x374.jpg
https://jav.guru/1053737/huntc-658-harem-orgy-at-the-countryside-grandpas-house-thats-become-a-hangout-for-runaway-gals-when-i-go-visit-my-senile-grandpa-its-turned-into-a-hangout-for-runaway-gals/,https://cdn.javmiku.com/wp-content/uploads/2026/09/huntc658pl-550x374.jpg
https://jav.guru/1053738/huntc-638-im-in-the-sex-club-starting-today-too-when-i-transferred-to-a-school-that-was-all-girls-until-last-year-i-was-the-only-guy-in-the-class-after-school-sex-practice-requires-my-cock/,https://cdn.javmiku.com/wp-content/uploads/2026/09/huntc638pl-550x374.jpg
https://jav.guru/1053739/huntc-572-squishy-slide-in-huh-it-slipped-in-breaking-through-the-1mm-fabric-wall-little-devil-esthetician-presses-her-underwear-against-the-erect-cock-poking-out-from-the-paper-panties-5/,https://cdn.javmiku.com/wp-content/uploads/2026/09/huntc572pl-550x374.jpg
https://jav.guru/1053740/huntc-550-moms-the-only-one-being-unfair-ill-keep-it-a-secret-from-dad-a-dream-mother-daughter-threesome-with-a-sexually-frustrated-mom-and-her-little-devil-daughter-the-daughter-who-suddenl/,https://cdn.javmiku.com/wp-content/uploads/2026/09/huntc550pl-550x374.jpg
https://jav.guru/1053741/huntc-541-its-okay-theres-no-way-well-get-caught-you-can-cum-inside-danger-level-max-little-devil-stepsister-does-sneaky-fuck-sex-inside-her-skirt-right-in-front-of-her-parents/,https://cdn.javmiku.com/wp-content/uploads/2026/09/huntc541pl-550x374.jpg
https://jav.guru/1053742/hhf-114-pleasure-supremacy-direct-hit-to-the-uterus-240-minute-best-of-the-cowgirl-addicted-older-sister-whos-eager-to-straddle/,https://cdn.javmiku.com/wp-content/uploads/2026/09/hhf114pl-550x374.jpg
https://jav.guru/1053743/hhf-113-if-id-met-them-sooner-i-definitely-wouldve-lost-my-virginity-way-earlier-panty-flash-tempting-slutty-schoolgirls-best/,https://cdn.javmiku.com/wp-content/uploads/2026/09/hhf113pl-550x374.jpg
https://jav.guru/1053744/halt-093-making-my-big-brother-loving-cold-sensitive-bare-legged-high-school-girl-little-sister-wear-black-tights-and-rubbing-against-each-other-got-her-completely-hooked/,https://cdn.javmiku.com/wp-content/uploads/2026/09/halt093pl-550x374.jpg
https://jav.guru/1053745/gvh-881-using-the-new-bushy-haired-j-type-esthetician-who-came-to-apply-for-a-part-time-job-at-a-hair-removal-salon-as-a-guinea-pig-devouring-her-steamy-pussy-hair-and-ass-hair-in-agonizing-vio-cun/,https://cdn.javmiku.com/wp-content/uploads/2026/09/gvh881pl-550x374.jpg
https://jav.guru/1053746/gs-2148-creampie-my-beloved-wife-the-underside-of-the-affairs-end-extra-episode-married-woman-tchi-sequel/,https://cdn.javmiku.com/wp-content/uploads/2026/09/140gs2148pl-550x374.jpg
https://jav.guru/1053747/gs-2147-married-womans-hot-spring-love-trip-182/,https://cdn.javmiku.com/wp-content/uploads/2026/09/140gs2147pl-550x374.jpg
https://jav.guru/1053748/gmem-155-madness-trture-laboratory-the-brown-skinned-queen-in-a-frenzy-of-delirious-ecstasy-the-banquet-of-the-brown-skinned-queens-mad-frenzy-delirium-and-orgasm-kurozaki-hana/,https://cdn.javmiku.com/wp-content/uploads/2026/09/gmem155pl-550x374.jpg
https://jav.guru/1053749/flav-428-hyper-fetish-rock-hard-nipples-bitten-and-pinched-oho-voice-squirting-and-happy-peeing-splashing-everywhere-a-pleasure-lust-beast-whose-whole-body-is-an-erogenous-zone/,https://cdn.javmiku.com/wp-content/uploads/2026/09/flav428pl-550x374.jpg
https://jav.guru/1053750/dsod-093-serious-cock-training-the-beautiful-hot-pussy-teacher-keeps-having-insanely-intense-sex-anytime-and-anywhere-on-campus-with-her-useless-cock-student-rin-otonashi/,https://cdn.javmiku.com/wp-content/uploads/2026/09/dsod093pl-550x374.jpg
https://jav.guru/1053751/dsod-010-women-prohibited-cock-night-pool-marina-ikeda-renka-yuzuki-momiji-hiiragi-ramu-ichinose/,https://cdn.javmiku.com/wp-content/uploads/2026/09/dsod010pl-550x374.jpg
https://jav.guru/1053753/dldss-546-public-pool-shes-definitely-getting-banned-eventually-the-married-woman-in-a-bugged-competitive-swimsuit-comes-to-swim-three-times-a-week-kanae-ai/,https://cdn.javmiku.com/wp-content/uploads/2026/09/1dldss546pl-550x374.jpg
https://jav.guru/1053754/dazd-309-i-want-to-creampie-a-childbearing-body-enjoy-all-you-want-of-the-ultimate-erotic-mochi-body-that-accepts-and-envelops-everything-240-minute-best/,https://cdn.javmiku.com/wp-content/uploads/2026/09/dazd309pl-550x374.jpg
https://jav.guru/1053755/cjod-592-the-quiet-plain-faced-schoolgirl-who-likes-her-homeroom-teacher-and-became-his-obedient-onahole-student-is-addicted-to-their-immoral-after-school-creampie-physical-relationship-where-she-cu/,https://cdn.javmiku.com/wp-content/uploads/2026/09/cjod592pl-550x374.jpg
https://jav.guru/1053756/cjod-537-reiwa-no-1-drool-dripping-tongue-kissing-gal-lewd-service-with-her-exquisite-body-in-an-unlimited-ejaculation-soapland-course-that-milks-you-dry-for-20-loads-rima-arai/,https://cdn.javmiku.com/wp-content/uploads/2026/09/cjod537pl-550x374.jpg
https://jav.guru/1053757/cjod-536-hot-spring-pov-fuck-a-lewd-creampie-trip-love-juice-soaked-close-contact-flirty-super-suction-funny-face-vacuum-meaty-ass-jiggling-with-incredible-hip-swinging/,https://cdn.javmiku.com/wp-content/uploads/2026/09/cjod536pl-550x374.jpg
https://jav.guru/1053758/cjod-521-when-i-woke-up-there-was-a-junior-gal-in-her-underwear-next-to-me-i-got-slut-teased-over-and-over-by-mokas-constant-kneading-nipple-play-haruhi-moka/,https://cdn.javmiku.com/wp-content/uploads/2026/09/cjod521pl-550x374.jpg
https://jav.guru/1053759/cemd-896-no-acting-or-direction-at-all-blushing-and-falling-for-her-during-an-all-day-date-pov-fuck-14-sayuri-hayama/,https://cdn.javmiku.com/wp-content/uploads/2026/09/cemd896pl-550x374.jpg
https://jav.guru/1053760/cemd-895-lovey-dovey-one-day-taxi-date-with-my-beloved-boyfriend-2-shiori-yorimoto/,https://cdn.javmiku.com/wp-content/uploads/2026/09/cemd895pl-550x374.jpg
https://jav.guru/1053761/cemd-893-thoroughly-dissecting-toba-iku-a-full-day-packed-with-cunnilingus-making-her-cum-nonstop-with-sex-6/,https://cdn.javmiku.com/wp-content/uploads/2026/09/cemd893pl-550x374.jpg
https://jav.guru/1053762/cemd-892-the-extreme-masochist-widow-who-got-drunk-on-rope-and-drowned-in-it-2-hikari-kisaki/,https://cdn.javmiku.com/wp-content/uploads/2026/09/cemd892pl-550x374.jpg
https://jav.guru/1053763/cemd-891-j-cup-huge-tits-beautiful-mature-married-woman-no-panties-plump-mature-ass-tight-pants-date-momono-marina/,https://cdn.javmiku.com/wp-content/uploads/2026/09/cemd891pl-550x374.jpg
https://jav.guru/1053764/c-2989-adult-maker-raids-ntr-couple-barging-in-for-av-filming-vault-released-secret-footage-1/,https://cdn.javmiku.com/wp-content/uploads/2026/09/140c2989pl-550x374.jpg
https://jav.guru/1053765/bony-209-god-tier-scenario-confirmed-immoral-sex-with-beautiful-girls-in-uniform-8-girls-5-hours-best/,https://cdn.javmiku.com/wp-content/uploads/2026/09/bony209pl-550x374.jpg
https://jav.guru/1053766/bony-207-without-pulling-out-consecutive-creampies-shake-inside-her-vagina-unlimited-creampies-overflowing-her-pussys-capacity-hikari-kisaki/,https://cdn.javmiku.com/wp-content/uploads/2026/09/bony207pl-550x374.jpg
https://jav.guru/1053767/bokd-320-av-debut-i-may-look-like-this-but-i-have-a-cock-kano-kawamiya/,https://cdn.javmiku.com/wp-content/uploads/2026/09/bokd320pl-550x374.jpg
https://jav.guru/1053768/aldn-615-at-the-neighborhood-association-gathering-iroha-narimiya/,https://cdn.javmiku.com/wp-content/uploads/2026/09/aldn615pl-550x374.jpg
https://jav.guru/1053769/aldn-614-my-wife-whos-getting-married-returns-home-to-get-impregnated-shiori-tsukada/,https://cdn.javmiku.com/wp-content/uploads/2026/09/aldn614pl-550x374.jpg
https://jav.guru/1053770/aldn-613-several-days-of-nonstop-creampies-with-my-brothers-wife-yuka-mizuno/,https://cdn.javmiku.com/wp-content/uploads/2026/09/aldn613pl-550x374.jpg
https://jav.guru/1054114/tpns-038-super-shy-and-overly-timid-beautiful-girl-falls-into-extreme-masochist-sluthood-with-her-sensitive-ass-pussy-instantly-orgasming-and-convulsing-while-soaked-in-semen-during-4p-sex/,https://cdn.javmiku.com/wp-content/uploads/2026/09/tpns038pl-550x374.jpg
https://jav.guru/1054115/tcd-348-175cm-tall-otokonoko-and-a-booze-soaked-drunken-reverse-anal-date-hibiki-aoi/,https://cdn.javmiku.com/wp-content/uploads/2026/09/tcd348pl-550x374.jpg
https://jav.guru/1054117/spsf-65-heroines-downfall-beautiful-girl-warrior-sailor-freesia-sumire-takigawa/,https://cdn.javmiku.com/wp-content/uploads/2026/09/h_173spsf65pl-550x374.jpg
https://jav.guru/1054118/spsf-63-super-lady-catastrophe-hikari-tomoe/,https://cdn.javmiku.com/wp-content/uploads/2026/09/h_173spsf63pl-550x374.jpg
https://jav.guru/1054119/spsf-62-heroine-pov-fuck-fly-high-pure-azure-ito-akana/,https://cdn.javmiku.com/wp-content/uploads/2026/09/h_173spsf62pl-550x374.jpg
https://jav.guru/1054120/spsf-61-sentai-heroine-action-pinch-downfall-star-sea-sentai-kaiser-five-kaiser-yellow-downfall-edition-moa-wakatsuki/,https://cdn.javmiku.com/wp-content/uploads/2026/09/h_173spsf61pl-550x374.jpg
https://jav.guru/1054121/spsf-60-sweet-sadist-heroine-wild-white-meru-kohinata/,https://cdn.javmiku.com/wp-content/uploads/2026/09/h_173spsf60pl-550x374.jpg
https://jav.guru/1054122/spsf-59-razor-mikage-part-2-sumire-aisaka/,https://cdn.javmiku.com/wp-content/uploads/2026/09/h_173spsf59pl-550x374.jpg
https://jav.guru/1054123/spsf-58-masked-beautiful-holy-warrior-eclipse-educational-guidance-of-the-fall-nanami-aoba/,https://cdn.javmiku.com/wp-content/uploads/2026/09/h_173spsf58pl-550x374.jpg
https://jav.guru/1054127/smkd-013-completely-unconscious-4-women-welfare-recipient-56-yamato-nadeshiko-gym-user-60-sixth-grade-homeroom-teacher-48-medical-clerk-40-creampie-for-all-sleepwalking-seconds/,https://cdn.javmiku.com/wp-content/uploads/2026/09/smkd013pl-550x374.jpg
https://jav.guru/1054128/rmsq-022-super-sensitive-big-tits-explosive-orgasm-encyclopedia-super-erotic-incredible-climax-footage-of-female-bodies-packed-full-of-erogenous-zones-superlative-ecstasy-file/,https://cdn.javmiku.com/wp-content/uploads/2026/09/h_1133rmsq022pl-550x374.jpg
https://jav.guru/1054129/pym-579-business-hotel-on-a-business-trip-female-employees-freed-from-work-masturbating-10-peeped-on-women/,https://cdn.javmiku.com/wp-content/uploads/2026/09/h_283pym579pl-550x374.jpg
https://jav.guru/1054130/pym-578-developing-slippery-pussies-11-girls-in-heat-secretly-at-the-peak-of-masturbation/,https://cdn.javmiku.com/wp-content/uploads/2026/09/h_283pym578pl-550x374.jpg
https://jav.guru/1054134/pets-072-short-haired-crossdressing-gal-the-miraculous-femboy-fusing-boyishness-and-cuteness/,https://cdn.javmiku.com/wp-content/uploads/2026/09/pets072pl-550x374.jpg
https://jav.guru/1054135/ofku-250-pressed-to-the-brink-of-suffocation-by-the-overwhelming-flesh-pressure-of-my-60-year-old-stepmothers-94cm-huge-ass/,https://cdn.javmiku.com/wp-content/uploads/2026/09/h_1664ofku250pl-550x374.jpg
https://jav.guru/1054136/nsfs-513-driven-mad-by-an-employee-the-promiscuous-body-of-the-company-presidents-wife-nia/,https://cdn.javmiku.com/wp-content/uploads/2026/09/nsfs513pl-550x374.jpg
https://jav.guru/1054146/nacx-178-best-of-24-beautiful-shaved-mature-women-and-young-wives-240-minutes-ultimate-sex-compilation-of-pumping-plenty-of-thick-semen-creampies-into-smooth-hairless-pussies/,https://cdn.javmiku.com/wp-content/uploads/2026/09/h_237nacx178pl-550x374.jpg
https://jav.guru/1054147/nact-188-make-me-feel-so-good%e2%97%87-the-stuffed-animal-i-picked-up-at-the-dump-turns-into-a-human-climax-fucking-of-a-lli-pet-in-total-submission-on-a-collar-and-leash-yura-kana/,https://cdn.javmiku.com/wp-content/uploads/2026/09/h_237nact188pl-550x374.jpg
https://jav.guru/1054148/nact-187-other-peoples-misfortune-is-really-delicious%e2%97%87-the-scheming-ntr-woman-who-steals-her-best-friends-fiancee-pretends-to-be-the-victim-herself-and-drives-her-best-friend-to-ruin/,https://cdn.javmiku.com/wp-content/uploads/2026/09/h_237nact187pl-550x374.jpg
https://jav.guru/1054149/nact-186-squeezing-out-the-semen-until-the-balls-are-empty-outcall-oil-massage-ayase-kotone/,https://cdn.javmiku.com/wp-content/uploads/2026/09/h_237nact186pl-550x374.jpg
https://jav.guru/1054150/nact-185-masochist-awakening-married-woman-slave-nozomi-arimura/,https://cdn.javmiku.com/wp-content/uploads/2026/09/h_237nact185pl-550x374.jpg
https://jav.guru/1054151/nact-184-hands-on-guidance-%c2%b7-sister-brother-incest-big-sis-will-be-your-practice-partner-the-25-year-old-beautiful-older-sister-who-shoved-erotic-books-at-her-virgin-real-younger-brother-an/,https://cdn.javmiku.com/wp-content/uploads/2026/09/h_237nact184pl-550x374.jpg
https://jav.guru/1054152/nact-183-double-booked-vacation-rental-the-two-drawn-to-each-other-under-one-roof-miyamoto-satomi/,https://cdn.javmiku.com/wp-content/uploads/2026/09/h_237nact183pl-550x374.jpg
https://jav.guru/1054153/mvg-174-female-teacher-whose-exhibitionism-habit-was-exposed-by-her-female-students-blackmailed-and-turned-into-a-slave-then-offered-up-as-a-sacrifice-for-outdoor-bondage-public-humiliation-and-g/,https://cdn.javmiku.com/wp-content/uploads/2026/09/mvg174pl-550x374.jpg
https://jav.guru/1054154/mopt-054-long-legged-onee-sans-m-man-bullying-with-pantyhose-jeans-and-knee-high-boots-katayose-hagika/,https://cdn.javmiku.com/wp-content/uploads/2026/09/mopt054pl-550x374.jpg
https://jav.guru/1054155/mond-309-the-beautiful-wife-next-door-mika-sumikawa/,https://cdn.javmiku.com/wp-content/uploads/2026/09/mond309pl-550x374.jpg
https://jav.guru/1054156/mkon-150-ass-bullying-aika/,https://cdn.javmiku.com/wp-content/uploads/2026/09/mkon150pl-550x374.jpg
https://jav.guru/1054157/mkon-149-who-is-av-actress-yui-hatano/,https://cdn.javmiku.com/wp-content/uploads/2026/09/mkon149pl-550x374.jpg
https://jav.guru/1054158/mkmp-756-5-year-creampie-upbringing-record-until-the-thirsty-married-woman-loves-the-neighbors-son-and-raises-him-into-a-peerless-cock-haruka-rukawa/,https://cdn.javmiku.com/wp-content/uploads/2026/09/mkmp756pl-550x374.jpg
https://jav.guru/1054165/ktkz-110-the-class-beauty-who-turns-every-head-in-the-top-group-has-a-secret-she-cant-tell-anyone-she-was-a-secretly-perverted-girl-with-a-complex-about-her-long-nipples/,https://cdn.javmiku.com/wp-content/uploads/2026/09/ktkz110pl-550x374.jpg
https://jav.guru/1054166/kagn-027-blowjobs-anywhere-25-11-girls/,https://cdn.javmiku.com/wp-content/uploads/2026/09/kagn027pl-550x374.jpg
https://jav.guru/1054172/halt-092-kimeseku-office-confinement-the-intern-whose-reason-collapsed-from-aphrodisiacs-is-leashed-with-a-collar-and-has-submission-beaten-into-her-through-dogeza-the-woman-who-fell-into-a-creamp/,https://cdn.javmiku.com/wp-content/uploads/2026/09/halt092pl-550x374.jpg
https://jav.guru/1054174/fns-233-gravure-idols-first-day-on-the-job-all-out-slippery-close-contact-creampie-soapland-misaki-sonoka/,https://cdn.javmiku.com/wp-content/uploads/2026/09/1fns233pl-550x374.jpg
https://jav.guru/1054175/fem-040-when-a-femboy-seriously-crossdresses-he-becomes-a-peerless-beauty-and-makes-his-newcomer-debut-shiroro/,https://cdn.javmiku.com/wp-content/uploads/2026/09/fem040pl-550x374.jpg
https://jav.guru/1054176/embm-055-a-married-woman-slowly-teases-with-her-pantyhose-feet-an-inexperienced-naive-young-wife-thoroughly-torments-a-masochist-mans-cock-with-her-ass-and-legs-forcing-him-to-cum-because-he-can/,https://cdn.javmiku.com/wp-content/uploads/2026/09/h_1650embm055pl-550x374.jpg
https://jav.guru/1054177/embm-054-super-amateur-applicant-holstein-titted-wife-the-soft-100cm-huge-tits-of-a-super-masochistic-and-super-slutty-wife-go-wild-himari-kosaka/,https://cdn.javmiku.com/wp-content/uploads/2026/09/h_1650embm054pl-550x374.jpg
https://jav.guru/1054178/ekdv-829-my-virginity-was-taken-by-my-childhood-friend-the-devoted-and-cute-childhood-friend-who-became-a-sex-practice-partner-for-me-a-virgin-who-got-a-girlfriend-for-the-first-time-mochino-yo/,https://cdn.javmiku.com/wp-content/uploads/2026/09/ekdv829pl-550x374.jpg
https://jav.guru/1054179/ekdv-828-this-bitch-currently-in-full-heat-want-to-try-hibiki-ren/,https://cdn.javmiku.com/wp-content/uploads/2026/09/ekdv828pl-550x374.jpg
https://jav.guru/1054180/dazd-308-cumming-like-crazy-with-adult-toys-reason-completely-shattered-%e2%88%9e-trembling-violently-beyond-climax-short-of-collapse-best/,https://cdn.javmiku.com/wp-content/uploads/2026/09/dazd308pl-550x374.jpg
https://jav.guru/1054181/cny-026-the-joy-of-masochistic-abuse-as-livestock-beautiful-boy-brainwashed-into-feminization-hanamiya-hime/,https://cdn.javmiku.com/wp-content/uploads/2026/09/cny026pl-550x374.jpg
https://jav.guru/1054182/clot-044-pantyhose-temptation-sato-airu/,https://cdn.javmiku.com/wp-content/uploads/2026/09/h_237clot044pl-550x374.jpg
https://jav.guru/1054183/cead-768-unstoppable-rubbing-15-beautiful-actresses-bare-their-raw-instincts-in-corner-masturbation-you-couldnt-imagine-from-their-everyday-appearances/,https://cdn.javmiku.com/wp-content/uploads/2026/09/cead768pl-550x374.jpg
https://jav.guru/1054184/blor-309-friendly-personality-and-h-cups-the-huge-titted-izakaya-waitress-i-relentlessly-pounded-the-cheerful-good-natured-girl-who-laughs-a-lot-with-my-insatiable-huge-cock/,https://cdn.javmiku.com/wp-content/uploads/2026/09/blor309pl-550x374.jpg
https://jav.guru/1054185/blor-308-the-cute-girl-bar-waitress-with-her-loose-casual-speech-squirts-fuck-juices-and-cums-when-pounded-deep-by-a-huge-cock-she-hits-a-character-collapsing-low-tone-orgasm-going-ooh-ooh-ooh/,https://cdn.javmiku.com/wp-content/uploads/2026/09/blor308pl-550x374.jpg
https://jav.guru/1054186/avsa-459-insatiable-slut-who-makes-you-lick-her-bushy-asshole-and-pussy-a-hypersexed-married-woman-who-right-after-meeting-marks-you-with-cunnilingus-from-the-musky-smell-and-taste-of-her-steamy-pu/,https://cdn.javmiku.com/wp-content/uploads/2026/09/avsa459pl-550x374.jpg
https://jav.guru/1054187/avsa-458-former-national-sports-festival-liberos-erotic-awakening-big-titted-athletes-huge-cock-attack-shaking-her-plump-g-cups-to-max-climax-ruru-hagawa/,https://cdn.javmiku.com/wp-content/uploads/2026/09/avsa458pl-550x374.jpg
https://jav.guru/1054188/aran-114-absolutely-hopeless-ultra-tight-bondage-secret-flesh-thoroughly-tormented-deep-inside-47-despairing-women-incredible-5-hour-footage-of-nonstop-orgasms-ultra-maniac-special/,https://cdn.javmiku.com/wp-content/uploads/2026/09/aran114pl-550x374.jpg
https://jav.guru/1054189/apns-422-creampie-me-give-me-a-baby-her-innocent-body-gets-toyed-with-creampie-impregnation-pregnancy-the-beautiful-tits-of-the-niece-who-came-home-to-visit-nami-asami/,https://cdn.javmiku.com/wp-content/uploads/2026/09/apns422pl-550x374.jpg
https://jav.guru/1054190/apak-338-lewd-super-masochist-beautiful-girl-yuuka-chan-gap-moe-my-pussys-going-crazy-the-gentle-girl-has-a-climax-awakening-deepthroat-and-g-cup-titjob-service-hotel-lock-in-lewd-climax/,https://cdn.javmiku.com/wp-content/uploads/2026/09/apak338pl-550x374.jpg
https://jav.guru/1054191/ambi-214-when-i-made-my-shut-in-little-sister-try-a-matching-app-nagisa-takaboshi/,https://cdn.javmiku.com/wp-content/uploads/2026/09/h_237ambi214pl-550x374.jpg
https://jav.guru/1054192/agav-183-glasses-facial-story-by-day-the-beautiful-company-president-everyone-admires-by-night-a-masochistic-pig-meat-toilet-tsubaki-hanagoromo/,https://cdn.javmiku.com/wp-content/uploads/2026/09/agav183pl-550x374.jpg
https://jav.guru/1054193/agav-182-human-futon-me-who-got-under-the-comforter-with-that-sexually-frustrated-girl-ambushing-her-in-her-sleep-sometimes-ntr-muraryuna/,https://cdn.javmiku.com/wp-content/uploads/2026/09/agav182pl-550x374.jpg
https://jav.guru/1054194/aczd-258-sex-slave-couple-mating-pair-training/,https://cdn.javmiku.com/wp-content/uploads/2026/09/h_019aczd258pl-550x374.jpg
https://jav.guru/1054695/xvsr-368-120-minute-non-stop-sex-lewd-play-shiori-kuraki/,https://cdn.javmiku.com/wp-content/uploads/2026/09/xvsr368sopl-550x374.jpg
https://jav.guru/1054696/xvsr-367-massive-orgasms-x-massive-convulsions-madly-writhing-creampie-trembling-sex-honoka-mihara/,https://cdn.javmiku.com/wp-content/uploads/2026/09/xvsr367sopl-550x374.jpg
https://jav.guru/1054697/tsds-46078-material-miyu-ozono/,https://cdn.javmiku.com/wp-content/uploads/2026/09/2293-550x374.jpg
https://jav.guru/1054698/tsds-43081-a-quarter-%d1%87%d0%b5%d1%82%d0%b2%d0%b5%d1%80%d1%82%d1%8c-sasha-yurikawa/,https://cdn.javmiku.com/wp-content/uploads/2026/09/1097-550x374.jpg
https://jav.guru/1054699/tsds-43042-holy-fruit-airi-shirakawa/,https://cdn.javmiku.com/wp-content/uploads/2026/09/2405-550x374.jpg
https://jav.guru/1054700/tsds-43017-the-fruit-of-happiness-yui-kudo/,https://cdn.javmiku.com/wp-content/uploads/2026/09/2482-550x374.jpg
https://jav.guru/1054701/tsds-43007-2-hotaru-kusakabe/,https://cdn.javmiku.com/wp-content/uploads/2026/09/2298-550x374.jpg
https://jav.guru/1054702/tsds-42958-milky-glamour-rina-kudo/,https://cdn.javmiku.com/wp-content/uploads/2026/09/2445-550x374.jpg
https://jav.guru/1054703/tsds-42884-untitled-rinko/,https://cdn.javmiku.com/wp-content/uploads/2026/09/n_701tsds42884pl-550x374.jpg
https://jav.guru/1054704/tsds-42875-marins-summer-marin-seto/,https://cdn.javmiku.com/wp-content/uploads/2026/09/2444-550x374.jpg
https://jav.guru/1054705/tsds-42859-shima/,https://cdn.javmiku.com/wp-content/uploads/2026/09/2322-550x374.jpg
https://jav.guru/1054706/tsds-42856-asuka-mitsushima/,https://cdn.javmiku.com/wp-content/uploads/2026/09/2317-550x374.jpg
https://jav.guru/1054707/tsds-42851-fumi-murasame/,https://cdn.javmiku.com/wp-content/uploads/2026/09/2314-550x374.jpg
https://jav.guru/1054708/tsds-42841-its-hot-to-the-touch-yumi-asahina/,https://cdn.javmiku.com/wp-content/uploads/2026/09/2424-550x374.jpg
https://jav.guru/1054709/tsds-42602-gazing-into-each-others-eyes-mayu-tsukishiro/,https://cdn.javmiku.com/wp-content/uploads/2026/09/2404-550x374.jpg
https://jav.guru/1054710/tsds-42061-heavenly-maidens-feather-robe-mita-ui/,https://cdn.javmiku.com/wp-content/uploads/2026/09/2562-550x374.jpg
https://jav.guru/1054711/sqis-117-japanese-erotic-hell-tour-kissing-and-sexual-intercourse-sex/,https://cdn.javmiku.com/wp-content/uploads/2026/09/sqis117pl-550x374.jpg
https://jav.guru/1054712/spsf-64-handsome-heros-agonizing-defeat-at-the-hands-of-the-most-vicious-female-executive-who-wont-let-him-cum-mei-fukatsuki/,https://cdn.javmiku.com/wp-content/uploads/2026/09/h_173spsf64pl-550x374.jpg
https://jav.guru/1054713/sgki-104-public-phone-booth-fully-visible-from-360-degrees-ojou-sama-type-innocent-cute-beautiful-big-tits-high-school-girl-kikis-nipple-challenge/,https://cdn.javmiku.com/wp-content/uploads/2026/09/1sgki104pl-550x374.jpg
https://jav.guru/1054714/rctd-763-rocket-18th-anniversary-user-request-festival-full-pov-horror-vulgar-erotica-elusive-the-terrifying-extreme-pervert-woman-targeting-my-semen/,https://cdn.javmiku.com/wp-content/uploads/2026/09/1rctd763pl-550x374.jpg
https://jav.guru/1054715/rctd-762-rocket-18th-anniversary-user-request-festival-featureless-zentai-humanization/,https://cdn.javmiku.com/wp-content/uploads/2026/09/1rctd762pl-550x374.jpg
https://jav.guru/1054716/rctd-761-rocket-18th-anniversary-user-request-festival-cock-sniffing-brainwashing/,https://cdn.javmiku.com/wp-content/uploads/2026/09/1rctd761pl-550x374.jpg
https://jav.guru/1054717/rctd-759-rocket-18th-anniversary-commemorative-user-request-festival-lesbian-rough-fight-extreme/,https://cdn.javmiku.com/wp-content/uploads/2026/09/1rctd759pl-550x374.jpg
https://jav.guru/1054718/rctd-758-rocket-18th-anniversary-user-request-festival-miserable-prison-trade-your-sentence-for-shame-female-prisoner-special-rehabilitation-program/,https://cdn.javmiku.com/wp-content/uploads/2026/09/1rctd758pl-550x374.jpg
https://jav.guru/1054719/rapd-014-married-woman-bound-to-a-chair-abducted-and-confined-for-toy-trture-that-collapses-her-reason-immobilized-and-frced-into-continuous-orgasms-in-ahegao-cumming-hell-yuka-tada/,https://cdn.javmiku.com/wp-content/uploads/2026/09/rapd014pl-550x374.jpg
https://jav.guru/1054727/parathd-4545-will-the-female-massage-therapist-at-the-business-hotel-jerk-you-off-25-ms-wakatsuki-25-who-has-a-pure-idol-like-face-but-cant-help-wanting-to-bully-men-moa-wakatsuki/,https://cdn.javmiku.com/wp-content/uploads/2026/09/parathd04545pl-550x374.jpg
https://jav.guru/1054728/parathd-4538-4-hours-sp-i-tried-to-make-a-beautiful-female-doctor-at-a-university-hospital-thoroughly-squid-with-an-erotic-massage/,https://cdn.javmiku.com/wp-content/uploads/2026/09/parathd04538pl-550x374.jpg
https://jav.guru/1054729/parathd-4537-tried-pushing-once-in-a-generation-slut-yukari-nonoka-past-her-limits-with-dead-drunkenness-and-hypnosis/,https://cdn.javmiku.com/wp-content/uploads/2026/09/parathd04537pl-550x374.jpg
https://jav.guru/1054730/parathd-4534-hey-get-your-asshole-reamed-by-us-and-cum-like-a-girl-lol-yankee-bitch-schoolgirls-force-develop-the-anal-of-the-cute-virgin-boy-they-targeted-right-after-enrollment-for-mesuiki/,https://cdn.javmiku.com/wp-content/uploads/2026/09/parathd04534pl-550x374.jpg
https://jav.guru/1054731/parathd-4528-tao-chan-second-year-cheerleader-the-girl-dirtied-by-a-strange-old-mans-thick-cum-at-the-front-door-right-after-coming-home-amane-tao/,https://cdn.javmiku.com/wp-content/uploads/2026/09/parathd04528pl-550x374.jpg
https://jav.guru/1054732/ozz-008-first-leak-top-secret-camera-test-from-before-her-debut-a-real-first-performance-where-she-submitted-obediently-in-her-pure-acting-naive-form/,https://cdn.javmiku.com/wp-content/uploads/2026/09/1ozz00008pl-550x374.jpg
https://jav.guru/1054733/nxgs-020-dont-tell-dad-seduced-by-his-mother-the-son-ends-up-in-a-physical-relationship/,https://cdn.javmiku.com/wp-content/uploads/2026/09/h_1664nxgs020pl-550x374.jpg
https://jav.guru/1054734/namh-076-god-tier-shaved-pussy-takes-21-extra-thick-loads-uncut-genuine-creampie-in-2-real-fucks-kaho-hanamori/,https://cdn.javmiku.com/wp-content/uploads/2026/09/1namh076pl-550x374.jpg
https://jav.guru/1054735/mopg-061-clothed-m-man-hunting-skin-tight-jeans-harassment-mona-nanase/,https://cdn.javmiku.com/wp-content/uploads/2026/09/mopg061sopl-550x374.jpg
https://jav.guru/1054736/mmr-az360-nevet-tell-a-secret-kotoko-asuka/,https://cdn.javmiku.com/wp-content/uploads/2026/09/684652181_192-550x374.jpg
https://jav.guru/1054737/mmr-ak189-what-you-like-mei-fujikawa/,https://cdn.javmiku.com/wp-content/uploads/2026/09/2417-550x374.jpg
https://jav.guru/1054738/mdvij-024-what-should-i-do-i-seem-to-have-been-impregnated-by-your-son-4/,https://cdn.javmiku.com/wp-content/uploads/2026/09/48mdvij024pl-550x374.jpg
https://jav.guru/1054741/lcdv-41441-matsuri-chan-cant-swim-matsuri-goto/,https://cdn.javmiku.com/wp-content/uploads/2026/09/2540-550x374.jpg
https://jav.guru/1054742/lcdv-41440-moe-moe-trip-moeka-sasaki/,https://cdn.javmiku.com/wp-content/uploads/2026/09/2539-550x374.jpg
https://jav.guru/1054743/lcdv-41439-taipei-romantica-12-years-later-12-years-later-mariko-seyama/,https://cdn.javmiku.com/wp-content/uploads/2026/09/2413-550x374.jpg
https://jav.guru/1054744/lcdv-41383-brilliant-k-k-rui-kiriyama/,https://cdn.javmiku.com/wp-content/uploads/2026/09/2412-550x374.jpg
https://jav.guru/1054745/lcdv-41351-fantastic-k-cup-healing-huge-breasts-k-%ef%bd%9e-%ef%bd%9e-rui-kiriyama/,https://cdn.javmiku.com/wp-content/uploads/2026/09/2499-550x374.jpg
https://jav.guru/1054746/lcdv-41342-ume-hyakka-pistil-narumi-amaha/,https://cdn.javmiku.com/wp-content/uploads/2026/09/2411-550x374.jpg
https://jav.guru/1054747/lcdv-41331-legend-of-k-cup-the-departure-of-the-mega-bust-k-%e3%80%9c-%e3%80%9c-rui-kiriyama/,https://cdn.javmiku.com/wp-content/uploads/2026/09/2519-550x374.jpg
https://jav.guru/1054748/lcdv-41175-school-love-meiri/,https://cdn.javmiku.com/wp-content/uploads/2026/09/2441-550x374.jpg
https://jav.guru/1054749/lcdv-41149-oppai-teacher-yanase-saki/,https://cdn.javmiku.com/wp-content/uploads/2026/09/2497-550x374.jpg
https://jav.guru/1054750/lcdv-41030-u-like-yamamoto-yuu/,https://cdn.javmiku.com/wp-content/uploads/2026/09/2518-550x374.jpg
https://jav.guru/1054751/lcbd-00990-natsuki-kawamura-graduation/,https://cdn.javmiku.com/wp-content/uploads/2026/09/2496-550x374.jpg
https://jav.guru/1054752/ktkn-011-the-repressed-plain-girl-with-only-one-sexual-partner-whose-sole-hobby-is-daily-masturbation-as-she-commutes-between-home-and-her-factory-picking-job-gets-roughly-toyed-with-by-men-she-met/,https://cdn.javmiku.com/wp-content/uploads/2026/09/ktkn011pl-550x374.jpg
https://jav.guru/1054753/hodv-21777-premium-masked-married-woman-pickup-all-raw-creampie-260-min-dx-massively-increased-by-80-min/,https://cdn.javmiku.com/wp-content/uploads/2026/09/41hodv21777pl-550x374.jpg
https://jav.guru/1054754/fw-020-fway-020-reina-miyashita-narazaki-mizuki/,https://cdn.javmiku.com/wp-content/uploads/2026/09/h_1089fw00020pl-550x374.jpg
https://jav.guru/1054755/fw-019-in-her-dream-the-stepdaughter-milks-her-father-in-laws-fantasy-huge-cock-she-straddles-him-herself-and-pistons-hard-with-yoga-like-hip-movements/,https://cdn.javmiku.com/wp-content/uploads/2026/09/h_1089fw00019pl-550x374.jpg
https://jav.guru/1054756/fskt-048-nameless-amateur-beautiful-girls-phantom-debut-sex-collection-4-hours/,https://cdn.javmiku.com/wp-content/uploads/2026/09/h_491fskt048pl-550x374.jpg
https://jav.guru/1054757/ebod-569-the-sculpted-physical-beauty-of-a-competitive-swimmer-active-athlete-who-competed-in-the-national-championships-makes-her-e-body-exclusive-debut-natsuki/,https://cdn.javmiku.com/wp-content/uploads/2026/09/ebod569pl-550x374.jpg
https://jav.guru/1054758/dori-055-pakodori-no-55-the-boyish-schoolgirl-who-loves-bareback-sex-grabbed-my-cock-and-started-licking-it-saying-watch-this%e2%99%aa-then-took-consecutive-creampies-when-the-third-round-was/,https://cdn.javmiku.com/wp-content/uploads/2026/09/h_491dori055pl-550x374.jpg
https://jav.guru/1054759/dldss-558-assigned-to-a-rural-posting-i-always-commute-to-work-by-car-with-my-senior-chiharu-mitsuba/,https://cdn.javmiku.com/wp-content/uploads/2026/09/1dldss558pl-550x374.jpg
https://jav.guru/1054761/c-2481-mature-wife-interview-pov-fuck-5-side-story-married-womans-travelogue-04/,https://cdn.javmiku.com/wp-content/uploads/2026/09/140c2481pl-550x374.jpg
https://jav.guru/1054762/bobb-309-cum-extraction-dedicated-tits-beautiful-girl-x-g-cup-a-lust-monster-who-milks-your-sperm-dry-with-an-unfair-combination-twitches-when-she-cums-fuck-her-and-her-tits-jiggle-lewd-tits/,https://cdn.javmiku.com/wp-content/uploads/2026/09/bobb309pl-550x374.jpg
https://jav.guru/1054763/bkd-210-mother-son-mating-mika-nakamoto/,https://cdn.javmiku.com/wp-content/uploads/2026/09/bkd210sopl-550x374.jpg
https://jav.guru/1054912/xvsr-377-seducing-married-women-submitted-amateur-experience-stories-hibiki-otsuki/,https://cdn.javmiku.com/wp-content/uploads/2026/09/xvsr377sopl-550x374.jpg
https://jav.guru/1054913/xvsr-370-icha-love-creampie-date-with-my-cute-girlfriend-miho-sakasaki/,https://cdn.javmiku.com/wp-content/uploads/2026/09/xvsr370sopl-550x374.jpg
https://jav.guru/1054914/svmgm-052-magic-mirror-go-hard-boiled-limited-to-married-women-walking-the-streets-squirting-endurance-challenge-while-fully-exposing-their-pussy-spread-wide-open-and-getting-their-clit-teased/,https://cdn.javmiku.com/wp-content/uploads/2026/09/1svmgm052pl-550x374.jpg
https://jav.guru/1054915/start-644-two-older-onee-sans-gently-let-me-act-spoiled-and-guide-me-to-unknown-pleasures-that-cant-be-experienced-with-men-hoshino-riko/,https://cdn.javmiku.com/wp-content/uploads/2026/09/1start644pl-550x374.jpg
https://jav.guru/1054916/start-638-the-cowgirl-nurse-who-takes-care-of-hospitalized-patients-sexual-desires-with-360-degree-all-around-hip-twisting-piston-thrusts-sora-niikawa/,https://cdn.javmiku.com/wp-content/uploads/2026/09/1start638pl-550x374.jpg
https://jav.guru/1054917/start-634-spasming-trance-state-back-arching-climax-development-documentary-high-sensitivity-uterus-over-orgasm-special-mei-miyajima/,https://cdn.javmiku.com/wp-content/uploads/2026/09/1start634pl-550x374.jpg
https://jav.guru/1054928/sdde-768-masturbation-addiction-rehab-center/,https://cdn.javmiku.com/wp-content/uploads/2026/09/1sdde00768pl-550x374.jpg
https://jav.guru/1054929/scop-714-my-shocking-experience-of-having-been-a-virgin-until-just-one-hour-ago-a-miraculous-4-hour-special-encountering-50-women-who-cant-help-but-deflower-an-inexperienced-man-the-moment-they/,https://cdn.javmiku.com/wp-content/uploads/2026/09/84scop714pl-550x374.jpg
https://jav.guru/1054930/scop-678-i-wasnt-planning-on-having-sex-today-happening-sex-closing-in-on-defenseless-exquisite-beauties-40-women-4-hours-4/,https://cdn.javmiku.com/wp-content/uploads/2026/09/84scop678pl-550x374.jpg
https://jav.guru/1054932/mopg-067-i-wish-that-girl-was-a-mean-slut-who-chokes-me-while-playing-with-my-nipples-kisaragi-natsuki/,https://cdn.javmiku.com/wp-content/uploads/2026/09/mopg067sopl-550x374.jpg
https://jav.guru/1054933/mopg-064-ego-masochist-guy-and-the-edging-gal-bitchy-ruined-orgasm-kana-igarashi/,https://cdn.javmiku.com/wp-content/uploads/2026/09/mopg064sopl-550x374.jpg
https://jav.guru/1054934/mbraa-216-going-this-far-kazuna-yuki/,https://cdn.javmiku.com/wp-content/uploads/2026/09/n_709mbraa216pl-550x374.jpg
https://jav.guru/1054935/love-080-there-were-still-more-extremely-painful-real-incest-i-havent-paid-the-school-lunch-fees/,https://cdn.javmiku.com/wp-content/uploads/2026/09/h_491love80pl-550x374.jpg
https://jav.guru/1054936/love-079-ibarakis-tenacious-delinquent-yurika-birthday-celebration/,https://cdn.javmiku.com/wp-content/uploads/2026/09/h_491love79pl-550x374.jpg
https://jav.guru/1054937/love-072-school-student-loses-her-virginity-for-real/,https://cdn.javmiku.com/wp-content/uploads/2026/09/h_491love72pl-550x374.jpg
https://jav.guru/1054938/lcbd-00861-madoka-hashimoto-madoka-moyo-lcdv-40861-madoka-hashimoto/,https://cdn.javmiku.com/wp-content/uploads/2026/09/1559-550x374.jpg
https://jav.guru/1054939/lcbd-00854-an-angel-who-has-descended-sayumi-makino/,https://cdn.javmiku.com/wp-content/uploads/2026/09/316273022_3133-550x374.jpg
https://jav.guru/1054940/kv-327-100-minutes-of-non-stop-filming-uncut-editing-with-28-consecutive-raw-creampies-followed-by-extra-pistoning-cleanup-and-14-consecutive-bukkakes-hikaru-konno/,https://cdn.javmiku.com/wp-content/uploads/2026/09/h_955kv327pl-550x374.jpg
https://jav.guru/1054941/ksbj-168-my-new-stepmother-who-toys-with-me-natsukawa-kaho/,https://cdn.javmiku.com/wp-content/uploads/2026/09/ksbj168pl-550x374.jpg
https://jav.guru/1054942/ksbj-165-12-tall-slender-beauties/,https://cdn.javmiku.com/wp-content/uploads/2026/09/ksbj165pl-550x374.jpg
https://jav.guru/1054943/ksbj-160-beautiful-breasts-and-waists-that-are-irresistible-12-s-line-actresses/,https://cdn.javmiku.com/wp-content/uploads/2026/09/ksbj160pl-550x374.jpg
https://jav.guru/1054944/kidm-609b-untitled-ryo-murasaki-blu-ray-disc/,https://cdn.javmiku.com/wp-content/uploads/2026/09/n_945kidm609bpl-550x374.jpg
https://jav.guru/1054945/kidm-607b-untitled-sakurai-ayane-blu-ray-disc/,https://cdn.javmiku.com/wp-content/uploads/2026/09/n_945kidm607bpl-550x374.jpg
https://jav.guru/1054946/kidm-600b-untitled-asuka-oda/,https://cdn.javmiku.com/wp-content/uploads/2026/09/n_945kidm600bpl-550x374.jpg
https://jav.guru/1054947/kidm-599b-title-undecided-yamamoto-riko-2/,https://cdn.javmiku.com/wp-content/uploads/2026/09/n_945kidm599bpl-1-550x374.jpg
https://jav.guru/1054948/kidm-594b-untitled-mieko-arai-blu-ray-disc/,https://cdn.javmiku.com/wp-content/uploads/2026/09/n_945kidm594bpl-550x374.jpg
https://jav.guru/1054949/kidm-590b-untitled-amano-yuri/,https://cdn.javmiku.com/wp-content/uploads/2026/09/n_945kidm590bpl-550x374.jpg
https://jav.guru/1054950/kidm-582b-untitled-noriko-hamada-blu-ray-disc/,https://cdn.javmiku.com/wp-content/uploads/2026/09/n_945kidm582bpl-550x374.jpg
https://jav.guru/1054951/juda-001-mother-in-law-you-feel-better-than-my-wife/,https://cdn.javmiku.com/wp-content/uploads/2026/09/juda001pl-550x374.jpg
https://jav.guru/1054952/hodv-21779-middle-aged-woman-who-got-horny-from-a-younger-handsome-guys-erect-cock-and-hustled-too-hard-during-long-awaited-sex-ascending-to-heaven/,https://cdn.javmiku.com/wp-content/uploads/2026/09/41hodv21779pl-550x374.jpg
https://jav.guru/1054955/fneo-058-even-though-i-only-did-compensated-dating-my-video-that-got-filmed-my-identity-exposed-and-in-the-end-i-was-publicly-shamed-chiharu-sakurai/,https://cdn.javmiku.com/wp-content/uploads/2026/09/h_491fneo058pl-550x374.jpg
https://jav.guru/1054956/fneo-057-blue-spring-dirtied-by-milky-white-attendance-book-of-two-uniforms-in-full-bloom/,https://cdn.javmiku.com/wp-content/uploads/2026/09/h_491fneo057pl-550x374.jpg
https://jav.guru/1054958/euud-090-the-ultimate-mature-woman-ruins-you-with-filthy-dirty-talk-and-situations-the-best-full-pov-jerk-off-masturbation-support-remi-saegiki/,https://cdn.javmiku.com/wp-content/uploads/2026/09/h_086euud90pl-550x374.jpg
https://jav.guru/1054959/enfd-5924-light-and-pure-white-vertical-video-miyuu-sano/,https://cdn.javmiku.com/wp-content/uploads/2026/09/ENFD-5924-550x374.jpg
https://jav.guru/1054960/enfd-5581-shiori-aiba/,https://cdn.javmiku.com/wp-content/uploads/2026/09/1544181231_enfd-5581-550x374.jpg
https://jav.guru/1054961/enfd-5580-peche-momoko-kuroki/,https://cdn.javmiku.com/wp-content/uploads/2026/09/2521-550x374.jpg
https://jav.guru/1054962/enfd-5559-mariko-seyama/,https://cdn.javmiku.com/wp-content/uploads/2026/09/2825-550x374.jpg
https://jav.guru/1054963/enfd-5527-karen-kobayashi/,https://cdn.javmiku.com/wp-content/uploads/2026/09/309-550x374.jpg
https://jav.guru/1054964/dori-061-pov-fuck-no-61-made-the-slender-fair-skinned-gyaru-high-school-girl-whose-pussy-tightly-squeezes-my-raw-cock-beg-please-shoot-uncles-sperm-into-my-pussy%e2%99%aa-and-ended-up-creamp/,https://cdn.javmiku.com/wp-content/uploads/2026/09/h_491dori061pl-550x374.jpg
https://jav.guru/1054965/dori-059-paco-dori-no-59-i-gave-three-creampies-just-as-she-wanted-to-the-high-school-girl-who-begged-please-shoot-out-lots-of-cum%e2%99%aa/,https://cdn.javmiku.com/wp-content/uploads/2026/09/h_491dori059pl-550x374.jpg
https://jav.guru/1054966/dori-058-pako-dori-no-58-pinched-the-nipples-of-a-huge-h-cup-high-school-girl-who-smiled-and-said-my-whole-body-got-all-sensitive-then-gave-her-an-unauthorized-creampie/,https://cdn.javmiku.com/wp-content/uploads/2026/09/h_491dori058pl-550x374.jpg
https://jav.guru/1054967/dori-056-paco-tori-no-56-consecutive-creampies-for-a-big-tits-schoolgirl-whos-ok-with-tongue-kissing-at-the-end-i-thought-id-do-a-facial-but-creampied-her-a-third-time-too/,https://cdn.javmiku.com/wp-content/uploads/2026/09/h_491dori056pl-550x374.jpg
https://jav.guru/1054968/dldss-547-for-a-reason-im-working-as-a-soapland-girl-right-in-front-of-my-husbands-workplace-miyu-imai/,https://cdn.javmiku.com/wp-content/uploads/2026/09/1dldss547pl-550x374.jpg
https://jav.guru/1054969/cesd-092-slave-wife-with-circumstances-the-twisted-sex-situation-of-an-upper-class-family-a-young-doe-thrown-in-as-collateral-for-a-debt-azusa-itagaki/,https://cdn.javmiku.com/wp-content/uploads/2026/09/cesd092pl-550x374.jpg
https://jav.guru/1054970/cesd-089-emotions-1-pleasure-supremacist-feeling-the-ultimate-joy-in-perverted-sex-emotions-et-cetera-yumi-kazama/,https://cdn.javmiku.com/wp-content/uploads/2026/09/cesd089pl-550x374.jpg
https://jav.guru/1054971/cesd-087-masturbation-pleasure-paranoid-15-ayu-sakurai/,https://cdn.javmiku.com/wp-content/uploads/2026/09/cesd087pl-550x374.jpg
https://jav.guru/1054972/c-2535-cuckolded-married-woman-hot-spring-steam-journey-21-women-barge-in-for-lesbian-cuckolding-and-orgy-special/,https://cdn.javmiku.com/wp-content/uploads/2026/09/140c2535pl-550x374.jpg
https://jav.guru/1054973/c-2486-cuckolded-married-woman-hot-spring-steam-journey-17/,https://cdn.javmiku.com/wp-content/uploads/2026/09/140c2486pl-550x374.jpg
https://jav.guru/1054974/c-2483-mature-wife-interview-pov-fuck-forties-wife-writhes-6/,https://cdn.javmiku.com/wp-content/uploads/2026/09/140c2483pl-550x374.jpg
https://jav.guru/1054975/bobb-315-firmly-gripping-the-waist-of-her-godly-tits-and-godly-slim-waisted-body-and-thrusting-up-from-behind-swaying-tits-rising-moans-thoroughly-savoring-the-big-titted-beauty-all-the-way-to-th/,https://cdn.javmiku.com/wp-content/uploads/2026/09/bobb315pl-550x374.jpg
https://jav.guru/1054976/bobb-313-these-huge-volume-100cm-i-cup-colossal-tits-alone-are-enough-to-get-you-off-tits-you-never-get-tired-of-no-matter-how-many-hours-you-knead-lick-or-pull-them-sensitive-pussy-in-a-massive/,https://cdn.javmiku.com/wp-content/uploads/2026/09/bobb313pl-550x374.jpg
https://jav.guru/1054977/bobb-310-bouncy-huge-tits-fondle-her-firm-beautiful-big-tits-as-much-as-you-want-shake-them-as-much-as-you-want-intense-hip-thrusting-aimed-at-her-sensitive-body-that-cums-right-away-for-continuo/,https://cdn.javmiku.com/wp-content/uploads/2026/09/bobb310pl-550x374.jpg
https://jav.guru/1054978/bkd-216-mother-son-mating-miyamoto-saori/,https://cdn.javmiku.com/wp-content/uploads/2026/09/bkd216sopl-550x374.jpg
https://jav.guru/1054979/bkd-213-mother-son-mating-rieko-hiraoka/,https://cdn.javmiku.com/wp-content/uploads/2026/09/bkd213sopl-550x374.jpg
https://jav.guru/1054980/bkd-212-mother-son-mating-nozomi-tanihara/,https://cdn.javmiku.com/wp-content/uploads/2026/09/bkd212sopl-550x374.jpg
https://jav.guru/1054981/bkd-211-mother-son-mating-mio-morishita/,https://cdn.javmiku.com/wp-content/uploads/2026/09/bkd211sopl-550x374.jpg
https://jav.guru/1055071/sods-088-savor-and-thoroughly-enjoy-all-the-sodstar-juices-in-12-corners-best-sex-covered-in-sweat-squirt-and-drool-with-6-sodstar-actresses-5-hour-special/,https://cdn.javmiku.com/wp-content/uploads/2026/09/1sods088pl-550x374.jpg
https://jav.guru/1055073/sdmm-240-magic-mirror-number-five-fashionably-dressed-amateur-girls-with-beautiful-waistlines-all-filmed-having-sex-embarrassed-but-leaking-moans-will-these-sensitive-tits-girls-even-accept-a-ra/,https://cdn.javmiku.com/wp-content/uploads/2026/09/1sdmm00240pl-550x374.jpg
https://jav.guru/1055179/uzu-040-onaman-girl-jimiin-she-is-introverted-but-actually-has-a-strong-sex-drive-barely-leaves-an-impression-at-the-company-the-junior-girl-from-the-same-department-at-the-same-company-who-live/,https://cdn.javmiku.com/wp-content/uploads/2026/09/uzu040pl-550x374.jpg
https://jav.guru/1055180/tsds-43117-kureha-yumi-title-undecided/,https://cdn.javmiku.com/wp-content/uploads/2026/09/n_701tsds43117pl-550x374.jpg
https://jav.guru/1055181/t38-072-hina-chan-is-the-seniors-pet-doll-kana-yura-nitori/,https://cdn.javmiku.com/wp-content/uploads/2026/09/55t38072pl-550x374.jpg
https://jav.guru/1055191/scpx-566-blushing-yakyuken-with-a-sister-and-brother-who-are-like-friends/,https://cdn.javmiku.com/wp-content/uploads/2026/09/scpx566pl-550x374.jpg
https://jav.guru/1055192/scop-722-a-long-awaited-reunion-with-the-yankee-girl-who-was-the-cutest-in-school-even-though-she-used-to-make-fun-of-me-for-being-a-virgin/,https://cdn.javmiku.com/wp-content/uploads/2026/09/scop722sopl-550x374.jpg
https://jav.guru/1055193/sbvd-0585-sugoi-io-ioki/,https://cdn.javmiku.com/wp-content/uploads/2026/09/5294sbvd00585pl-550x374.jpg
https://jav.guru/1055194/real-787-real-2021-top-30-titles-ultimate-collection-4-hours/,https://cdn.javmiku.com/wp-content/uploads/2026/09/real787sopl-550x374.jpg
https://jav.guru/1055195/real-785-kiwami-intense-orgasm-sex-that-blows-away-both-consciousness-and-reason-4-hour-ultimate-best/,https://cdn.javmiku.com/wp-content/uploads/2026/09/real785sopl-550x374.jpg
https://jav.guru/1055196/real-783-kiwami-the-most-vicious-frced-creampie-impregnation-sex-4-hour-ultimate-best/,https://cdn.javmiku.com/wp-content/uploads/2026/09/real783sopl-550x374.jpg
https://jav.guru/1055198/nsfs-515-ai-remastered-version-raping-a-cheeky-woman-masterpiece-permanent-preservation-edition/,https://cdn.javmiku.com/wp-content/uploads/2026/09/nsfs515pl-550x374.jpg
https://jav.guru/1055199/nsfs-512-mature-mother-40-under-one-roof-devouring-forbidden-nights-with-an-exam-student-rina-ayana/,https://cdn.javmiku.com/wp-content/uploads/2026/09/nsfs512pl-550x374.jpg
https://jav.guru/1055200/nnit-018-stalking-a-high-school-girl-for-anal-three-hole-gang-rpe-240-minutes/,https://cdn.javmiku.com/wp-content/uploads/2026/09/nnit018pl-550x374.jpg
https://jav.guru/1055201/nask-423-unbearable-sexual-desire-of-a-woman-in-her-fifties-female-pleasure-revives-with-hot-semen-10/,https://cdn.javmiku.com/wp-content/uploads/2026/09/nask423pl-550x374.jpg
https://jav.guru/1055202/moil-009-new-forbidden-sex-with-my-wifes-mother-part-8-after-all-my-mother-in-law-is-better-than-my-wife-sayaka-yoshino/,https://cdn.javmiku.com/wp-content/uploads/2026/09/moil009pl-550x374.jpg
https://jav.guru/1055203/mmr-bm119-moe-wakaki/,https://cdn.javmiku.com/wp-content/uploads/2026/09/2589-550x374.jpg
https://jav.guru/1055204/mmr-bm118-bijou-box-saki-sakurai/,https://cdn.javmiku.com/wp-content/uploads/2026/09/2588-550x374.jpg
https://jav.guru/1055205/mmr-az584-eternal-glow-nozomi-shiraishi/,https://cdn.javmiku.com/wp-content/uploads/2026/09/2557-550x374.jpg
https://jav.guru/1055206/mmr-az583-each-time-thank-blooms-saki-funaoka/,https://cdn.javmiku.com/wp-content/uploads/2026/09/2556-550x374.jpg
https://jav.guru/1055207/mmr-az582-fumie57-fumie-nakajima/,https://cdn.javmiku.com/wp-content/uploads/2026/09/2555-550x374.jpg
https://jav.guru/1055211/mbr-ab052-naked-beautiful-girl-her-pussy-is-shaved/,https://cdn.javmiku.com/wp-content/uploads/2026/09/n_709mbrab052pl-550x374.jpg
https://jav.guru/1055212/marr-013-yurara-dream-yakuno-marina/,https://cdn.javmiku.com/wp-content/uploads/2026/09/n_1064marr013pl-550x374.jpg
https://jav.guru/1055213/lucy-031-when-i-called-an-escort-my-mother-in-law-showed-up-of-all-people-miki-yoshii/,https://cdn.javmiku.com/wp-content/uploads/2026/09/lucy031pl-550x374.jpg
https://jav.guru/1055214/love-133-obedient-blonde-hot-spring-janice-miller-hisui-janice-griffith/,https://cdn.javmiku.com/wp-content/uploads/2026/09/h_491love133pl-550x374.jpg
https://jav.guru/1055215/lcdv-41296-summer-vacation-with-marina-marina-nagasawa/,https://cdn.javmiku.com/wp-content/uploads/2026/09/2553-550x374.jpg
https://jav.guru/1055216/lcdv-41033-nine-gates-mari-takamiya/,https://cdn.javmiku.com/wp-content/uploads/2026/09/2572-550x374.jpg
https://jav.guru/1055217/ktve-004-showing-you-the-entire-underside-of-a-female-influencer-expose-streamer-zs-underground-stream-covered-in-sweat-spit-and-body-fluids/,https://cdn.javmiku.com/wp-content/uploads/2026/09/ktve004pl-550x374.jpg
https://jav.guru/1055218/ksbj-209-sex-addicted-wife-who-indiscriminately-devours-men-yuu-kawakami/,https://cdn.javmiku.com/wp-content/uploads/2026/09/ksbj209pl-550x374.jpg
https://jav.guru/1055219/ksbj-207-i-absolutely-hate-my-fathers-new-wife-so-ive-decided-to-train-my-sexy-voluptuous-stepmother/,https://cdn.javmiku.com/wp-content/uploads/2026/09/ksbj207pl-550x374.jpg
https://jav.guru/1055220/ksbj-205-complete-domination-compilation-beautiful-wives-dominated-by-their-relatives/,https://cdn.javmiku.com/wp-content/uploads/2026/09/ksbj205pl-550x374.jpg
https://jav.guru/1055221/juda-011-right-next-to-her-sleeping-boss-breeding-fuck-with-his-slutty-wife-ill-make-that-pussy-all-gooey/,https://cdn.javmiku.com/wp-content/uploads/2026/09/juda011pl-550x374.jpg
https://jav.guru/1055222/juda-010-creampie-incest-immoral-parent-and-chld/,https://cdn.javmiku.com/wp-content/uploads/2026/09/juda010pl-550x374.jpg
https://jav.guru/1055223/juda-009-creampie-in-my-best-friends-mother/,https://cdn.javmiku.com/wp-content/uploads/2026/09/juda009pl-550x374.jpg
https://jav.guru/1055224/juda-007-creampie-incest-immoral-parent-and-chld/,https://cdn.javmiku.com/wp-content/uploads/2026/09/juda007pl-550x374.jpg
https://jav.guru/1055225/juda-006-creampie-in-my-best-friends-mother/,https://cdn.javmiku.com/wp-content/uploads/2026/09/juda006pl-550x374.jpg
https://jav.guru/1055226/juda-005-creampie-in-my-beautiful-aunt/,https://cdn.javmiku.com/wp-content/uploads/2026/09/juda005pl-550x374.jpg
https://jav.guru/1055227/juda-004-mother-in-law-it-feels-better-than-with-my-wife-okouchi-nami-misaki-haruka-sakura-yumiko/,https://cdn.javmiku.com/wp-content/uploads/2026/09/juda004pl-550x374.jpg
https://jav.guru/1055228/juda-003-creampie-in-my-best-friends-mother-nanami-hisayo-oohashi-hitomi-maya-keiko/,https://cdn.javmiku.com/wp-content/uploads/2026/09/juda003pl-550x374.jpg
https://jav.guru/1055230/jimmy-011-breakup-agent-since-all-men-in-the-world-are-idiots-a-little-temptation-makes-them-erect-and-boosts-my-sales-too-aoshima-nazuki/,https://cdn.javmiku.com/wp-content/uploads/2026/09/JIMMY-011-550x374.jpg
https://jav.guru/1055231/jimmy-010-dreaming-twin-bowl-why-are-both-the-same-in-taste-and-size-whether-you-suck-them-insert-them-or-creampie-them-kurosawa-nanami/,https://cdn.javmiku.com/wp-content/uploads/2026/09/JIMMY-010-550x374.jpg
https://jav.guru/1055232/hpxr-50-ikumi-hisamatsu/,https://cdn.javmiku.com/wp-content/uploads/2026/09/1578455416_hpxr-50-550x374.jpg
https://jav.guru/1055234/gun-789-everything-fully-visible-soles-of-the-feet-and-full-nudity-ayana-rina-koume-ena-marumo-rea-watarai-fuu-toba-iku/,https://cdn.javmiku.com/wp-content/uploads/2026/09/433gun789pl-550x374.jpg
https://jav.guru/1055235/grabd-033-closed-room-photoshoot-hikari-misaki-translucent-body-trembling-v-line-a-forbidden-close-up-record-of-just-the-two-of-them-hikari-misaki-blu-ray-disc/,https://cdn.javmiku.com/wp-content/uploads/2026/09/n_1535grabd033pl-550x374.jpg
https://jav.guru/1055236/gqw-001-doctor-neet-old-mans-neighborhood-girl-take-home-mischief-collection-3-girls/,https://cdn.javmiku.com/wp-content/uploads/2026/09/gqw001pl-550x374.jpg
https://jav.guru/1055237/euud-092-honoka-mitsuhara-forgets-the-mundane-world-and-with-her-true-nature-fully-exposed-fucks-relentlessly-on-a-breeding-mixed-bath-hot-spring-trip/,https://cdn.javmiku.com/wp-content/uploads/2026/09/h_086euud92pl-1-550x374.jpg
https://jav.guru/1055238/enki-099-trashy-pussy-gal-but-a-loyal-creampie-only-meat-toilet-violently-fulfilling-the-written-pledge-with-brutal-fucking-gangbang-yuri/,https://cdn.javmiku.com/wp-content/uploads/2026/09/enki099pl-550x374.jpg
https://jav.guru/1055243/dori-102-pov-fuck-no-102-the-beautiful-bodied-gyaru-with-leftover-tan-lines-who-started-compensated-dating-in-search-of-pleasure-rena-chan-munakata-rena/,https://cdn.javmiku.com/wp-content/uploads/2026/09/h_491dori102pl-550x374.jpg
https://jav.guru/1055244/dori-101-pov-fuck-no-101-no-condom-ok-the-shy-beautiful-girl-soaking-wet-with-love-juices-mayuna-chan-mitsuharu-mayuna/,https://cdn.javmiku.com/wp-content/uploads/2026/09/h_491dori101pl-550x374.jpg
https://jav.guru/1055245/dori-100-fuck-shoot-no-100-the-pure-looking-beautiful-girl-with-small-tits-who-feels-so-good-she-ends-up-allowing-a-creampie-niina-chan-fukunaga-niina/,https://cdn.javmiku.com/wp-content/uploads/2026/09/h_491dori100pl-550x374.jpg
https://jav.guru/1055246/dori-098-pov-fuck-no-98-the-slender-beautiful-girl-with-a-melty-pussy-who-came-for-compensated-dating-before-hanging-out-with-friends-reina-chan-murase-reina/,https://cdn.javmiku.com/wp-content/uploads/2026/09/h_491dori098pl-550x374.jpg
https://jav.guru/1055248/chib-006-girlz-high-hinata-inori-kitayama-yu/,https://cdn.javmiku.com/wp-content/uploads/2026/09/chib006pl-550x374.jpg
https://jav.guru/1055249/cesd-149-my-mother-is-the-female-manager-of-a-no-panties-cafe-the-reason-why-a-mother-and-son-who-love-each-other-dont-commit-incest-yumi-kazama/,https://cdn.javmiku.com/wp-content/uploads/2026/09/cesd149pl-550x374.jpg
https://jav.guru/1055250/cesd-148-dad-and-mom-6-family-bonds-that-overcome-difficulties-the-loving-sex-story-of-a-married-couple-who-embrace-each-other-chisato-shoda/,https://cdn.javmiku.com/wp-content/uploads/2026/09/cesd148pl-550x374.jpg
https://jav.guru/1055251/cesd-144-sorry-for-squirting-so-much-from-feeling-too-good-4-unstoppable-climaxes-and-squirting-that-draws-parabolas-came-73-times-squirted-53-times-mio-kayama/,https://cdn.javmiku.com/wp-content/uploads/2026/09/cesd144pl-550x374.jpg
https://jav.guru/1055252/cesd-143-breakup-agent-relationship-severer-3-deceiving-men-with-skillful-techniques-luring-them-to-ejaculate-and-cutting-ties-chisato-shoda/,https://cdn.javmiku.com/wp-content/uploads/2026/09/cesd143pl-550x374.jpg
https://jav.guru/1055253/cesd-142-the-last-shame-desire-ive-always-wanted-to-be-treated-this-way-exposing-my-hidden-sexual-fetish-this-is-the-real-yuki-misa/,https://cdn.javmiku.com/wp-content/uploads/2026/09/cesd142pl-550x374.jpg
https://jav.guru/1055254/c-2543-girls-trip-014/,https://cdn.javmiku.com/wp-content/uploads/2026/09/140c2543pl-550x374.jpg
https://jav.guru/1055255/c-2542-please-cuckold-my-wife-t-ka-27-84/,https://cdn.javmiku.com/wp-content/uploads/2026/09/140c2542pl-550x374.jpg
https://jav.guru/1055256/c-2541-cuckolding-the-wife-right-next-to-her-dead-drunk-husband-the-best-2019-mar-2019-aug/,https://cdn.javmiku.com/wp-content/uploads/2026/09/140c2541pl-550x374.jpg
https://jav.guru/1055257/c-2540-married-woman-selfie-ntr-cuckold-report-video-07-kanno-yona/,https://cdn.javmiku.com/wp-content/uploads/2026/09/140c2540pl-550x374.jpg
https://jav.guru/1055258/c-2539-raw-footage-lesbian-hot-spring-trip-08/,https://cdn.javmiku.com/wp-content/uploads/2026/09/140c2539pl-550x374.jpg
https://jav.guru/1055259/c-2538-life-journey-012-extra-edition-married-womans-travelogue-06/,https://cdn.javmiku.com/wp-content/uploads/2026/09/140c2538pl-550x374.jpg
https://jav.guru/1055260/c-2537-i-end-up-making-a-move-as-if-it-were-only-natural-on-my-wifes-female-friend-married-woman-mitsue-san-alias-52-years-old-who-ended-up-staying-in-my-room/,https://cdn.javmiku.com/wp-content/uploads/2026/09/140c2537pl-550x374.jpg
https://jav.guru/1055261/bobb-359-j-cup-beautiful-huge-tits-charm-maximized-to-the-fullest-breast-fetish-erotic-cosplay-7-boin-seiri-toa-box-3/,https://cdn.javmiku.com/wp-content/uploads/2026/09/bobb359pl-550x374.jpg
https://jav.guru/1055262/bkd-263-mother-son-mating-takakura-rina/,https://cdn.javmiku.com/wp-content/uploads/2026/09/bkd263sopl-550x374.jpg
https://jav.guru/1055263/bkd-262-mother-son-mating-miki-yamase/,https://cdn.javmiku.com/wp-content/uploads/2026/09/bkd262sopl-550x374.jpg
https://jav.guru/1055264/bkd-261-mother-son-mating-iroha-narumiya/,https://cdn.javmiku.com/wp-content/uploads/2026/09/bkd261sopl-550x374.jpg
https://jav.guru/1055265/bkd-256-mother-son-mating-narumi-sakagami/,https://cdn.javmiku.com/wp-content/uploads/2026/09/bkd256sopl-550x374.jpg
https://jav.guru/1055266/beb-006-the-beautiful-woman-living-next-doors-hot-kisses-and-embraces-nanako-mori/,https://cdn.javmiku.com/wp-content/uploads/2026/09/beb006pl-550x374.jpg
https://jav.guru/1055267/beb-004-revival-the-hot-kisses-and-embraces-of-a-transcendent-body-haruka-sanada/,https://cdn.javmiku.com/wp-content/uploads/2026/09/beb004pl-550x374.jpg
https://jav.guru/1055268/beb-002-rookie-av-actresss-hot-kisses-and-embraces-mahiru/,https://cdn.javmiku.com/wp-content/uploads/2026/09/beb002pl-550x374.jpg
https://jav.guru/1055269/bbi-088-attacked-by-the-kiss-maniac-older-sister-ive-always-admired-yuria-satomi/,https://cdn.javmiku.com/wp-content/uploads/2026/09/bbi088pl-550x374.jpg
https://jav.guru/1055270/aprg-008-hard-pounding-climax-pov-fuck-great-tits-great-personality-guaranteed-repeat-jackpot-girl-g-cup-schoolgirl-ruka-itoi/,https://cdn.javmiku.com/wp-content/uploads/2026/09/aprg008pl-550x374.jpg
https://jav.guru/1055271/appt-005-ejaculation-on-a-beautiful-girl-in-uniform-chapter-2-nana-himeko/,https://cdn.javmiku.com/wp-content/uploads/2026/09/appt005pl-550x374.jpg
https://jav.guru/1055272/apkh-199-please-film-me-fucking-convulsing-pussy-slit-slender-body-drowning-in-pleasure-i-love-being-pounded-the-innocent-girls-lewd-service-sex-hazuki-sano/,https://cdn.javmiku.com/wp-content/uploads/2026/09/apkh199pl-550x374.jpg
https://jav.guru/1055274/agav-181-polygamous-family-murdr-case-the-tragedy-born-from-a-distorted-form-of-love-looking-back-at-the-time-before-the-incident-through-testimonies-who-is-the-culprit-who-is-lying/,https://cdn.javmiku.com/wp-content/uploads/2026/09/agav181pl-550x374.jpg
https://jav.guru/1055459/xvsr-376-genuine-creampie-3-fucks-asami-nagase/,https://cdn.javmiku.com/wp-content/uploads/2026/09/xvsr376sopl-550x374.jpg
https://jav.guru/1055460/tokutani-004-tougenkyo-mizuki-riko-active-cabaret-girl-violates-the-gravure-worlds-taboo-with-fetishism-mizuki-riko/,https://cdn.javmiku.com/wp-content/uploads/2026/09/n_937tokutani004pl-550x374.jpg
https://jav.guru/1055467/sdni-004-visual-rape-shikan-nao-eguchi/,https://cdn.javmiku.com/wp-content/uploads/2026/09/1sdni004pl-550x374.jpg
https://jav.guru/1055468/scop-723-thoroughly-scooping-up-women-drenched-in-sweat-the-intensely-released-female-scent-makes-an-erection-unavoidable-best-of-33-sweaty-sex-scenes/,https://cdn.javmiku.com/wp-content/uploads/2026/09/scop723sopl-550x374.jpg
https://jav.guru/1055469/scop-715-hot-spring-resort-happening-spontaneous-intense-sex-between-men-and-women-who-get-relaxed-on-their-trip-and-follow-their-instincts-while-completely-naked-4-hours/,https://cdn.javmiku.com/wp-content/uploads/2026/09/84scop715pl-550x374.jpg
https://jav.guru/1055470/real-790-kiwami-bondage-sex-where-the-rough-rope-digging-in-induces-climax-4-hour-ultimate-best/,https://cdn.javmiku.com/wp-content/uploads/2026/09/real790sopl-550x374.jpg
https://jav.guru/1055471/real-781-kiwami-extreme-bondage-sex-pounding-into-defenseless-pussies-4-hour-ultimate-best/,https://cdn.javmiku.com/wp-content/uploads/2026/09/real781sopl-550x374.jpg
https://jav.guru/1055472/real-780-complete-rape-of-30-schoolgirls-leaving-them-unable-to-recover-best-4-hours/,https://cdn.javmiku.com/wp-content/uploads/2026/09/real780sopl-550x374.jpg
https://jav.guru/1055473/real-778-kiwami-saliva-covered-cock-sucking-4-hour-ultimate-best/,https://cdn.javmiku.com/wp-content/uploads/2026/09/real778sopl-550x374.jpg
https://jav.guru/1055477/ome-717-vs-virtual-eros-vs-nami-seto/,https://cdn.javmiku.com/wp-content/uploads/2026/09/2575-550x374.jpg
https://jav.guru/1055478/ome-716-wanted-riko-konoe/,https://cdn.javmiku.com/wp-content/uploads/2026/09/2574-550x374.jpg
https://jav.guru/1055479/ome-715-desalium-momo-hinata/,https://cdn.javmiku.com/wp-content/uploads/2026/09/2573-550x374.jpg
https://jav.guru/1055480/nitr-005-masochistic-dirty-talk-the-hardcore-masochist-girl-who-utters-dirty-talk-herself-and-seeks-training/,https://cdn.javmiku.com/wp-content/uploads/2026/09/49nitr005pl-550x374.jpg
https://jav.guru/1055481/mmr-az586-sweet-impact-yuki-arimura/,https://cdn.javmiku.com/wp-content/uploads/2026/09/2592-550x374.jpg
https://jav.guru/1055482/mmr-az585-by-your-side-riri-nishio/,https://cdn.javmiku.com/wp-content/uploads/2026/09/2591-550x374.jpg
https://jav.guru/1055483/mmr-az580-puritto-short-marika-minato/,https://cdn.javmiku.com/wp-content/uploads/2026/09/2590-550x374.jpg
https://jav.guru/1055484/mmr-az565-i-d-yuuka-kohinata/,https://cdn.javmiku.com/wp-content/uploads/2026/09/2577-550x374.jpg
https://jav.guru/1055485/love-078-please-keep-me-a-virgin-as-livestock-4/,https://cdn.javmiku.com/wp-content/uploads/2026/09/h_491love78pl-550x374.jpg
https://jav.guru/1055486/lcdv-41332-i-love-you-aoi-fujino/,https://cdn.javmiku.com/wp-content/uploads/2026/09/2587-550x374.jpg
https://jav.guru/1055487/lcdv-41128-a-day-in-the-life-mari-takamiya/,https://cdn.javmiku.com/wp-content/uploads/2026/09/2600-550x374.jpg
https://jav.guru/1055488/ksbj-211-after-all-mature-women-are-the-most-erotic-22-women-vol-04/,https://cdn.javmiku.com/wp-content/uploads/2026/09/ksbj211pl-550x374.jpg
https://jav.guru/1055489/ksbj-164-my-sons-wife-was-a-slut-through-and-through-himari-kinoshita/,https://cdn.javmiku.com/wp-content/uploads/2026/09/ksbj164pl-550x374.jpg
https://jav.guru/1055490/kidm-796-kitaya-yuri-remix-final-edition/,https://cdn.javmiku.com/wp-content/uploads/2026/09/70787425_1450506l-550x374.jpg
https://jav.guru/1055491/kidm-726-maya-shinohara-gray-zone/,https://cdn.javmiku.com/wp-content/uploads/2026/09/46097809_i336760-550x374.jpg
https://jav.guru/1055492/kidm-711-maya-shinohara-body-heat/,https://cdn.javmiku.com/wp-content/uploads/2026/09/42135780_i331019-550x374.jpg
https://jav.guru/1055493/kidm-708-kizaki-natsu-uncensored-2-disc-set-atami-edition-kyoto-edition/,https://cdn.javmiku.com/wp-content/uploads/2026/09/42256589_i329874-550x374.jpg
https://jav.guru/1055494/kidm-570b-untitled-shiori-kawana-blu-ray-disc/,https://cdn.javmiku.com/wp-content/uploads/2026/09/n_945kidm570bpl-550x374.jpg
https://jav.guru/1055495/kidm-1063b-adventure-oda-asuka/,https://cdn.javmiku.com/wp-content/uploads/2026/09/1246-550x374.jpg
https://jav.guru/1055496/kidm-078-18-year-old-ban-lifted-mizuki-fujinaga/,https://cdn.javmiku.com/wp-content/uploads/2026/09/n_945kidm078pl-550x374.jpg
https://jav.guru/1055497/kbynb-005-wet-beauties-see-through-ton-3-soaking-wet-beauties-neverland-blu-ray-disc/,https://cdn.javmiku.com/wp-content/uploads/2026/09/n_1010kbynb005pl-550x374.jpg
https://jav.guru/1055498/kbynb-004-wet-beauties-see-through-ton-2-never-never-ending-numery-blu-ray-disc/,https://cdn.javmiku.com/wp-content/uploads/2026/09/n_1010kbynb004pl-550x374.jpg
https://jav.guru/1055499/juda-013-creampie-in-my-beautiful-aunt/,https://cdn.javmiku.com/wp-content/uploads/2026/09/juda013pl-550x374.jpg
https://jav.guru/1055500/juda-012-mother-in-law-you-feel-better-than-my-wife/,https://cdn.javmiku.com/wp-content/uploads/2026/09/juda012pl-550x374.jpg
https://jav.guru/1055501/juda-002-creampie-in-my-beautiful-aunt/,https://cdn.javmiku.com/wp-content/uploads/2026/09/juda002pl-550x374.jpg
https://jav.guru/1055502/fneo-056-when-peeping-into-his-daughters-room-fathers-mischief-makes-her-pubescent-uterus-start-throbbing-chiharu-sakurai/,https://cdn.javmiku.com/wp-content/uploads/2026/09/h_491fneo056pl-550x374.jpg
https://jav.guru/1055504/enfd-5030-freedom-sayuki-matsumoto/,https://cdn.javmiku.com/wp-content/uploads/2026/09/2579-550x374.jpg
https://jav.guru/1055507/dori-104-pakodori-no-104-the-devilish-beautiful-girl-who-loves-bareback-sex-and-captivates-all-the-sugar-daddy-old-men-rei-chan-misumi-rei/,https://cdn.javmiku.com/wp-content/uploads/2026/09/h_491dori104pl-550x374.jpg
https://jav.guru/1055508/dori-103-pov-fuck-no-103-the-natural-born-extreme-masochist-beautiful-girl-who-wants-to-be-slapped-and-choked-mai-chan-arisu-mai/,https://cdn.javmiku.com/wp-content/uploads/2026/09/h_491dori103pl-550x374.jpg
https://jav.guru/1055509/dori-060-pov-fuck-no-60-creampied-3-times-the-h-cup-big-tits-schoolgirl-who-rubs-her-tits-first-whenever-she-masturbates/,https://cdn.javmiku.com/wp-content/uploads/2026/09/h_491dori060pl-550x374.jpg
https://jav.guru/1055510/cesd-152-loving-sex-healer-3-yuki-tanihara/,https://cdn.javmiku.com/wp-content/uploads/2026/09/cesd152pl-550x374.jpg
https://jav.guru/1055511/cesd-151-ryoko-murakami-in-heat-4sex-completely-newly-filmed-ecstatic-climax-unstoppable-wetting-squirting-endless-vol-3/,https://cdn.javmiku.com/wp-content/uploads/2026/09/cesd151pl-550x374.jpg
https://jav.guru/1055512/cesd-141-yumi-kazama-in-heat-4sex-completely-newly-filmed-genuine-orgasm-sex-with-unstoppable-convulsions-28-continuous-climaxes-with-no-time-to-dry-yumi-kazama/,https://cdn.javmiku.com/wp-content/uploads/2026/09/cesd141pl-550x374.jpg
https://jav.guru/1055513/cesd-140-oton-and-okan-5-even-without-money-marital-love-bonds-and-cock-get-hard-downtown-pure-love-passionate-sex-asahi-mizuno/,https://cdn.javmiku.com/wp-content/uploads/2026/09/cesd140pl-550x374.jpg
https://jav.guru/1055514/cesd-135-female-scumbag-lawyer-3-pleasure-slut-torment-turnabout-trial-sex-that-uses-any-means-to-bribe-any-opponent-reiko-makihara/,https://cdn.javmiku.com/wp-content/uploads/2026/09/cesd135pl-550x374.jpg
https://jav.guru/1055515/cesd-133-first-shoot-married-woman-av-debut-in-her-third-year-of-marriage-a-real-30-year-old-wifes-decision-wanting-to-show-off-her-naughty-side-she-makes-her-av-debut-kimi-kitano/,https://cdn.javmiku.com/wp-content/uploads/2026/09/cesd133pl-550x374.jpg
https://jav.guru/1055516/c-2547-cuckolding-the-wife-right-next-to-her-dead-drunk-husband-13/,https://cdn.javmiku.com/wp-content/uploads/2026/09/140c2547pl-550x374.jpg
https://jav.guru/1055517/c-2546-please-cuckold-my-wife-n%e3%80%85o-31-85/,https://cdn.javmiku.com/wp-content/uploads/2026/09/140c2546pl-550x374.jpg
https://jav.guru/1055518/c-2536-raw-footage-lesbian-hot-spring-trip-07/,https://cdn.javmiku.com/wp-content/uploads/2026/09/140c2536pl-550x374.jpg
https://jav.guru/1055519/c-2533-married-womans-cuckold-hot-spring-trip/,https://cdn.javmiku.com/wp-content/uploads/2026/09/140c2533pl-550x374.jpg
https://jav.guru/1055520/c-2531-married-womans-self-filmed-ntr-cuckold-report-video-06/,https://cdn.javmiku.com/wp-content/uploads/2026/09/140c2531pl-550x374.jpg
https://jav.guru/1055521/bobb-360-bomb-like-plump-h-cups-get-completely-dismantled-in-breast-fetish-play-rubbing-licking-sandwiching-and-savoring-them-freely-to-the-fullest-boin-kotoko-sakurawa-box/,https://cdn.javmiku.com/wp-content/uploads/2026/09/bobb360pl-550x374.jpg
https://jav.guru/1055522/bobb-314-natural-i-cup-way-too-big-huge-tits-corrupting-an-innocent-beautiful-girl-in-uniform-into-a-pervert/,https://cdn.javmiku.com/wp-content/uploads/2026/09/bobb314pl-550x374.jpg
https://jav.guru/1055523/beb-013-seductive-sister-in-laws-hot-kisses-and-embraces-reira-aisaki/,https://cdn.javmiku.com/wp-content/uploads/2026/09/beb013pl-550x374.jpg
https://jav.guru/1055524/beb-010-kissing-teacher-harukas-deflowering-sanada-haruka/,https://cdn.javmiku.com/wp-content/uploads/2026/09/beb010pl-550x374.jpg
https://jav.guru/1055525/arb-006-dragon-bondage-love-pet-training-6-slut-actress-junko-asamiya/,https://cdn.javmiku.com/wp-content/uploads/2026/09/arb00006pl-550x374.jpg
https://jav.guru/1055601/abf-388-my-obedient-pet-candidate-09-mai-nanashima/,https://cdn.javmiku.com/wp-content/uploads/2026/09/118abf388pl-550x374.jpg
https://jav.guru/1055602/abf-387-sharp-tongued-waitress-umi-yatsugake/,https://cdn.javmiku.com/wp-content/uploads/2026/09/118abf387pl-550x374.jpg
https://jav.guru/1055638/waaa-697-yui-will-make-you-spurt-and-cum-staring-right-at-you-for-an-intense-jerk-off-support-orgasm-clinic-the-tempting-little-devil-cock-stroking-nurse-grins-as-she-edges-you-with-whispered-dir/,https://cdn.javmiku.com/wp-content/uploads/2026/09/waaa697pl-550x374.jpg
https://jav.guru/1055639/t38-070-stalking-and-break-in-three-hole-impregnation-rape-targeting-a-schoolgirl-on-her-way-home-from-school/,https://cdn.javmiku.com/wp-content/uploads/2026/09/55t38070pl-550x374.jpg
https://jav.guru/1055640/snos-385-tits-remote-vibe-stroll-toys-inserted-into-her-l-cup-big-nipples-as-shes-dragged-around-in-public-no-making-noise-allowed-trembling-moans-frced-shame-ecstasy-kimura-aishin/,https://cdn.javmiku.com/wp-content/uploads/2026/09/snos385pl-550x374.jpg
https://jav.guru/1055641/rki-765-beauty-and-the-beast-gal-and-creepy-otaku-2-they-have-a-history-of-fucking-she-gets-a-massive-load-of-creepy-otaku-sperm-poured-into-her-womb-and-cums-like-crazy-she-just-cant-leave-th/,https://cdn.javmiku.com/wp-content/uploads/2026/09/rki765pl-550x374.jpg
https://jav.guru/1055642/rebdb-096-rina-sleepless-nights-in-new-york-rukawa-rina-blu-ray-disc/,https://cdn.javmiku.com/wp-content/uploads/2026/09/n_1010rebdb096pl-550x374.jpg
https://jav.guru/1055643/rebd-1069-shizuku-one-drop-of-love-kashiwagi-shizuku/,https://cdn.javmiku.com/wp-content/uploads/2026/09/h_346rebd1069pl-550x374.jpg
https://jav.guru/1055644/rebd-1068-nozomi-the-oracle-in-the-depths-of-the-eyes-yuuki-nozomi/,https://cdn.javmiku.com/wp-content/uploads/2026/09/h_346rebd1068pl-550x374.jpg
https://jav.guru/1055645/rebd-1067-emika3-the-whereabouts-of-love-and-a-slight-fever-sakika-shirakami/,https://cdn.javmiku.com/wp-content/uploads/2026/09/h_346rebd1067pl-550x374.jpg
https://jav.guru/1055646/rebd-1066-julia18-emerald-elegance-%c2%b7-julia/,https://cdn.javmiku.com/wp-content/uploads/2026/09/h_346rebd1066pl-550x374.jpg
https://jav.guru/1055647/pred-901-captured-female-investigator-relentlessly-interrogated-on-her-clitoris-and-nipples-with-a-super-powerful-suction-sex-toy-the-sucking-one-brain-bug-convulsing-orgasms-alice-shaku/,https://cdn.javmiku.com/wp-content/uploads/2026/09/pred901pl-550x374.jpg
https://jav.guru/1055648/pppe-427-spences-mammary-gland-development-clinic-claire-hasumi/,https://cdn.javmiku.com/wp-content/uploads/2026/09/pppe427pl-550x374.jpg
https://jav.guru/1055649/npjs-276-if-you-wont-break-up-with-your-girlfriend-lets-make-this-the-last-time-contact-from-the-free-fuck-buddy-id-had-for-3-years-saying-we-wont-meet-anymore/,https://cdn.javmiku.com/wp-content/uploads/2026/09/npjs276pl-550x374.jpg
https://jav.guru/1055650/nima-086-i-got-horny-so-i-tried-getting-taken-home-during-my-commute-nao-ayatsuki/,https://cdn.javmiku.com/wp-content/uploads/2026/09/nima086pl-550x374.jpg
https://jav.guru/1055651/mudr-399-we-otaku-friends-the-plump-big-tits-freckled-glasses-otaku-girl-her-first-experience-is-a-4p-with-her-otaku-friends-where-she-climaxes-and-cums-over-and-over-hana-himesaki/,https://cdn.javmiku.com/wp-content/uploads/2026/09/mudr399pl-550x374.jpg
https://jav.guru/1055652/mism-464-anus-deep-throat-and-pussy-hole-greedy-three-hole-maso-fucker-iku-toba/,https://cdn.javmiku.com/wp-content/uploads/2026/09/mism464pl-550x374.jpg
https://jav.guru/1055653/mimk-288-the-girl-whos-insanely-erotic-but-if-you-take-her-up-on-the-invitation-it-seems-like-youll-be-ruined-live-action-version/,https://cdn.javmiku.com/wp-content/uploads/2026/09/mimk288pl-550x374.jpg
https://jav.guru/1055654/mfyd-181-the-plain-glasses-wife-across-the-hall-whose-moaning-is-noisy-every-night-has-an-incredible-body-and-sex-drive-and-seduces-me-while-her-husband-is-away-i-get-fucked-over-and-over-again-un/,https://cdn.javmiku.com/wp-content/uploads/2026/09/mfyd181pl-550x374.jpg
https://jav.guru/1055655/jur-854-the-hot-woman-who-straddles-the-world-sumire-mizukawa-retires-horny-intimate-overnight-date-farewell-cherishing-creampie-sex/,https://cdn.javmiku.com/wp-content/uploads/2026/09/jur854pl-550x374.jpg
https://jav.guru/1055656/ipzz-912-highest-class-masochist-slave-the-abnormal-training-record-of-a-proud-female-company-president-blackmailed-with-a-scandal-threatened-tormented-and-fucked-until-she-kneels-to-masochistic/,https://cdn.javmiku.com/wp-content/uploads/2026/09/ipzz912pl-550x374.jpg
https://jav.guru/1055657/hsoda-133-anal-fuck-addict-cosplayer-wants-to-become-an-anal-meat-toilet-toba-iku/,https://cdn.javmiku.com/wp-content/uploads/2026/09/hsoda133pl-550x374.jpg
https://jav.guru/1055658/hmn-904-my-big-tits-have-been-targeted-during-the-daytime-when-my-husband-is-away-i-keep-getting-stripped-and-creampie-gang-raped-by-my-father-in-law-and-the-old-men-from-the-neighborhood-associati/,https://cdn.javmiku.com/wp-content/uploads/2026/09/hmn904pl-550x374.jpg
https://jav.guru/1055659/fns-260-fully-visible-anal-ass-fetish-sex-service-paradise-nene-yoshitaka/,https://cdn.javmiku.com/wp-content/uploads/2026/09/1fns260pl-550x374.jpg
https://jav.guru/1055661/dsod-046-getting-on-your-knees-is-cheating-a-beautiful-high-school-girl-who-cant-refuse-for-fear-of-being-disliked-when-i-kept-begging-her-with-dogeza-she-casually-spread-her-legs-and-even/,https://cdn.javmiku.com/wp-content/uploads/2026/09/dsod046pl-550x374.jpg
https://jav.guru/1055662/dal-012-fantasy-summer-festival-beautiful-girl-ai-model-av-debut/,https://cdn.javmiku.com/wp-content/uploads/2026/09/h_1711dal00012pl-550x374.jpg
https://jav.guru/1055663/cawb-039-uniform-fantasy-eroticism-always-obsessed-with-uniforms-my-precum-wont-stop/,https://cdn.javmiku.com/wp-content/uploads/2026/09/cawb039pl-550x374.jpg
https://jav.guru/1055664/bban-603-going-without-panties-is-our-secret-signal-ever-since-the-day-i-gave-in-to-lesbian-temptation-ive-been-having-secret-molestation-meetings-every-morning-with-that-girl-from-the-neighbori/,https://cdn.javmiku.com/wp-content/uploads/2026/09/bban603pl-550x374.jpg
https://jav.guru/1055665/atid-698-decoy-investigator-corrupted-by-aphrodisiac-molestation/,https://cdn.javmiku.com/wp-content/uploads/2026/09/atid698pl-550x374.jpg
https://jav.guru/1055666/arso-26210-mai-wife-celeb-club-210/,https://cdn.javmiku.com/wp-content/uploads/2026/09/1arso26210pl-550x374.jpg
https://jav.guru/1055769/star-617-rina-rukawa-retirement/,https://cdn.javmiku.com/wp-content/uploads/2026/09/1star617pl-550x374.jpg
https://jav.guru/1055770/sps-011-splash-fuck-the-unstoppable-squirting-rina-rukawa/,https://cdn.javmiku.com/wp-content/uploads/2026/09/sps011pl-550x374.jpg
https://jav.guru/1055779/skmj-794-amateur-girls-found-at-hot-springs-all-over-japan-wont-you-try-entering-the-mens-bath-with-just-one-towel-ordinary-tourists-who-had-sightseeing-plans-that-day-all-climax-in-consecutiv/,https://cdn.javmiku.com/wp-content/uploads/2026/09/h_1324skmj794pl-550x374.jpg
https://jav.guru/1055780/skmj-793-blue-sky-no-bra-challenge-amateur-college-girl-takes-on-her-first-outdoor-exposure-under-the-blue-sky-tits-flop-out-lol-seen-by-a-crowd-her-heart-wont-stop-pounding-and-nipples-go-rock/,https://cdn.javmiku.com/wp-content/uploads/2026/09/h_1324skmj793pl-550x374.jpg
https://jav.guru/1055781/skmj-792-current-cabin-attendants-wont-you-give-a-virgin-boy-the-hospitality-of-taking-his-virginity-rubbing-his-phimosis-cock-against-women-from-another-world-who-dont-know-the-word-thi/,https://cdn.javmiku.com/wp-content/uploads/2026/09/h_1324skmj792pl-550x374.jpg
https://jav.guru/1055782/royd-353-the-boyish-girl-who-seems-like-a-male-friend-has-adult-lingerie-and-a-plump-huge-tits-nice-body-beyond-imagination/,https://cdn.javmiku.com/wp-content/uploads/2026/09/royd353pl-550x374.jpg
https://jav.guru/1055786/prian-060-cherry-blossom-color-sakura-wakana/,https://cdn.javmiku.com/wp-content/uploads/2026/09/n_1544prian060pl-550x374.jpg
https://jav.guru/1055787/prian-059-colors-aya-sasakura/,https://cdn.javmiku.com/wp-content/uploads/2026/09/n_1544prian059pl-550x374.jpg
https://jav.guru/1055788/ntr-013-my-lover-who-was-cuckolded-by-my-father-rina-rukawa/,https://cdn.javmiku.com/wp-content/uploads/2026/09/1ntr013pl-550x374.jpg
https://jav.guru/1055789/nmsl-048-bottomless-ejaculation-management-enforcer-who-extracts-every-last-drop-of-semen-from-men-with-abnormal-sexual-desires-rie-miyagi/,https://cdn.javmiku.com/wp-content/uploads/2026/09/h_1814nmsl00048pl-550x374.jpg
https://jav.guru/1055790/nhdta-695-the-mama-chari-premature-ejaculation-wife-whose-sensitivity-skyrocketed-after-giving-birth-x-rina-rukawa-days-of-climax-steeped-in-desire-a-torrent-of-4-real-fucks/,https://cdn.javmiku.com/wp-content/uploads/2026/09/1nhdta695pl-550x374.jpg
https://jav.guru/1055791/nhdt-165-milking-a-lactating-mama/,https://cdn.javmiku.com/wp-content/uploads/2026/09/1nhdt165pl-550x374.jpg
https://jav.guru/1055792/mizd-553-bukkake-aimed-straight-at-beautiful-girls-faces-one-shot-laser-beam-facial-best/,https://cdn.javmiku.com/wp-content/uploads/2026/09/mizd553pl-550x374.jpg
https://jav.guru/1055794/mbmh-097-huge-way-too-huge-until-a-pure-looking-beauty-in-her-20s-with-big-tits-falls-for-a-massive-cock/,https://cdn.javmiku.com/wp-content/uploads/2026/09/h_460mbmh097pl-550x374.jpg
https://jav.guru/1055797/jmty-085-tadaman-file-30-seira-27-a-record-of-making-my-convenient-fuck-buddy-swallow-cum-and-creampieing-her-over-and-over/,https://cdn.javmiku.com/wp-content/uploads/2026/09/jmty00085pl-550x374.jpg
https://jav.guru/1055798/id-027-100-schoolgirls-creampie-sex-records-2-disc-set-8-hours/,https://cdn.javmiku.com/wp-content/uploads/2026/09/5534id027pl-550x374.jpg
https://jav.guru/1055799/id-026-amateur-cosplayers-off-paco-pov-fuck-videos-2-disc-set-8-hours/,https://cdn.javmiku.com/wp-content/uploads/2026/09/5534id026pl-550x374.jpg
https://jav.guru/1055800/id-025-a-busty-female-student-is-molested-and-violated-by-a-group-of-perverts-on-a-train/,https://cdn.javmiku.com/wp-content/uploads/2026/09/5534id025pl-550x374.jpg
https://jav.guru/1055801/huntc-623-did-your-cock-get-all-big-auntie-will-take-care-of-it-for-you-when-i-rode-the-train-with-my-aunt-it-was-packed-solid-and-for-some-reason-there-were-only-sexy-women-around-me/,https://cdn.javmiku.com/wp-content/uploads/2026/09/huntc623pl-550x374.jpg
https://jav.guru/1055802/hrsm-162-freshly-stripped-panty-fetishism-want-to-soil-the-directly-worn-panties-packed-with-pussy-scent-four-beautiful-girls-who-sell-panties/,https://cdn.javmiku.com/wp-content/uploads/2026/09/h_1745hrsm162pl-550x374.jpg
https://jav.guru/1055803/hrsm-161-hunting-the-door-to-door-sales-lady-of-the-most-famous-lactic-acid-bacteria/,https://cdn.javmiku.com/wp-content/uploads/2026/09/h_1745hrsm161pl-550x374.jpg
https://jav.guru/1055804/hodv-22114-ive-started-a-home-esthetic-salon-the-bewitching-married-woman-who-ruins-men-ayasa-sasakura/,https://cdn.javmiku.com/wp-content/uploads/2026/09/41hodv22114pl-550x374.jpg
https://jav.guru/1055805/hodv-22113-reunited-with-my-mistress-after-a-year-and-fucked-her-wildly-while-completely-naked-on-a-day-off-during-a-business-trip-hibiki-ren/,https://cdn.javmiku.com/wp-content/uploads/2026/09/41hodv22113pl-550x374.jpg
https://jav.guru/1055806/hodv-22112-the-plain-glasses-girl-at-my-part-time-job-is-a-hidden-huge-tits-sullen-slut-sakurano-momo/,https://cdn.javmiku.com/wp-content/uploads/2026/09/41hodv22112pl-550x374.jpg
https://jav.guru/1055807/hjmo-730-pressing-my-bulging-erect-cock-against-the-pussy-of-an-esthetician-whos-weak-to-pressure-and-grinding-the-tip-in-through-her-panties-if-i-tease-and-rub-until-she-craves-it-can-i-get-raw/,https://cdn.javmiku.com/wp-content/uploads/2026/09/hjmo730pl-550x374.jpg
https://jav.guru/1055808/ebwh-357-doesnt-mind-even-with-her-ass-fully-exposed-this-gal-in-a-5cm-fully-visible-mini-skirt-is-so-easygoing-that-even-a-guy-like-me-can-fuck-her-instantly-in-5-seconds-if-i-get-hard/,https://cdn.javmiku.com/wp-content/uploads/2026/09/ebwh357pl-550x374.jpg
https://jav.guru/1055809/dsam-007-amateur-av-newbie-cosplayer-who-does-home-cosplay-on-sns-has-her-first-cosplay-video-shoot-surrounding-the-super-slutty-cosplay-girl-whose-pussy-is-way-too-sensitive-for-a-lewd-private-sh/,https://cdn.javmiku.com/wp-content/uploads/2026/09/dsam007pl-550x374.jpg
https://jav.guru/1055810/dldss-555-if-you-dont-move-then-brother-in-law-isnt-at-fault-one-sided-hip-grinding-cowgirl-from-a-married-woman-her-husband-ignores-rika-aimi/,https://cdn.javmiku.com/wp-content/uploads/2026/09/1dldss555pl-550x374.jpg
https://jav.guru/1055811/cjod-538-im-erotic-because-im-an-auntie-im-totally-hooked-on-mama-katsu-creampie-adultery-with-intense-carnal-sex-alongside-a-super-lustful-horny-beautiful-mature-woman-rena-fukii/,https://cdn.javmiku.com/wp-content/uploads/2026/09/cjod538pl-550x374.jpg
https://jav.guru/1055812/bdsm-091-bondage-pitiful-dog-wife-hikaru-miyanishi/,https://cdn.javmiku.com/wp-content/uploads/2026/09/h_1096bdsm091pl-550x374.jpg
https://jav.guru/1055980/urkn-017-ura-kin-bareback-sex-video-collection-017/,https://cdn.javmiku.com/wp-content/uploads/2026/09/1urkn017pl-550x374.jpg
https://jav.guru/1055981/tnjs-005-natural-peach-butt-country-girls-no-panties-tokyo-sightseeing-momona-chan-95cm-hips-sakuraba-momona/,https://cdn.javmiku.com/wp-content/uploads/2026/09/tnjs005pl-550x374.jpg
https://jav.guru/1055982/tkd-20-the-downtown-izakaya-landlady-im-proud-of-my-seafood-dishes-pinch-and-drink-my-secret-pussy-too-jun-segawa/,https://cdn.javmiku.com/wp-content/uploads/2026/09/17tkd20pl-550x374.jpg
https://jav.guru/1055983/tkd-19-the-sumo-stable-proprietress-the-disciples-pampering-is-the-proprietresss-body-taeeko-koizumi/,https://cdn.javmiku.com/wp-content/uploads/2026/09/17tkd19pl-550x374.jpg
https://jav.guru/1055984/tkd-15-the-proprietress-of-a-downtown-sushi-shop-yes-sir-one-tea-coming-right-up-reiko-kurosawa/,https://cdn.javmiku.com/wp-content/uploads/2026/09/17tkd15pl-550x374.jpg
https://jav.guru/1055985/timd-043-slutty-femboys-anal-orgasm/,https://cdn.javmiku.com/wp-content/uploads/2026/09/h_019timd043pl-550x374.jpg
https://jav.guru/1055986/sps-008-rinas-secret-sensual-switch-keep-it-secret-from-big-brother-rina-rukawa/,https://cdn.javmiku.com/wp-content/uploads/2026/09/sps008pl-550x374.jpg
https://jav.guru/1055987/spar-012-lust-slave-imprisoned-married-woman-the-true-pleasure-awakened-by-training-that-blossoms-her-masochistic-potential/,https://cdn.javmiku.com/wp-content/uploads/2026/09/57spar012pl-550x374.jpg
https://jav.guru/1055988/spar-010-mom-let-me-have-sex-with-you-pressed-by-her-son-the-mother-who-ended-up-accepting-the-forbidden-love-drowns-in-pleasure-in-this-record-of-mother-son-intercourse-240-minutes/,https://cdn.javmiku.com/wp-content/uploads/2026/09/57spar010pl-550x374.jpg
https://jav.guru/1055989/spar-009-intense-sex-with-an-extremely-erotic-beautiful-mature-woman-who-cant-control-her-body-in-heat/,https://cdn.javmiku.com/wp-content/uploads/2026/09/57spar009pl-550x374.jpg
https://jav.guru/1055994/skth-001-shikota-holdings-nyota-co-ltd-the-female-employee-accompanying-sales-calls-hits-her-pee-holding-limit-i-made-her-piss-right-in-front-of-me/,https://cdn.javmiku.com/wp-content/uploads/2026/09/1skth00001pl-550x374.jpg
https://jav.guru/1055995/skmj-791-spartan-style-premature-ejaculation-improvement-training-by-active-shibuya-gals-virgins-welcome-if-you-really-want-to-cure-your-premature-ejaculation-get-fired-up-virgins-i-love-you/,https://cdn.javmiku.com/wp-content/uploads/2026/09/h_1324skmj791pl-550x374.jpg
https://jav.guru/1055996/skmj-790-serious-and-cute-national-university-girls-wont-you-help-improve-the-premature-ejaculation-of-a-virgin-guy-struggling-with-premature-bursts-at-your-home-plain/,https://cdn.javmiku.com/wp-content/uploads/2026/09/h_1324skmj790pl-550x374.jpg
https://jav.guru/1055997/sgsr-407-eh-you-like-sex-so-much-that-you-skip-grooming-your-pubic-hair-married-women-who-have-incredible-sex-without-caring-about-appearances-15-women-4-hours/,https://cdn.javmiku.com/wp-content/uploads/2026/09/57sgsr407pl-550x374.jpg
https://jav.guru/1055998/sgsr-406-im-a-married-woman-but-is-it-okay-if-you-get-me-pregnant-im-addicted-to-intimate-ntr-sex-ver2-0-12-women-4-hours/,https://cdn.javmiku.com/wp-content/uploads/2026/09/57sgsr406pl-550x374.jpg
https://jav.guru/1056000/rlmp-020-deepthroat-that-makes-throat-juices-overflow-and-drool-best/,https://cdn.javmiku.com/wp-content/uploads/2026/09/rlmp020pl-550x374.jpg
https://jav.guru/1056001/rlmp-018-raped-by-an-old-mans-filthy-sperm-innocent-girls-drown-in-adult-mens-cloudy-white-semen-in-unwilling-rape-best/,https://cdn.javmiku.com/wp-content/uploads/2026/09/rlmp018pl-550x374.jpg
https://jav.guru/1056002/prin-063-brown-skinned-purple-haired-bikini-gal-cock-addicted-sex-with-a-blowjob-loving-cum-milking-gal-whose-suction-power-is-insanely-strong/,https://cdn.javmiku.com/wp-content/uploads/2026/09/prin063pl-550x374.jpg
https://jav.guru/1056003/onsd-746-high-definition-super-thick-dildo-masturbation-blu-ray-disc/,https://cdn.javmiku.com/wp-content/uploads/2026/09/onsd746pl-550x374.jpg
https://jav.guru/1056004/ome-718-1st-impact-the-chewiness-is-insane-1st-impact-futaba-suzuki/,https://cdn.javmiku.com/wp-content/uploads/2026/09/2617-550x374.jpg
https://jav.guru/1056005/nxgs-023-at-the-front-door-the-neighbors-wife-seduces-me-into-kissing-bareback-adulterous-sex/,https://cdn.javmiku.com/wp-content/uploads/2026/09/h_1664nxgs023pl-550x374.jpg
https://jav.guru/1056006/neo-645-i-want-to-lick-all-over-a-beautiful-mature-womans-face-kimika-ichijo-a-matured-50-year-old-lets-moisten-her-dry-skin-with-saliva/,https://cdn.javmiku.com/wp-content/uploads/2026/09/433neo645pl-550x374.jpg
https://jav.guru/1056007/moor-066-yuuri-who-loves-being-filmed-while-fucked/,https://cdn.javmiku.com/wp-content/uploads/2026/09/moor066pl-550x374.jpg
https://jav.guru/1056008/moor-065-momona-who-loves-getting-fucked-on-camera/,https://cdn.javmiku.com/wp-content/uploads/2026/09/moor065pl-550x374.jpg
https://jav.guru/1056009/mmr-az589-why-dont-you-make-a-deal-with-me-%ef%bc%9f-nanoka-nakane/,https://cdn.javmiku.com/wp-content/uploads/2026/09/2616-550x374.jpg
https://jav.guru/1056010/mmr-az588-supple-round-maruku-maruku-kinashi/,https://cdn.javmiku.com/wp-content/uploads/2026/09/2628-550x374.jpg
https://jav.guru/1056011/mmr-az587-miyabi-senseis-secret-miyabi-miyagawa/,https://cdn.javmiku.com/wp-content/uploads/2026/09/2627-550x374.jpg
https://jav.guru/1056012/mmr-az038-my-older-sister-mika-nonomiya-%e3%80%85/,https://cdn.javmiku.com/wp-content/uploads/2026/09/mmr-az038-550x374.jpg
https://jav.guru/1056014/mkmp-757-shaved-sluts-lewd-soft-pussy-temptation-riles-you-up-into-semen-milking-sex-4-hour-best/,https://cdn.javmiku.com/wp-content/uploads/2026/09/mkmp757pl-550x374.jpg
https://jav.guru/1056016/mbr-ab056-mbrab-056-i-tried-capturing-a-teenage-pubescent-schoolgirl-whose-pussy-is-smooth-even-though-her-hair-is-short-2/,https://cdn.javmiku.com/wp-content/uploads/2026/09/n_709mbrab056pl-550x374.jpg
https://jav.guru/1056017/mbr-ab055-mbrab-055-the-young-lady-i-longed-for-i-thought-she-was-a-pure-and-innocent-schoolgirl-but-actually-3/,https://cdn.javmiku.com/wp-content/uploads/2026/09/n_709mbrab055pl-550x374.jpg
https://jav.guru/1056018/mbma-309-hemp-rope-play-young-girls-secretly-succumb-to-masochistic-pleasure-in-an-old-storehouse/,https://cdn.javmiku.com/wp-content/uploads/2026/09/h_460mbma309pl-550x374.jpg
https://jav.guru/1056019/lcdv-41409-the-reason-our-summer-didnt-end-miyu-suenaga/,https://cdn.javmiku.com/wp-content/uploads/2026/09/2626-550x374.jpg
https://jav.guru/1056020/lcdv-41406-fresh-venus-maya-kamiya/,https://cdn.javmiku.com/wp-content/uploads/2026/09/2625-550x374.jpg
https://jav.guru/1056021/lcdv-41298-i-still-like-tsumugi-tsumugi-hara/,https://cdn.javmiku.com/wp-content/uploads/2026/09/2636-550x374.jpg
https://jav.guru/1056022/lcdv-40991-teach-me-teacher-pan/,https://cdn.javmiku.com/wp-content/uploads/2026/09/2635-550x374.jpg
https://jav.guru/1056023/lcbd-00919-asuka-kishi-i-still-love-kishi-%e2%99%a1/,https://cdn.javmiku.com/wp-content/uploads/2026/09/2613-550x374.jpg
https://jav.guru/1056025/kidm-852-hoshino-miyu-the-anus-mirror/,https://cdn.javmiku.com/wp-content/uploads/2026/09/97420273_1494311l-550x374.jpg
https://jav.guru/1056026/kidm-718-asami-kubota-water-gun-2/,https://cdn.javmiku.com/wp-content/uploads/2026/09/42132731_i332214-550x374.jpg
https://jav.guru/1056027/kidm-567-sentimental-journey-hoshino-miyu/,https://cdn.javmiku.com/wp-content/uploads/2026/09/n_945kidm567pl-550x374.jpg
https://jav.guru/1056028/kidm-473-title-undecided-natsuki/,https://cdn.javmiku.com/wp-content/uploads/2026/09/n_945kidm473pl-550x374.jpg
https://jav.guru/1056033/jksr-752-all-you-can-lick-married-womens-pussies-72-consecutive-cunnilingus-sessions-on-dripping-wet-pussies-overflowing-with-pussy-juice/,https://cdn.javmiku.com/wp-content/uploads/2026/09/57jksr752pl-550x374.jpg
https://jav.guru/1056034/jksr-749-unlimited-pay-for-the-super-invincible-legally-aged-loli-beauty-in-a-school-uniform-with-bare-legs-peachy-buttocks-and-a-naughty-girl-a-first-year-student-prostitute-is-born/,https://cdn.javmiku.com/wp-content/uploads/2026/09/57jksr749pl-550x374.jpg
https://jav.guru/1056036/imo-036-i-called-a-delivery-health-service-and-my-little-sister-showed-up-as-a-result-we-end-up-having-creampie-real-sex-in-secret-from-the-shop-14/,https://cdn.javmiku.com/wp-content/uploads/2026/09/12imo036pl-550x374.jpg
https://jav.guru/1056037/husr-307-newhalf-reverse-pick-up-sex-the-cute-otoko-no-kos-acmes-and-orgasms-wont-stop-252-minutes/,https://cdn.javmiku.com/wp-content/uploads/2026/09/57husr307pl-550x374.jpg
https://jav.guru/1056038/hodv-22120-amateur-pickup-the-amateur-office-ladies-picked-up-by-asking-want-a-lucrative-part-time-job-are-cock-loving-sexually-frustrated-women-featuring-6/,https://cdn.javmiku.com/wp-content/uploads/2026/09/41hodv22120pl-550x374.jpg
https://jav.guru/1056039/hodv-22116-the-private-tutor-is-a-monster-class-erotic-kaiju-of-sexual-desire/,https://cdn.javmiku.com/wp-content/uploads/2026/09/41hodv22116pl-550x374.jpg
https://jav.guru/1056040/hodv-22115-married-woman-nampa-instant-creampie-sex-with-high-class-tower-mansion-wives-4-women-257-minutes/,https://cdn.javmiku.com/wp-content/uploads/2026/09/41hodv22115pl-550x374.jpg
https://jav.guru/1056042/gbsa-100-promiscuous-inappropriate-relationship-1/,https://cdn.javmiku.com/wp-content/uploads/2026/09/gbsa100pl-550x374.jpg
https://jav.guru/1056045/dogg-003-maria-samas-erotic-rampage-she-fucks-as-she-pleases-and-the-set-is-a-total-mess-maria-yumeno/,https://cdn.javmiku.com/wp-content/uploads/2026/09/dogg003pl-550x374.jpg
https://jav.guru/1056046/dldss-559-probably-likes-my-daughter-engaging-in-adulterous-acts-at-home-three-days-a-week-with-my-daughters-private-tutor-naho-kado/,https://cdn.javmiku.com/wp-content/uploads/2026/09/1dldss559pl-550x374.jpg
https://jav.guru/1056047/chc-036-toying-with-a-beautiful-girl-in-private-pov-fuck-complete-submission-sex-to-an-old-man-hinano-chan-college-girl-hinano-miki/,https://cdn.javmiku.com/wp-content/uploads/2026/09/h_1751chc036pl-550x374.jpg
https://jav.guru/1056048/cesd-090-joy-anger-sorrow-pleasure-2-a-tall-long-legged-slut-teases-a-mans-cock-to-the-limit-and-greedily-devours-the-pleasure-in-a-pleasure-sex-game-ichika-kamihata/,https://cdn.javmiku.com/wp-content/uploads/2026/09/cesd090pl-550x374.jpg
https://jav.guru/1056050/bufe-094-hairy-girls-2/,https://cdn.javmiku.com/wp-content/uploads/2026/09/h_1786bufe00094pl-550x374.jpg
https://jav.guru/1056051/bufe-092-beautiful-girls-nude-body-is-a-shaved-pussy-6/,https://cdn.javmiku.com/wp-content/uploads/2026/09/h_1786bufe00092pl-550x374.jpg
https://jav.guru/1056053/agav-174-glasses-facial-story-the-repressed-married-woman-who-wants-to-be-raped-yukari-shizuki/,https://cdn.javmiku.com/wp-content/uploads/2026/09/agav174pl-550x374.jpg
https://jav.guru/1056237/yst-359-even-though-my-stepfather-treats-me-as-a-mouth-pussy-i-drip-pussy-juice-im-a-pervert-minato-nami/,https://cdn.javmiku.com/wp-content/uploads/2026/09/540yst359pl-550x374.jpg
https://jav.guru/1056238/ysn-666-im-being-licked-and-kissed-all-over-by-minatoha-ryuu-and-hes-been-playing-with-my-nipples-the-whole-time-but-i-dont-think-i-can-get-away/,https://cdn.javmiku.com/wp-content/uploads/2026/09/h_127ysn666pl-550x374.jpg
https://jav.guru/1056239/ysn-665-i-want-to-devour-my-little-sisters-insane-body-haruno-ando/,https://cdn.javmiku.com/wp-content/uploads/2026/09/h_127ysn665pl-550x374.jpg
https://jav.guru/1056248/xvsr-380-creampie-sex-log-of-ayumi-the-little-devil-schoolgirl-who-loves-middle-aged-men-kimito-ayumi/,https://cdn.javmiku.com/wp-content/uploads/2026/09/xvsr380sopl-550x374.jpg
https://jav.guru/1056249/wfr-033-i-love-m-mens-nipples-%e2%97%86-the-nipple-licking-j-girl-who-keeps-tongue-teasing-nipples-nonstop-suehiro-jun/,https://cdn.javmiku.com/wp-content/uploads/2026/09/2wfr033pl-550x374.jpg
https://jav.guru/1056250/vdd-209-female-teacher-in-blackmail-suite-aoi-nakajo/,https://cdn.javmiku.com/wp-content/uploads/2026/09/24vdd209pl-550x374.jpg
https://jav.guru/1056251/ubug-018-a-student-who-was-wandering-around-kabukicho-her-unlucky-looking-has-circumstances-vibe-is-the-best/,https://cdn.javmiku.com/wp-content/uploads/2026/09/h_1133ubug018pl-550x374.jpg
https://jav.guru/1056252/totk-025-hanamiya-hime-documentary-bound-and-frced-to-cum-massive-squirting-anal-brutal-pounding-threesome-fuck/,https://cdn.javmiku.com/wp-content/uploads/2026/09/h_1133totk025pl-550x374.jpg
https://jav.guru/1056255/star-601-rina-rukawa-chan-wont-you-try-entering-the-mens-bath-with-just-one-towel-hard/,https://cdn.javmiku.com/wp-content/uploads/2026/09/1star601pl-550x374.jpg
https://jav.guru/1056256/sora-001-eyes-mansuji-of-crotch-bites-intensely-director-of-such-director-of-i-but-been-keeping-konashi-and-operations-crunchy-pants-look-of-patsupatsu-every-day-money-from-month-boss-woman/,https://cdn.javmiku.com/wp-content/uploads/2026/09/sora0001pl-550x374.jpg
https://jav.guru/1056257/smra-005-mistress-hunt%e2%97%87-reverse-pick-up-trip-im-seriously-looking-for-my-love-partner-aya-sasakura/,https://cdn.javmiku.com/wp-content/uploads/2026/09/2smra005pl-550x374.jpg
https://jav.guru/1056258/scop-727-defenseless-women-in-highly-revealing-slutty-outfits-that-make-you-get-hard-involuntarily-4-hour-best/,https://cdn.javmiku.com/wp-content/uploads/2026/09/scop727sopl-550x374.jpg
https://jav.guru/1056260/real-794-kiwami-black-mens-super-thick-cocks-gouge-deep-into-the-vagina-in-intense-sex-4-hour-ultimate-best/,https://cdn.javmiku.com/wp-content/uploads/2026/09/real794sopl-550x374.jpg
https://jav.guru/1056261/qbd-104-sex-with-a-beautiful-girl-in-uniform-meru-kohinata/,https://cdn.javmiku.com/wp-content/uploads/2026/09/24qbd104pl-550x374.jpg
https://jav.guru/1056262/pdvij-002-mother-becomes-addicted-to-her-daughters-big-cock-husbands-incredibly-amazing-sex-yumi-aikawa/,https://cdn.javmiku.com/wp-content/uploads/2026/09/48pdvij002pl-550x374.jpg
https://jav.guru/1056263/odvhj-081-married-womens-fully-visible-real-orgasm-dildo-masturbation-20/,https://cdn.javmiku.com/wp-content/uploads/2026/09/48odvhj081pl-550x374.jpg
https://jav.guru/1056266/nine-125-japans-sluttiest-super-a5-rank-finest-meat-releasing-the-private-video-of-the-charismatic-huge-tits-i-cup-sex-worker-from-an-ol-specialty-shop-who-sluts-it-up-nonstop-and-makes-him-cum-1/,https://cdn.javmiku.com/wp-content/uploads/2026/09/h_1133nine125pl-550x374.jpg
https://jav.guru/1056270/mdvij-035-married-woman-forbidden-sensual-drama-theater-chapter-two-the-sexy-sons-wife-who-gets-creampie-fucked-and-impregnated-by-her-tireless-huge-cocked-father-in-law/,https://cdn.javmiku.com/wp-content/uploads/2026/09/48mdvij035pl-550x374.jpg
https://jav.guru/1056271/love-145-av-debut-hayakawa-sari-19-years-old/,https://cdn.javmiku.com/wp-content/uploads/2026/09/h_491love145pl-550x374.jpg
https://jav.guru/1056272/love-082-obedient-exposure-hot-spring-aoi-ichigo/,https://cdn.javmiku.com/wp-content/uploads/2026/09/h_491love82pl-550x374.jpg
https://jav.guru/1056273/love-081-obedient-exhibitionist-hot-spring-aimi-usui/,https://cdn.javmiku.com/wp-content/uploads/2026/09/h_491love81pl-550x374.jpg
https://jav.guru/1056274/lock-018-lock-onnanaha-her-longed-for-entertainment-industry-debut-is-a-surprise-av-unscrupulous-talent-agency-sexual-harassment-creampie-interview-kiyomiya-nanaha/,https://cdn.javmiku.com/wp-content/uploads/2026/09/h_491lock018pl-550x374.jpg
https://jav.guru/1056275/ksbj-214-reunion-yuka-aota/,https://cdn.javmiku.com/wp-content/uploads/2026/09/ksbj214pl-550x374.jpg
https://jav.guru/1056276/ksbj-170-domestic-adultery-ayame-kinoshita/,https://cdn.javmiku.com/wp-content/uploads/2026/09/ksbj170pl-550x374.jpg
https://jav.guru/1056277/ksbj-169-i-found-a-call-girl-on-an-adult-info-site-who-looks-a-lot-like-someone-i-know-the-result-of-calling-her-over-to-my-place/,https://cdn.javmiku.com/wp-content/uploads/2026/09/ksbj169pl-550x374.jpg
https://jav.guru/1056278/knmb-133-big-tits-insurance-saleswoman-who-lets-you-creampie-her-if-you-sign-a-corporate-contract-urara-momojiri/,https://cdn.javmiku.com/wp-content/uploads/2026/09/h_491knmb133pl-550x374.jpg
https://jav.guru/1056279/knmb-132-the-senior-female-employee-whos-normally-strict-but-becomes-an-obedient-extreme-masochist-at-night-sakurai-rea/,https://cdn.javmiku.com/wp-content/uploads/2026/09/h_491knmb132pl-550x374.jpg
https://jav.guru/1056283/iro-15-married-woman-groped-on-the-train-the-fondled-fifty-year-old-mother-nobuko-odawara/,https://cdn.javmiku.com/wp-content/uploads/2026/09/h_086iro15pl-550x374.jpg
https://jav.guru/1056286/honb-500-demand-supply-7/,https://cdn.javmiku.com/wp-content/uploads/2026/09/h_1133honb500pl-550x374.jpg
https://jav.guru/1056287/hodv-21787-cheating-wives-wives-secret-meetings-because-theyre-married-they-seek-the-thrills-of-a-pleasure-paradise-immersing-themselves-in-the-extraordinary-through-sex-with-others-and-greed/,https://cdn.javmiku.com/wp-content/uploads/2026/09/41hodv21787pl-550x374.jpg
https://jav.guru/1056289/fsbk-027-tiny-ass-a-little-girl-playing-alone-in-the-park-is-stuffed-into-a-carrier-her-immature-anus-is-abused-and-trained/,https://cdn.javmiku.com/wp-content/uploads/2026/09/h_491fsbk027pl-550x374.jpg
https://jav.guru/1056290/fneo-060-mom-told-me-wait-here-tsukihane-aihara/,https://cdn.javmiku.com/wp-content/uploads/2026/09/h_491fneo060pl-550x374.jpg
https://jav.guru/1056291/ecb-172-premature-ejaculation-accidental-bursts-cum-leaking-ruined-orgasms/,https://cdn.javmiku.com/wp-content/uploads/2026/09/2ecb172pl-550x374.jpg
https://jav.guru/1056292/dori-109-fuck-video-no-109-her-favorite-subject-is-health-and-pe-the-extreme-masochist-girl-manaka-chan-who-cums-like-crazy-in-her-first-bareback-sex-hoshina-manaka/,https://cdn.javmiku.com/wp-content/uploads/2026/09/h_491dori109pl-550x374.jpg
https://jav.guru/1056293/dori-108-pov-fuck-no-108-plump-big-assed-lli-jk-who-loves-getting-pounded-doggy-style-himari-misono/,https://cdn.javmiku.com/wp-content/uploads/2026/09/h_491dori108pl-550x374.jpg
https://jav.guru/1056294/dori-105-pov-fuck-no-105-fluffy-bodied-gal-who-started-compensated-dating-as-a-distraction-from-studying-rena-chan-miyachi-rena/,https://cdn.javmiku.com/wp-content/uploads/2026/09/h_491dori105pl-550x374.jpg
https://jav.guru/1056295/dori-063-pov-fuck-no-63-creampied-twice-in-the-raw-pussy-of-the-brass-band-club-high-school-girl-who-gets-me-hard-with-her-erotic-thick-lips-on-the-third-time-i-shot-on-top-of-her-skirt-and-got-a/,https://cdn.javmiku.com/wp-content/uploads/2026/09/h_491dori063pl-550x374.jpg
https://jav.guru/1056296/dori-062-pako-dori-no-62-the-refined-high-school-girl-was-impressed-saying-what-kind-of-cock-do-you-have-you-can-go-so-many-times-and-i-ended-up-creampieing-her-shaved-pussy-three-times/,https://cdn.javmiku.com/wp-content/uploads/2026/09/h_491dori062pl-550x374.jpg
https://jav.guru/1056298/dldss-557-just-because-its-a-famous-hot-spring-my-wife-went-to-the-hot-spring-and-hasnt-come-back-saki-ishida/,https://cdn.javmiku.com/wp-content/uploads/2026/09/1dldss557pl-550x374.jpg
https://jav.guru/1056300/dfe-117-i-request-a-deep-throat-ejaculation-mano-inori/,https://cdn.javmiku.com/wp-content/uploads/2026/09/2dfe117pl-550x374.jpg
https://jav.guru/1056301/chuc-193-g-cup-beautiful-big-tits-college-girl-mari-alias-who-feels-it-deep-in-her-pussy/,https://cdn.javmiku.com/wp-content/uploads/2026/09/h_491chuc193pl-550x374.jpg
https://jav.guru/1056302/chuc-192-job-hunting-student-cant-refuse-creampie-requests-hono-21/,https://cdn.javmiku.com/wp-content/uploads/2026/09/h_491chuc192pl-550x374.jpg
https://jav.guru/1056303/chuc-191-blonde-girls-bar-beauty-is-a-full-on-oho-voiced-hardcore-erotic-bitch-suzu-22/,https://cdn.javmiku.com/wp-content/uploads/2026/09/h_491chuc191pl-550x374.jpg
https://jav.guru/1056304/chuc-190-legal-lli-neet-creampie-regular-delivery-hina-20/,https://cdn.javmiku.com/wp-content/uploads/2026/09/h_491chuc190pl-550x374.jpg
https://jav.guru/1056305/cesd-158-the-downtown-oden-shop-proprietress-who-brings-happiness-5-yumi-anno/,https://cdn.javmiku.com/wp-content/uploads/2026/09/cesd158pl-550x374.jpg
https://jav.guru/1056306/cesd-157-woman-who-rapes-men-the-law-cant-punish-2-mio-kayama/,https://cdn.javmiku.com/wp-content/uploads/2026/09/cesd157pl-550x374.jpg
https://jav.guru/1056307/cesd-154-the-moment-azumi-chino-gets-serious-3/,https://cdn.javmiku.com/wp-content/uploads/2026/09/cesd154pl-550x374.jpg
https://jav.guru/1056308/cesd-093-relationship-breaker-breakup-arranger-reiko-makihara/,https://cdn.javmiku.com/wp-content/uploads/2026/09/cesd093pl-550x374.jpg
https://jav.guru/1056309/c-2551-i-end-up-naturally-making-a-move-on-my-wifes-female-friend-the-married-woman-hanako-san-alias-45-years-old-who-ended-up-staying-in-my-room/,https://cdn.javmiku.com/wp-content/uploads/2026/09/140c2551pl-550x374.jpg
https://jav.guru/1056310/c-2550-girls-trip-015/,https://cdn.javmiku.com/wp-content/uploads/2026/09/140c2550pl-550x374.jpg
https://jav.guru/1056311/c-2549-married-womans-cuckold-hot-spring-trip/,https://cdn.javmiku.com/wp-content/uploads/2026/09/140c2549pl-550x374.jpg
https://jav.guru/1056312/c-2548-mature-wife-interview-pov-fuck-forties-wife-writhes-the-best-grand-finale/,https://cdn.javmiku.com/wp-content/uploads/2026/09/140c2548pl-550x374.jpg
https://jav.guru/1056313/c-2490-raw-footage-lesbian-hot-spring-trip-05/,https://cdn.javmiku.com/wp-content/uploads/2026/09/140c2490pl-550x374.jpg
https://jav.guru/1056314/c-2489-mature-wife-interview-pov-fuck-21/,https://cdn.javmiku.com/wp-content/uploads/2026/09/140c2489pl-550x374.jpg
https://jav.guru/1056315/c-2488-girls-trip-013/,https://cdn.javmiku.com/wp-content/uploads/2026/09/140c2488pl-550x374.jpg
https://jav.guru/1056316/c-2485-married-womans-self-filmed-ntr-cuckold-report-video-05/,https://cdn.javmiku.com/wp-content/uploads/2026/09/140c2485pl-550x374.jpg
https://jav.guru/1056317/bobb-318-wakamiya-hono-master-please-mess-up-my-tits-the-pure-innocent-beautiful-girl-with-big-tits-being-trained-into-a-total-pervert/,https://cdn.javmiku.com/wp-content/uploads/2026/09/bobb318pl-550x374.jpg
https://jav.guru/1056318/bobb-317-nishimura-nina-super-flesh-bomb-huge-tits-even-though-relatively-the-same-i-cup-theyre-about-1-5-times-bigger-overwhelming-size-you-cant-fully-grope/,https://cdn.javmiku.com/wp-content/uploads/2026/09/bobb317pl-550x374.jpg
https://jav.guru/1056319/bobb-316-arisa-hanyu-the-immoral-huge-tits-of-a-thirties-married-woman-who-appeared-without-telling-her-husband-to-relieve-her-overflowing-sexual-desire-she-casually-came-over-to-the-room-of-a-man/,https://cdn.javmiku.com/wp-content/uploads/2026/09/bobb316pl-550x374.jpg
https://jav.guru/1056320/bkd-268-mother-son-mating-arisa-hanyu/,https://cdn.javmiku.com/wp-content/uploads/2026/09/bkd268sopl-550x374.jpg
https://jav.guru/1056321/bkd-267-mother-son-copulation-tsubaki-kato/,https://cdn.javmiku.com/wp-content/uploads/2026/09/bkd267sopl-550x374.jpg
https://jav.guru/1056322/bkd-265-mother-son-mating-touko-namiki/,https://cdn.javmiku.com/wp-content/uploads/2026/09/bkd265sopl-550x374.jpg
https://jav.guru/1056323/bkd-219-mother-son-mating-miki-matsuzaka/,https://cdn.javmiku.com/wp-content/uploads/2026/09/bkd219sopl-550x374.jpg
https://jav.guru/1056324/bkd-218-mother-son-copulation-hamanamino/,https://cdn.javmiku.com/wp-content/uploads/2026/09/bkd218sopl-550x374.jpg
https://jav.guru/1056325/bkd-217-mother-son-copulation-ayame-ichinose/,https://cdn.javmiku.com/wp-content/uploads/2026/09/bkd217sopl-550x374.jpg
https://jav.guru/1056326/beb-017-the-beautiful-woman-living-next-doors-hot-kisses-and-embraces-yuri-sakano/,https://cdn.javmiku.com/wp-content/uploads/2026/09/beb017pl-550x374.jpg
https://jav.guru/1056327/beb-015-lewd-hip-action-vol-2-haruka-sanada/,https://cdn.javmiku.com/wp-content/uploads/2026/09/beb015pl-550x374.jpg
https://jav.guru/1056328/beb-014-lewd-hip-movements-vol-1-hasegawa-seina/,https://cdn.javmiku.com/wp-content/uploads/2026/09/beb014pl-550x374.jpg
https://jav.guru/1056329/bbi-099-teacher-yurias-deepthroat-classroom-yuria-satomi/,https://cdn.javmiku.com/wp-content/uploads/2026/09/bbi099pl-550x374.jpg
https://jav.guru/1056640/kv-328-blowjob-prep-school-110-mei-mizuki/,https://cdn.javmiku.com/wp-content/uploads/2026/09/h_955kv328pl-550x374.jpg
https://jav.guru/1056641/ftkd-045-revenge-seduction-academy-the-bully-girls-brainwashed-into-believing-that-receiving-sexual-torment-from-someone-they-hate-is-the-greatest-humiliation-kosuzu-mikan-adachi-meru-shikano-a/,https://cdn.javmiku.com/wp-content/uploads/2026/09/1ftkd00045pl-550x374.jpg
https://jav.guru/1056642/ftkd-044-when-i-was-sleeping-in-a-row-with-my-remarried-partners-stepdaughters-who-have-lesbian-tendencies-wet-squelching-sounds-came-from-beside-me/,https://cdn.javmiku.com/wp-content/uploads/2026/09/1ftkd00044pl-550x374.jpg
https://jav.guru/1056643/fthtd-234-the-plain-otaku-girl-who-got-too-hooked-on-card-games-and-turned-into-her-dark-personality-slut-ruka-itoi/,https://cdn.javmiku.com/wp-content/uploads/2026/09/1fthtd00234pl-550x374.jpg
https://jav.guru/1056644/fthtd-231-once-a-year-seduction-big-showdown-20-useless-ol-female-employees-presented-with-a-wage-cut-at-the-salary-evaluation-interview-bet-on-a-major-reversal-for-a-big-raise-with-no-hands-blow/,https://cdn.javmiku.com/wp-content/uploads/2026/09/1fthtd00231pl-550x374.jpg
https://jav.guru/1056645/fthtd-228-find-the-key-sleeping-in-the-womens-bath-and-open-the-treasure-chest-a-former-great-pirate-reincarnates-in-the-womens-bath-and-rises-erect-to-clear-his-regrets/,https://cdn.javmiku.com/wp-content/uploads/2026/09/1fthtd00228pl-550x374.jpg
https://jav.guru/1056646/fthtd-227-unexpected-shared-room-on-a-business-trip-with-my-female-boss-who-has-a-complex-about-her-oho-voice-when-i-fully-affirmed-her-roles-reversed-with-the-usually-tough-acting-boss-and-she-we/,https://cdn.javmiku.com/wp-content/uploads/2026/09/1fthtd00227pl-550x374.jpg
https://jav.guru/1056647/fthtd-225-the-end-of-the-world-ohame-apocalypse-the-final-sex-battle/,https://cdn.javmiku.com/wp-content/uploads/2026/09/1fthtd00225pl-550x374.jpg
https://jav.guru/1056648/fthtd-219-please-give-ejaculation-support-to-guys-troubled-by-too-much-built-up-sperm-until-theyre-satisfied-blowjob-continuous-ejaculation-support-challenge/,https://cdn.javmiku.com/wp-content/uploads/2026/09/1fthtd00219pl-550x374.jpg
https://jav.guru/1056649/fthtd-213-the-single-mom-who-always-greets-me-at-daycare-drop-off-and-pickup-and-the-sexy-big-tits-livestreamer-turn-out-to-be-the-same-person/,https://cdn.javmiku.com/wp-content/uploads/2026/09/1fthtd00213pl-550x374.jpg
https://jav.guru/1056650/dldss-553-what-is-my-wife-doing-on-the-other-side-of-this-door-pin-code-9434-married-woman-cuckold-skewered-room-fuka-sakurazaka/,https://cdn.javmiku.com/wp-content/uploads/2026/09/1dldss553pl-550x374.jpg
