page_url,video_code,playlist_url,quality,source
https://missav123.com/dm1/en/huntc-285-uncensored-leak,huntc-285,https://surrit.com/67023d1d-5f62-402c-b228-960ed1cd5b54/1080p/video.m3u8,1080p,surrit.com
https://missav123.com/dm1/en/huntc-285-uncensored-leak,huntc-285,https://surrit.com/67023d1d-5f62-402c-b228-960ed1cd5b54/720p/video.m3u8,720p,surrit.com
https://missav123.com/dm1/en/huntc-285-uncensored-leak,huntc-285,https://surrit.com/67023d1d-5f62-402c-b228-960ed1cd5b54/playlist.m3u8,playlist,surrit.com
https://missav123.com/dm1/en/mvsd-624-english-subtitle,mvsd-624,https://surrit.com/d7839a0f-1186-4ebb-8d92-91aac6971e09/1080p/video.m3u8,1080p,surrit.com
https://missav123.com/dm1/en/mvsd-624-english-subtitle,mvsd-624,https://surrit.com/d7839a0f-1186-4ebb-8d92-91aac6971e09/720p/video.m3u8,720p,surrit.com
https://missav123.com/dm1/en/mvsd-624-english-subtitle,mvsd-624,https://surrit.com/d7839a0f-1186-4ebb-8d92-91aac6971e09/playlist.m3u8,playlist,surrit.com
https://missav123.com/dm1/en/pred-493-uncensored-leak,pred-493,https://surrit.com/f6722763-28eb-44f8-9661-726c840d5a76/1080p/video.m3u8,1080p,surrit.com
https://missav123.com/dm1/en/pred-493-uncensored-leak,pred-493,https://surrit.com/f6722763-28eb-44f8-9661-726c840d5a76/720p/video.m3u8,720p,surrit.com
https://missav123.com/dm1/en/pred-493-uncensored-leak,pred-493,https://surrit.com/f6722763-28eb-44f8-9661-726c840d5a76/playlist.m3u8,playlist,surrit.com
https://missav123.com/dm1/en/sone-563-chinese-subtitle,sone-563,https://surrit.com/70f038c8-3c16-48ff-a1e5-c95bf52bfa98/720p/video.m3u8,720p,surrit.com
https://missav123.com/dm1/en/sone-563-chinese-subtitle,sone-563,https://surrit.com/70f038c8-3c16-48ff-a1e5-c95bf52bfa98/playlist.m3u8,playlist,surrit.com
https://missav123.com/dm1/en/sone-728,sone-728,https://surrit.com/e0c5e852-b0fe-456b-bea1-2173cc4c8cdd/720p/video.m3u8,720p,surrit.com
https://missav123.com/dm1/en/sone-728,sone-728,https://surrit.com/e0c5e852-b0fe-456b-bea1-2173cc4c8cdd/playlist.m3u8,playlist,surrit.com
https://missav123.com/dm1/en/sone-745,sone-745,https://surrit.com/0f32fe39-1c5f-44d0-92a5-92990d50427b/1080p/video.m3u8,1080p,surrit.com
https://missav123.com/dm1/en/sone-745,sone-745,https://surrit.com/0f32fe39-1c5f-44d0-92a5-92990d50427b/720p/video.m3u8,720p,surrit.com
https://missav123.com/dm1/en/sone-745,sone-745,https://surrit.com/0f32fe39-1c5f-44d0-92a5-92990d50427b/playlist.m3u8,playlist,surrit.com
https://missav123.com/dm1/en/sone-748,sone-748,https://surrit.com/852afdfb-9b63-4052-8d2a-9b1c29f69121/1080p/video.m3u8,1080p,surrit.com
https://missav123.com/dm1/en/sone-748,sone-748,https://surrit.com/852afdfb-9b63-4052-8d2a-9b1c29f69121/720p/video.m3u8,720p,surrit.com
https://missav123.com/dm1/en/sone-748,sone-748,https://surrit.com/852afdfb-9b63-4052-8d2a-9b1c29f69121/playlist.m3u8,playlist,surrit.com
https://missav123.com/dm1/en/sone-751,sone-751,https://surrit.com/5711a4db-b69f-43b1-9bff-9c37934b4052/1080p/video.m3u8,1080p,surrit.com
https://missav123.com/dm1/en/sone-751,sone-751,https://surrit.com/5711a4db-b69f-43b1-9bff-9c37934b4052/720p/video.m3u8,720p,surrit.com
https://missav123.com/dm1/en/sone-751,sone-751,https://surrit.com/5711a4db-b69f-43b1-9bff-9c37934b4052/playlist.m3u8,playlist,surrit.com
https://missav123.com/dm1/en/sone-846,sone-846,https://surrit.com/79bb8260-b97b-4cac-a26b-4a8e50f97f28/1080p/video.m3u8,1080p,surrit.com
https://missav123.com/dm1/en/sone-846,sone-846,https://surrit.com/79bb8260-b97b-4cac-a26b-4a8e50f97f28/720p/video.m3u8,720p,surrit.com
https://missav123.com/dm1/en/sone-846,sone-846,https://surrit.com/79bb8260-b97b-4cac-a26b-4a8e50f97f28/playlist.m3u8,playlist,surrit.com
https://missav123.com/dm1/en/sone-846-chinese-subtitle,sone-846,https://surrit.com/0b9fcc00-32a3-43d4-93ec-04f0838b282f/720p/video.m3u8,720p,surrit.com
https://missav123.com/dm1/en/sone-846-chinese-subtitle,sone-846,https://surrit.com/0b9fcc00-32a3-43d4-93ec-04f0838b282f/playlist.m3u8,playlist,surrit.com
https://missav123.com/dm1/en/sone-886,sone-886,https://surrit.com/5f2f3ee5-f619-4c8a-a7d6-bb0e5a34b025/1080p/video.m3u8,1080p,surrit.com
https://missav123.com/dm1/en/sone-886,sone-886,https://surrit.com/5f2f3ee5-f619-4c8a-a7d6-bb0e5a34b025/720p/video.m3u8,720p,surrit.com
https://missav123.com/dm1/en/sone-886,sone-886,https://surrit.com/5f2f3ee5-f619-4c8a-a7d6-bb0e5a34b025/playlist.m3u8,playlist,surrit.com
https://missav123.com/dm107/en/hublk-023-uncensored-leak,hublk-023,https://surrit.com/2c57a1b2-615a-49dd-98a4-8ff46a45a6a2/1080p/video.m3u8,1080p,surrit.com
https://missav123.com/dm107/en/hublk-023-uncensored-leak,hublk-023,https://surrit.com/2c57a1b2-615a-49dd-98a4-8ff46a45a6a2/720p/video.m3u8,720p,surrit.com
https://missav123.com/dm107/en/hublk-023-uncensored-leak,hublk-023,https://surrit.com/2c57a1b2-615a-49dd-98a4-8ff46a45a6a2/playlist.m3u8,playlist,surrit.com
https://missav123.com/dm12/en/nhdt-939-2,nhdt-939-2,https://surrit.com/8b8e00a8-08fe-4127-8efd-9d23165070c6/1080p/video.m3u8,1080p,surrit.com
https://missav123.com/dm12/en/nhdt-939-2,nhdt-939-2,https://surrit.com/8b8e00a8-08fe-4127-8efd-9d23165070c6/720p/video.m3u8,720p,surrit.com
https://missav123.com/dm12/en/nhdt-939-2,nhdt-939-2,https://surrit.com/8b8e00a8-08fe-4127-8efd-9d23165070c6/playlist.m3u8,playlist,surrit.com
https://missav123.com/dm125/en/sun-049-2,sun-049-2,https://surrit.com/05c8555e-6b33-42e0-9e6e-6ac69dd1bc6a/1080p/video.m3u8,1080p,surrit.com
https://missav123.com/dm125/en/sun-049-2,sun-049-2,https://surrit.com/05c8555e-6b33-42e0-9e6e-6ac69dd1bc6a/720p/video.m3u8,720p,surrit.com
https://missav123.com/dm125/en/sun-049-2,sun-049-2,https://surrit.com/05c8555e-6b33-42e0-9e6e-6ac69dd1bc6a/playlist.m3u8,playlist,surrit.com
https://missav123.com/dm2/en/fc2-ppv-4917039,fc2-ppv-4917039,https://surrit.com/717ce673-e847-4223-8422-74ae395b67c2/720p/video.m3u8,720p,surrit.com
https://missav123.com/dm2/en/fc2-ppv-4917039,fc2-ppv-4917039,https://surrit.com/717ce673-e847-4223-8422-74ae395b67c2/playlist.m3u8,playlist,surrit.com
https://missav123.com/dm2/en/fc2-ppv-4920080,fc2-ppv-4920080,https://surrit.com/bafecc00-17b9-4e69-9d68-bafc3aa1765b/720p/video.m3u8,720p,surrit.com
https://missav123.com/dm2/en/fc2-ppv-4920080,fc2-ppv-4920080,https://surrit.com/bafecc00-17b9-4e69-9d68-bafc3aa1765b/playlist.m3u8,playlist,surrit.com
https://missav123.com/dm2/en/huntc-285,huntc-285,https://surrit.com/9f8fc53c-f2a0-4edd-ba0a-5d0550b5ee13/720p/video.m3u8,720p,surrit.com
https://missav123.com/dm2/en/huntc-285,huntc-285,https://surrit.com/9f8fc53c-f2a0-4edd-ba0a-5d0550b5ee13/playlist.m3u8,playlist,surrit.com
https://missav123.com/dm2/en/sone-752,sone-752,https://surrit.com/6f7dc214-5daf-44ba-b43a-3d447bfb1c80/1080p/video.m3u8,1080p,surrit.com
https://missav123.com/dm2/en/sone-752,sone-752,https://surrit.com/6f7dc214-5daf-44ba-b43a-3d447bfb1c80/720p/video.m3u8,720p,surrit.com
https://missav123.com/dm2/en/sone-752,sone-752,https://surrit.com/6f7dc214-5daf-44ba-b43a-3d447bfb1c80/playlist.m3u8,playlist,surrit.com
https://missav123.com/dm2/en/sone-881,sone-881,https://surrit.com/f6a33ea9-3c2e-49ff-9a7e-add26b0bf40f/1080p/video.m3u8,1080p,surrit.com
https://missav123.com/dm2/en/sone-881,sone-881,https://surrit.com/f6a33ea9-3c2e-49ff-9a7e-add26b0bf40f/720p/video.m3u8,720p,surrit.com
https://missav123.com/dm2/en/sone-881,sone-881,https://surrit.com/f6a33ea9-3c2e-49ff-9a7e-add26b0bf40f/playlist.m3u8,playlist,surrit.com
https://missav123.com/dm291/en/AARM-013,aarm-013,https://surrit.com/f009b598-e8c8-4170-9b6b-222fbd555f56/1280x720/video.m3u8,720p,surrit.com
https://missav123.com/dm291/en/AARM-013,aarm-013,https://surrit.com/f009b598-e8c8-4170-9b6b-222fbd555f56/842x480/video.m3u8,480p,surrit.com
https://missav123.com/dm291/en/AARM-013,aarm-013,https://surrit.com/f009b598-e8c8-4170-9b6b-222fbd555f56/playlist.m3u8,playlist,surrit.com
https://missav123.com/dm291/en/ABF-366,abf-366,https://surrit.com/0cb55094-abba-4526-a968-0e737443f7e2/720p/video.m3u8,720p,surrit.com
https://missav123.com/dm291/en/ABF-366,abf-366,https://surrit.com/0cb55094-abba-4526-a968-0e737443f7e2/playlist.m3u8,playlist,surrit.com
https://missav123.com/dm291/en/AUKG-659,aukg-659,https://surrit.com/b01aca1a-2fb8-46c9-a38b-b4e899f977fa/720p/video.m3u8,720p,surrit.com
https://missav123.com/dm291/en/AUKG-659,aukg-659,https://surrit.com/b01aca1a-2fb8-46c9-a38b-b4e899f977fa/playlist.m3u8,playlist,surrit.com
https://missav123.com/dm291/en/BBTU-040,bbtu-040,https://surrit.com/b0cf0d74-b60b-49f3-bae4-529f7493a53b/1280x720/video.m3u8,720p,surrit.com
https://missav123.com/dm291/en/BBTU-040,bbtu-040,https://surrit.com/b0cf0d74-b60b-49f3-bae4-529f7493a53b/842x480/video.m3u8,480p,surrit.com
https://missav123.com/dm291/en/BBTU-040,bbtu-040,https://surrit.com/b0cf0d74-b60b-49f3-bae4-529f7493a53b/playlist.m3u8,playlist,surrit.com
https://missav123.com/dm291/en/BDSR-226,bdsr-226,https://surrit.com/836ef269-3a4b-4a49-91d2-6b64718c6d41/842x480/video.m3u8,480p,surrit.com
https://missav123.com/dm291/en/BDSR-226,bdsr-226,https://surrit.com/836ef269-3a4b-4a49-91d2-6b64718c6d41/playlist.m3u8,playlist,surrit.com
https://missav123.com/dm291/en/CLUB-559,club-559,https://surrit.com/e5ca86de-7580-42c6-9881-2202d8c8a647/1280x720/video.m3u8,720p,surrit.com
https://missav123.com/dm291/en/CLUB-559,club-559,https://surrit.com/e5ca86de-7580-42c6-9881-2202d8c8a647/842x480/video.m3u8,480p,surrit.com
https://missav123.com/dm291/en/CLUB-559,club-559,https://surrit.com/e5ca86de-7580-42c6-9881-2202d8c8a647/playlist.m3u8,playlist,surrit.com
https://missav123.com/dm291/en/DAL-010,dal-010,https://surrit.com/4602e7d2-d61e-4fde-acbe-826a3f34ee81/1080p/video.m3u8,1080p,surrit.com
https://missav123.com/dm291/en/DAL-010,dal-010,https://surrit.com/4602e7d2-d61e-4fde-acbe-826a3f34ee81/720p/video.m3u8,720p,surrit.com
https://missav123.com/dm291/en/DAL-010,dal-010,https://surrit.com/4602e7d2-d61e-4fde-acbe-826a3f34ee81/playlist.m3u8,playlist,surrit.com
https://missav123.com/dm291/en/DANDY-457,dandy-457,https://surrit.com/574b3962-5e8a-43d0-9e38-7701167a7097/640x360/video.m3u8,playlist,surrit.com
https://missav123.com/dm291/en/DANDY-457,dandy-457,https://surrit.com/574b3962-5e8a-43d0-9e38-7701167a7097/playlist.m3u8,playlist,surrit.com
https://missav123.com/dm291/en/DASS-932,dass-932,https://surrit.com/f869e74d-ef53-4b57-a4f3-ed33a877a2e1/720p/video.m3u8,720p,surrit.com
https://missav123.com/dm291/en/DASS-932,dass-932,https://surrit.com/f869e74d-ef53-4b57-a4f3-ed33a877a2e1/playlist.m3u8,playlist,surrit.com
https://missav123.com/dm291/en/EKDV-178,ekdv-178,https://surrit.com/f740b47f-1176-45bc-b0e1-62d0dfa46d1d/842x480/video.m3u8,480p,surrit.com
https://missav123.com/dm291/en/EKDV-178,ekdv-178,https://surrit.com/f740b47f-1176-45bc-b0e1-62d0dfa46d1d/playlist.m3u8,playlist,surrit.com
https://missav123.com/dm291/en/EKDV-436,ekdv-436,https://surrit.com/1f375bef-4a52-4df1-934c-b6b126712892/1280x720/video.m3u8,720p,surrit.com
https://missav123.com/dm291/en/EKDV-436,ekdv-436,https://surrit.com/1f375bef-4a52-4df1-934c-b6b126712892/842x480/video.m3u8,480p,surrit.com
https://missav123.com/dm291/en/EKDV-436,ekdv-436,https://surrit.com/1f375bef-4a52-4df1-934c-b6b126712892/playlist.m3u8,playlist,surrit.com
https://missav123.com/dm291/en/EVIS-624,evis-624,https://surrit.com/c81bf2cd-b097-4680-9a0f-ac37b14cdb91/720p/video.m3u8,720p,surrit.com
https://missav123.com/dm291/en/EVIS-624,evis-624,https://surrit.com/c81bf2cd-b097-4680-9a0f-ac37b14cdb91/playlist.m3u8,playlist,surrit.com
https://missav123.com/dm291/en/LOVE-090,love-090,https://surrit.com/e6abb6c3-0ad2-4058-96f9-0271cf22eed3/1280x720/video.m3u8,720p,surrit.com
https://missav123.com/dm291/en/LOVE-090,love-090,https://surrit.com/e6abb6c3-0ad2-4058-96f9-0271cf22eed3/842x480/video.m3u8,480p,surrit.com
https://missav123.com/dm291/en/LOVE-090,love-090,https://surrit.com/e6abb6c3-0ad2-4058-96f9-0271cf22eed3/playlist.m3u8,playlist,surrit.com
https://missav123.com/dm291/en/MARM-006,marm-006,https://surrit.com/0507096b-b19c-4bd2-911b-7aea272c9a9b/842x480/video.m3u8,480p,surrit.com
https://missav123.com/dm291/en/MARM-006,marm-006,https://surrit.com/0507096b-b19c-4bd2-911b-7aea272c9a9b/playlist.m3u8,playlist,surrit.com
https://missav123.com/dm291/en/MBMA-140,mbma-140,https://surrit.com/1af39542-a51a-438d-bf2f-4e539b776957/1080p/video.m3u8,1080p,surrit.com
https://missav123.com/dm291/en/MBMA-140,mbma-140,https://surrit.com/1af39542-a51a-438d-bf2f-4e539b776957/720p/video.m3u8,720p,surrit.com
https://missav123.com/dm291/en/MBMA-140,mbma-140,https://surrit.com/1af39542-a51a-438d-bf2f-4e539b776957/playlist.m3u8,playlist,surrit.com
https://missav123.com/dm291/en/MBRAA-360,mbraa-360,https://surrit.com/af4b52d7-a274-49c3-8dce-27965ec24bd3/720p/video.m3u8,720p,surrit.com
https://missav123.com/dm291/en/MBRAA-360,mbraa-360,https://surrit.com/af4b52d7-a274-49c3-8dce-27965ec24bd3/playlist.m3u8,playlist,surrit.com
https://missav123.com/dm291/en/MBRBN-066,mbrbn-066,https://surrit.com/48513eb7-3409-43e9-ac4f-c62beb6a75c1/1080p/video.m3u8,1080p,surrit.com
https://missav123.com/dm291/en/MBRBN-066,mbrbn-066,https://surrit.com/48513eb7-3409-43e9-ac4f-c62beb6a75c1/720p/video.m3u8,720p,surrit.com
https://missav123.com/dm291/en/MBRBN-066,mbrbn-066,https://surrit.com/48513eb7-3409-43e9-ac4f-c62beb6a75c1/playlist.m3u8,playlist,surrit.com
https://missav123.com/dm291/en/MDYD-553,mdyd-553,https://surrit.com/ba3833bc-10fb-48f5-9ffd-3159683a3524/720p/video.m3u8,720p,surrit.com
https://missav123.com/dm291/en/MDYD-553,mdyd-553,https://surrit.com/ba3833bc-10fb-48f5-9ffd-3159683a3524/playlist.m3u8,playlist,surrit.com
https://missav123.com/dm291/en/MDYD-696,mdyd-696,https://surrit.com/6865b73b-466b-4f64-b4f7-70f340e07960/842x480/video.m3u8,480p,surrit.com
https://missav123.com/dm291/en/MDYD-696,mdyd-696,https://surrit.com/6865b73b-466b-4f64-b4f7-70f340e07960/playlist.m3u8,playlist,surrit.com
https://missav123.com/dm291/en/MDYD-731,mdyd-731,https://surrit.com/c56d957d-3d38-4ff3-a27a-2ab3b178bb88/1280x720/video.m3u8,720p,surrit.com
https://missav123.com/dm291/en/MDYD-731,mdyd-731,https://surrit.com/c56d957d-3d38-4ff3-a27a-2ab3b178bb88/842x480/video.m3u8,480p,surrit.com
https://missav123.com/dm291/en/MDYD-731,mdyd-731,https://surrit.com/c56d957d-3d38-4ff3-a27a-2ab3b178bb88/playlist.m3u8,playlist,surrit.com
https://missav123.com/dm291/en/MDYD-760,mdyd-760,https://surrit.com/2c7d3530-8e61-47d8-b7f3-df1ec7e85963/1280x720/video.m3u8,720p,surrit.com
https://missav123.com/dm291/en/MDYD-760,mdyd-760,https://surrit.com/2c7d3530-8e61-47d8-b7f3-df1ec7e85963/842x480/video.m3u8,480p,surrit.com
https://missav123.com/dm291/en/MDYD-760,mdyd-760,https://surrit.com/2c7d3530-8e61-47d8-b7f3-df1ec7e85963/playlist.m3u8,playlist,surrit.com
https://missav123.com/dm291/en/MDYD-791,mdyd-791,https://surrit.com/13da1471-6a25-4c41-bb5a-e85f270ff782/1280x720/video.m3u8,720p,surrit.com
https://missav123.com/dm291/en/MDYD-791,mdyd-791,https://surrit.com/13da1471-6a25-4c41-bb5a-e85f270ff782/842x480/video.m3u8,480p,surrit.com
https://missav123.com/dm291/en/MDYD-791,mdyd-791,https://surrit.com/13da1471-6a25-4c41-bb5a-e85f270ff782/playlist.m3u8,playlist,surrit.com
https://missav123.com/dm291/en/MDYD-888,mdyd-888,https://surrit.com/c50a15ba-e33b-400d-8b2d-3b7ebbaa5a79/842x480/video.m3u8,480p,surrit.com
https://missav123.com/dm291/en/MDYD-888,mdyd-888,https://surrit.com/c50a15ba-e33b-400d-8b2d-3b7ebbaa5a79/playlist.m3u8,playlist,surrit.com
https://missav123.com/dm291/en/MDYD-939,mdyd-939,https://surrit.com/8f354d4c-bb7f-4883-8db0-a964a9528158/842x480/video.m3u8,480p,surrit.com
https://missav123.com/dm291/en/MDYD-939,mdyd-939,https://surrit.com/8f354d4c-bb7f-4883-8db0-a964a9528158/playlist.m3u8,playlist,surrit.com
https://missav123.com/dm291/en/MDYD-976,mdyd-976,https://surrit.com/44413b0a-8b61-4462-a808-9843d9f03fdf/1280x720/video.m3u8,720p,surrit.com
https://missav123.com/dm291/en/MDYD-976,mdyd-976,https://surrit.com/44413b0a-8b61-4462-a808-9843d9f03fdf/842x480/video.m3u8,480p,surrit.com
https://missav123.com/dm291/en/MDYD-976,mdyd-976,https://surrit.com/44413b0a-8b61-4462-a808-9843d9f03fdf/playlist.m3u8,playlist,surrit.com
https://missav123.com/dm291/en/MIDA-788,mida-788,https://surrit.com/96795d24-ff4d-40f6-ad8f-4a2897d9da6e/720p/video.m3u8,720p,surrit.com
https://missav123.com/dm291/en/MIDA-788,mida-788,https://surrit.com/96795d24-ff4d-40f6-ad8f-4a2897d9da6e/playlist.m3u8,playlist,surrit.com
https://missav123.com/dm291/en/MIDA-790,mida-790,https://surrit.com/92be7607-d164-49a1-875b-e0d3790eb83a/720p/video.m3u8,720p,surrit.com
https://missav123.com/dm291/en/MIDA-790,mida-790,https://surrit.com/92be7607-d164-49a1-875b-e0d3790eb83a/playlist.m3u8,playlist,surrit.com
https://missav123.com/dm291/en/MIDD-895,midd-895,https://surrit.com/887e4f03-dcaa-40b7-9479-f6e37bd02537/1280x720/video.m3u8,720p,surrit.com
https://missav123.com/dm291/en/MIDD-895,midd-895,https://surrit.com/887e4f03-dcaa-40b7-9479-f6e37bd02537/842x480/video.m3u8,480p,surrit.com
https://missav123.com/dm291/en/MIDD-895,midd-895,https://surrit.com/887e4f03-dcaa-40b7-9479-f6e37bd02537/playlist.m3u8,playlist,surrit.com
https://missav123.com/dm291/en/MIDD-935,midd-935,https://surrit.com/bc5f3179-3c09-4e85-aa70-e2e863a76e5a/1280x720/video.m3u8,720p,surrit.com
https://missav123.com/dm291/en/MIDD-935,midd-935,https://surrit.com/bc5f3179-3c09-4e85-aa70-e2e863a76e5a/842x480/video.m3u8,480p,surrit.com
https://missav123.com/dm291/en/MIDD-935,midd-935,https://surrit.com/bc5f3179-3c09-4e85-aa70-e2e863a76e5a/playlist.m3u8,playlist,surrit.com
https://missav123.com/dm291/en/MIDD-939,midd-939,https://surrit.com/463c5bbb-c89b-4c14-9e64-00b8b7e3a9b8/1280x720/video.m3u8,720p,surrit.com
https://missav123.com/dm291/en/MIDD-939,midd-939,https://surrit.com/463c5bbb-c89b-4c14-9e64-00b8b7e3a9b8/842x480/video.m3u8,480p,surrit.com
https://missav123.com/dm291/en/MIDD-939,midd-939,https://surrit.com/463c5bbb-c89b-4c14-9e64-00b8b7e3a9b8/playlist.m3u8,playlist,surrit.com
https://missav123.com/dm291/en/MIST-137,mist-137,https://surrit.com/60e25759-a28d-469d-94f1-bb86db75d285/842x480/video.m3u8,480p,surrit.com
https://missav123.com/dm291/en/MIST-137,mist-137,https://surrit.com/60e25759-a28d-469d-94f1-bb86db75d285/playlist.m3u8,playlist,surrit.com
https://missav123.com/dm291/en/MIST-185,mist-185,https://surrit.com/d88799a5-0ed7-4b05-9b44-27f005a1ab95/842x480/video.m3u8,480p,surrit.com
https://missav123.com/dm291/en/MIST-185,mist-185,https://surrit.com/d88799a5-0ed7-4b05-9b44-27f005a1ab95/playlist.m3u8,playlist,surrit.com
https://missav123.com/dm291/en/MOPG-032,mopg-032,https://surrit.com/30e8938c-3f81-43c4-a3cb-a8e24043de33/1280x720/video.m3u8,720p,surrit.com
https://missav123.com/dm291/en/MOPG-032,mopg-032,https://surrit.com/30e8938c-3f81-43c4-a3cb-a8e24043de33/842x480/video.m3u8,480p,surrit.com
https://missav123.com/dm291/en/MOPG-032,mopg-032,https://surrit.com/30e8938c-3f81-43c4-a3cb-a8e24043de33/playlist.m3u8,playlist,surrit.com
https://missav123.com/dm291/en/MRHP-052,mrhp-052,https://surrit.com/3599d7db-5a44-495b-9396-6640bdee7b47/720p/video.m3u8,720p,surrit.com
https://missav123.com/dm291/en/MRHP-052,mrhp-052,https://surrit.com/3599d7db-5a44-495b-9396-6640bdee7b47/playlist.m3u8,playlist,surrit.com
https://missav123.com/dm291/en/MSZ-36,msz-36,https://surrit.com/4f17b371-174b-4592-aa51-de602e77aee8/720p/video.m3u8,720p,surrit.com
https://missav123.com/dm291/en/MSZ-36,msz-36,https://surrit.com/4f17b371-174b-4592-aa51-de602e77aee8/playlist.m3u8,playlist,surrit.com
https://missav123.com/dm291/en/MUFR-010,mufr-010,https://surrit.com/f9835e5a-c6dd-41f5-bf9f-3e7f78b5f20c/720p/video.m3u8,720p,surrit.com
https://missav123.com/dm291/en/MUFR-010,mufr-010,https://surrit.com/f9835e5a-c6dd-41f5-bf9f-3e7f78b5f20c/playlist.m3u8,playlist,surrit.com
https://missav123.com/dm291/en/NNSBD-005,nnsbd-005,https://surrit.com/23cb890d-04fa-47e7-9b9f-a0135d0f418f/720p/video.m3u8,720p,surrit.com
https://missav123.com/dm291/en/NNSBD-005,nnsbd-005,https://surrit.com/23cb890d-04fa-47e7-9b9f-a0135d0f418f/playlist.m3u8,playlist,surrit.com
https://missav123.com/dm291/en/OFTR-016,oftr-016,https://surrit.com/89471a3c-a095-4aa2-8e0d-6ba8ee79140e/720p/video.m3u8,720p,surrit.com
https://missav123.com/dm291/en/OFTR-016,oftr-016,https://surrit.com/89471a3c-a095-4aa2-8e0d-6ba8ee79140e/playlist.m3u8,playlist,surrit.com
https://missav123.com/dm291/en/PPPE-408,pppe-408,https://surrit.com/d3dc4b3b-c92f-4759-b84d-f31f39e885c2/1080p/video.m3u8,1080p,surrit.com
https://missav123.com/dm291/en/PPPE-408,pppe-408,https://surrit.com/d3dc4b3b-c92f-4759-b84d-f31f39e885c2/720p/video.m3u8,720p,surrit.com
https://missav123.com/dm291/en/PPPE-408,pppe-408,https://surrit.com/d3dc4b3b-c92f-4759-b84d-f31f39e885c2/playlist.m3u8,playlist,surrit.com
https://missav123.com/dm291/en/PPPE-441,pppe-441,https://surrit.com/48df2417-48f8-4c3d-8ece-8b8296c22e5d/720p/video.m3u8,720p,surrit.com
https://missav123.com/dm291/en/PPPE-441,pppe-441,https://surrit.com/48df2417-48f8-4c3d-8ece-8b8296c22e5d/playlist.m3u8,playlist,surrit.com
https://missav123.com/dm291/en/PRIAN-047,prian-047,https://surrit.com/80e8434e-8949-4a00-a586-dec911dcc2d4/1080p/video.m3u8,1080p,surrit.com
https://missav123.com/dm291/en/PRIAN-047,prian-047,https://surrit.com/80e8434e-8949-4a00-a586-dec911dcc2d4/720p/video.m3u8,720p,surrit.com
https://missav123.com/dm291/en/PRIAN-047,prian-047,https://surrit.com/80e8434e-8949-4a00-a586-dec911dcc2d4/playlist.m3u8,playlist,surrit.com
https://missav123.com/dm291/en/PRIAN-051,prian-051,https://surrit.com/4757eaba-6d1e-4cd9-9e5f-5e663d62255b/1080p/video.m3u8,1080p,surrit.com
https://missav123.com/dm291/en/PRIAN-051,prian-051,https://surrit.com/4757eaba-6d1e-4cd9-9e5f-5e663d62255b/720p/video.m3u8,720p,surrit.com
https://missav123.com/dm291/en/PRIAN-051,prian-051,https://surrit.com/4757eaba-6d1e-4cd9-9e5f-5e663d62255b/playlist.m3u8,playlist,surrit.com
https://missav123.com/dm291/en/RCT-734,rct-734,https://surrit.com/bab1a29a-dd06-443a-8142-13549eb59278/842x480/video.m3u8,480p,surrit.com
https://missav123.com/dm291/en/RCT-734,rct-734,https://surrit.com/bab1a29a-dd06-443a-8142-13549eb59278/playlist.m3u8,playlist,surrit.com
https://missav123.com/dm291/en/REBDB-746,rebdb-746,https://surrit.com/fdad1bb4-2b85-4070-8b1e-614929101936/1280x720/video.m3u8,720p,surrit.com
https://missav123.com/dm291/en/REBDB-746,rebdb-746,https://surrit.com/fdad1bb4-2b85-4070-8b1e-614929101936/842x480/video.m3u8,480p,surrit.com
https://missav123.com/dm291/en/REBDB-746,rebdb-746,https://surrit.com/fdad1bb4-2b85-4070-8b1e-614929101936/playlist.m3u8,playlist,surrit.com
https://missav123.com/dm291/en/ROYD-336,royd-336,https://surrit.com/d0bdc77a-90da-4f3f-a794-42c586f8d946/720p/video.m3u8,720p,surrit.com
https://missav123.com/dm291/en/ROYD-336,royd-336,https://surrit.com/d0bdc77a-90da-4f3f-a794-42c586f8d946/playlist.m3u8,playlist,surrit.com
https://missav123.com/dm291/en/RPIN-093,rpin-093,https://surrit.com/c0fdd176-9be7-4ea9-babd-4cecb507247d/720p/video.m3u8,720p,surrit.com
https://missav123.com/dm291/en/RPIN-093,rpin-093,https://surrit.com/c0fdd176-9be7-4ea9-babd-4cecb507247d/playlist.m3u8,playlist,surrit.com
https://missav123.com/dm291/en/SABA-138,saba-138,https://surrit.com/4cdc9b64-1f12-4572-8d58-6260ebae6518/842x480/video.m3u8,480p,surrit.com
https://missav123.com/dm291/en/SABA-138,saba-138,https://surrit.com/4cdc9b64-1f12-4572-8d58-6260ebae6518/playlist.m3u8,playlist,surrit.com
https://missav123.com/dm291/en/SABA-140,saba-140,https://surrit.com/c2f90288-a807-41bb-a63f-fc0aed2385f0/842x480/video.m3u8,480p,surrit.com
https://missav123.com/dm291/en/SABA-140,saba-140,https://surrit.com/c2f90288-a807-41bb-a63f-fc0aed2385f0/playlist.m3u8,playlist,surrit.com
https://missav123.com/dm291/en/SABA-299,saba-299,https://surrit.com/5348e81c-8990-44ab-949d-1a878b995734/842x480/video.m3u8,480p,surrit.com
https://missav123.com/dm291/en/SABA-299,saba-299,https://surrit.com/5348e81c-8990-44ab-949d-1a878b995734/playlist.m3u8,playlist,surrit.com
https://missav123.com/dm291/en/SABA-409,saba-409,https://surrit.com/1dd27d37-189a-4eb6-8c60-9d793cda44d4/842x480/video.m3u8,480p,surrit.com
https://missav123.com/dm291/en/SABA-409,saba-409,https://surrit.com/1dd27d37-189a-4eb6-8c60-9d793cda44d4/playlist.m3u8,playlist,surrit.com
https://missav123.com/dm291/en/SABA-521,saba-521,https://surrit.com/f80aadd7-f246-4e7c-b9d7-4fa2aaa887e7/842x480/video.m3u8,480p,surrit.com
https://missav123.com/dm291/en/SABA-521,saba-521,https://surrit.com/f80aadd7-f246-4e7c-b9d7-4fa2aaa887e7/playlist.m3u8,playlist,surrit.com
https://missav123.com/dm291/en/SABA-528,saba-528,https://surrit.com/11af855a-86d7-4542-bd81-c513a1943262/842x480/video.m3u8,480p,surrit.com
https://missav123.com/dm291/en/SABA-528,saba-528,https://surrit.com/11af855a-86d7-4542-bd81-c513a1943262/playlist.m3u8,playlist,surrit.com
https://missav123.com/dm291/en/SABA-654,saba-654,https://surrit.com/7fcd8f9a-f399-4e77-b4ba-195dcea67ed9/1280x720/video.m3u8,720p,surrit.com
https://missav123.com/dm291/en/SABA-654,saba-654,https://surrit.com/7fcd8f9a-f399-4e77-b4ba-195dcea67ed9/842x480/video.m3u8,480p,surrit.com
https://missav123.com/dm291/en/SABA-654,saba-654,https://surrit.com/7fcd8f9a-f399-4e77-b4ba-195dcea67ed9/playlist.m3u8,playlist,surrit.com
https://missav123.com/dm291/en/SABA-705,saba-705,https://surrit.com/991fb88b-8054-4b1f-b5d8-b3ac29bcf020/842x480/video.m3u8,480p,surrit.com
https://missav123.com/dm291/en/SABA-705,saba-705,https://surrit.com/991fb88b-8054-4b1f-b5d8-b3ac29bcf020/playlist.m3u8,playlist,surrit.com
https://missav123.com/dm291/en/SABA-766,saba-766,https://surrit.com/78971e94-5945-4950-804b-b9626cb047ed/1280x720/video.m3u8,720p,surrit.com
https://missav123.com/dm291/en/SABA-766,saba-766,https://surrit.com/78971e94-5945-4950-804b-b9626cb047ed/842x480/video.m3u8,480p,surrit.com
https://missav123.com/dm291/en/SABA-766,saba-766,https://surrit.com/78971e94-5945-4950-804b-b9626cb047ed/playlist.m3u8,playlist,surrit.com
https://missav123.com/dm291/en/SABA-821,saba-821,https://surrit.com/2637269d-593a-4c56-a32a-7b0c9f63f883/1280x720/video.m3u8,720p,surrit.com
https://missav123.com/dm291/en/SABA-821,saba-821,https://surrit.com/2637269d-593a-4c56-a32a-7b0c9f63f883/842x480/video.m3u8,480p,surrit.com
https://missav123.com/dm291/en/SABA-821,saba-821,https://surrit.com/2637269d-593a-4c56-a32a-7b0c9f63f883/playlist.m3u8,playlist,surrit.com
https://missav123.com/dm291/en/SABA-960,saba-960,https://surrit.com/951a1f15-e4e5-4fb9-8fac-c3d5f4c00bb8/1080p/video.m3u8,1080p,surrit.com
https://missav123.com/dm291/en/SABA-960,saba-960,https://surrit.com/951a1f15-e4e5-4fb9-8fac-c3d5f4c00bb8/720p/video.m3u8,720p,surrit.com
https://missav123.com/dm291/en/SABA-960,saba-960,https://surrit.com/951a1f15-e4e5-4fb9-8fac-c3d5f4c00bb8/playlist.m3u8,playlist,surrit.com
https://missav123.com/dm291/en/SCMF-004,scmf-004,https://surrit.com/6875c53a-84cf-4bf9-9c4e-a88915aea98a/720p/video.m3u8,720p,surrit.com
https://missav123.com/dm291/en/SCMF-004,scmf-004,https://surrit.com/6875c53a-84cf-4bf9-9c4e-a88915aea98a/playlist.m3u8,playlist,surrit.com
https://missav123.com/dm291/en/SCOP-346,scop-346,https://surrit.com/2adb030f-6c9b-4eb3-8b44-513234c4542a/842x480/video.m3u8,480p,surrit.com
https://missav123.com/dm291/en/SCOP-346,scop-346,https://surrit.com/2adb030f-6c9b-4eb3-8b44-513234c4542a/playlist.m3u8,playlist,surrit.com
https://missav123.com/dm291/en/SCOP-491,scop-491,https://surrit.com/4b23cefa-2fa5-460d-b283-07ec688bb5b6/1280x720/video.m3u8,720p,surrit.com
https://missav123.com/dm291/en/SCOP-491,scop-491,https://surrit.com/4b23cefa-2fa5-460d-b283-07ec688bb5b6/842x480/video.m3u8,480p,surrit.com
https://missav123.com/dm291/en/SCOP-491,scop-491,https://surrit.com/4b23cefa-2fa5-460d-b283-07ec688bb5b6/playlist.m3u8,playlist,surrit.com
https://missav123.com/dm291/en/SCOP-534,scop-534,https://surrit.com/09bf29f1-08dd-485e-89a3-68eaa5fd5086/1280x720/video.m3u8,720p,surrit.com
https://missav123.com/dm291/en/SCOP-534,scop-534,https://surrit.com/09bf29f1-08dd-485e-89a3-68eaa5fd5086/842x480/video.m3u8,480p,surrit.com
https://missav123.com/dm291/en/SCOP-534,scop-534,https://surrit.com/09bf29f1-08dd-485e-89a3-68eaa5fd5086/playlist.m3u8,playlist,surrit.com
https://missav123.com/dm291/en/SCOP-544,scop-544,https://surrit.com/dcd9a7ea-5a7c-49aa-b715-b9b66d4de96a/842x480/video.m3u8,480p,surrit.com
https://missav123.com/dm291/en/SCOP-544,scop-544,https://surrit.com/dcd9a7ea-5a7c-49aa-b715-b9b66d4de96a/playlist.m3u8,playlist,surrit.com
https://missav123.com/dm291/en/SCOP-680,scop-680,https://surrit.com/ff346703-8592-4b74-9449-cec2ab633bf5/842x480/video.m3u8,480p,surrit.com
https://missav123.com/dm291/en/SCOP-680,scop-680,https://surrit.com/ff346703-8592-4b74-9449-cec2ab633bf5/playlist.m3u8,playlist,surrit.com
https://missav123.com/dm291/en/SCOP-695,scop-695,https://surrit.com/793369e7-d266-4bb0-9ffb-1bb1f63ad0c5/1280x720/video.m3u8,720p,surrit.com
https://missav123.com/dm291/en/SCOP-695,scop-695,https://surrit.com/793369e7-d266-4bb0-9ffb-1bb1f63ad0c5/842x480/video.m3u8,480p,surrit.com
https://missav123.com/dm291/en/SCOP-695,scop-695,https://surrit.com/793369e7-d266-4bb0-9ffb-1bb1f63ad0c5/playlist.m3u8,playlist,surrit.com
https://missav123.com/dm291/en/SCOP-788,scop-788,https://surrit.com/5036f028-ee8a-4172-a38b-aed63b11d188/1280x720/video.m3u8,720p,surrit.com
https://missav123.com/dm291/en/SCOP-788,scop-788,https://surrit.com/5036f028-ee8a-4172-a38b-aed63b11d188/842x480/video.m3u8,480p,surrit.com
https://missav123.com/dm291/en/SCOP-788,scop-788,https://surrit.com/5036f028-ee8a-4172-a38b-aed63b11d188/playlist.m3u8,playlist,surrit.com
https://missav123.com/dm291/en/SKMJ-069,skmj-069,https://surrit.com/246c7063-8799-4d54-a51e-0c2987ec22f9/1280x720/video.m3u8,720p,surrit.com
https://missav123.com/dm291/en/SKMJ-069,skmj-069,https://surrit.com/246c7063-8799-4d54-a51e-0c2987ec22f9/842x480/video.m3u8,480p,surrit.com
https://missav123.com/dm291/en/SKMJ-069,skmj-069,https://surrit.com/246c7063-8799-4d54-a51e-0c2987ec22f9/playlist.m3u8,playlist,surrit.com
https://missav123.com/dm291/en/SKMJ-765,skmj-765,https://surrit.com/f579f679-ce74-4c34-b693-0ef73833633e/720p/video.m3u8,720p,surrit.com
https://missav123.com/dm291/en/SKMJ-765,skmj-765,https://surrit.com/f579f679-ce74-4c34-b693-0ef73833633e/playlist.m3u8,playlist,surrit.com
https://missav123.com/dm291/en/SKMJ-787,skmj-787,https://surrit.com/b400306d-d734-429e-92ec-feab3fca6494/720p/video.m3u8,720p,surrit.com
https://missav123.com/dm291/en/SKMJ-787,skmj-787,https://surrit.com/b400306d-d734-429e-92ec-feab3fca6494/playlist.m3u8,playlist,surrit.com
https://missav123.com/dm291/en/SNOS-299,snos-299,https://surrit.com/2dc7df30-1d8a-4b5e-9257-f34f076fb424/1080p/video.m3u8,1080p,surrit.com
https://missav123.com/dm291/en/SNOS-299,snos-299,https://surrit.com/2dc7df30-1d8a-4b5e-9257-f34f076fb424/720p/video.m3u8,720p,surrit.com
https://missav123.com/dm291/en/SNOS-299,snos-299,https://surrit.com/2dc7df30-1d8a-4b5e-9257-f34f076fb424/playlist.m3u8,playlist,surrit.com
https://missav123.com/dm291/en/SOSY-003,sosy-003,https://surrit.com/47a264da-3833-4913-9784-75d2367c6d07/1080p/video.m3u8,1080p,surrit.com
https://missav123.com/dm291/en/SOSY-003,sosy-003,https://surrit.com/47a264da-3833-4913-9784-75d2367c6d07/720p/video.m3u8,720p,surrit.com
https://missav123.com/dm291/en/SOSY-003,sosy-003,https://surrit.com/47a264da-3833-4913-9784-75d2367c6d07/playlist.m3u8,playlist,surrit.com
https://missav123.com/dm291/en/SPSF-13,spsf-13,https://surrit.com/106f73d0-7538-494d-aae0-88932a0a9e53/720p/video.m3u8,720p,surrit.com
https://missav123.com/dm291/en/SPSF-13,spsf-13,https://surrit.com/106f73d0-7538-494d-aae0-88932a0a9e53/playlist.m3u8,playlist,surrit.com
https://missav123.com/dm291/en/SPZ-1167,spz-1167,https://surrit.com/534ded6a-6763-4c1c-8205-1bc8363d384d/1080p/video.m3u8,1080p,surrit.com
https://missav123.com/dm291/en/SPZ-1167,spz-1167,https://surrit.com/534ded6a-6763-4c1c-8205-1bc8363d384d/720p/video.m3u8,720p,surrit.com
https://missav123.com/dm291/en/SPZ-1167,spz-1167,https://surrit.com/534ded6a-6763-4c1c-8205-1bc8363d384d/playlist.m3u8,playlist,surrit.com
https://missav123.com/dm291/en/SQTE-717,sqte-717,https://surrit.com/04faa852-3a69-4572-a896-5b628eec0d6f/720p/video.m3u8,720p,surrit.com
https://missav123.com/dm291/en/SQTE-717,sqte-717,https://surrit.com/04faa852-3a69-4572-a896-5b628eec0d6f/playlist.m3u8,playlist,surrit.com
https://missav123.com/dm291/en/SUPA-662,supa-662,https://surrit.com/d6348c7c-31b2-4791-b5be-ec3b07654492/1080p/video.m3u8,1080p,surrit.com
https://missav123.com/dm291/en/SUPA-662,supa-662,https://surrit.com/d6348c7c-31b2-4791-b5be-ec3b07654492/720p/video.m3u8,720p,surrit.com
https://missav123.com/dm291/en/SUPA-662,supa-662,https://surrit.com/d6348c7c-31b2-4791-b5be-ec3b07654492/playlist.m3u8,playlist,surrit.com
https://missav123.com/dm291/en/SUPA-663,supa-663,https://surrit.com/1dd99f4a-3776-4a0e-8016-dc6dae620d0d/1080p/video.m3u8,1080p,surrit.com
https://missav123.com/dm291/en/SUPA-663,supa-663,https://surrit.com/1dd99f4a-3776-4a0e-8016-dc6dae620d0d/720p/video.m3u8,720p,surrit.com
https://missav123.com/dm291/en/SUPA-663,supa-663,https://surrit.com/1dd99f4a-3776-4a0e-8016-dc6dae620d0d/playlist.m3u8,playlist,surrit.com
https://missav123.com/dm291/en/TENN-052,tenn-052,https://surrit.com/c7d8ff3f-1e89-4dc8-8b07-5cb33821926e/720p/video.m3u8,720p,surrit.com
https://missav123.com/dm291/en/TENN-052,tenn-052,https://surrit.com/c7d8ff3f-1e89-4dc8-8b07-5cb33821926e/playlist.m3u8,playlist,surrit.com
https://missav123.com/dm291/en/THSD-004,thsd-004,https://surrit.com/b36cca01-8116-4603-8cdf-ade1208f2008/1080p/video.m3u8,1080p,surrit.com
https://missav123.com/dm291/en/THSD-004,thsd-004,https://surrit.com/b36cca01-8116-4603-8cdf-ade1208f2008/720p/video.m3u8,720p,surrit.com
https://missav123.com/dm291/en/THSD-004,thsd-004,https://surrit.com/b36cca01-8116-4603-8cdf-ade1208f2008/playlist.m3u8,playlist,surrit.com
https://missav123.com/dm291/en/TIKB-226,tikb-226,https://surrit.com/98f8efe8-0160-4a08-881c-5a7a54e8a11d/720p/video.m3u8,720p,surrit.com
https://missav123.com/dm291/en/TIKB-226,tikb-226,https://surrit.com/98f8efe8-0160-4a08-881c-5a7a54e8a11d/playlist.m3u8,playlist,surrit.com
https://missav123.com/dm291/en/TMRD-666,tmrd-666,https://surrit.com/4d58bd70-5517-4d69-bfc8-5bc84a1363fe/842x480/video.m3u8,480p,surrit.com
https://missav123.com/dm291/en/TMRD-666,tmrd-666,https://surrit.com/4d58bd70-5517-4d69-bfc8-5bc84a1363fe/playlist.m3u8,playlist,surrit.com
https://missav123.com/dm291/en/TMRD-810,tmrd-810,https://surrit.com/cc47bb61-586d-4bc4-ad8d-b3abf6ccaa73/842x480/video.m3u8,480p,surrit.com
https://missav123.com/dm291/en/TMRD-810,tmrd-810,https://surrit.com/cc47bb61-586d-4bc4-ad8d-b3abf6ccaa73/playlist.m3u8,playlist,surrit.com
https://missav123.com/dm291/en/URKK-124,urkk-124,https://surrit.com/a5f6769a-f66e-4620-8ab5-da64056afcef/720p/video.m3u8,720p,surrit.com
https://missav123.com/dm291/en/URKK-124,urkk-124,https://surrit.com/a5f6769a-f66e-4620-8ab5-da64056afcef/playlist.m3u8,playlist,surrit.com
https://missav123.com/dm291/en/VAGU-295,vagu-295,https://surrit.com/b851f749-4712-41da-9f48-416aa598cf75/720p/video.m3u8,720p,surrit.com
https://missav123.com/dm291/en/VAGU-295,vagu-295,https://surrit.com/b851f749-4712-41da-9f48-416aa598cf75/playlist.m3u8,playlist,surrit.com
https://missav123.com/dm291/en/VGD-200,vgd-200,https://surrit.com/f757ca44-fdd7-445f-960d-1002dde07fb1/1280x720/video.m3u8,720p,surrit.com
https://missav123.com/dm291/en/VGD-200,vgd-200,https://surrit.com/f757ca44-fdd7-445f-960d-1002dde07fb1/842x480/video.m3u8,480p,surrit.com
https://missav123.com/dm291/en/VGD-200,vgd-200,https://surrit.com/f757ca44-fdd7-445f-960d-1002dde07fb1/playlist.m3u8,playlist,surrit.com
https://missav123.com/dm291/en/VNDS-3431,vnds-3431,https://surrit.com/e0ed4885-749f-42c7-9f57-2de581709ab9/1080p/video.m3u8,1080p,surrit.com
https://missav123.com/dm291/en/VNDS-3431,vnds-3431,https://surrit.com/e0ed4885-749f-42c7-9f57-2de581709ab9/720p/video.m3u8,720p,surrit.com
https://missav123.com/dm291/en/VNDS-3431,vnds-3431,https://surrit.com/e0ed4885-749f-42c7-9f57-2de581709ab9/playlist.m3u8,playlist,surrit.com
https://missav123.com/dm291/en/XVSR-200,xvsr-200,https://surrit.com/627a3863-0e7f-4375-8930-8a5134292076/720p/video.m3u8,720p,surrit.com
https://missav123.com/dm291/en/XVSR-200,xvsr-200,https://surrit.com/627a3863-0e7f-4375-8930-8a5134292076/playlist.m3u8,playlist,surrit.com
https://missav123.com/dm291/en/XVSR-389,xvsr-389,https://surrit.com/045023f3-6c02-4efb-bc29-3bc6ce29d5db/1280x720/video.m3u8,720p,surrit.com
https://missav123.com/dm291/en/XVSR-389,xvsr-389,https://surrit.com/045023f3-6c02-4efb-bc29-3bc6ce29d5db/842x480/video.m3u8,480p,surrit.com
https://missav123.com/dm291/en/XVSR-389,xvsr-389,https://surrit.com/045023f3-6c02-4efb-bc29-3bc6ce29d5db/playlist.m3u8,playlist,surrit.com
https://missav123.com/dm291/en/XVSR-392,xvsr-392,https://surrit.com/2f221ac6-e21e-45e6-8836-14e873cbe9de/1280x720/video.m3u8,720p,surrit.com
https://missav123.com/dm291/en/XVSR-392,xvsr-392,https://surrit.com/2f221ac6-e21e-45e6-8836-14e873cbe9de/842x480/video.m3u8,480p,surrit.com
https://missav123.com/dm291/en/XVSR-392,xvsr-392,https://surrit.com/2f221ac6-e21e-45e6-8836-14e873cbe9de/playlist.m3u8,playlist,surrit.com
https://missav123.com/dm291/en/XVSR-393,xvsr-393,https://surrit.com/e6ffeae6-780c-4f70-9675-d54f6a92e8fc/842x480/video.m3u8,480p,surrit.com
https://missav123.com/dm291/en/XVSR-393,xvsr-393,https://surrit.com/e6ffeae6-780c-4f70-9675-d54f6a92e8fc/playlist.m3u8,playlist,surrit.com
https://missav123.com/dm34/en/pred-692-chinese-subtitle,pred-692,https://surrit.com/3db74363-2f69-49df-9bee-5320f920ab90/720p/video.m3u8,720p,surrit.com
https://missav123.com/dm34/en/pred-692-chinese-subtitle,pred-692,https://surrit.com/3db74363-2f69-49df-9bee-5320f920ab90/playlist.m3u8,playlist,surrit.com
https://missav123.com/dm42/en/atid-604,atid-604,https://surrit.com/2a64554c-0c87-4ae3-950f-9c75a4751504/720p/video.m3u8,720p,surrit.com
https://missav123.com/dm42/en/atid-604,atid-604,https://surrit.com/2a64554c-0c87-4ae3-950f-9c75a4751504/playlist.m3u8,playlist,surrit.com
https://missav123.com/dm47/en/pred-686-uncensored-leak,pred-686,https://surrit.com/bea8b5ba-0e46-492f-ad2f-c65289d03d0f/1080p/video.m3u8,1080p,surrit.com
https://missav123.com/dm47/en/pred-686-uncensored-leak,pred-686,https://surrit.com/bea8b5ba-0e46-492f-ad2f-c65289d03d0f/720p/video.m3u8,720p,surrit.com
https://missav123.com/dm47/en/pred-686-uncensored-leak,pred-686,https://surrit.com/bea8b5ba-0e46-492f-ad2f-c65289d03d0f/playlist.m3u8,playlist,surrit.com
https://missav123.com/dm53/en/huntc-173,huntc-173,https://surrit.com/02580a5b-6f0f-4eef-a88f-d48bcab7791a/720p/video.m3u8,720p,surrit.com
https://missav123.com/dm53/en/huntc-173,huntc-173,https://surrit.com/02580a5b-6f0f-4eef-a88f-d48bcab7791a/playlist.m3u8,playlist,surrit.com
https://missav123.com/dm54/en/pred-685-uncensored-leak,pred-685,https://surrit.com/3d82e5ea-9f80-444d-83ba-4a26e298f23d/1080p/video.m3u8,1080p,surrit.com
https://missav123.com/dm54/en/pred-685-uncensored-leak,pred-685,https://surrit.com/3d82e5ea-9f80-444d-83ba-4a26e298f23d/720p/video.m3u8,720p,surrit.com
https://missav123.com/dm54/en/pred-685-uncensored-leak,pred-685,https://surrit.com/3d82e5ea-9f80-444d-83ba-4a26e298f23d/playlist.m3u8,playlist,surrit.com
https://missav123.com/dm55/en/huntc-142-uncensored-leak,huntc-142,https://surrit.com/dbd6eb66-f50e-4b38-b06a-49b2d197d21e/1080p/video.m3u8,1080p,surrit.com
https://missav123.com/dm55/en/huntc-142-uncensored-leak,huntc-142,https://surrit.com/dbd6eb66-f50e-4b38-b06a-49b2d197d21e/720p/video.m3u8,720p,surrit.com
https://missav123.com/dm55/en/huntc-142-uncensored-leak,huntc-142,https://surrit.com/dbd6eb66-f50e-4b38-b06a-49b2d197d21e/playlist.m3u8,playlist,surrit.com
https://missav123.com/dm56/en/huntc-109-uncensored-leak,huntc-109,https://surrit.com/b44cbd3b-01ac-47f4-a021-b8982248c8b4/1080p/video.m3u8,1080p,surrit.com
https://missav123.com/dm56/en/huntc-109-uncensored-leak,huntc-109,https://surrit.com/b44cbd3b-01ac-47f4-a021-b8982248c8b4/720p/video.m3u8,720p,surrit.com
https://missav123.com/dm56/en/huntc-109-uncensored-leak,huntc-109,https://surrit.com/b44cbd3b-01ac-47f4-a021-b8982248c8b4/playlist.m3u8,playlist,surrit.com
https://missav123.com/dm56/en/pred-492,pred-492,https://surrit.com/6bd07186-b857-4410-b607-fd5e73d5a8de/1280x720/video.m3u8,720p,surrit.com
https://missav123.com/dm56/en/pred-492,pred-492,https://surrit.com/6bd07186-b857-4410-b607-fd5e73d5a8de/842x480/video.m3u8,480p,surrit.com
https://missav123.com/dm56/en/pred-492,pred-492,https://surrit.com/6bd07186-b857-4410-b607-fd5e73d5a8de/playlist.m3u8,playlist,surrit.com
https://missav123.com/dm57/en/pred-489,pred-489,https://surrit.com/e069576b-1dec-426f-9a0b-7fecaba01fb3/1280x720/video.m3u8,720p,surrit.com
https://missav123.com/dm57/en/pred-489,pred-489,https://surrit.com/e069576b-1dec-426f-9a0b-7fecaba01fb3/842x480/video.m3u8,480p,surrit.com
https://missav123.com/dm57/en/pred-489,pred-489,https://surrit.com/e069576b-1dec-426f-9a0b-7fecaba01fb3/playlist.m3u8,playlist,surrit.com
https://missav123.com/dm57/en/pred-493,pred-493,https://surrit.com/4eca6d3b-8eb2-47de-b88a-bde0ccdf8cac/1280x720/video.m3u8,720p,surrit.com
https://missav123.com/dm57/en/pred-493,pred-493,https://surrit.com/4eca6d3b-8eb2-47de-b88a-bde0ccdf8cac/842x480/video.m3u8,480p,surrit.com
https://missav123.com/dm57/en/pred-493,pred-493,https://surrit.com/4eca6d3b-8eb2-47de-b88a-bde0ccdf8cac/playlist.m3u8,playlist,surrit.com
https://missav123.com/dm58/en/hublk-025-uncensored-leak,hublk-025,https://surrit.com/0bb33e61-ef64-4677-8077-5e6fe62d663a/1080p/video.m3u8,1080p,surrit.com
https://missav123.com/dm58/en/hublk-025-uncensored-leak,hublk-025,https://surrit.com/0bb33e61-ef64-4677-8077-5e6fe62d663a/720p/video.m3u8,720p,surrit.com
https://missav123.com/dm58/en/hublk-025-uncensored-leak,hublk-025,https://surrit.com/0bb33e61-ef64-4677-8077-5e6fe62d663a/playlist.m3u8,playlist,surrit.com
https://missav123.com/dm58/en/huntc-171-uncensored-leak,huntc-171,https://surrit.com/5ec61e9a-759e-42cf-a569-9074706a33e5/1080p/video.m3u8,1080p,surrit.com
https://missav123.com/dm58/en/huntc-171-uncensored-leak,huntc-171,https://surrit.com/5ec61e9a-759e-42cf-a569-9074706a33e5/720p/video.m3u8,720p,surrit.com
https://missav123.com/dm58/en/huntc-171-uncensored-leak,huntc-171,https://surrit.com/5ec61e9a-759e-42cf-a569-9074706a33e5/playlist.m3u8,playlist,surrit.com
https://missav123.com/dm63/en/hbla-003,hbla-003,https://surrit.com/ddfab126-b803-4a44-8059-ec61ec32cdd0/720p/video.m3u8,720p,surrit.com
https://missav123.com/dm63/en/hbla-003,hbla-003,https://surrit.com/ddfab126-b803-4a44-8059-ec61ec32cdd0/playlist.m3u8,playlist,surrit.com
https://missav123.com/dm63/en/huntc-116-uncensored-leak,huntc-116,https://surrit.com/dd8476d6-f2ef-4a5f-bab8-1539cdd40a3e/1080p/video.m3u8,1080p,surrit.com
https://missav123.com/dm63/en/huntc-116-uncensored-leak,huntc-116,https://surrit.com/dd8476d6-f2ef-4a5f-bab8-1539cdd40a3e/720p/video.m3u8,720p,surrit.com
https://missav123.com/dm63/en/huntc-116-uncensored-leak,huntc-116,https://surrit.com/dd8476d6-f2ef-4a5f-bab8-1539cdd40a3e/playlist.m3u8,playlist,surrit.com
https://missav123.com/dm63/en/pred-688-uncensored-leak,pred-688,https://surrit.com/b929a5e0-0c2a-415a-95de-429f6b9c0bb7/1080p/video.m3u8,1080p,surrit.com
https://missav123.com/dm63/en/pred-688-uncensored-leak,pred-688,https://surrit.com/b929a5e0-0c2a-415a-95de-429f6b9c0bb7/720p/video.m3u8,720p,surrit.com
https://missav123.com/dm63/en/pred-688-uncensored-leak,pred-688,https://surrit.com/b929a5e0-0c2a-415a-95de-429f6b9c0bb7/playlist.m3u8,playlist,surrit.com
https://missav123.com/dm64/en/pred-692-uncensored-leak,pred-692,https://surrit.com/ffe03b53-2c17-4e5b-a902-7e8493df9f09/1080p/video.m3u8,1080p,surrit.com
https://missav123.com/dm64/en/pred-692-uncensored-leak,pred-692,https://surrit.com/ffe03b53-2c17-4e5b-a902-7e8493df9f09/720p/video.m3u8,720p,surrit.com
https://missav123.com/dm64/en/pred-692-uncensored-leak,pred-692,https://surrit.com/ffe03b53-2c17-4e5b-a902-7e8493df9f09/playlist.m3u8,playlist,surrit.com
https://missav123.com/dm65/en/hhkl-144,hhkl-144,https://surrit.com/c777bedd-45a2-4ff1-8097-e461b157b659/1080p/video.m3u8,1080p,surrit.com
https://missav123.com/dm65/en/hhkl-144,hhkl-144,https://surrit.com/c777bedd-45a2-4ff1-8097-e461b157b659/720p/video.m3u8,720p,surrit.com
https://missav123.com/dm65/en/hhkl-144,hhkl-144,https://surrit.com/c777bedd-45a2-4ff1-8097-e461b157b659/playlist.m3u8,playlist,surrit.com
https://missav123.com/dm65/en/soan-128-3,soan-128-3,https://surrit.com/4db29a4f-12fb-45e8-bbe9-954a18fbcd16/1080p/video.m3u8,1080p,surrit.com
https://missav123.com/dm65/en/soan-128-3,soan-128-3,https://surrit.com/4db29a4f-12fb-45e8-bbe9-954a18fbcd16/720p/video.m3u8,720p,surrit.com
https://missav123.com/dm65/en/soan-128-3,soan-128-3,https://surrit.com/4db29a4f-12fb-45e8-bbe9-954a18fbcd16/playlist.m3u8,playlist,surrit.com
https://missav123.com/dm68/en/pred-684-uncensored-leak,pred-684,https://surrit.com/b160189a-2509-4261-8392-b7478c0dcc43/1080p/video.m3u8,1080p,surrit.com
https://missav123.com/dm68/en/pred-684-uncensored-leak,pred-684,https://surrit.com/b160189a-2509-4261-8392-b7478c0dcc43/720p/video.m3u8,720p,surrit.com
https://missav123.com/dm68/en/pred-684-uncensored-leak,pred-684,https://surrit.com/b160189a-2509-4261-8392-b7478c0dcc43/playlist.m3u8,playlist,surrit.com
https://missav123.com/dm68/en/prst-014-uncensored-leak,prst-014,https://surrit.com/e14e0919-6128-4131-81c5-f8dfc159b754/1080p/video.m3u8,1080p,surrit.com
https://missav123.com/dm68/en/prst-014-uncensored-leak,prst-014,https://surrit.com/e14e0919-6128-4131-81c5-f8dfc159b754/720p/video.m3u8,720p,surrit.com
https://missav123.com/dm68/en/prst-014-uncensored-leak,prst-014,https://surrit.com/e14e0919-6128-4131-81c5-f8dfc159b754/playlist.m3u8,playlist,surrit.com
https://missav123.com/dm70/en/pred-489-uncensored-leak,pred-489,https://surrit.com/544a51a3-008b-464f-9ea1-48b5a98e6df6/1280x720/video.m3u8,720p,surrit.com
https://missav123.com/dm70/en/pred-489-uncensored-leak,pred-489,https://surrit.com/544a51a3-008b-464f-9ea1-48b5a98e6df6/842x480/video.m3u8,480p,surrit.com
https://missav123.com/dm70/en/pred-489-uncensored-leak,pred-489,https://surrit.com/544a51a3-008b-464f-9ea1-48b5a98e6df6/playlist.m3u8,playlist,surrit.com
https://missav123.com/dm71/en/pred-485-uncensored-leak,pred-485,https://surrit.com/f6d16a13-7e43-4121-82ca-1e7e9c224568/1280x720/video.m3u8,720p,surrit.com
https://missav123.com/dm71/en/pred-485-uncensored-leak,pred-485,https://surrit.com/f6d16a13-7e43-4121-82ca-1e7e9c224568/842x480/video.m3u8,480p,surrit.com
https://missav123.com/dm71/en/pred-485-uncensored-leak,pred-485,https://surrit.com/f6d16a13-7e43-4121-82ca-1e7e9c224568/playlist.m3u8,playlist,surrit.com
https://missav123.com/dm74/en/pred-490,pred-490,https://surrit.com/2c85f780-9da7-49eb-94c6-5793ec495fb3/1280x720/video.m3u8,720p,surrit.com
https://missav123.com/dm74/en/pred-490,pred-490,https://surrit.com/2c85f780-9da7-49eb-94c6-5793ec495fb3/842x480/video.m3u8,480p,surrit.com
https://missav123.com/dm74/en/pred-490,pred-490,https://surrit.com/2c85f780-9da7-49eb-94c6-5793ec495fb3/playlist.m3u8,playlist,surrit.com
https://missav123.com/dm75/en/pred-490-uncensored-leak,pred-490,https://surrit.com/a907df89-bea4-4961-9dd9-447b159d5c6b/1280x720/video.m3u8,720p,surrit.com
https://missav123.com/dm75/en/pred-490-uncensored-leak,pred-490,https://surrit.com/a907df89-bea4-4961-9dd9-447b159d5c6b/842x480/video.m3u8,480p,surrit.com
https://missav123.com/dm75/en/pred-490-uncensored-leak,pred-490,https://surrit.com/a907df89-bea4-4961-9dd9-447b159d5c6b/playlist.m3u8,playlist,surrit.com
https://missav123.com/dm81/en/pred-487,pred-487,https://surrit.com/33759c6e-f519-4e2e-bedd-2128fe75a607/1280x720/video.m3u8,720p,surrit.com
https://missav123.com/dm81/en/pred-487,pred-487,https://surrit.com/33759c6e-f519-4e2e-bedd-2128fe75a607/842x480/video.m3u8,480p,surrit.com
https://missav123.com/dm81/en/pred-487,pred-487,https://surrit.com/33759c6e-f519-4e2e-bedd-2128fe75a607/playlist.m3u8,playlist,surrit.com
https://missav123.com/dm81/en/prwf-009-uncensored-leak,prwf-009,https://surrit.com/9b27a567-077c-427d-be8f-81aedebd6149/1080p/video.m3u8,1080p,surrit.com
https://missav123.com/dm81/en/prwf-009-uncensored-leak,prwf-009,https://surrit.com/9b27a567-077c-427d-be8f-81aedebd6149/720p/video.m3u8,720p,surrit.com
https://missav123.com/dm81/en/prwf-009-uncensored-leak,prwf-009,https://surrit.com/9b27a567-077c-427d-be8f-81aedebd6149/playlist.m3u8,playlist,surrit.com
https://missav123.com/dm82/en/pred-487-uncensored-leak,pred-487,https://surrit.com/cc97f893-cae8-4894-b9cc-a808de70fc77/1280x720/video.m3u8,720p,surrit.com
https://missav123.com/dm82/en/pred-487-uncensored-leak,pred-487,https://surrit.com/cc97f893-cae8-4894-b9cc-a808de70fc77/842x480/video.m3u8,480p,surrit.com
https://missav123.com/dm82/en/pred-487-uncensored-leak,pred-487,https://surrit.com/cc97f893-cae8-4894-b9cc-a808de70fc77/playlist.m3u8,playlist,surrit.com
https://missav123.com/dm83/en/atad-181,atad-181,https://surrit.com/12c4bc8f-80c5-4b72-8989-9f8147d349ca/720p/video.m3u8,720p,surrit.com
https://missav123.com/dm83/en/atad-181,atad-181,https://surrit.com/12c4bc8f-80c5-4b72-8989-9f8147d349ca/playlist.m3u8,playlist,surrit.com
https://missav123.com/dm89/en/hublk-021,hublk-021,https://surrit.com/62c9afb6-f4b7-46ad-a667-6a1370b15d24/720p/video.m3u8,720p,surrit.com
https://missav123.com/dm89/en/hublk-021,hublk-021,https://surrit.com/62c9afb6-f4b7-46ad-a667-6a1370b15d24/playlist.m3u8,playlist,surrit.com
https://missav123.com/en/55t3800060,55t3800060,https://surrit.com/97d55fab-811b-452b-8dd1-352e5dbe7469/1080p/video.m3u8,1080p,surrit.com
https://missav123.com/en/55t3800060,55t3800060,https://surrit.com/97d55fab-811b-452b-8dd1-352e5dbe7469/720p/video.m3u8,720p,surrit.com
https://missav123.com/en/55t3800060,55t3800060,https://surrit.com/97d55fab-811b-452b-8dd1-352e5dbe7469/playlist.m3u8,playlist,surrit.com
https://missav123.com/en/55t3800063,55t3800063,https://surrit.com/a921bce8-fe9c-488f-8830-cebef974ce86/1080p/video.m3u8,1080p,surrit.com
https://missav123.com/en/55t3800063,55t3800063,https://surrit.com/a921bce8-fe9c-488f-8830-cebef974ce86/720p/video.m3u8,720p,surrit.com
https://missav123.com/en/55t3800063,55t3800063,https://surrit.com/a921bce8-fe9c-488f-8830-cebef974ce86/playlist.m3u8,playlist,surrit.com
https://missav123.com/en/abf-223-english-subtitle,abf-223,https://surrit.com/ac272383-17e0-4107-86f0-71fe4c1dcf30/1080p/video.m3u8,1080p,surrit.com
https://missav123.com/en/abf-223-english-subtitle,abf-223,https://surrit.com/ac272383-17e0-4107-86f0-71fe4c1dcf30/720p/video.m3u8,720p,surrit.com
https://missav123.com/en/abf-223-english-subtitle,abf-223,https://surrit.com/ac272383-17e0-4107-86f0-71fe4c1dcf30/playlist.m3u8,playlist,surrit.com
https://missav123.com/en/abf-226-english-subtitle,abf-226,https://surrit.com/fff1c2af-e685-4bca-8aa4-9345e88c7bf2/1080p/video.m3u8,1080p,surrit.com
https://missav123.com/en/abf-226-english-subtitle,abf-226,https://surrit.com/fff1c2af-e685-4bca-8aa4-9345e88c7bf2/720p/video.m3u8,720p,surrit.com
https://missav123.com/en/abf-226-english-subtitle,abf-226,https://surrit.com/fff1c2af-e685-4bca-8aa4-9345e88c7bf2/playlist.m3u8,playlist,surrit.com
https://missav123.com/en/aczd-250,aczd-250,https://surrit.com/1ae86cc9-aabf-4992-993b-7c4dd99ff85f/720p/video.m3u8,720p,surrit.com
https://missav123.com/en/aczd-250,aczd-250,https://surrit.com/1ae86cc9-aabf-4992-993b-7c4dd99ff85f/playlist.m3u8,playlist,surrit.com
https://missav123.com/en/aczd-250-uncensored-leak,aczd-250,https://surrit.com/03b38635-5b20-4b6c-86e8-bb5e26275f01/1080p/video.m3u8,1080p,surrit.com
https://missav123.com/en/aczd-250-uncensored-leak,aczd-250,https://surrit.com/03b38635-5b20-4b6c-86e8-bb5e26275f01/720p/video.m3u8,720p,surrit.com
https://missav123.com/en/aczd-250-uncensored-leak,aczd-250,https://surrit.com/03b38635-5b20-4b6c-86e8-bb5e26275f01/playlist.m3u8,playlist,surrit.com
https://missav123.com/en/adhn-061,adhn-061,https://surrit.com/e9e7a080-42bd-4761-83c6-d06616cbcf02/720p/video.m3u8,720p,surrit.com
https://missav123.com/en/adhn-061,adhn-061,https://surrit.com/e9e7a080-42bd-4761-83c6-d06616cbcf02/playlist.m3u8,playlist,surrit.com
https://missav123.com/en/adn-684-english-subtitle,adn-684,https://surrit.com/849ce327-d482-4017-ba03-aa21ea39fed7/1080p/video.m3u8,1080p,surrit.com
https://missav123.com/en/adn-684-english-subtitle,adn-684,https://surrit.com/849ce327-d482-4017-ba03-aa21ea39fed7/720p/video.m3u8,720p,surrit.com
https://missav123.com/en/adn-684-english-subtitle,adn-684,https://surrit.com/849ce327-d482-4017-ba03-aa21ea39fed7/playlist.m3u8,playlist,surrit.com
https://missav123.com/en/adn-699-chinese-subtitle,adn-699,https://surrit.com/cab291ef-174e-4c9f-9ff4-c9c961e24892/720p/video.m3u8,720p,surrit.com
https://missav123.com/en/adn-699-chinese-subtitle,adn-699,https://surrit.com/cab291ef-174e-4c9f-9ff4-c9c961e24892/playlist.m3u8,playlist,surrit.com
https://missav123.com/en/adn-701-chinese-subtitle,adn-701,https://surrit.com/6de41202-ab08-416d-87ad-e92f9d4dac52/720p/video.m3u8,720p,surrit.com
https://missav123.com/en/adn-701-chinese-subtitle,adn-701,https://surrit.com/6de41202-ab08-416d-87ad-e92f9d4dac52/playlist.m3u8,playlist,surrit.com
https://missav123.com/en/adn-716-chinese-subtitle,adn-716,https://surrit.com/37815c51-e1fd-4802-b94c-8f90a569c97b/720p/video.m3u8,720p,surrit.com
https://missav123.com/en/adn-716-chinese-subtitle,adn-716,https://surrit.com/37815c51-e1fd-4802-b94c-8f90a569c97b/playlist.m3u8,480p,surrit.com
https://missav123.com/en/adn-720-chinese-subtitle,adn-720,https://surrit.com/1424a41c-e408-4c8a-ad1a-2ec070ff0e0b/720p/video.m3u8,720p,surrit.com
https://missav123.com/en/adn-720-chinese-subtitle,adn-720,https://surrit.com/1424a41c-e408-4c8a-ad1a-2ec070ff0e0b/playlist.m3u8,playlist,surrit.com
https://missav123.com/en/age-029-2,age-029-2,https://surrit.com/2ce4f67c-b6d5-48e3-aace-7748083dceb2/1080p/video.m3u8,1080p,surrit.com
https://missav123.com/en/age-029-2,age-029-2,https://surrit.com/2ce4f67c-b6d5-48e3-aace-7748083dceb2/720p/video.m3u8,720p,surrit.com
https://missav123.com/en/age-029-2,age-029-2,https://surrit.com/2ce4f67c-b6d5-48e3-aace-7748083dceb2/playlist.m3u8,480p,surrit.com
https://missav123.com/en/aldn-429-english-subtitle,aldn-429,https://surrit.com/35e0ff29-9016-48ec-9d76-5f42394b740c/720p/video.m3u8,720p,surrit.com
https://missav123.com/en/aldn-429-english-subtitle,aldn-429,https://surrit.com/35e0ff29-9016-48ec-9d76-5f42394b740c/playlist.m3u8,playlist,surrit.com
https://missav123.com/en/aldn-430-english-subtitle,aldn-430,https://surrit.com/de6154eb-8df0-4ce2-b11a-3c946e97536d/720p/video.m3u8,720p,surrit.com
https://missav123.com/en/aldn-430-english-subtitle,aldn-430,https://surrit.com/de6154eb-8df0-4ce2-b11a-3c946e97536d/playlist.m3u8,playlist,surrit.com
https://missav123.com/en/aldn-431-english-subtitle,aldn-431,https://surrit.com/3188f6a8-2fa2-4933-bc62-12345ea5f177/1080p/video.m3u8,1080p,surrit.com
https://missav123.com/en/aldn-431-english-subtitle,aldn-431,https://surrit.com/3188f6a8-2fa2-4933-bc62-12345ea5f177/720p/video.m3u8,720p,surrit.com
https://missav123.com/en/aldn-431-english-subtitle,aldn-431,https://surrit.com/3188f6a8-2fa2-4933-bc62-12345ea5f177/playlist.m3u8,playlist,surrit.com
https://missav123.com/en/aldn-432-english-subtitle,aldn-432,https://surrit.com/53bc1220-c542-4455-a8d1-414c1b0a6a9d/1080p/video.m3u8,1080p,surrit.com
https://missav123.com/en/aldn-432-english-subtitle,aldn-432,https://surrit.com/53bc1220-c542-4455-a8d1-414c1b0a6a9d/720p/video.m3u8,720p,surrit.com
https://missav123.com/en/aldn-432-english-subtitle,aldn-432,https://surrit.com/53bc1220-c542-4455-a8d1-414c1b0a6a9d/playlist.m3u8,playlist,surrit.com
https://missav123.com/en/aldn-446-english-subtitle,aldn-446,https://surrit.com/66a953b1-df7f-420d-bbd7-6f6607eb3c60/720p/video.m3u8,720p,surrit.com
https://missav123.com/en/aldn-446-english-subtitle,aldn-446,https://surrit.com/66a953b1-df7f-420d-bbd7-6f6607eb3c60/playlist.m3u8,playlist,surrit.com
https://missav123.com/en/aldn-448-english-subtitle,aldn-448,https://surrit.com/3c9d1aa5-dccd-49bd-85ba-d480eba95a87/720p/video.m3u8,720p,surrit.com
https://missav123.com/en/aldn-448-english-subtitle,aldn-448,https://surrit.com/3c9d1aa5-dccd-49bd-85ba-d480eba95a87/playlist.m3u8,480p,surrit.com
https://missav123.com/en/aldn-449-english-subtitle,aldn-449,https://surrit.com/b4ad36e0-4925-40a8-baaf-eed1ee71afa5/1080p/video.m3u8,1080p,surrit.com
https://missav123.com/en/aldn-449-english-subtitle,aldn-449,https://surrit.com/b4ad36e0-4925-40a8-baaf-eed1ee71afa5/720p/video.m3u8,720p,surrit.com
https://missav123.com/en/aldn-449-english-subtitle,aldn-449,https://surrit.com/b4ad36e0-4925-40a8-baaf-eed1ee71afa5/playlist.m3u8,playlist,surrit.com
https://missav123.com/en/aldn-450-english-subtitle,aldn-450,https://surrit.com/9f163c08-3dbb-4e95-8c9b-92934c08be70/1080p/video.m3u8,1080p,surrit.com
https://missav123.com/en/aldn-450-english-subtitle,aldn-450,https://surrit.com/9f163c08-3dbb-4e95-8c9b-92934c08be70/720p/video.m3u8,720p,surrit.com
https://missav123.com/en/aldn-450-english-subtitle,aldn-450,https://surrit.com/9f163c08-3dbb-4e95-8c9b-92934c08be70/playlist.m3u8,playlist,surrit.com
https://missav123.com/en/aldn-452-english-subtitle,aldn-452,https://surrit.com/fc37fb9c-ba89-4f87-a627-018a9c827949/720p/video.m3u8,720p,surrit.com
https://missav123.com/en/aldn-452-english-subtitle,aldn-452,https://surrit.com/fc37fb9c-ba89-4f87-a627-018a9c827949/playlist.m3u8,playlist,surrit.com
https://missav123.com/en/ambi-206-english-subtitle,ambi-206,https://surrit.com/4dfefb0b-80c2-4106-812f-869a08d3ff41/720p/video.m3u8,720p,surrit.com
https://missav123.com/en/ambi-206-english-subtitle,ambi-206,https://surrit.com/4dfefb0b-80c2-4106-812f-869a08d3ff41/playlist.m3u8,playlist,surrit.com
https://missav123.com/en/ambi-207-english-subtitle,ambi-207,https://surrit.com/81fe0429-9904-4e6d-b0de-4ecd63955728/1080p/video.m3u8,1080p,surrit.com
https://missav123.com/en/ambi-207-english-subtitle,ambi-207,https://surrit.com/81fe0429-9904-4e6d-b0de-4ecd63955728/720p/video.m3u8,720p,surrit.com
https://missav123.com/en/ambi-207-english-subtitle,ambi-207,https://surrit.com/81fe0429-9904-4e6d-b0de-4ecd63955728/playlist.m3u8,playlist,surrit.com
https://missav123.com/en/ambi-208-english-subtitle,ambi-208,https://surrit.com/efc2c8c2-767d-41a3-8659-9181b67e5da8/1080p/video.m3u8,1080p,surrit.com
https://missav123.com/en/ambi-208-english-subtitle,ambi-208,https://surrit.com/efc2c8c2-767d-41a3-8659-9181b67e5da8/720p/video.m3u8,720p,surrit.com
https://missav123.com/en/ambi-208-english-subtitle,ambi-208,https://surrit.com/efc2c8c2-767d-41a3-8659-9181b67e5da8/playlist.m3u8,playlist,surrit.com
https://missav123.com/en/anb-261,anb-261,https://surrit.com/bb87f3cf-6181-498a-a58e-9fef8c4537d8/720p/video.m3u8,720p,surrit.com
https://missav123.com/en/anb-261,anb-261,https://surrit.com/bb87f3cf-6181-498a-a58e-9fef8c4537d8/playlist.m3u8,playlist,surrit.com
https://missav123.com/en/aukg-659,aukg-659,https://surrit.com/b01aca1a-2fb8-46c9-a38b-b4e899f977fa/720p/video.m3u8,720p,surrit.com
https://missav123.com/en/aukg-659,aukg-659,https://surrit.com/b01aca1a-2fb8-46c9-a38b-b4e899f977fa/playlist.m3u8,playlist,surrit.com
https://missav123.com/en/avsa-364-english-subtitle,avsa-364,https://surrit.com/e1075caa-2510-4a3a-a88b-043ab6b9c0d9/1080p/video.m3u8,1080p,surrit.com
https://missav123.com/en/avsa-364-english-subtitle,avsa-364,https://surrit.com/e1075caa-2510-4a3a-a88b-043ab6b9c0d9/720p/video.m3u8,720p,surrit.com
https://missav123.com/en/avsa-364-english-subtitle,avsa-364,https://surrit.com/e1075caa-2510-4a3a-a88b-043ab6b9c0d9/playlist.m3u8,playlist,surrit.com
https://missav123.com/en/avsa-370-english-subtitle,avsa-370,https://surrit.com/94c97e9b-c220-421a-b382-93322f69c6f9/720p/video.m3u8,720p,surrit.com
https://missav123.com/en/avsa-370-english-subtitle,avsa-370,https://surrit.com/94c97e9b-c220-421a-b382-93322f69c6f9/playlist.m3u8,playlist,surrit.com
https://missav123.com/en/awaw-029,awaw-029,https://surrit.com/ce1fd1f8-023d-4142-993e-09ebf849d98a/720p/video.m3u8,720p,surrit.com
https://missav123.com/en/awaw-029,awaw-029,https://surrit.com/ce1fd1f8-023d-4142-993e-09ebf849d98a/playlist.m3u8,playlist,surrit.com
https://missav123.com/en/bank-243,bank-243,https://surrit.com/b0ad5b36-edc8-4eea-a183-1efc3da89840/720p/video.m3u8,720p,surrit.com
https://missav123.com/en/bank-243,bank-243,https://surrit.com/b0ad5b36-edc8-4eea-a183-1efc3da89840/playlist.m3u8,playlist,surrit.com
https://missav123.com/en/bank-247,bank-247,https://surrit.com/05a409c0-6c4d-4653-94b5-df5b0acfdc65/720p/video.m3u8,720p,surrit.com
https://missav123.com/en/bank-247,bank-247,https://surrit.com/05a409c0-6c4d-4653-94b5-df5b0acfdc65/playlist.m3u8,playlist,surrit.com
https://missav123.com/en/bank-248-uncensored-leak,bank-248,https://surrit.com/0ce302c7-0e8e-4c30-992f-56cd19d14a67/1080p/video.m3u8,1080p,surrit.com
https://missav123.com/en/bank-248-uncensored-leak,bank-248,https://surrit.com/0ce302c7-0e8e-4c30-992f-56cd19d14a67/720p/video.m3u8,720p,surrit.com
https://missav123.com/en/bank-248-uncensored-leak,bank-248,https://surrit.com/0ce302c7-0e8e-4c30-992f-56cd19d14a67/playlist.m3u8,playlist,surrit.com
https://missav123.com/en/bban-588,bban-588,https://surrit.com/8f8a84be-f433-4440-8967-24690dbad829/720p/video.m3u8,720p,surrit.com
https://missav123.com/en/bban-588,bban-588,https://surrit.com/8f8a84be-f433-4440-8967-24690dbad829/playlist.m3u8,playlist,surrit.com
https://missav123.com/en/beaf-224-uncensored-leak,beaf-224,https://surrit.com/5fe92136-1dff-451e-b919-5300e376f71b/1080p/video.m3u8,1080p,surrit.com
https://missav123.com/en/beaf-224-uncensored-leak,beaf-224,https://surrit.com/5fe92136-1dff-451e-b919-5300e376f71b/720p/video.m3u8,720p,surrit.com
https://missav123.com/en/beaf-224-uncensored-leak,beaf-224,https://surrit.com/5fe92136-1dff-451e-b919-5300e376f71b/playlist.m3u8,playlist,surrit.com
https://missav123.com/en/bijn-271-english-subtitle,bijn-271,https://surrit.com/76059051-7174-48bf-ad26-0a5b70472153/720p/video.m3u8,720p,surrit.com
https://missav123.com/en/bijn-271-english-subtitle,bijn-271,https://surrit.com/76059051-7174-48bf-ad26-0a5b70472153/playlist.m3u8,playlist,surrit.com
https://missav123.com/en/bur-652,bur-652,https://surrit.com/6b6d6cbd-8324-4ac4-a003-3a55146e5c61/720p/video.m3u8,720p,surrit.com
https://missav123.com/en/bur-652,bur-652,https://surrit.com/6b6d6cbd-8324-4ac4-a003-3a55146e5c61/playlist.m3u8,playlist,surrit.com
https://missav123.com/en/bur-652-uncensored-leak,bur-652,https://surrit.com/f5db18d0-2a13-464b-b56f-a2e23a848447/1080p/video.m3u8,1080p,surrit.com
https://missav123.com/en/bur-652-uncensored-leak,bur-652,https://surrit.com/f5db18d0-2a13-464b-b56f-a2e23a848447/720p/video.m3u8,720p,surrit.com
https://missav123.com/en/bur-652-uncensored-leak,bur-652,https://surrit.com/f5db18d0-2a13-464b-b56f-a2e23a848447/playlist.m3u8,playlist,surrit.com
https://missav123.com/en/caribbeancom-082726-001,caribbeancom-082726-001,https://surrit.com/08654ab1-4a5b-4d08-94c3-a489d0211ea1/720p/video.m3u8,720p,surrit.com
https://missav123.com/en/caribbeancom-082726-001,caribbeancom-082726-001,https://surrit.com/08654ab1-4a5b-4d08-94c3-a489d0211ea1/playlist.m3u8,playlist,surrit.com
https://missav123.com/en/cawd-797-english-subtitle,cawd-797,https://surrit.com/3b0d51fe-44ce-447b-8afb-6bb107dc517a/1080p/video.m3u8,1080p,surrit.com
https://missav123.com/en/cawd-797-english-subtitle,cawd-797,https://surrit.com/3b0d51fe-44ce-447b-8afb-6bb107dc517a/720p/video.m3u8,720p,surrit.com
https://missav123.com/en/cawd-797-english-subtitle,cawd-797,https://surrit.com/3b0d51fe-44ce-447b-8afb-6bb107dc517a/playlist.m3u8,playlist,surrit.com
https://missav123.com/en/chetv-001,chetv-001,https://surrit.com/0943a6b4-fc75-4448-a3e9-8beeaf8313e0/1080p/video.m3u8,1080p,surrit.com
https://missav123.com/en/chetv-001,chetv-001,https://surrit.com/0943a6b4-fc75-4448-a3e9-8beeaf8313e0/720p/video.m3u8,720p,surrit.com
https://missav123.com/en/chetv-001,chetv-001,https://surrit.com/0943a6b4-fc75-4448-a3e9-8beeaf8313e0/playlist.m3u8,playlist,surrit.com
https://missav123.com/en/cjod-453-english-subtitle,cjod-453,https://surrit.com/36b0fd1d-be61-4a2f-9d61-23172513a6a9/480p/video.m3u8,480p,surrit.com
https://missav123.com/en/cjod-453-english-subtitle,cjod-453,https://surrit.com/36b0fd1d-be61-4a2f-9d61-23172513a6a9/playlist.m3u8,playlist,surrit.com
https://missav123.com/en/clot-031-english-subtitle,clot-031,https://surrit.com/138faa26-ba38-46f9-95dd-b23ec2052308/1080p/video.m3u8,1080p,surrit.com
https://missav123.com/en/clot-031-english-subtitle,clot-031,https://surrit.com/138faa26-ba38-46f9-95dd-b23ec2052308/720p/video.m3u8,720p,surrit.com
https://missav123.com/en/clot-031-english-subtitle,clot-031,https://surrit.com/138faa26-ba38-46f9-95dd-b23ec2052308/playlist.m3u8,playlist,surrit.com
https://missav123.com/en/cnstv-034,cnstv-034,https://surrit.com/5755f2ca-2c6d-4247-90c2-bc2dfed67b05/720p/video.m3u8,720p,surrit.com
https://missav123.com/en/cnstv-034,cnstv-034,https://surrit.com/5755f2ca-2c6d-4247-90c2-bc2dfed67b05/playlist.m3u8,playlist,surrit.com
https://missav123.com/en/crnx-346,crnx-346,https://surrit.com/cddbd196-8147-46e9-856a-57d59e65bd3c/720p/video.m3u8,720p,surrit.com
https://missav123.com/en/crnx-346,crnx-346,https://surrit.com/cddbd196-8147-46e9-856a-57d59e65bd3c/playlist.m3u8,playlist,surrit.com
https://missav123.com/en/crnx-347,crnx-347,https://surrit.com/8b9a2b00-b721-43bb-bc23-f7c2333b5f99/720p/video.m3u8,720p,surrit.com
https://missav123.com/en/crnx-347,crnx-347,https://surrit.com/8b9a2b00-b721-43bb-bc23-f7c2333b5f99/playlist.m3u8,playlist,surrit.com
https://missav123.com/en/crnx-352,crnx-352,https://surrit.com/44167e62-b464-4b2b-89d8-a15a398dc1a1/1080p/video.m3u8,1080p,surrit.com
https://missav123.com/en/crnx-352,crnx-352,https://surrit.com/44167e62-b464-4b2b-89d8-a15a398dc1a1/720p/video.m3u8,720p,surrit.com
https://missav123.com/en/crnx-352,crnx-352,https://surrit.com/44167e62-b464-4b2b-89d8-a15a398dc1a1/playlist.m3u8,playlist,surrit.com
https://missav123.com/en/crnx-358,crnx-358,https://surrit.com/c2bf7bac-95b8-4ded-b812-8c0b38fa73ac/720p/video.m3u8,720p,surrit.com
https://missav123.com/en/crnx-358,crnx-358,https://surrit.com/c2bf7bac-95b8-4ded-b812-8c0b38fa73ac/playlist.m3u8,playlist,surrit.com
https://missav123.com/en/dass-574-english-subtitle,dass-574,https://surrit.com/3959cc4a-d58a-4c58-aac9-ff58d59e9b8c/720p/video.m3u8,720p,surrit.com
https://missav123.com/en/dass-574-english-subtitle,dass-574,https://surrit.com/3959cc4a-d58a-4c58-aac9-ff58d59e9b8c/playlist.m3u8,playlist,surrit.com
https://missav123.com/en/dass-601-english-subtitle,dass-601,https://surrit.com/30a8cb2f-8855-4fbe-8bc9-b4eac14c7f5d/1080p/video.m3u8,1080p,surrit.com
https://missav123.com/en/dass-601-english-subtitle,dass-601,https://surrit.com/30a8cb2f-8855-4fbe-8bc9-b4eac14c7f5d/720p/video.m3u8,720p,surrit.com
https://missav123.com/en/dass-601-english-subtitle,dass-601,https://surrit.com/30a8cb2f-8855-4fbe-8bc9-b4eac14c7f5d/playlist.m3u8,playlist,surrit.com
https://missav123.com/en/dass-603-english-subtitle,dass-603,https://surrit.com/430392b0-eb4c-438c-a04d-fceeac8de9e5/1080p/video.m3u8,1080p,surrit.com
https://missav123.com/en/dass-603-english-subtitle,dass-603,https://surrit.com/430392b0-eb4c-438c-a04d-fceeac8de9e5/720p/video.m3u8,720p,surrit.com
https://missav123.com/en/dass-603-english-subtitle,dass-603,https://surrit.com/430392b0-eb4c-438c-a04d-fceeac8de9e5/playlist.m3u8,playlist,surrit.com
https://missav123.com/en/dass-624-english-subtitle,dass-624,https://surrit.com/ae3ead55-4ed9-4f16-a393-66c56c3cfa37/1080p/video.m3u8,1080p,surrit.com
https://missav123.com/en/dass-624-english-subtitle,dass-624,https://surrit.com/ae3ead55-4ed9-4f16-a393-66c56c3cfa37/720p/video.m3u8,720p,surrit.com
https://missav123.com/en/dass-624-english-subtitle,dass-624,https://surrit.com/ae3ead55-4ed9-4f16-a393-66c56c3cfa37/playlist.m3u8,playlist,surrit.com
https://missav123.com/en/dass-626-english-subtitle,dass-626,https://surrit.com/9f11c32f-1f17-4160-8ccc-51ba8bda5dd9/720p/video.m3u8,720p,surrit.com
https://missav123.com/en/dass-626-english-subtitle,dass-626,https://surrit.com/9f11c32f-1f17-4160-8ccc-51ba8bda5dd9/playlist.m3u8,playlist,surrit.com
https://missav123.com/en/dass-635-english-subtitle,dass-635,https://surrit.com/dc4868e0-e3d6-4511-ab6e-882bdff284e5/1080p/video.m3u8,1080p,surrit.com
https://missav123.com/en/dass-635-english-subtitle,dass-635,https://surrit.com/dc4868e0-e3d6-4511-ab6e-882bdff284e5/720p/video.m3u8,720p,surrit.com
https://missav123.com/en/dass-635-english-subtitle,dass-635,https://surrit.com/dc4868e0-e3d6-4511-ab6e-882bdff284e5/playlist.m3u8,playlist,surrit.com
https://missav123.com/en/dkra-2401,dkra-2401,https://surrit.com/57cb6b92-fe96-4353-8653-4926f4324bcd/1080p/video.m3u8,1080p,surrit.com
https://missav123.com/en/dkra-2401,dkra-2401,https://surrit.com/57cb6b92-fe96-4353-8653-4926f4324bcd/720p/video.m3u8,720p,surrit.com
https://missav123.com/en/dkra-2401,dkra-2401,https://surrit.com/57cb6b92-fe96-4353-8653-4926f4324bcd/playlist.m3u8,playlist,surrit.com
https://missav123.com/en/dkra-2402,dkra-2402,https://surrit.com/17b92456-05e2-486c-9f2f-aa540dbcae4f/1080p/video.m3u8,1080p,surrit.com
https://missav123.com/en/dkra-2402,dkra-2402,https://surrit.com/17b92456-05e2-486c-9f2f-aa540dbcae4f/720p/video.m3u8,720p,surrit.com
https://missav123.com/en/dkra-2402,dkra-2402,https://surrit.com/17b92456-05e2-486c-9f2f-aa540dbcae4f/playlist.m3u8,playlist,surrit.com
https://missav123.com/en/dldss-393-english-subtitle,dldss-393,https://surrit.com/cd1740e0-8b40-43b4-b528-4a851792e9dd/1080p/video.m3u8,1080p,surrit.com
https://missav123.com/en/dldss-393-english-subtitle,dldss-393,https://surrit.com/cd1740e0-8b40-43b4-b528-4a851792e9dd/720p/video.m3u8,720p,surrit.com
https://missav123.com/en/dldss-393-english-subtitle,dldss-393,https://surrit.com/cd1740e0-8b40-43b4-b528-4a851792e9dd/playlist.m3u8,playlist,surrit.com
https://missav123.com/en/dsod-021-uncensored-leak,dsod-021,https://surrit.com/6b553968-9224-4dc7-bf09-4c93f44afd3b/1080p/video.m3u8,1080p,surrit.com
https://missav123.com/en/dsod-021-uncensored-leak,dsod-021,https://surrit.com/6b553968-9224-4dc7-bf09-4c93f44afd3b/720p/video.m3u8,720p,surrit.com
https://missav123.com/en/dsod-021-uncensored-leak,dsod-021,https://surrit.com/6b553968-9224-4dc7-bf09-4c93f44afd3b/playlist.m3u8,playlist,surrit.com
https://missav123.com/en/dsod-026-uncensored-leak,dsod-026,https://surrit.com/d51ce910-d7f8-457d-8ed4-1875f96d8786/1080p/video.m3u8,1080p,surrit.com
https://missav123.com/en/dsod-026-uncensored-leak,dsod-026,https://surrit.com/d51ce910-d7f8-457d-8ed4-1875f96d8786/720p/video.m3u8,720p,surrit.com
https://missav123.com/en/dsod-026-uncensored-leak,dsod-026,https://surrit.com/d51ce910-d7f8-457d-8ed4-1875f96d8786/playlist.m3u8,playlist,surrit.com
https://missav123.com/en/dvmm-231-english-subtitle,dvmm-231,https://surrit.com/f57976f6-754b-4579-970a-2aaa200ca34e/1080p/video.m3u8,1080p,surrit.com
https://missav123.com/en/dvmm-231-english-subtitle,dvmm-231,https://surrit.com/f57976f6-754b-4579-970a-2aaa200ca34e/720p/video.m3u8,720p,surrit.com
https://missav123.com/en/dvmm-231-english-subtitle,dvmm-231,https://surrit.com/f57976f6-754b-4579-970a-2aaa200ca34e/playlist.m3u8,playlist,surrit.com
https://missav123.com/en/dvmm-232-english-subtitle,dvmm-232,https://surrit.com/e0eda781-0590-4bda-8e98-3f0c1c81e1fe/720p/video.m3u8,720p,surrit.com
https://missav123.com/en/dvmm-232-english-subtitle,dvmm-232,https://surrit.com/e0eda781-0590-4bda-8e98-3f0c1c81e1fe/playlist.m3u8,playlist,surrit.com
https://missav123.com/en/dvmm-423,dvmm-423,https://surrit.com/174b29ad-ec4d-497d-b947-dc7051a5eff5/720p/video.m3u8,720p,surrit.com
https://missav123.com/en/dvmm-423,dvmm-423,https://surrit.com/174b29ad-ec4d-497d-b947-dc7051a5eff5/playlist.m3u8,playlist,surrit.com
https://missav123.com/en/ebwh-348,ebwh-348,https://surrit.com/3d0dc787-7530-45e0-8679-8167e35b444a/720p/video.m3u8,720p,surrit.com
https://missav123.com/en/ebwh-348,ebwh-348,https://surrit.com/3d0dc787-7530-45e0-8679-8167e35b444a/playlist.m3u8,playlist,surrit.com
https://missav123.com/en/ebwh-348-uncensored-leak,ebwh-348,https://surrit.com/01c1897a-aab7-4480-8fa9-3c7a4d0f7097/1080p/video.m3u8,1080p,surrit.com
https://missav123.com/en/ebwh-348-uncensored-leak,ebwh-348,https://surrit.com/01c1897a-aab7-4480-8fa9-3c7a4d0f7097/720p/video.m3u8,720p,surrit.com
https://missav123.com/en/ebwh-348-uncensored-leak,ebwh-348,https://surrit.com/01c1897a-aab7-4480-8fa9-3c7a4d0f7097/playlist.m3u8,480p,surrit.com
https://missav123.com/en/erofv-384,erofv-384,https://surrit.com/5939698f-474e-4555-8d1e-ba9b65d9696d/1080p/video.m3u8,1080p,surrit.com
https://missav123.com/en/erofv-384,erofv-384,https://surrit.com/5939698f-474e-4555-8d1e-ba9b65d9696d/720p/video.m3u8,720p,surrit.com
https://missav123.com/en/erofv-384,erofv-384,https://surrit.com/5939698f-474e-4555-8d1e-ba9b65d9696d/playlist.m3u8,playlist,surrit.com
https://missav123.com/en/fc2-ppv-4861998,fc2-ppv-4861998,https://surrit.com/3781bef7-88ad-4538-88a1-ff0226384ce3/1080p/video.m3u8,1080p,surrit.com
https://missav123.com/en/fc2-ppv-4861998,fc2-ppv-4861998,https://surrit.com/3781bef7-88ad-4538-88a1-ff0226384ce3/720p/video.m3u8,720p,surrit.com
https://missav123.com/en/fc2-ppv-4861998,fc2-ppv-4861998,https://surrit.com/3781bef7-88ad-4538-88a1-ff0226384ce3/playlist.m3u8,playlist,surrit.com
https://missav123.com/en/fc2-ppv-4901019,fc2-ppv-4901019,https://surrit.com/7910f994-96a5-4b76-a01b-0e654ad2e5eb/720p/video.m3u8,720p,surrit.com
https://missav123.com/en/fc2-ppv-4901019,fc2-ppv-4901019,https://surrit.com/7910f994-96a5-4b76-a01b-0e654ad2e5eb/playlist.m3u8,playlist,surrit.com
https://missav123.com/en/fc2-ppv-4913925,fc2-ppv-4913925,https://surrit.com/8211809a-a4ee-42af-b176-49eb9aa79ba5/1080p/video.m3u8,1080p,surrit.com
https://missav123.com/en/fc2-ppv-4913925,fc2-ppv-4913925,https://surrit.com/8211809a-a4ee-42af-b176-49eb9aa79ba5/720p/video.m3u8,720p,surrit.com
https://missav123.com/en/fc2-ppv-4913925,fc2-ppv-4913925,https://surrit.com/8211809a-a4ee-42af-b176-49eb9aa79ba5/playlist.m3u8,playlist,surrit.com
https://missav123.com/en/fc2-ppv-4915119,fc2-ppv-4915119,https://surrit.com/879cc5ec-70c7-4c31-8596-bf095cebb0f3/1080p/video.m3u8,1080p,surrit.com
https://missav123.com/en/fc2-ppv-4915119,fc2-ppv-4915119,https://surrit.com/879cc5ec-70c7-4c31-8596-bf095cebb0f3/720p/video.m3u8,720p,surrit.com
https://missav123.com/en/fc2-ppv-4915119,fc2-ppv-4915119,https://surrit.com/879cc5ec-70c7-4c31-8596-bf095cebb0f3/playlist.m3u8,playlist,surrit.com
https://missav123.com/en/fc2-ppv-4915289,fc2-ppv-4915289,https://surrit.com/dcfa02d4-ce06-47ef-8133-7be840649256/1080p/video.m3u8,1080p,surrit.com
https://missav123.com/en/fc2-ppv-4915289,fc2-ppv-4915289,https://surrit.com/dcfa02d4-ce06-47ef-8133-7be840649256/720p/video.m3u8,720p,surrit.com
https://missav123.com/en/fc2-ppv-4915289,fc2-ppv-4915289,https://surrit.com/dcfa02d4-ce06-47ef-8133-7be840649256/playlist.m3u8,playlist,surrit.com
https://missav123.com/en/fc2-ppv-4915321,fc2-ppv-4915321,https://surrit.com/5f46fcf5-85ee-4cd1-93da-82dbfaa82a9a/1080p/video.m3u8,1080p,surrit.com
https://missav123.com/en/fc2-ppv-4915321,fc2-ppv-4915321,https://surrit.com/5f46fcf5-85ee-4cd1-93da-82dbfaa82a9a/720p/video.m3u8,720p,surrit.com
https://missav123.com/en/fc2-ppv-4915321,fc2-ppv-4915321,https://surrit.com/5f46fcf5-85ee-4cd1-93da-82dbfaa82a9a/playlist.m3u8,playlist,surrit.com
https://missav123.com/en/fc2-ppv-4915536,fc2-ppv-4915536,https://surrit.com/91a46328-6350-4548-83ec-33eebb36d238/720p/video.m3u8,720p,surrit.com
https://missav123.com/en/fc2-ppv-4915536,fc2-ppv-4915536,https://surrit.com/91a46328-6350-4548-83ec-33eebb36d238/playlist.m3u8,playlist,surrit.com
https://missav123.com/en/fc2-ppv-4915539,fc2-ppv-4915539,https://surrit.com/73595f61-cecb-43d2-92e8-e196d31c4402/1080p/video.m3u8,1080p,surrit.com
https://missav123.com/en/fc2-ppv-4915539,fc2-ppv-4915539,https://surrit.com/73595f61-cecb-43d2-92e8-e196d31c4402/720p/video.m3u8,720p,surrit.com
https://missav123.com/en/fc2-ppv-4915539,fc2-ppv-4915539,https://surrit.com/73595f61-cecb-43d2-92e8-e196d31c4402/playlist.m3u8,playlist,surrit.com
https://missav123.com/en/fc2-ppv-4915576,fc2-ppv-4915576,https://surrit.com/7dc9b937-f641-4bb5-8769-b1a80fce0188/720p/video.m3u8,720p,surrit.com
https://missav123.com/en/fc2-ppv-4915576,fc2-ppv-4915576,https://surrit.com/7dc9b937-f641-4bb5-8769-b1a80fce0188/playlist.m3u8,playlist,surrit.com
https://missav123.com/en/fc2-ppv-4915846,fc2-ppv-4915846,https://surrit.com/ae30872d-61a4-45d4-b923-d510a27ff2e9/720p/video.m3u8,720p,surrit.com
https://missav123.com/en/fc2-ppv-4915846,fc2-ppv-4915846,https://surrit.com/ae30872d-61a4-45d4-b923-d510a27ff2e9/playlist.m3u8,playlist,surrit.com
https://missav123.com/en/fc2-ppv-4915883,fc2-ppv-4915883,https://surrit.com/e435a925-3261-4985-b607-4f1edbaecae6/1080p/video.m3u8,1080p,surrit.com
https://missav123.com/en/fc2-ppv-4915883,fc2-ppv-4915883,https://surrit.com/e435a925-3261-4985-b607-4f1edbaecae6/720p/video.m3u8,720p,surrit.com
https://missav123.com/en/fc2-ppv-4915883,fc2-ppv-4915883,https://surrit.com/e435a925-3261-4985-b607-4f1edbaecae6/playlist.m3u8,playlist,surrit.com
https://missav123.com/en/fc2-ppv-4915965,fc2-ppv-4915965,https://surrit.com/77c76a8b-3e32-46b3-96fb-0ce207c37d6d/1080p/video.m3u8,1080p,surrit.com
https://missav123.com/en/fc2-ppv-4915965,fc2-ppv-4915965,https://surrit.com/77c76a8b-3e32-46b3-96fb-0ce207c37d6d/720p/video.m3u8,720p,surrit.com
https://missav123.com/en/fc2-ppv-4915965,fc2-ppv-4915965,https://surrit.com/77c76a8b-3e32-46b3-96fb-0ce207c37d6d/playlist.m3u8,playlist,surrit.com
https://missav123.com/en/fc2-ppv-4916037,fc2-ppv-4916037,https://surrit.com/7e9ee7a0-540d-4854-8317-bd190631fd7b/1080p/video.m3u8,1080p,surrit.com
https://missav123.com/en/fc2-ppv-4916037,fc2-ppv-4916037,https://surrit.com/7e9ee7a0-540d-4854-8317-bd190631fd7b/720p/video.m3u8,720p,surrit.com
https://missav123.com/en/fc2-ppv-4916037,fc2-ppv-4916037,https://surrit.com/7e9ee7a0-540d-4854-8317-bd190631fd7b/playlist.m3u8,playlist,surrit.com
https://missav123.com/en/fc2-ppv-4916197,fc2-ppv-4916197,https://surrit.com/2589f74f-1751-4fe7-a88e-4ab869614f89/720p/video.m3u8,720p,surrit.com
https://missav123.com/en/fc2-ppv-4916197,fc2-ppv-4916197,https://surrit.com/2589f74f-1751-4fe7-a88e-4ab869614f89/playlist.m3u8,playlist,surrit.com
https://missav123.com/en/fc2-ppv-4917101,fc2-ppv-4917101,https://surrit.com/949eeee4-1ba6-4381-a5d1-824fe16932d8/720p/video.m3u8,720p,surrit.com
https://missav123.com/en/fc2-ppv-4917101,fc2-ppv-4917101,https://surrit.com/949eeee4-1ba6-4381-a5d1-824fe16932d8/playlist.m3u8,playlist,surrit.com
https://missav123.com/en/fc2-ppv-4917450,fc2-ppv-4917450,https://surrit.com/f261e4e1-a2c7-4e49-8eb0-5bfcfb3e9a04/720p/video.m3u8,720p,surrit.com
https://missav123.com/en/fc2-ppv-4917450,fc2-ppv-4917450,https://surrit.com/f261e4e1-a2c7-4e49-8eb0-5bfcfb3e9a04/playlist.m3u8,playlist,surrit.com
https://missav123.com/en/fc2-ppv-4917550,fc2-ppv-4917550,https://surrit.com/7615d258-6ac3-4546-a876-c52b2464a5bc/1080p/video.m3u8,1080p,surrit.com
https://missav123.com/en/fc2-ppv-4917550,fc2-ppv-4917550,https://surrit.com/7615d258-6ac3-4546-a876-c52b2464a5bc/720p/video.m3u8,720p,surrit.com
https://missav123.com/en/fc2-ppv-4917550,fc2-ppv-4917550,https://surrit.com/7615d258-6ac3-4546-a876-c52b2464a5bc/playlist.m3u8,playlist,surrit.com
https://missav123.com/en/fc2-ppv-4918070,fc2-ppv-4918070,https://surrit.com/654bbb6b-6680-4bf7-845d-1d8ab34d0a8c/720p/video.m3u8,720p,surrit.com
https://missav123.com/en/fc2-ppv-4918070,fc2-ppv-4918070,https://surrit.com/654bbb6b-6680-4bf7-845d-1d8ab34d0a8c/playlist.m3u8,playlist,surrit.com
https://missav123.com/en/fc2-ppv-4918509,fc2-ppv-4918509,https://surrit.com/374189dd-9944-4a6c-8314-6e0da0c7032c/720p/video.m3u8,720p,surrit.com
https://missav123.com/en/fc2-ppv-4918509,fc2-ppv-4918509,https://surrit.com/374189dd-9944-4a6c-8314-6e0da0c7032c/playlist.m3u8,playlist,surrit.com
https://missav123.com/en/fc2-ppv-4920245,fc2-ppv-4920245,https://surrit.com/f225af4a-e1d9-4df4-95d6-9fc0ea3d52e2/720p/video.m3u8,720p,surrit.com
https://missav123.com/en/fc2-ppv-4920245,fc2-ppv-4920245,https://surrit.com/f225af4a-e1d9-4df4-95d6-9fc0ea3d52e2/playlist.m3u8,playlist,surrit.com
https://missav123.com/en/fc2-ppv-4920409,fc2-ppv-4920409,https://surrit.com/5b9000f1-187c-4e47-8b3f-a1a547837af9/720p/video.m3u8,720p,surrit.com
https://missav123.com/en/fc2-ppv-4920409,fc2-ppv-4920409,https://surrit.com/5b9000f1-187c-4e47-8b3f-a1a547837af9/playlist.m3u8,playlist,surrit.com
https://missav123.com/en/fc2-ppv-4920416,fc2-ppv-4920416,https://surrit.com/9ed23e44-d9f1-4bbf-baa2-baaafb5aa487/720p/video.m3u8,720p,surrit.com
https://missav123.com/en/fc2-ppv-4920416,fc2-ppv-4920416,https://surrit.com/9ed23e44-d9f1-4bbf-baa2-baaafb5aa487/playlist.m3u8,playlist,surrit.com
https://missav123.com/en/fc2-ppv-4920518,fc2-ppv-4920518,https://surrit.com/fdacdace-58fe-4d19-ae53-9b0faa8d920d/720p/video.m3u8,720p,surrit.com
https://missav123.com/en/fc2-ppv-4920518,fc2-ppv-4920518,https://surrit.com/fdacdace-58fe-4d19-ae53-9b0faa8d920d/playlist.m3u8,playlist,surrit.com
https://missav123.com/en/fc2-ppv-4920538,fc2-ppv-4920538,https://surrit.com/3c9797c5-9a28-4781-ab4b-40480579a1ca/720p/video.m3u8,720p,surrit.com
https://missav123.com/en/fc2-ppv-4920538,fc2-ppv-4920538,https://surrit.com/3c9797c5-9a28-4781-ab4b-40480579a1ca/playlist.m3u8,480p,surrit.com
https://missav123.com/en/fc2-ppv-4921616,fc2-ppv-4921616,https://surrit.com/a2a142f4-72c7-48c9-98d0-8ed94dc9d021/1080p/video.m3u8,1080p,surrit.com
https://missav123.com/en/fc2-ppv-4921616,fc2-ppv-4921616,https://surrit.com/a2a142f4-72c7-48c9-98d0-8ed94dc9d021/720p/video.m3u8,720p,surrit.com
https://missav123.com/en/fc2-ppv-4921616,fc2-ppv-4921616,https://surrit.com/a2a142f4-72c7-48c9-98d0-8ed94dc9d021/playlist.m3u8,playlist,surrit.com
https://missav123.com/en/fc2-ppv-4928009,fc2-ppv-4928009,https://surrit.com/d3e3b0b3-a76b-43fb-8bfe-159ce6bcd3d3/480p/video.m3u8,480p,surrit.com
https://missav123.com/en/fc2-ppv-4928009,fc2-ppv-4928009,https://surrit.com/d3e3b0b3-a76b-43fb-8bfe-159ce6bcd3d3/playlist.m3u8,playlist,surrit.com
https://missav123.com/en/fc2-ppv-4929786,fc2-ppv-4929786,https://surrit.com/ee277c12-149e-417c-90bb-fff558d18c12/720p/video.m3u8,720p,surrit.com
https://missav123.com/en/fc2-ppv-4929786,fc2-ppv-4929786,https://surrit.com/ee277c12-149e-417c-90bb-fff558d18c12/playlist.m3u8,playlist,surrit.com
https://missav123.com/en/fc2-ppv-4929790,fc2-ppv-4929790,https://surrit.com/6ea6e154-77f4-4ec8-a408-12b829c30bac/480p/video.m3u8,480p,surrit.com
https://missav123.com/en/fc2-ppv-4929790,fc2-ppv-4929790,https://surrit.com/6ea6e154-77f4-4ec8-a408-12b829c30bac/playlist.m3u8,playlist,surrit.com
https://missav123.com/en/fc2-ppv-4929805,fc2-ppv-4929805,https://surrit.com/16db4e8f-1689-4117-85cf-67c48acd7112/1080p/video.m3u8,1080p,surrit.com
https://missav123.com/en/fc2-ppv-4929805,fc2-ppv-4929805,https://surrit.com/16db4e8f-1689-4117-85cf-67c48acd7112/720p/video.m3u8,720p,surrit.com
https://missav123.com/en/fc2-ppv-4929805,fc2-ppv-4929805,https://surrit.com/16db4e8f-1689-4117-85cf-67c48acd7112/playlist.m3u8,playlist,surrit.com
https://missav123.com/en/fc2-ppv-4930313,fc2-ppv-4930313,https://surrit.com/3a928c2e-0391-41c5-bcc3-1c8d30633cc5/720p/video.m3u8,720p,surrit.com
https://missav123.com/en/fc2-ppv-4930313,fc2-ppv-4930313,https://surrit.com/3a928c2e-0391-41c5-bcc3-1c8d30633cc5/playlist.m3u8,playlist,surrit.com
https://missav123.com/en/fc2-ppv-4930333,fc2-ppv-4930333,https://surrit.com/280c14b8-4c40-45fb-b681-a81e36aef54b/1080p/video.m3u8,1080p,surrit.com
https://missav123.com/en/fc2-ppv-4930333,fc2-ppv-4930333,https://surrit.com/280c14b8-4c40-45fb-b681-a81e36aef54b/720p/video.m3u8,720p,surrit.com
https://missav123.com/en/fc2-ppv-4930333,fc2-ppv-4930333,https://surrit.com/280c14b8-4c40-45fb-b681-a81e36aef54b/playlist.m3u8,playlist,surrit.com
https://missav123.com/en/fc2-ppv-4930495,fc2-ppv-4930495,https://surrit.com/1e9acaf1-5db4-4cb7-85a6-c00f71ca06f0/720p/video.m3u8,720p,surrit.com
https://missav123.com/en/fc2-ppv-4930495,fc2-ppv-4930495,https://surrit.com/1e9acaf1-5db4-4cb7-85a6-c00f71ca06f0/playlist.m3u8,playlist,surrit.com
https://missav123.com/en/fc2-ppv-4930603,fc2-ppv-4930603,https://surrit.com/cd5e145c-29b7-4a15-b240-d36df9bfedba/720p/video.m3u8,720p,surrit.com
https://missav123.com/en/fc2-ppv-4930603,fc2-ppv-4930603,https://surrit.com/cd5e145c-29b7-4a15-b240-d36df9bfedba/playlist.m3u8,playlist,surrit.com
https://missav123.com/en/fc2-ppv-4936534,fc2-ppv-4936534,https://surrit.com/be5092bd-7755-45cd-8ba4-81fa72661877/1080p/video.m3u8,1080p,surrit.com
https://missav123.com/en/fc2-ppv-4936534,fc2-ppv-4936534,https://surrit.com/be5092bd-7755-45cd-8ba4-81fa72661877/720p/video.m3u8,720p,surrit.com
https://missav123.com/en/fc2-ppv-4936534,fc2-ppv-4936534,https://surrit.com/be5092bd-7755-45cd-8ba4-81fa72661877/playlist.m3u8,playlist,surrit.com
https://missav123.com/en/fc2-ppv-4937229,fc2-ppv-4937229,https://surrit.com/a13ce06c-c535-4d2a-b7c7-5e56d2ae9fea/1080p/video.m3u8,1080p,surrit.com
https://missav123.com/en/fc2-ppv-4937229,fc2-ppv-4937229,https://surrit.com/a13ce06c-c535-4d2a-b7c7-5e56d2ae9fea/720p/video.m3u8,720p,surrit.com
https://missav123.com/en/fc2-ppv-4937229,fc2-ppv-4937229,https://surrit.com/a13ce06c-c535-4d2a-b7c7-5e56d2ae9fea/playlist.m3u8,playlist,surrit.com
https://missav123.com/en/fc2-ppv-4937732,fc2-ppv-4937732,https://surrit.com/05c5f534-a67f-41bf-a728-f83539150655/720p/video.m3u8,720p,surrit.com
https://missav123.com/en/fc2-ppv-4937732,fc2-ppv-4937732,https://surrit.com/05c5f534-a67f-41bf-a728-f83539150655/playlist.m3u8,playlist,surrit.com
https://missav123.com/en/fc2-ppv-4940365,fc2-ppv-4940365,https://surrit.com/ba7dfa1e-97f3-410b-8d89-45531e05dad7/720p/video.m3u8,720p,surrit.com
https://missav123.com/en/fc2-ppv-4940365,fc2-ppv-4940365,https://surrit.com/ba7dfa1e-97f3-410b-8d89-45531e05dad7/playlist.m3u8,playlist,surrit.com
https://missav123.com/en/fc2-ppv-4944509,fc2-ppv-4944509,https://surrit.com/a768c3ab-cdf0-43f6-b81f-58a826031dab/720p/video.m3u8,720p,surrit.com
https://missav123.com/en/fc2-ppv-4944509,fc2-ppv-4944509,https://surrit.com/a768c3ab-cdf0-43f6-b81f-58a826031dab/playlist.m3u8,playlist,surrit.com
https://missav123.com/en/fc2-ppv-4945882,fc2-ppv-4945882,https://surrit.com/4dcb70f3-4b31-42f9-82b4-000aa55dee0a/720p/video.m3u8,720p,surrit.com
https://missav123.com/en/fc2-ppv-4945882,fc2-ppv-4945882,https://surrit.com/4dcb70f3-4b31-42f9-82b4-000aa55dee0a/playlist.m3u8,playlist,surrit.com
https://missav123.com/en/fc2-ppv-4945925,fc2-ppv-4945925,https://surrit.com/dc1dc1e8-680c-4028-aabb-cb27f7a93b70/720p/video.m3u8,720p,surrit.com
https://missav123.com/en/fc2-ppv-4945925,fc2-ppv-4945925,https://surrit.com/dc1dc1e8-680c-4028-aabb-cb27f7a93b70/playlist.m3u8,playlist,surrit.com
https://missav123.com/en/fc2-ppv-4946122,fc2-ppv-4946122,https://surrit.com/051397b8-a7e4-4b7a-a456-d26c18353fa3/720p/video.m3u8,720p,surrit.com
https://missav123.com/en/fc2-ppv-4946122,fc2-ppv-4946122,https://surrit.com/051397b8-a7e4-4b7a-a456-d26c18353fa3/playlist.m3u8,playlist,surrit.com
https://missav123.com/en/fc2-ppv-4949833,fc2-ppv-4949833,https://surrit.com/e5ab76ac-8f8f-4e62-a765-a5385223bbea/1080p/video.m3u8,1080p,surrit.com
https://missav123.com/en/fc2-ppv-4949833,fc2-ppv-4949833,https://surrit.com/e5ab76ac-8f8f-4e62-a765-a5385223bbea/720p/video.m3u8,720p,surrit.com
https://missav123.com/en/fc2-ppv-4949833,fc2-ppv-4949833,https://surrit.com/e5ab76ac-8f8f-4e62-a765-a5385223bbea/playlist.m3u8,playlist,surrit.com
https://missav123.com/en/fc2-ppv-4960522,fc2-ppv-4960522,https://surrit.com/23b9c767-3ad6-499d-86ea-aeb9ba9032d0/1080p/video.m3u8,1080p,surrit.com
https://missav123.com/en/fc2-ppv-4960522,fc2-ppv-4960522,https://surrit.com/23b9c767-3ad6-499d-86ea-aeb9ba9032d0/720p/video.m3u8,720p,surrit.com
https://missav123.com/en/fc2-ppv-4960522,fc2-ppv-4960522,https://surrit.com/23b9c767-3ad6-499d-86ea-aeb9ba9032d0/playlist.m3u8,playlist,surrit.com
https://missav123.com/en/fc2-ppv-4960704,fc2-ppv-4960704,https://surrit.com/f3d134ce-5f0c-4a7e-a253-f8ebd97fc4be/720p/video.m3u8,720p,surrit.com
https://missav123.com/en/fc2-ppv-4960704,fc2-ppv-4960704,https://surrit.com/f3d134ce-5f0c-4a7e-a253-f8ebd97fc4be/playlist.m3u8,playlist,surrit.com
https://missav123.com/en/fc2-ppv-4961538,fc2-ppv-4961538,https://surrit.com/59761305-f416-4626-82aa-63daad473779/720p/video.m3u8,720p,surrit.com
https://missav123.com/en/fc2-ppv-4961538,fc2-ppv-4961538,https://surrit.com/59761305-f416-4626-82aa-63daad473779/playlist.m3u8,playlist,surrit.com
https://missav123.com/en/fc2-ppv-4961593,fc2-ppv-4961593,https://surrit.com/c9ded8d8-c211-48f8-ada6-c30f9e760c84/720p/video.m3u8,720p,surrit.com
https://missav123.com/en/fc2-ppv-4961593,fc2-ppv-4961593,https://surrit.com/c9ded8d8-c211-48f8-ada6-c30f9e760c84/playlist.m3u8,playlist,surrit.com
https://missav123.com/en/fc2-ppv-4961603,fc2-ppv-4961603,https://surrit.com/2a1bc4e8-d6eb-4177-9f6e-f72aa28d40d3/720p/video.m3u8,720p,surrit.com
https://missav123.com/en/fc2-ppv-4961603,fc2-ppv-4961603,https://surrit.com/2a1bc4e8-d6eb-4177-9f6e-f72aa28d40d3/playlist.m3u8,playlist,surrit.com
https://missav123.com/en/fc2-ppv-4961605,fc2-ppv-4961605,https://surrit.com/2e54efb1-c7ef-412d-84c2-50dc587742c6/720p/video.m3u8,720p,surrit.com
https://missav123.com/en/fc2-ppv-4961605,fc2-ppv-4961605,https://surrit.com/2e54efb1-c7ef-412d-84c2-50dc587742c6/playlist.m3u8,playlist,surrit.com
https://missav123.com/en/fc2-ppv-4961799,fc2-ppv-4961799,https://surrit.com/2decf1bd-1695-4b05-a7ed-66529a3ce339/720p/video.m3u8,720p,surrit.com
https://missav123.com/en/fc2-ppv-4961799,fc2-ppv-4961799,https://surrit.com/2decf1bd-1695-4b05-a7ed-66529a3ce339/playlist.m3u8,playlist,surrit.com
https://missav123.com/en/fc2-ppv-4970659,fc2-ppv-4970659,https://surrit.com/80254908-01c5-4af3-94ad-ff19a5a4f05e/1080p/video.m3u8,1080p,surrit.com
https://missav123.com/en/fc2-ppv-4970659,fc2-ppv-4970659,https://surrit.com/80254908-01c5-4af3-94ad-ff19a5a4f05e/720p/video.m3u8,720p,surrit.com
https://missav123.com/en/fc2-ppv-4970659,fc2-ppv-4970659,https://surrit.com/80254908-01c5-4af3-94ad-ff19a5a4f05e/playlist.m3u8,playlist,surrit.com
https://missav123.com/en/fc2-ppv-4971169,fc2-ppv-4971169,https://surrit.com/f5354269-aa1a-41ad-8e75-a8fda93d0df5/1080p/video.m3u8,1080p,surrit.com
https://missav123.com/en/fc2-ppv-4971169,fc2-ppv-4971169,https://surrit.com/f5354269-aa1a-41ad-8e75-a8fda93d0df5/720p/video.m3u8,720p,surrit.com
https://missav123.com/en/fc2-ppv-4971169,fc2-ppv-4971169,https://surrit.com/f5354269-aa1a-41ad-8e75-a8fda93d0df5/playlist.m3u8,playlist,surrit.com
https://missav123.com/en/fc2-ppv-4972210,fc2-ppv-4972210,https://surrit.com/12f63925-357c-4236-a116-78b29d0ebc43/720p/video.m3u8,720p,surrit.com
https://missav123.com/en/fc2-ppv-4972210,fc2-ppv-4972210,https://surrit.com/12f63925-357c-4236-a116-78b29d0ebc43/playlist.m3u8,playlist,surrit.com
https://missav123.com/en/fc2-ppv-4973618,fc2-ppv-4973618,https://surrit.com/e3f58626-6506-454b-968d-ee7151f39e02/1080p/video.m3u8,1080p,surrit.com
https://missav123.com/en/fc2-ppv-4973618,fc2-ppv-4973618,https://surrit.com/e3f58626-6506-454b-968d-ee7151f39e02/720p/video.m3u8,720p,surrit.com
https://missav123.com/en/fc2-ppv-4973618,fc2-ppv-4973618,https://surrit.com/e3f58626-6506-454b-968d-ee7151f39e02/playlist.m3u8,playlist,surrit.com
https://missav123.com/en/fc2-ppv-4974501,fc2-ppv-4974501,https://surrit.com/59ddcf04-dfd5-4246-9db6-a58713853650/1080p/video.m3u8,1080p,surrit.com
https://missav123.com/en/fc2-ppv-4974501,fc2-ppv-4974501,https://surrit.com/59ddcf04-dfd5-4246-9db6-a58713853650/720p/video.m3u8,720p,surrit.com
https://missav123.com/en/fc2-ppv-4974501,fc2-ppv-4974501,https://surrit.com/59ddcf04-dfd5-4246-9db6-a58713853650/playlist.m3u8,playlist,surrit.com
https://missav123.com/en/fc2-ppv-4974654,fc2-ppv-4974654,https://surrit.com/3d18d42d-5060-4d68-a5e2-043d6221ffe6/1080p/video.m3u8,1080p,surrit.com
https://missav123.com/en/fc2-ppv-4974654,fc2-ppv-4974654,https://surrit.com/3d18d42d-5060-4d68-a5e2-043d6221ffe6/720p/video.m3u8,720p,surrit.com
https://missav123.com/en/fc2-ppv-4974654,fc2-ppv-4974654,https://surrit.com/3d18d42d-5060-4d68-a5e2-043d6221ffe6/playlist.m3u8,playlist,surrit.com
https://missav123.com/en/fc2-ppv-4974970,fc2-ppv-4974970,https://surrit.com/05117316-60c6-42f3-a151-76db648fea95/720p/video.m3u8,720p,surrit.com
https://missav123.com/en/fc2-ppv-4974970,fc2-ppv-4974970,https://surrit.com/05117316-60c6-42f3-a151-76db648fea95/playlist.m3u8,playlist,surrit.com
https://missav123.com/en/fc2-ppv-4974972,fc2-ppv-4974972,https://surrit.com/cf0cd5a8-4b38-4633-8e30-88d9b5b24d79/720p/video.m3u8,720p,surrit.com
https://missav123.com/en/fc2-ppv-4974972,fc2-ppv-4974972,https://surrit.com/cf0cd5a8-4b38-4633-8e30-88d9b5b24d79/playlist.m3u8,playlist,surrit.com
https://missav123.com/en/fc2-ppv-4974991,fc2-ppv-4974991,https://surrit.com/c855f7a3-1764-4254-9ce3-a53bfd780f5f/480p/video.m3u8,480p,surrit.com
https://missav123.com/en/fc2-ppv-4974991,fc2-ppv-4974991,https://surrit.com/c855f7a3-1764-4254-9ce3-a53bfd780f5f/playlist.m3u8,playlist,surrit.com
https://missav123.com/en/fc2-ppv-4975283,fc2-ppv-4975283,https://surrit.com/49f1dd52-9e83-46ed-a64d-55fe33fef26e/720p/video.m3u8,720p,surrit.com
https://missav123.com/en/fc2-ppv-4975283,fc2-ppv-4975283,https://surrit.com/49f1dd52-9e83-46ed-a64d-55fe33fef26e/playlist.m3u8,playlist,surrit.com
https://missav123.com/en/fc2-ppv-4975288,fc2-ppv-4975288,https://surrit.com/4342c495-4a7b-455d-8974-0d48dce6cc33/720p/video.m3u8,720p,surrit.com
https://missav123.com/en/fc2-ppv-4975288,fc2-ppv-4975288,https://surrit.com/4342c495-4a7b-455d-8974-0d48dce6cc33/playlist.m3u8,playlist,surrit.com
https://missav123.com/en/fc2-ppv-4975344,fc2-ppv-4975344,https://surrit.com/f2cfb3e9-ef5b-4bc8-a754-61fbc67e99ba/720p/video.m3u8,720p,surrit.com
https://missav123.com/en/fc2-ppv-4975344,fc2-ppv-4975344,https://surrit.com/f2cfb3e9-ef5b-4bc8-a754-61fbc67e99ba/playlist.m3u8,playlist,surrit.com
https://missav123.com/en/fc2-ppv-4975475,fc2-ppv-4975475,https://surrit.com/6448c8af-9812-4704-8d3e-2ba081ef9764/720p/video.m3u8,720p,surrit.com
https://missav123.com/en/fc2-ppv-4975475,fc2-ppv-4975475,https://surrit.com/6448c8af-9812-4704-8d3e-2ba081ef9764/playlist.m3u8,playlist,surrit.com
https://missav123.com/en/fc2-ppv-4975498,fc2-ppv-4975498,https://surrit.com/2231e200-cc52-4711-b104-c0be152fc5a5/720p/video.m3u8,720p,surrit.com
https://missav123.com/en/fc2-ppv-4975498,fc2-ppv-4975498,https://surrit.com/2231e200-cc52-4711-b104-c0be152fc5a5/playlist.m3u8,playlist,surrit.com
https://missav123.com/en/fc2-ppv-4976260,fc2-ppv-4976260,https://surrit.com/89fe5d9f-a3f0-46a1-94cc-b00b00304370/720p/video.m3u8,720p,surrit.com
https://missav123.com/en/fc2-ppv-4976260,fc2-ppv-4976260,https://surrit.com/89fe5d9f-a3f0-46a1-94cc-b00b00304370/playlist.m3u8,playlist,surrit.com
https://missav123.com/en/fc2-ppv-4976369,fc2-ppv-4976369,https://surrit.com/b1804501-05ef-4557-8c96-a5764b49b722/720p/video.m3u8,720p,surrit.com
https://missav123.com/en/fc2-ppv-4976369,fc2-ppv-4976369,https://surrit.com/b1804501-05ef-4557-8c96-a5764b49b722/playlist.m3u8,playlist,surrit.com
https://missav123.com/en/fc2-ppv-4976518,fc2-ppv-4976518,https://surrit.com/17985d4c-f071-4c55-a182-5ccb619c145e/720p/video.m3u8,720p,surrit.com
https://missav123.com/en/fc2-ppv-4976518,fc2-ppv-4976518,https://surrit.com/17985d4c-f071-4c55-a182-5ccb619c145e/playlist.m3u8,playlist,surrit.com
https://missav123.com/en/fc2-ppv-4976524,fc2-ppv-4976524,https://surrit.com/43ab308d-dc06-45df-8388-7dccc305e356/720p/video.m3u8,720p,surrit.com
https://missav123.com/en/fc2-ppv-4976524,fc2-ppv-4976524,https://surrit.com/43ab308d-dc06-45df-8388-7dccc305e356/playlist.m3u8,playlist,surrit.com
https://missav123.com/en/fc2-ppv-4976559,fc2-ppv-4976559,https://surrit.com/44d5a5a4-11a2-4e23-83a4-70fd520d08ea/720p/video.m3u8,720p,surrit.com
https://missav123.com/en/fc2-ppv-4976559,fc2-ppv-4976559,https://surrit.com/44d5a5a4-11a2-4e23-83a4-70fd520d08ea/playlist.m3u8,playlist,surrit.com
https://missav123.com/en/fc2-ppv-4976562,fc2-ppv-4976562,https://surrit.com/65acf0f2-6259-4d94-8cf6-bd1de5c7b7ec/720p/video.m3u8,720p,surrit.com
https://missav123.com/en/fc2-ppv-4976562,fc2-ppv-4976562,https://surrit.com/65acf0f2-6259-4d94-8cf6-bd1de5c7b7ec/playlist.m3u8,playlist,surrit.com
https://missav123.com/en/fch-129,fch-129,https://surrit.com/230042de-230b-41f6-a0e3-720b85e3666d/720p/video.m3u8,720p,surrit.com
https://missav123.com/en/fch-129,fch-129,https://surrit.com/230042de-230b-41f6-a0e3-720b85e3666d/playlist.m3u8,720p,surrit.com
https://missav123.com/en/fct-218,fct-218,https://surrit.com/1a004398-0725-4610-b07a-ea767d10ff48/1080p/video.m3u8,1080p,surrit.com
https://missav123.com/en/fct-218,fct-218,https://surrit.com/1a004398-0725-4610-b07a-ea767d10ff48/720p/video.m3u8,720p,surrit.com
https://missav123.com/en/fct-218,fct-218,https://surrit.com/1a004398-0725-4610-b07a-ea767d10ff48/playlist.m3u8,playlist,surrit.com
https://missav123.com/en/fct-218-uncensored-leak,fct-218,https://surrit.com/f8429cb7-db4f-43e1-9314-cde9511a91a0/1080p/video.m3u8,1080p,surrit.com
https://missav123.com/en/fct-218-uncensored-leak,fct-218,https://surrit.com/f8429cb7-db4f-43e1-9314-cde9511a91a0/720p/video.m3u8,720p,surrit.com
https://missav123.com/en/fct-218-uncensored-leak,fct-218,https://surrit.com/f8429cb7-db4f-43e1-9314-cde9511a91a0/playlist.m3u8,playlist,surrit.com
https://missav123.com/en/fns-261,fns-261,https://surrit.com/292e2542-23eb-4602-b43a-cc1e30a95f55/720p/video.m3u8,720p,surrit.com
https://missav123.com/en/fns-261,fns-261,https://surrit.com/292e2542-23eb-4602-b43a-cc1e30a95f55/playlist.m3u8,playlist,surrit.com
https://missav123.com/en/fore-002,fore-002,https://surrit.com/8f279374-a878-47bc-8ccf-fafae5837633/1080p/video.m3u8,1080p,surrit.com
https://missav123.com/en/fore-002,fore-002,https://surrit.com/8f279374-a878-47bc-8ccf-fafae5837633/720p/video.m3u8,720p,surrit.com
https://missav123.com/en/fore-002,fore-002,https://surrit.com/8f279374-a878-47bc-8ccf-fafae5837633/playlist.m3u8,playlist,surrit.com
https://missav123.com/en/fore-045,fore-045,https://surrit.com/297dbc9e-0f80-4eff-93f1-fe7a5b363951/720p/video.m3u8,720p,surrit.com
https://missav123.com/en/fore-045,fore-045,https://surrit.com/297dbc9e-0f80-4eff-93f1-fe7a5b363951/playlist.m3u8,playlist,surrit.com
https://missav123.com/en/fsbk-026,fsbk-026,https://surrit.com/65262254-d933-4ce7-9a9a-5c204d129d91/720p/video.m3u8,720p,surrit.com
https://missav123.com/en/fsbk-026,fsbk-026,https://surrit.com/65262254-d933-4ce7-9a9a-5c204d129d91/playlist.m3u8,playlist,surrit.com
https://missav123.com/en/grmo-345,grmo-345,https://surrit.com/0f947d29-db3c-47de-8be1-29b98b79ab3c/720p/video.m3u8,720p,surrit.com
https://missav123.com/en/grmo-345,grmo-345,https://surrit.com/0f947d29-db3c-47de-8be1-29b98b79ab3c/playlist.m3u8,playlist,surrit.com
https://missav123.com/en/gs-890-2,gs-890-2,https://surrit.com/5c0c81b7-49ed-4bd0-be9a-83f9349da50d/1080p/video.m3u8,1080p,surrit.com
https://missav123.com/en/gs-890-2,gs-890-2,https://surrit.com/5c0c81b7-49ed-4bd0-be9a-83f9349da50d/720p/video.m3u8,720p,surrit.com
https://missav123.com/en/gs-890-2,gs-890-2,https://surrit.com/5c0c81b7-49ed-4bd0-be9a-83f9349da50d/playlist.m3u8,playlist,surrit.com
https://missav123.com/en/gs-891-2,gs-891-2,https://surrit.com/c3870ab8-cd12-48e7-b8ca-d9a8794bee51/1080p/video.m3u8,1080p,surrit.com
https://missav123.com/en/gs-891-2,gs-891-2,https://surrit.com/c3870ab8-cd12-48e7-b8ca-d9a8794bee51/720p/video.m3u8,720p,surrit.com
https://missav123.com/en/gs-891-2,gs-891-2,https://surrit.com/c3870ab8-cd12-48e7-b8ca-d9a8794bee51/playlist.m3u8,playlist,surrit.com
https://missav123.com/en/gvh-880,gvh-880,https://surrit.com/680f9fda-2b3a-4f4b-94ee-96e9ae9829ea/720p/video.m3u8,720p,surrit.com
https://missav123.com/en/gvh-880,gvh-880,https://surrit.com/680f9fda-2b3a-4f4b-94ee-96e9ae9829ea/playlist.m3u8,playlist,surrit.com
https://missav123.com/en/gvh-880-uncensored-leak,gvh-880,https://surrit.com/53fa2084-2880-4b09-abd7-b8c04988f345/1080p/video.m3u8,1080p,surrit.com
https://missav123.com/en/gvh-880-uncensored-leak,gvh-880,https://surrit.com/53fa2084-2880-4b09-abd7-b8c04988f345/720p/video.m3u8,720p,surrit.com
https://missav123.com/en/gvh-880-uncensored-leak,gvh-880,https://surrit.com/53fa2084-2880-4b09-abd7-b8c04988f345/playlist.m3u8,playlist,surrit.com
https://missav123.com/en/h_1489j99p00111,h_1489j99p00111,https://surrit.com/abde51bc-8c87-4f61-ab87-b6aa25ec8698/1080p/video.m3u8,1080p,surrit.com
https://missav123.com/en/h_1489j99p00111,h_1489j99p00111,https://surrit.com/abde51bc-8c87-4f61-ab87-b6aa25ec8698/720p/video.m3u8,720p,surrit.com
https://missav123.com/en/h_1489j99p00111,h_1489j99p00111,https://surrit.com/abde51bc-8c87-4f61-ab87-b6aa25ec8698/playlist.m3u8,playlist,surrit.com
https://missav123.com/en/h_1724a132f00002,h_1724a132f00002,https://surrit.com/81a7e413-6a6a-4a9e-99fa-070c51c2bea8/1080p/video.m3u8,1080p,surrit.com
https://missav123.com/en/h_1724a132f00002,h_1724a132f00002,https://surrit.com/81a7e413-6a6a-4a9e-99fa-070c51c2bea8/720p/video.m3u8,720p,surrit.com
https://missav123.com/en/h_1724a132f00002,h_1724a132f00002,https://surrit.com/81a7e413-6a6a-4a9e-99fa-070c51c2bea8/playlist.m3u8,playlist,surrit.com
https://missav123.com/en/hbla-006,hbla-006,https://surrit.com/495cf00c-c886-4ac4-9944-8426510af28a/1080p/video.m3u8,1080p,surrit.com
https://missav123.com/en/hbla-006,hbla-006,https://surrit.com/495cf00c-c886-4ac4-9944-8426510af28a/720p/video.m3u8,720p,surrit.com
https://missav123.com/en/hbla-006,hbla-006,https://surrit.com/495cf00c-c886-4ac4-9944-8426510af28a/playlist.m3u8,playlist,surrit.com
https://missav123.com/en/hhf-083,hhf-083,https://surrit.com/fc248da0-66d2-4d5b-a651-04ca2d75b300/1080p/video.m3u8,1080p,surrit.com
https://missav123.com/en/hhf-083,hhf-083,https://surrit.com/fc248da0-66d2-4d5b-a651-04ca2d75b300/720p/video.m3u8,720p,surrit.com
https://missav123.com/en/hhf-083,hhf-083,https://surrit.com/fc248da0-66d2-4d5b-a651-04ca2d75b300/playlist.m3u8,playlist,surrit.com
https://missav123.com/en/hhf-084,hhf-084,https://surrit.com/7a63c3e4-4cfd-4cde-a824-fe9bbbf2c996/1080p/video.m3u8,1080p,surrit.com
https://missav123.com/en/hhf-084,hhf-084,https://surrit.com/7a63c3e4-4cfd-4cde-a824-fe9bbbf2c996/720p/video.m3u8,720p,surrit.com
https://missav123.com/en/hhf-084,hhf-084,https://surrit.com/7a63c3e4-4cfd-4cde-a824-fe9bbbf2c996/playlist.m3u8,playlist,surrit.com
https://missav123.com/en/hhf-086,hhf-086,https://surrit.com/4f79d830-4ebe-41da-9828-56bc5804cba3/1080p/video.m3u8,1080p,surrit.com
https://missav123.com/en/hhf-086,hhf-086,https://surrit.com/4f79d830-4ebe-41da-9828-56bc5804cba3/720p/video.m3u8,720p,surrit.com
https://missav123.com/en/hhf-086,hhf-086,https://surrit.com/4f79d830-4ebe-41da-9828-56bc5804cba3/playlist.m3u8,playlist,surrit.com
https://missav123.com/en/higk-093,higk-093,https://surrit.com/b459ab3c-fa7a-4d70-8620-b614f9634cbc/1080p/video.m3u8,1080p,surrit.com
https://missav123.com/en/higk-093,higk-093,https://surrit.com/b459ab3c-fa7a-4d70-8620-b614f9634cbc/720p/video.m3u8,720p,surrit.com
https://missav123.com/en/higk-093,higk-093,https://surrit.com/b459ab3c-fa7a-4d70-8620-b614f9634cbc/playlist.m3u8,playlist,surrit.com
https://missav123.com/en/higk-097,higk-097,https://surrit.com/5ef69aaf-6e5e-476a-92dc-d93a35f91ec8/1080p/video.m3u8,1080p,surrit.com
https://missav123.com/en/higk-097,higk-097,https://surrit.com/5ef69aaf-6e5e-476a-92dc-d93a35f91ec8/720p/video.m3u8,720p,surrit.com
https://missav123.com/en/higk-097,higk-097,https://surrit.com/5ef69aaf-6e5e-476a-92dc-d93a35f91ec8/playlist.m3u8,playlist,surrit.com
https://missav123.com/en/hjmo-735,hjmo-735,https://surrit.com/f296f764-ccdb-4e6a-98c4-a7e415bb3853/720p/video.m3u8,720p,surrit.com
https://missav123.com/en/hjmo-735,hjmo-735,https://surrit.com/f296f764-ccdb-4e6a-98c4-a7e415bb3853/playlist.m3u8,playlist,surrit.com
https://missav123.com/en/hmn-697-english-subtitle,hmn-697,https://surrit.com/846e36c9-f258-433e-b09d-c938a178ea6d/1080p/video.m3u8,1080p,surrit.com
https://missav123.com/en/hmn-697-english-subtitle,hmn-697,https://surrit.com/846e36c9-f258-433e-b09d-c938a178ea6d/720p/video.m3u8,720p,surrit.com
https://missav123.com/en/hmn-697-english-subtitle,hmn-697,https://surrit.com/846e36c9-f258-433e-b09d-c938a178ea6d/playlist.m3u8,playlist,surrit.com
https://missav123.com/en/hmn-866,hmn-866,https://surrit.com/40f3a604-960a-472e-a4e9-6986f6b63f8f/720p/video.m3u8,720p,surrit.com
https://missav123.com/en/hmn-866,hmn-866,https://surrit.com/40f3a604-960a-472e-a4e9-6986f6b63f8f/playlist.m3u8,playlist,surrit.com
https://missav123.com/en/hmn-866-uncensored-leak,hmn-866,https://surrit.com/52404ae0-9971-4627-a556-467b4944fb0c/1080p/video.m3u8,1080p,surrit.com
https://missav123.com/en/hmn-866-uncensored-leak,hmn-866,https://surrit.com/52404ae0-9971-4627-a556-467b4944fb0c/720p/video.m3u8,720p,surrit.com
https://missav123.com/en/hmn-866-uncensored-leak,hmn-866,https://surrit.com/52404ae0-9971-4627-a556-467b4944fb0c/playlist.m3u8,playlist,surrit.com
https://missav123.com/en/hmn-903,hmn-903,https://surrit.com/53147e07-5cc7-4582-94f5-2c0778086871/720p/video.m3u8,720p,surrit.com
https://missav123.com/en/hmn-903,hmn-903,https://surrit.com/53147e07-5cc7-4582-94f5-2c0778086871/playlist.m3u8,playlist,surrit.com
https://missav123.com/en/hmn-903-uncensored-leak,hmn-903,https://surrit.com/2125e94f-712d-40f0-8e61-884a5e6f0da5/1080p/video.m3u8,1080p,surrit.com
https://missav123.com/en/hmn-903-uncensored-leak,hmn-903,https://surrit.com/2125e94f-712d-40f0-8e61-884a5e6f0da5/720p/video.m3u8,720p,surrit.com
https://missav123.com/en/hmn-903-uncensored-leak,hmn-903,https://surrit.com/2125e94f-712d-40f0-8e61-884a5e6f0da5/playlist.m3u8,playlist,surrit.com
https://missav123.com/en/hntds-003,hntds-003,https://surrit.com/9e4f4fd6-3cc3-483b-8e94-38f6b7b9564e/720p/video.m3u8,720p,surrit.com
https://missav123.com/en/hntds-003,hntds-003,https://surrit.com/9e4f4fd6-3cc3-483b-8e94-38f6b7b9564e/playlist.m3u8,playlist,surrit.com
https://missav123.com/en/hntrz-013,hntrz-013,https://surrit.com/68ce9caa-6174-4e99-8a2d-1cc0f06d4338/1080p/video.m3u8,1080p,surrit.com
https://missav123.com/en/hntrz-013,hntrz-013,https://surrit.com/68ce9caa-6174-4e99-8a2d-1cc0f06d4338/720p/video.m3u8,720p,surrit.com
https://missav123.com/en/hntrz-013,hntrz-013,https://surrit.com/68ce9caa-6174-4e99-8a2d-1cc0f06d4338/playlist.m3u8,playlist,surrit.com
https://missav123.com/en/hntrz-019,hntrz-019,https://surrit.com/2fe4331b-6082-491a-87e1-53ba7cc3e23d/1080p/video.m3u8,1080p,surrit.com
https://missav123.com/en/hntrz-019,hntrz-019,https://surrit.com/2fe4331b-6082-491a-87e1-53ba7cc3e23d/720p/video.m3u8,720p,surrit.com
https://missav123.com/en/hntrz-019,hntrz-019,https://surrit.com/2fe4331b-6082-491a-87e1-53ba7cc3e23d/playlist.m3u8,playlist,surrit.com
https://missav123.com/en/hntrz-021,hntrz-021,https://surrit.com/56c2e0f2-0257-46aa-af28-6a2cc352fe10/1080p/video.m3u8,1080p,surrit.com
https://missav123.com/en/hntrz-021,hntrz-021,https://surrit.com/56c2e0f2-0257-46aa-af28-6a2cc352fe10/720p/video.m3u8,720p,surrit.com
https://missav123.com/en/hntrz-021,hntrz-021,https://surrit.com/56c2e0f2-0257-46aa-af28-6a2cc352fe10/playlist.m3u8,playlist,surrit.com
https://missav123.com/en/hntrz-022,hntrz-022,https://surrit.com/2dc91d9d-f8ba-4db7-915f-4792f159c8f7/1080p/video.m3u8,1080p,surrit.com
https://missav123.com/en/hntrz-022,hntrz-022,https://surrit.com/2dc91d9d-f8ba-4db7-915f-4792f159c8f7/720p/video.m3u8,720p,surrit.com
https://missav123.com/en/hntrz-022,hntrz-022,https://surrit.com/2dc91d9d-f8ba-4db7-915f-4792f159c8f7/playlist.m3u8,playlist,surrit.com
https://missav123.com/en/hntrz-023,hntrz-023,https://surrit.com/b8a9a77d-5dce-431e-a184-6ae8bccc3867/1080p/video.m3u8,1080p,surrit.com
https://missav123.com/en/hntrz-023,hntrz-023,https://surrit.com/b8a9a77d-5dce-431e-a184-6ae8bccc3867/720p/video.m3u8,720p,surrit.com
https://missav123.com/en/hntrz-023,hntrz-023,https://surrit.com/b8a9a77d-5dce-431e-a184-6ae8bccc3867/playlist.m3u8,playlist,surrit.com
https://missav123.com/en/hublk-024,hublk-024,https://surrit.com/4510ca45-5740-4f14-b8e9-9f30989c4ff0/1080p/video.m3u8,1080p,surrit.com
https://missav123.com/en/hublk-024,hublk-024,https://surrit.com/4510ca45-5740-4f14-b8e9-9f30989c4ff0/720p/video.m3u8,720p,surrit.com
https://missav123.com/en/hublk-024,hublk-024,https://surrit.com/4510ca45-5740-4f14-b8e9-9f30989c4ff0/playlist.m3u8,playlist,surrit.com
https://missav123.com/en/hublk-049,hublk-049,https://surrit.com/4f33207a-6039-4328-be65-8787fd1984c7/720p/video.m3u8,720p,surrit.com
https://missav123.com/en/hublk-049,hublk-049,https://surrit.com/4f33207a-6039-4328-be65-8787fd1984c7/playlist.m3u8,playlist,surrit.com
https://missav123.com/en/hublk-050,hublk-050,https://surrit.com/e2840e06-0088-4c45-8578-6b5e361bf5fe/720p/video.m3u8,720p,surrit.com
https://missav123.com/en/hublk-050,hublk-050,https://surrit.com/e2840e06-0088-4c45-8578-6b5e361bf5fe/playlist.m3u8,playlist,surrit.com
https://missav123.com/en/hublk-050-uncensored-leak,hublk-050,https://surrit.com/b30d0142-9a45-4eb7-b8b1-4fc5ac51299b/1080p/video.m3u8,1080p,surrit.com
https://missav123.com/en/hublk-050-uncensored-leak,hublk-050,https://surrit.com/b30d0142-9a45-4eb7-b8b1-4fc5ac51299b/720p/video.m3u8,720p,surrit.com
https://missav123.com/en/hublk-050-uncensored-leak,hublk-050,https://surrit.com/b30d0142-9a45-4eb7-b8b1-4fc5ac51299b/playlist.m3u8,playlist,surrit.com
https://missav123.com/en/hublk-057-uncensored-leak,hublk-057,https://surrit.com/6777c880-79e5-422b-b97a-e0c82855c046/1080p/video.m3u8,1080p,surrit.com
https://missav123.com/en/hublk-057-uncensored-leak,hublk-057,https://surrit.com/6777c880-79e5-422b-b97a-e0c82855c046/720p/video.m3u8,720p,surrit.com
https://missav123.com/en/hublk-057-uncensored-leak,hublk-057,https://surrit.com/6777c880-79e5-422b-b97a-e0c82855c046/playlist.m3u8,playlist,surrit.com
https://missav123.com/en/huntc-131-uncensored-leak,huntc-131,https://surrit.com/0b612ea3-1d8f-48d0-a878-9dcac4cdab8c/1080p/video.m3u8,1080p,surrit.com
https://missav123.com/en/huntc-131-uncensored-leak,huntc-131,https://surrit.com/0b612ea3-1d8f-48d0-a878-9dcac4cdab8c/720p/video.m3u8,720p,surrit.com
https://missav123.com/en/huntc-131-uncensored-leak,huntc-131,https://surrit.com/0b612ea3-1d8f-48d0-a878-9dcac4cdab8c/playlist.m3u8,playlist,surrit.com
https://missav123.com/en/huntc-230,huntc-230,https://surrit.com/8cbccbf7-4db4-4a6c-9490-b5bc0fe05178/1080p/video.m3u8,1080p,surrit.com
https://missav123.com/en/huntc-230,huntc-230,https://surrit.com/8cbccbf7-4db4-4a6c-9490-b5bc0fe05178/720p/video.m3u8,720p,surrit.com
https://missav123.com/en/huntc-230,huntc-230,https://surrit.com/8cbccbf7-4db4-4a6c-9490-b5bc0fe05178/playlist.m3u8,playlist,surrit.com
https://missav123.com/en/huntc-243,huntc-243,https://surrit.com/a5ad0e8d-1828-4a01-903a-0ce01b7976c2/720p/video.m3u8,720p,surrit.com
https://missav123.com/en/huntc-243,huntc-243,https://surrit.com/a5ad0e8d-1828-4a01-903a-0ce01b7976c2/playlist.m3u8,playlist,surrit.com
https://missav123.com/en/huntc-248,huntc-248,https://surrit.com/cf7e7c4e-830d-4f08-bd46-99db91392460/1080p/video.m3u8,1080p,surrit.com
https://missav123.com/en/huntc-248,huntc-248,https://surrit.com/cf7e7c4e-830d-4f08-bd46-99db91392460/720p/video.m3u8,720p,surrit.com
https://missav123.com/en/huntc-248,huntc-248,https://surrit.com/cf7e7c4e-830d-4f08-bd46-99db91392460/playlist.m3u8,playlist,surrit.com
https://missav123.com/en/huntc-253,huntc-253,https://surrit.com/12e4fcf1-dbf6-47d3-82f0-bc5bb2cbd0cf/720p/video.m3u8,720p,surrit.com
https://missav123.com/en/huntc-253,huntc-253,https://surrit.com/12e4fcf1-dbf6-47d3-82f0-bc5bb2cbd0cf/playlist.m3u8,playlist,surrit.com
https://missav123.com/en/huntc-277,huntc-277,https://surrit.com/2c705428-4743-4cc4-b44e-eaffcccec1d3/720p/video.m3u8,720p,surrit.com
https://missav123.com/en/huntc-277,huntc-277,https://surrit.com/2c705428-4743-4cc4-b44e-eaffcccec1d3/playlist.m3u8,playlist,surrit.com
https://missav123.com/en/huntc-284,huntc-284,https://surrit.com/f9e2b05e-ed63-4570-8f7d-f41222d37329/720p/video.m3u8,720p,surrit.com
https://missav123.com/en/huntc-284,huntc-284,https://surrit.com/f9e2b05e-ed63-4570-8f7d-f41222d37329/playlist.m3u8,playlist,surrit.com
https://missav123.com/en/huntc-315,huntc-315,https://surrit.com/b07e4002-d433-4856-821a-bfc8f8c833c2/720p/video.m3u8,720p,surrit.com
https://missav123.com/en/huntc-315,huntc-315,https://surrit.com/b07e4002-d433-4856-821a-bfc8f8c833c2/playlist.m3u8,playlist,surrit.com
https://missav123.com/en/huntc-315-uncensored-leak,huntc-315,https://surrit.com/cd2ffc82-846b-4a34-bf4e-5fe77a5e9de4/1080p/video.m3u8,1080p,surrit.com
https://missav123.com/en/huntc-315-uncensored-leak,huntc-315,https://surrit.com/cd2ffc82-846b-4a34-bf4e-5fe77a5e9de4/720p/video.m3u8,720p,surrit.com
https://missav123.com/en/huntc-315-uncensored-leak,huntc-315,https://surrit.com/cd2ffc82-846b-4a34-bf4e-5fe77a5e9de4/playlist.m3u8,playlist,surrit.com
https://missav123.com/en/huntc-319,huntc-319,https://surrit.com/d2132de7-9905-49f2-ba3e-f5d2942f983b/720p/video.m3u8,720p,surrit.com
https://missav123.com/en/huntc-319,huntc-319,https://surrit.com/d2132de7-9905-49f2-ba3e-f5d2942f983b/playlist.m3u8,playlist,surrit.com
https://missav123.com/en/huntc-319-uncensored-leak,huntc-319,https://surrit.com/06f4a420-6a2e-41a8-ae5b-d2fe8268f8b5/1080p/video.m3u8,1080p,surrit.com
https://missav123.com/en/huntc-319-uncensored-leak,huntc-319,https://surrit.com/06f4a420-6a2e-41a8-ae5b-d2fe8268f8b5/720p/video.m3u8,720p,surrit.com
https://missav123.com/en/huntc-319-uncensored-leak,huntc-319,https://surrit.com/06f4a420-6a2e-41a8-ae5b-d2fe8268f8b5/playlist.m3u8,playlist,surrit.com
https://missav123.com/en/huntc-330,huntc-330,https://surrit.com/b40ef5a4-eb06-43fe-bca2-4cb722ec098d/1080p/video.m3u8,1080p,surrit.com
https://missav123.com/en/huntc-330,huntc-330,https://surrit.com/b40ef5a4-eb06-43fe-bca2-4cb722ec098d/720p/video.m3u8,720p,surrit.com
https://missav123.com/en/huntc-330,huntc-330,https://surrit.com/b40ef5a4-eb06-43fe-bca2-4cb722ec098d/playlist.m3u8,playlist,surrit.com
https://missav123.com/en/huntc-345,huntc-345,https://surrit.com/a9179c3f-c418-4f35-92cc-4379879e3932/1080p/video.m3u8,1080p,surrit.com
https://missav123.com/en/huntc-345,huntc-345,https://surrit.com/a9179c3f-c418-4f35-92cc-4379879e3932/720p/video.m3u8,720p,surrit.com
https://missav123.com/en/huntc-345,huntc-345,https://surrit.com/a9179c3f-c418-4f35-92cc-4379879e3932/playlist.m3u8,playlist,surrit.com
https://missav123.com/en/huntc-345-uncensored-leak,huntc-345,https://surrit.com/feb8d269-6415-4452-b08c-99ac8df9340a/1080p/video.m3u8,1080p,surrit.com
https://missav123.com/en/huntc-345-uncensored-leak,huntc-345,https://surrit.com/feb8d269-6415-4452-b08c-99ac8df9340a/720p/video.m3u8,720p,surrit.com
https://missav123.com/en/huntc-345-uncensored-leak,huntc-345,https://surrit.com/feb8d269-6415-4452-b08c-99ac8df9340a/playlist.m3u8,playlist,surrit.com
https://missav123.com/en/huntc-353,huntc-353,https://surrit.com/b43a7b66-ce92-49ff-9771-74fb0a7dcfb2/1080p/video.m3u8,1080p,surrit.com
https://missav123.com/en/huntc-353,huntc-353,https://surrit.com/b43a7b66-ce92-49ff-9771-74fb0a7dcfb2/720p/video.m3u8,720p,surrit.com
https://missav123.com/en/huntc-353,huntc-353,https://surrit.com/b43a7b66-ce92-49ff-9771-74fb0a7dcfb2/playlist.m3u8,playlist,surrit.com
https://missav123.com/en/huntc-356,huntc-356,https://surrit.com/3d88ef7f-ac0d-43ec-8a1f-bf281460bf8f/1080p/video.m3u8,1080p,surrit.com
https://missav123.com/en/huntc-356,huntc-356,https://surrit.com/3d88ef7f-ac0d-43ec-8a1f-bf281460bf8f/720p/video.m3u8,720p,surrit.com
https://missav123.com/en/huntc-356,huntc-356,https://surrit.com/3d88ef7f-ac0d-43ec-8a1f-bf281460bf8f/playlist.m3u8,playlist,surrit.com
https://missav123.com/en/huntc-371,huntc-371,https://surrit.com/ae3c8bbd-8bdd-4ccc-aaab-254d5591fcfd/720p/video.m3u8,720p,surrit.com
https://missav123.com/en/huntc-371,huntc-371,https://surrit.com/ae3c8bbd-8bdd-4ccc-aaab-254d5591fcfd/playlist.m3u8,playlist,surrit.com
https://missav123.com/en/huntc-384,huntc-384,https://surrit.com/38746239-9066-48c6-b65a-2dc179ac1a5d/1080p/video.m3u8,1080p,surrit.com
https://missav123.com/en/huntc-384,huntc-384,https://surrit.com/38746239-9066-48c6-b65a-2dc179ac1a5d/720p/video.m3u8,720p,surrit.com
https://missav123.com/en/huntc-384,huntc-384,https://surrit.com/38746239-9066-48c6-b65a-2dc179ac1a5d/playlist.m3u8,playlist,surrit.com
https://missav123.com/en/huntc-386,huntc-386,https://surrit.com/55a126f3-c1e3-4e45-b581-92b41fb24946/1080p/video.m3u8,1080p,surrit.com
https://missav123.com/en/huntc-386,huntc-386,https://surrit.com/55a126f3-c1e3-4e45-b581-92b41fb24946/720p/video.m3u8,720p,surrit.com
https://missav123.com/en/huntc-386,huntc-386,https://surrit.com/55a126f3-c1e3-4e45-b581-92b41fb24946/playlist.m3u8,playlist,surrit.com
https://missav123.com/en/huntc-410-uncensored-leak,huntc-410,https://surrit.com/2e055248-1854-4988-8ff6-8e827e80cee5/1080p/video.m3u8,1080p,surrit.com
https://missav123.com/en/huntc-410-uncensored-leak,huntc-410,https://surrit.com/2e055248-1854-4988-8ff6-8e827e80cee5/720p/video.m3u8,720p,surrit.com
https://missav123.com/en/huntc-410-uncensored-leak,huntc-410,https://surrit.com/2e055248-1854-4988-8ff6-8e827e80cee5/playlist.m3u8,playlist,surrit.com
https://missav123.com/en/huntc-435,huntc-435,https://surrit.com/01e02592-4f13-476f-b1a0-c6c20d1a90e5/1080p/video.m3u8,1080p,surrit.com
https://missav123.com/en/huntc-435,huntc-435,https://surrit.com/01e02592-4f13-476f-b1a0-c6c20d1a90e5/720p/video.m3u8,720p,surrit.com
https://missav123.com/en/huntc-435,huntc-435,https://surrit.com/01e02592-4f13-476f-b1a0-c6c20d1a90e5/playlist.m3u8,playlist,surrit.com
https://missav123.com/en/huntc-435-uncensored-leak,huntc-435,https://surrit.com/9f495c28-f588-4d5d-8412-da5ab868fbd0/1080p/video.m3u8,1080p,surrit.com
https://missav123.com/en/huntc-435-uncensored-leak,huntc-435,https://surrit.com/9f495c28-f588-4d5d-8412-da5ab868fbd0/720p/video.m3u8,720p,surrit.com
https://missav123.com/en/huntc-435-uncensored-leak,huntc-435,https://surrit.com/9f495c28-f588-4d5d-8412-da5ab868fbd0/playlist.m3u8,playlist,surrit.com
https://missav123.com/en/huntc-443,huntc-443,https://surrit.com/dc67738f-eecc-49c7-a9b3-0d40b914d0d1/1080p/video.m3u8,1080p,surrit.com
https://missav123.com/en/huntc-443,huntc-443,https://surrit.com/dc67738f-eecc-49c7-a9b3-0d40b914d0d1/720p/video.m3u8,720p,surrit.com
https://missav123.com/en/huntc-443,huntc-443,https://surrit.com/dc67738f-eecc-49c7-a9b3-0d40b914d0d1/playlist.m3u8,playlist,surrit.com
https://missav123.com/en/huntc-463,huntc-463,https://surrit.com/ce0b2b84-34f6-4514-b4bd-88852008cec5/1080p/video.m3u8,1080p,surrit.com
https://missav123.com/en/huntc-463,huntc-463,https://surrit.com/ce0b2b84-34f6-4514-b4bd-88852008cec5/720p/video.m3u8,720p,surrit.com
https://missav123.com/en/huntc-463,huntc-463,https://surrit.com/ce0b2b84-34f6-4514-b4bd-88852008cec5/playlist.m3u8,playlist,surrit.com
https://missav123.com/en/huntc-467,huntc-467,https://surrit.com/a0c632e4-9bcd-457f-8755-0987ac80cee2/1080p/video.m3u8,1080p,surrit.com
https://missav123.com/en/huntc-467,huntc-467,https://surrit.com/a0c632e4-9bcd-457f-8755-0987ac80cee2/720p/video.m3u8,720p,surrit.com
https://missav123.com/en/huntc-467,huntc-467,https://surrit.com/a0c632e4-9bcd-457f-8755-0987ac80cee2/playlist.m3u8,playlist,surrit.com
https://missav123.com/en/huntc-467-uncensored-leak,huntc-467,https://surrit.com/40e3076c-2130-499e-a36a-d24fa308b5ab/1080p/video.m3u8,1080p,surrit.com
https://missav123.com/en/huntc-467-uncensored-leak,huntc-467,https://surrit.com/40e3076c-2130-499e-a36a-d24fa308b5ab/720p/video.m3u8,720p,surrit.com
https://missav123.com/en/huntc-467-uncensored-leak,huntc-467,https://surrit.com/40e3076c-2130-499e-a36a-d24fa308b5ab/playlist.m3u8,playlist,surrit.com
https://missav123.com/en/id-011-3,id-011-3,https://surrit.com/8035c891-f607-44fc-970f-b7f0581e79f6/720p/video.m3u8,720p,surrit.com
https://missav123.com/en/id-011-3,id-011-3,https://surrit.com/8035c891-f607-44fc-970f-b7f0581e79f6/playlist.m3u8,playlist,surrit.com
https://missav123.com/en/inmr-038,inmr-038,https://surrit.com/4bcdd49b-b1b2-41cb-b155-fc3121fc8c8e/1080p/video.m3u8,1080p,surrit.com
https://missav123.com/en/inmr-038,inmr-038,https://surrit.com/4bcdd49b-b1b2-41cb-b155-fc3121fc8c8e/720p/video.m3u8,720p,surrit.com
https://missav123.com/en/inmr-038,inmr-038,https://surrit.com/4bcdd49b-b1b2-41cb-b155-fc3121fc8c8e/playlist.m3u8,playlist,surrit.com
https://missav123.com/en/ipzz-483-english-subtitle,ipzz-483,https://surrit.com/a8f77950-dff2-40e0-8b30-f8394d18abcb/1080p/video.m3u8,1080p,surrit.com
https://missav123.com/en/ipzz-483-english-subtitle,ipzz-483,https://surrit.com/a8f77950-dff2-40e0-8b30-f8394d18abcb/720p/video.m3u8,720p,surrit.com
https://missav123.com/en/ipzz-483-english-subtitle,ipzz-483,https://surrit.com/a8f77950-dff2-40e0-8b30-f8394d18abcb/playlist.m3u8,playlist,surrit.com
https://missav123.com/en/ipzz-498-english-subtitle,ipzz-498,https://surrit.com/c29784cf-6833-4afd-b874-3fcb373614eb/1080p/video.m3u8,1080p,surrit.com
https://missav123.com/en/ipzz-498-english-subtitle,ipzz-498,https://surrit.com/c29784cf-6833-4afd-b874-3fcb373614eb/720p/video.m3u8,720p,surrit.com
https://missav123.com/en/ipzz-498-english-subtitle,ipzz-498,https://surrit.com/c29784cf-6833-4afd-b874-3fcb373614eb/playlist.m3u8,playlist,surrit.com
https://missav123.com/en/ipzz-507-english-subtitle,ipzz-507,https://surrit.com/9b6d76c9-ad9d-42e2-a46d-c35512e7aa48/720p/video.m3u8,720p,surrit.com
https://missav123.com/en/ipzz-507-english-subtitle,ipzz-507,https://surrit.com/9b6d76c9-ad9d-42e2-a46d-c35512e7aa48/playlist.m3u8,playlist,surrit.com
https://missav123.com/en/ipzz-522-english-subtitle,ipzz-522,https://surrit.com/1f2c0f9d-73c0-4353-b01f-c7cacd8b9867/1080p/video.m3u8,1080p,surrit.com
https://missav123.com/en/ipzz-522-english-subtitle,ipzz-522,https://surrit.com/1f2c0f9d-73c0-4353-b01f-c7cacd8b9867/720p/video.m3u8,720p,surrit.com
https://missav123.com/en/ipzz-522-english-subtitle,ipzz-522,https://surrit.com/1f2c0f9d-73c0-4353-b01f-c7cacd8b9867/playlist.m3u8,playlist,surrit.com
https://missav123.com/en/ipzz-524-english-subtitle,ipzz-524,https://surrit.com/1b27a641-8f50-437f-a6a2-01345e879237/1080p/video.m3u8,1080p,surrit.com
https://missav123.com/en/ipzz-524-english-subtitle,ipzz-524,https://surrit.com/1b27a641-8f50-437f-a6a2-01345e879237/720p/video.m3u8,720p,surrit.com
https://missav123.com/en/ipzz-524-english-subtitle,ipzz-524,https://surrit.com/1b27a641-8f50-437f-a6a2-01345e879237/playlist.m3u8,playlist,surrit.com
https://missav123.com/en/ipzz-541-english-subtitle,ipzz-541,https://surrit.com/530fcfbf-35b0-4019-be9e-5b6305833081/1080p/video.m3u8,1080p,surrit.com
https://missav123.com/en/ipzz-541-english-subtitle,ipzz-541,https://surrit.com/530fcfbf-35b0-4019-be9e-5b6305833081/720p/video.m3u8,720p,surrit.com
https://missav123.com/en/ipzz-541-english-subtitle,ipzz-541,https://surrit.com/530fcfbf-35b0-4019-be9e-5b6305833081/playlist.m3u8,playlist,surrit.com
https://missav123.com/en/ipzz-913,ipzz-913,https://surrit.com/4a4e6d3e-3a02-477a-b518-cb789a646b62/720p/video.m3u8,720p,surrit.com
https://missav123.com/en/ipzz-913,ipzz-913,https://surrit.com/4a4e6d3e-3a02-477a-b518-cb789a646b62/playlist.m3u8,playlist,surrit.com
https://missav123.com/en/jjee-006-english-subtitle,jjee-006,https://surrit.com/ecf55294-29a7-41ca-bd7d-3ef778e85d53/1080p/video.m3u8,1080p,surrit.com
https://missav123.com/en/jjee-006-english-subtitle,jjee-006,https://surrit.com/ecf55294-29a7-41ca-bd7d-3ef778e85d53/720p/video.m3u8,720p,surrit.com
https://missav123.com/en/jjee-006-english-subtitle,jjee-006,https://surrit.com/ecf55294-29a7-41ca-bd7d-3ef778e85d53/playlist.m3u8,playlist,surrit.com
https://missav123.com/en/jksr-63101,jksr-63101,https://surrit.com/27feabab-b883-411d-8ca7-584ca8347345/1080p/video.m3u8,1080p,surrit.com
https://missav123.com/en/jksr-63101,jksr-63101,https://surrit.com/27feabab-b883-411d-8ca7-584ca8347345/720p/video.m3u8,720p,surrit.com
https://missav123.com/en/jksr-63101,jksr-63101,https://surrit.com/27feabab-b883-411d-8ca7-584ca8347345/playlist.m3u8,playlist,surrit.com
https://missav123.com/en/jksr-63102,jksr-63102,https://surrit.com/9162c314-f698-45ad-93ad-d62832edaa7f/1080p/video.m3u8,1080p,surrit.com
https://missav123.com/en/jksr-63102,jksr-63102,https://surrit.com/9162c314-f698-45ad-93ad-d62832edaa7f/720p/video.m3u8,720p,surrit.com
https://missav123.com/en/jksr-63102,jksr-63102,https://surrit.com/9162c314-f698-45ad-93ad-d62832edaa7f/playlist.m3u8,playlist,surrit.com
https://missav123.com/en/jnt-124,jnt-124,https://surrit.com/162bd639-3804-4af4-89e5-de5424371822/720p/video.m3u8,720p,surrit.com
https://missav123.com/en/jnt-124,jnt-124,https://surrit.com/162bd639-3804-4af4-89e5-de5424371822/playlist.m3u8,playlist,surrit.com
https://missav123.com/en/jur-023-english-subtitle,jur-023,https://surrit.com/0d7006dc-6b8a-48af-9593-414763d36874/1080p/video.m3u8,1080p,surrit.com
https://missav123.com/en/jur-023-english-subtitle,jur-023,https://surrit.com/0d7006dc-6b8a-48af-9593-414763d36874/720p/video.m3u8,720p,surrit.com
https://missav123.com/en/jur-023-english-subtitle,jur-023,https://surrit.com/0d7006dc-6b8a-48af-9593-414763d36874/playlist.m3u8,playlist,surrit.com
https://missav123.com/en/jur-024-english-subtitle,jur-024,https://surrit.com/9b87503a-1f08-45db-ad43-370ce70663f2/720p/video.m3u8,720p,surrit.com
https://missav123.com/en/jur-024-english-subtitle,jur-024,https://surrit.com/9b87503a-1f08-45db-ad43-370ce70663f2/playlist.m3u8,playlist,surrit.com
https://missav123.com/en/jur-029-english-subtitle,jur-029,https://surrit.com/8147cdc7-780d-4ced-acbf-47c1ec22548a/1080p/video.m3u8,1080p,surrit.com
https://missav123.com/en/jur-029-english-subtitle,jur-029,https://surrit.com/8147cdc7-780d-4ced-acbf-47c1ec22548a/720p/video.m3u8,720p,surrit.com
https://missav123.com/en/jur-029-english-subtitle,jur-029,https://surrit.com/8147cdc7-780d-4ced-acbf-47c1ec22548a/playlist.m3u8,playlist,surrit.com
https://missav123.com/en/jur-188-english-subtitle,jur-188,https://surrit.com/24c57418-ce6b-4983-8abc-12f886fda1a2/1080p/video.m3u8,1080p,surrit.com
https://missav123.com/en/jur-188-english-subtitle,jur-188,https://surrit.com/24c57418-ce6b-4983-8abc-12f886fda1a2/720p/video.m3u8,720p,surrit.com
https://missav123.com/en/jur-188-english-subtitle,jur-188,https://surrit.com/24c57418-ce6b-4983-8abc-12f886fda1a2/playlist.m3u8,playlist,surrit.com
https://missav123.com/en/jur-197-english-subtitle,jur-197,https://surrit.com/72702fd7-1b3a-4ac5-973d-0f5981f01652/1080p/video.m3u8,1080p,surrit.com
https://missav123.com/en/jur-197-english-subtitle,jur-197,https://surrit.com/72702fd7-1b3a-4ac5-973d-0f5981f01652/720p/video.m3u8,720p,surrit.com
https://missav123.com/en/jur-197-english-subtitle,jur-197,https://surrit.com/72702fd7-1b3a-4ac5-973d-0f5981f01652/playlist.m3u8,playlist,surrit.com
https://missav123.com/en/jur-206-english-subtitle,jur-206,https://surrit.com/7001a66a-4263-4df6-bbf8-03cd67fd3627/1080p/video.m3u8,1080p,surrit.com
https://missav123.com/en/jur-206-english-subtitle,jur-206,https://surrit.com/7001a66a-4263-4df6-bbf8-03cd67fd3627/720p/video.m3u8,720p,surrit.com
https://missav123.com/en/jur-206-english-subtitle,jur-206,https://surrit.com/7001a66a-4263-4df6-bbf8-03cd67fd3627/playlist.m3u8,playlist,surrit.com
https://missav123.com/en/jur-231-english-subtitle,jur-231,https://surrit.com/21da847a-a6c4-47a6-bbea-b98f04792ebd/1080p/video.m3u8,1080p,surrit.com
https://missav123.com/en/jur-231-english-subtitle,jur-231,https://surrit.com/21da847a-a6c4-47a6-bbea-b98f04792ebd/720p/video.m3u8,720p,surrit.com
https://missav123.com/en/jur-231-english-subtitle,jur-231,https://surrit.com/21da847a-a6c4-47a6-bbea-b98f04792ebd/playlist.m3u8,playlist,surrit.com
https://missav123.com/en/jur-234-english-subtitle,jur-234,https://surrit.com/81971fb3-3b94-4ef9-a39c-249c23e5251b/720p/video.m3u8,720p,surrit.com
https://missav123.com/en/jur-234-english-subtitle,jur-234,https://surrit.com/81971fb3-3b94-4ef9-a39c-249c23e5251b/playlist.m3u8,playlist,surrit.com
https://missav123.com/en/jura-211,jura-211,https://surrit.com/7d4fd782-4a96-4a99-86a8-21199ce51d9a/720p/video.m3u8,720p,surrit.com
https://missav123.com/en/jura-211,jura-211,https://surrit.com/7d4fd782-4a96-4a99-86a8-21199ce51d9a/playlist.m3u8,playlist,surrit.com
https://missav123.com/en/juta-165-english-subtitle,juta-165,https://surrit.com/9c0ab6e5-5fdb-4953-b9c0-fa40c6cdd822/1080p/video.m3u8,1080p,surrit.com
https://missav123.com/en/juta-165-english-subtitle,juta-165,https://surrit.com/9c0ab6e5-5fdb-4953-b9c0-fa40c6cdd822/720p/video.m3u8,720p,surrit.com
https://missav123.com/en/juta-165-english-subtitle,juta-165,https://surrit.com/9c0ab6e5-5fdb-4953-b9c0-fa40c6cdd822/playlist.m3u8,playlist,surrit.com
https://missav123.com/en/ksbj-369-english-subtitle,ksbj-369,https://surrit.com/53ab749b-afbd-4103-84db-7ccac948cdf9/1080p/video.m3u8,1080p,surrit.com
https://missav123.com/en/ksbj-369-english-subtitle,ksbj-369,https://surrit.com/53ab749b-afbd-4103-84db-7ccac948cdf9/720p/video.m3u8,720p,surrit.com
https://missav123.com/en/ksbj-369-english-subtitle,ksbj-369,https://surrit.com/53ab749b-afbd-4103-84db-7ccac948cdf9/playlist.m3u8,playlist,surrit.com
https://missav123.com/en/ksbj-445-uncensored-leak,ksbj-445,https://surrit.com/d4899860-6b39-4a98-a792-832558ec7b77/1080p/video.m3u8,1080p,surrit.com
https://missav123.com/en/ksbj-445-uncensored-leak,ksbj-445,https://surrit.com/d4899860-6b39-4a98-a792-832558ec7b77/720p/video.m3u8,720p,surrit.com
https://missav123.com/en/ksbj-445-uncensored-leak,ksbj-445,https://surrit.com/d4899860-6b39-4a98-a792-832558ec7b77/playlist.m3u8,playlist,surrit.com
https://missav123.com/en/lafbd-020,lafbd-020,https://surrit.com/e61b581c-2c53-4a3c-8590-dc8543cfe837/720p/video.m3u8,720p,surrit.com
https://missav123.com/en/lafbd-020,lafbd-020,https://surrit.com/e61b581c-2c53-4a3c-8590-dc8543cfe837/playlist.m3u8,playlist,surrit.com
https://missav123.com/en/lock-017,lock-017,https://surrit.com/fcc4cc40-0005-4aa7-89af-f98fd32888af/720p/video.m3u8,720p,surrit.com
https://missav123.com/en/lock-017,lock-017,https://surrit.com/fcc4cc40-0005-4aa7-89af-f98fd32888af/playlist.m3u8,playlist,surrit.com
https://missav123.com/en/lock-017-uncensored-leak,lock-017,https://surrit.com/ca1bc0be-df7c-46ce-a075-c6b432038634/1080p/video.m3u8,1080p,surrit.com
https://missav123.com/en/lock-017-uncensored-leak,lock-017,https://surrit.com/ca1bc0be-df7c-46ce-a075-c6b432038634/720p/video.m3u8,720p,surrit.com
https://missav123.com/en/lock-017-uncensored-leak,lock-017,https://surrit.com/ca1bc0be-df7c-46ce-a075-c6b432038634/playlist.m3u8,playlist,surrit.com
https://missav123.com/en/maan-1195,maan-1195,https://surrit.com/529ab045-d846-4fc4-96bf-9cff72293587/1080p/video.m3u8,1080p,surrit.com
https://missav123.com/en/maan-1195,maan-1195,https://surrit.com/529ab045-d846-4fc4-96bf-9cff72293587/720p/video.m3u8,720p,surrit.com
https://missav123.com/en/maan-1195,maan-1195,https://surrit.com/529ab045-d846-4fc4-96bf-9cff72293587/playlist.m3u8,playlist,surrit.com
https://missav123.com/en/mesu-145,mesu-145,https://surrit.com/b3c72c0e-9e53-45ad-b519-425bc48bc837/720p/video.m3u8,720p,surrit.com
https://missav123.com/en/mesu-145,mesu-145,https://surrit.com/b3c72c0e-9e53-45ad-b519-425bc48bc837/playlist.m3u8,playlist,surrit.com
https://missav123.com/en/mesu-146,mesu-146,https://surrit.com/49c6e0c4-ef8c-4d8f-967f-00acb50ef8ad/720p/video.m3u8,720p,surrit.com
https://missav123.com/en/mesu-146,mesu-146,https://surrit.com/49c6e0c4-ef8c-4d8f-967f-00acb50ef8ad/playlist.m3u8,playlist,surrit.com
https://missav123.com/en/meyd-970-english-subtitle,meyd-970,https://surrit.com/9f50ca70-134a-4ee4-9d4e-7e84ae88abfc/1080p/video.m3u8,1080p,surrit.com
https://missav123.com/en/meyd-970-english-subtitle,meyd-970,https://surrit.com/9f50ca70-134a-4ee4-9d4e-7e84ae88abfc/720p/video.m3u8,720p,surrit.com
https://missav123.com/en/meyd-970-english-subtitle,meyd-970,https://surrit.com/9f50ca70-134a-4ee4-9d4e-7e84ae88abfc/playlist.m3u8,playlist,surrit.com
https://missav123.com/en/meyd-983-english-subtitle,meyd-983,https://surrit.com/008349de-4868-4e0f-bb1c-75887e6a9a25/1080p/video.m3u8,1080p,surrit.com
https://missav123.com/en/meyd-983-english-subtitle,meyd-983,https://surrit.com/008349de-4868-4e0f-bb1c-75887e6a9a25/720p/video.m3u8,720p,surrit.com
https://missav123.com/en/meyd-983-english-subtitle,meyd-983,https://surrit.com/008349de-4868-4e0f-bb1c-75887e6a9a25/playlist.m3u8,playlist,surrit.com
https://missav123.com/en/meyd-990-english-subtitle,meyd-990,https://surrit.com/245615ea-efb0-4f07-9853-f52e8054b428/1080p/video.m3u8,1080p,surrit.com
https://missav123.com/en/meyd-990-english-subtitle,meyd-990,https://surrit.com/245615ea-efb0-4f07-9853-f52e8054b428/720p/video.m3u8,720p,surrit.com
https://missav123.com/en/meyd-990-english-subtitle,meyd-990,https://surrit.com/245615ea-efb0-4f07-9853-f52e8054b428/playlist.m3u8,playlist,surrit.com
https://missav123.com/en/meyd-996-english-subtitle,meyd-996,https://surrit.com/75ba6797-c633-4976-bbc2-251f34b9ffe1/1080p/video.m3u8,1080p,surrit.com
https://missav123.com/en/meyd-996-english-subtitle,meyd-996,https://surrit.com/75ba6797-c633-4976-bbc2-251f34b9ffe1/720p/video.m3u8,720p,surrit.com
https://missav123.com/en/meyd-996-english-subtitle,meyd-996,https://surrit.com/75ba6797-c633-4976-bbc2-251f34b9ffe1/playlist.m3u8,playlist,surrit.com
https://missav123.com/en/mfcl-032-uncensored-leak,mfcl-032,https://surrit.com/7a2fb6fc-9fb7-4de9-bfa5-fa3871f212e4/1080p/video.m3u8,1080p,surrit.com
https://missav123.com/en/mfcl-032-uncensored-leak,mfcl-032,https://surrit.com/7a2fb6fc-9fb7-4de9-bfa5-fa3871f212e4/720p/video.m3u8,720p,surrit.com
https://missav123.com/en/mfcl-032-uncensored-leak,mfcl-032,https://surrit.com/7a2fb6fc-9fb7-4de9-bfa5-fa3871f212e4/playlist.m3u8,playlist,surrit.com
https://missav123.com/en/mfyd-003-english-subtitle,mfyd-003,https://surrit.com/9e21eb6d-8c85-43e3-8fae-2b5cdb7be491/1080p/video.m3u8,1080p,surrit.com
https://missav123.com/en/mfyd-003-english-subtitle,mfyd-003,https://surrit.com/9e21eb6d-8c85-43e3-8fae-2b5cdb7be491/720p/video.m3u8,720p,surrit.com
https://missav123.com/en/mfyd-003-english-subtitle,mfyd-003,https://surrit.com/9e21eb6d-8c85-43e3-8fae-2b5cdb7be491/playlist.m3u8,playlist,surrit.com
https://missav123.com/en/mfyd-188,mfyd-188,https://surrit.com/ea05f912-faac-40cf-9e14-7dfbeb175518/720p/video.m3u8,720p,surrit.com
https://missav123.com/en/mfyd-188,mfyd-188,https://surrit.com/ea05f912-faac-40cf-9e14-7dfbeb175518/playlist.m3u8,playlist,surrit.com
https://missav123.com/en/mfyd-188-uncensored-leak,mfyd-188,https://surrit.com/b9d6c047-dbe1-47ba-87c4-6865511e2379/1080p/video.m3u8,1080p,surrit.com
https://missav123.com/en/mfyd-188-uncensored-leak,mfyd-188,https://surrit.com/b9d6c047-dbe1-47ba-87c4-6865511e2379/720p/video.m3u8,720p,surrit.com
https://missav123.com/en/mfyd-188-uncensored-leak,mfyd-188,https://surrit.com/b9d6c047-dbe1-47ba-87c4-6865511e2379/playlist.m3u8,playlist,surrit.com
https://missav123.com/en/mgnl-176-uncensored-leak,mgnl-176,https://surrit.com/9660e0ec-cc8a-4d4d-bb58-defe8c630dee/720p/video.m3u8,720p,surrit.com
https://missav123.com/en/mgnl-176-uncensored-leak,mgnl-176,https://surrit.com/9660e0ec-cc8a-4d4d-bb58-defe8c630dee/playlist.m3u8,playlist,surrit.com
https://missav123.com/en/mgnl-193,mgnl-193,https://surrit.com/26918d81-9832-4533-a9f4-680b5d8f3cae/720p/video.m3u8,720p,surrit.com
https://missav123.com/en/mgnl-193,mgnl-193,https://surrit.com/26918d81-9832-4533-a9f4-680b5d8f3cae/playlist.m3u8,playlist,surrit.com
https://missav123.com/en/mgnl-193-uncensored-leak,mgnl-193,https://surrit.com/a83d6b82-0ea4-463b-b5c8-07c9b340cb1c/1080p/video.m3u8,1080p,surrit.com
https://missav123.com/en/mgnl-193-uncensored-leak,mgnl-193,https://surrit.com/a83d6b82-0ea4-463b-b5c8-07c9b340cb1c/720p/video.m3u8,720p,surrit.com
https://missav123.com/en/mgnl-193-uncensored-leak,mgnl-193,https://surrit.com/a83d6b82-0ea4-463b-b5c8-07c9b340cb1c/playlist.m3u8,playlist,surrit.com
https://missav123.com/en/mgnl-195,mgnl-195,https://surrit.com/7d025e1d-26b4-4970-9c49-e06ce3591e56/720p/video.m3u8,720p,surrit.com
https://missav123.com/en/mgnl-195,mgnl-195,https://surrit.com/7d025e1d-26b4-4970-9c49-e06ce3591e56/playlist.m3u8,playlist,surrit.com
https://missav123.com/en/mgnl-195-uncensored-leak,mgnl-195,https://surrit.com/33d3751c-b4e4-4acf-88ec-667b3f463d15/1080p/video.m3u8,1080p,surrit.com
https://missav123.com/en/mgnl-195-uncensored-leak,mgnl-195,https://surrit.com/33d3751c-b4e4-4acf-88ec-667b3f463d15/720p/video.m3u8,720p,surrit.com
https://missav123.com/en/mgnl-195-uncensored-leak,mgnl-195,https://surrit.com/33d3751c-b4e4-4acf-88ec-667b3f463d15/playlist.m3u8,playlist,surrit.com
https://missav123.com/en/mgnl-197,mgnl-197,https://surrit.com/bd697c31-a91d-4aaa-a414-7b2d9e9f53f9/720p/video.m3u8,720p,surrit.com
https://missav123.com/en/mgnl-197,mgnl-197,https://surrit.com/bd697c31-a91d-4aaa-a414-7b2d9e9f53f9/playlist.m3u8,playlist,surrit.com
https://missav123.com/en/mgnl-197-uncensored-leak,mgnl-197,https://surrit.com/4786bf59-17fc-4001-8a7c-e99b16ab439a/1080p/video.m3u8,1080p,surrit.com
https://missav123.com/en/mgnl-197-uncensored-leak,mgnl-197,https://surrit.com/4786bf59-17fc-4001-8a7c-e99b16ab439a/720p/video.m3u8,720p,surrit.com
https://missav123.com/en/mgnl-197-uncensored-leak,mgnl-197,https://surrit.com/4786bf59-17fc-4001-8a7c-e99b16ab439a/playlist.m3u8,playlist,surrit.com
https://missav123.com/en/miab-375-english-subtitle,miab-375,https://surrit.com/995f6ce2-30b7-42d8-b05f-8da2f444b8be/1080p/video.m3u8,1080p,surrit.com
https://missav123.com/en/miab-375-english-subtitle,miab-375,https://surrit.com/995f6ce2-30b7-42d8-b05f-8da2f444b8be/720p/video.m3u8,720p,surrit.com
https://missav123.com/en/miab-375-english-subtitle,miab-375,https://surrit.com/995f6ce2-30b7-42d8-b05f-8da2f444b8be/playlist.m3u8,playlist,surrit.com
https://missav123.com/en/miab-428-english-subtitle,miab-428,https://surrit.com/2944e1b6-eb0d-4c6d-88d5-5864a3422b45/720p/video.m3u8,720p,surrit.com
https://missav123.com/en/miab-428-english-subtitle,miab-428,https://surrit.com/2944e1b6-eb0d-4c6d-88d5-5864a3422b45/playlist.m3u8,playlist,surrit.com
https://missav123.com/en/miab-431-english-subtitle,miab-431,https://surrit.com/5f3042e1-ef15-4587-b6aa-eff98b928a31/720p/video.m3u8,720p,surrit.com
https://missav123.com/en/miab-431-english-subtitle,miab-431,https://surrit.com/5f3042e1-ef15-4587-b6aa-eff98b928a31/playlist.m3u8,playlist,surrit.com
https://missav123.com/en/miab-433-english-subtitle,miab-433,https://surrit.com/36e3b730-6ead-4b21-8941-760a5a9fc20a/1080p/video.m3u8,1080p,surrit.com
https://missav123.com/en/miab-433-english-subtitle,miab-433,https://surrit.com/36e3b730-6ead-4b21-8941-760a5a9fc20a/720p/video.m3u8,720p,surrit.com
https://missav123.com/en/miab-433-english-subtitle,miab-433,https://surrit.com/36e3b730-6ead-4b21-8941-760a5a9fc20a/playlist.m3u8,playlist,surrit.com
https://missav123.com/en/miab-472-english-subtitle,miab-472,https://surrit.com/42af7388-1324-46ba-be0c-fc21fbba5b7f/720p/video.m3u8,720p,surrit.com
https://missav123.com/en/miab-472-english-subtitle,miab-472,https://surrit.com/42af7388-1324-46ba-be0c-fc21fbba5b7f/playlist.m3u8,playlist,surrit.com
https://missav123.com/en/mida-098-english-subtitle,mida-098,https://surrit.com/00f6943b-20f5-4e6d-a781-397da7c7cf57/480p/video.m3u8,480p,surrit.com
https://missav123.com/en/mida-098-english-subtitle,mida-098,https://surrit.com/00f6943b-20f5-4e6d-a781-397da7c7cf57/playlist.m3u8,playlist,surrit.com
https://missav123.com/en/mida-130-english-subtitle,mida-130,https://surrit.com/1b71b01a-996d-461b-84aa-ea0ad7185842/1080p/video.m3u8,1080p,surrit.com
https://missav123.com/en/mida-130-english-subtitle,mida-130,https://surrit.com/1b71b01a-996d-461b-84aa-ea0ad7185842/720p/video.m3u8,720p,surrit.com
https://missav123.com/en/mida-130-english-subtitle,mida-130,https://surrit.com/1b71b01a-996d-461b-84aa-ea0ad7185842/playlist.m3u8,playlist,surrit.com
https://missav123.com/en/mida-708,mida-708,https://surrit.com/f6251ace-35cf-423f-a63b-616c869e67f6/720p/video.m3u8,720p,surrit.com
https://missav123.com/en/mida-708,mida-708,https://surrit.com/f6251ace-35cf-423f-a63b-616c869e67f6/playlist.m3u8,playlist,surrit.com
https://missav123.com/en/mida-708-uncensored-leak,mida-708,https://surrit.com/1408327f-b499-4d97-a67e-861d08689283/1080p/video.m3u8,1080p,surrit.com
https://missav123.com/en/mida-708-uncensored-leak,mida-708,https://surrit.com/1408327f-b499-4d97-a67e-861d08689283/720p/video.m3u8,720p,surrit.com
https://missav123.com/en/mida-708-uncensored-leak,mida-708,https://surrit.com/1408327f-b499-4d97-a67e-861d08689283/playlist.m3u8,playlist,surrit.com
https://missav123.com/en/mida-781,mida-781,https://surrit.com/f3922a04-dd47-4cd0-9fc4-7cc07a56e9d1/720p/video.m3u8,720p,surrit.com
https://missav123.com/en/mida-781,mida-781,https://surrit.com/f3922a04-dd47-4cd0-9fc4-7cc07a56e9d1/playlist.m3u8,playlist,surrit.com
https://missav123.com/en/mida-781-uncensored-leak,mida-781,https://surrit.com/d0d48f65-815b-4c5d-95b0-fdef0cabb922/1080p/video.m3u8,1080p,surrit.com
https://missav123.com/en/mida-781-uncensored-leak,mida-781,https://surrit.com/d0d48f65-815b-4c5d-95b0-fdef0cabb922/720p/video.m3u8,720p,surrit.com
https://missav123.com/en/mida-781-uncensored-leak,mida-781,https://surrit.com/d0d48f65-815b-4c5d-95b0-fdef0cabb922/playlist.m3u8,playlist,surrit.com
https://missav123.com/en/mida-788,mida-788,https://surrit.com/96795d24-ff4d-40f6-ad8f-4a2897d9da6e/720p/video.m3u8,720p,surrit.com
https://missav123.com/en/mida-788,mida-788,https://surrit.com/96795d24-ff4d-40f6-ad8f-4a2897d9da6e/playlist.m3u8,playlist,surrit.com
https://missav123.com/en/mida-788-uncensored-leak,mida-788,https://surrit.com/86d05054-4241-4595-86c9-ab9970666b6c/1080p/video.m3u8,1080p,surrit.com
https://missav123.com/en/mida-788-uncensored-leak,mida-788,https://surrit.com/86d05054-4241-4595-86c9-ab9970666b6c/720p/video.m3u8,720p,surrit.com
https://missav123.com/en/mida-788-uncensored-leak,mida-788,https://surrit.com/86d05054-4241-4595-86c9-ab9970666b6c/playlist.m3u8,playlist,surrit.com
https://missav123.com/en/mida-790-uncensored-leak,mida-790,https://surrit.com/18fee157-cd4f-4f18-a5c3-b0ce87f8ab0e/1080p/video.m3u8,1080p,surrit.com
https://missav123.com/en/mida-790-uncensored-leak,mida-790,https://surrit.com/18fee157-cd4f-4f18-a5c3-b0ce87f8ab0e/720p/video.m3u8,720p,surrit.com
https://missav123.com/en/mida-790-uncensored-leak,mida-790,https://surrit.com/18fee157-cd4f-4f18-a5c3-b0ce87f8ab0e/playlist.m3u8,playlist,surrit.com
https://missav123.com/en/midv-852-english-subtitle,midv-852,https://surrit.com/b0b696b2-4d29-405f-a782-31c93b5eb2ff/1080p/video.m3u8,1080p,surrit.com
https://missav123.com/en/midv-852-english-subtitle,midv-852,https://surrit.com/b0b696b2-4d29-405f-a782-31c93b5eb2ff/720p/video.m3u8,720p,surrit.com
https://missav123.com/en/midv-852-english-subtitle,midv-852,https://surrit.com/b0b696b2-4d29-405f-a782-31c93b5eb2ff/playlist.m3u8,playlist,surrit.com
https://missav123.com/en/mifd-570-english-subtitle,mifd-570,https://surrit.com/491f448e-aa76-4876-87a2-c31ddc8b08d5/1080p/video.m3u8,1080p,surrit.com
https://missav123.com/en/mifd-570-english-subtitle,mifd-570,https://surrit.com/491f448e-aa76-4876-87a2-c31ddc8b08d5/720p/video.m3u8,720p,surrit.com
https://missav123.com/en/mifd-570-english-subtitle,mifd-570,https://surrit.com/491f448e-aa76-4876-87a2-c31ddc8b08d5/playlist.m3u8,playlist,surrit.com
https://missav123.com/en/mifd-603-english-subtitle,mifd-603,https://surrit.com/b9c9cbb4-b742-4777-8278-c8b8313a8416/1080p/video.m3u8,1080p,surrit.com
https://missav123.com/en/mifd-603-english-subtitle,mifd-603,https://surrit.com/b9c9cbb4-b742-4777-8278-c8b8313a8416/720p/video.m3u8,720p,surrit.com
https://missav123.com/en/mifd-603-english-subtitle,mifd-603,https://surrit.com/b9c9cbb4-b742-4777-8278-c8b8313a8416/playlist.m3u8,playlist,surrit.com
https://missav123.com/en/mimk-197-english-subtitle,mimk-197,https://surrit.com/86031ce8-b26e-4ad9-96b3-2ed5e474df62/1080p/video.m3u8,1080p,surrit.com
https://missav123.com/en/mimk-197-english-subtitle,mimk-197,https://surrit.com/86031ce8-b26e-4ad9-96b3-2ed5e474df62/720p/video.m3u8,720p,surrit.com
https://missav123.com/en/mimk-197-english-subtitle,mimk-197,https://surrit.com/86031ce8-b26e-4ad9-96b3-2ed5e474df62/playlist.m3u8,playlist,surrit.com
https://missav123.com/en/mla-285,mla-285,https://surrit.com/71173d6d-88fc-49ef-9c84-c5af205bc278/720p/video.m3u8,720p,surrit.com
https://missav123.com/en/mla-285,mla-285,https://surrit.com/71173d6d-88fc-49ef-9c84-c5af205bc278/playlist.m3u8,playlist,surrit.com
https://missav123.com/en/mrhp-052,mrhp-052,https://surrit.com/3599d7db-5a44-495b-9396-6640bdee7b47/720p/video.m3u8,720p,surrit.com
https://missav123.com/en/mrhp-052,mrhp-052,https://surrit.com/3599d7db-5a44-495b-9396-6640bdee7b47/playlist.m3u8,playlist,surrit.com
https://missav123.com/en/mudr-386,mudr-386,https://surrit.com/2c83bb2a-da45-442d-b887-1505940e101f/720p/video.m3u8,720p,surrit.com
https://missav123.com/en/mudr-386,mudr-386,https://surrit.com/2c83bb2a-da45-442d-b887-1505940e101f/playlist.m3u8,playlist,surrit.com
https://missav123.com/en/mudr-393,mudr-393,https://surrit.com/0fdc7fc2-308e-4a13-9882-cab0ff37f41f/720p/video.m3u8,720p,surrit.com
https://missav123.com/en/mudr-393,mudr-393,https://surrit.com/0fdc7fc2-308e-4a13-9882-cab0ff37f41f/playlist.m3u8,playlist,surrit.com
https://missav123.com/en/mudr-396,mudr-396,https://surrit.com/abd43d3a-2ec0-41e6-84e1-8ef5f68eda97/720p/video.m3u8,720p,surrit.com
https://missav123.com/en/mudr-396,mudr-396,https://surrit.com/abd43d3a-2ec0-41e6-84e1-8ef5f68eda97/playlist.m3u8,playlist,surrit.com
https://missav123.com/en/mudr-403,mudr-403,https://surrit.com/e8cda680-4bdc-4bd9-a6fd-efa99b40873f/720p/video.m3u8,720p,surrit.com
https://missav123.com/en/mudr-403,mudr-403,https://surrit.com/e8cda680-4bdc-4bd9-a6fd-efa99b40873f/playlist.m3u8,playlist,surrit.com
https://missav123.com/en/mukd-579,mukd-579,https://surrit.com/de756fc1-17dd-41a6-949f-6b1a9213369c/720p/video.m3u8,720p,surrit.com
https://missav123.com/en/mukd-579,mukd-579,https://surrit.com/de756fc1-17dd-41a6-949f-6b1a9213369c/playlist.m3u8,playlist,surrit.com
https://missav123.com/en/mvg-173,mvg-173,https://surrit.com/c1e22da5-2af7-469e-a9ea-457bb98372d5/720p/video.m3u8,720p,surrit.com
https://missav123.com/en/mvg-173,mvg-173,https://surrit.com/c1e22da5-2af7-469e-a9ea-457bb98372d5/playlist.m3u8,playlist,surrit.com
https://missav123.com/en/mxgs-1436,mxgs-1436,https://surrit.com/6777977a-1fb6-4048-a28d-6109f9f8f863/720p/video.m3u8,720p,surrit.com
https://missav123.com/en/mxgs-1436,mxgs-1436,https://surrit.com/6777977a-1fb6-4048-a28d-6109f9f8f863/playlist.m3u8,playlist,surrit.com
https://missav123.com/en/mxgs-1439,mxgs-1439,https://surrit.com/68151dde-e10e-4937-ad72-ad285eca4a96/720p/video.m3u8,720p,surrit.com
https://missav123.com/en/mxgs-1439,mxgs-1439,https://surrit.com/68151dde-e10e-4937-ad72-ad285eca4a96/playlist.m3u8,playlist,surrit.com
https://missav123.com/en/naac-074,naac-074,https://surrit.com/40744b58-4955-4798-9695-c32224e7f625/720p/video.m3u8,720p,surrit.com
https://missav123.com/en/naac-074,naac-074,https://surrit.com/40744b58-4955-4798-9695-c32224e7f625/playlist.m3u8,playlist,surrit.com
https://missav123.com/en/nact-162,nact-162,https://surrit.com/ba8c9a78-a7a7-426a-bdc5-7f6ac2f7e94d/720p/video.m3u8,720p,surrit.com
https://missav123.com/en/nact-162,nact-162,https://surrit.com/ba8c9a78-a7a7-426a-bdc5-7f6ac2f7e94d/playlist.m3u8,playlist,surrit.com
https://missav123.com/en/ncmc-001,ncmc-001,https://surrit.com/fb397a9b-6414-43e4-99a5-8ff78073986e/1080p/video.m3u8,1080p,surrit.com
https://missav123.com/en/ncmc-001,ncmc-001,https://surrit.com/fb397a9b-6414-43e4-99a5-8ff78073986e/720p/video.m3u8,720p,surrit.com
https://missav123.com/en/ncmc-001,ncmc-001,https://surrit.com/fb397a9b-6414-43e4-99a5-8ff78073986e/playlist.m3u8,playlist,surrit.com
https://missav123.com/en/ncmc-002,ncmc-002,https://surrit.com/f8bbccc1-d717-4a94-a5cd-6553f0978cae/1080p/video.m3u8,1080p,surrit.com
https://missav123.com/en/ncmc-002,ncmc-002,https://surrit.com/f8bbccc1-d717-4a94-a5cd-6553f0978cae/720p/video.m3u8,720p,surrit.com
https://missav123.com/en/ncmc-002,ncmc-002,https://surrit.com/f8bbccc1-d717-4a94-a5cd-6553f0978cae/playlist.m3u8,playlist,surrit.com
https://missav123.com/en/new-009,new-009,https://surrit.com/ce3e6db6-ade6-46f2-a5db-45c97ca04814/720p/video.m3u8,720p,surrit.com
https://missav123.com/en/new-009,new-009,https://surrit.com/ce3e6db6-ade6-46f2-a5db-45c97ca04814/playlist.m3u8,playlist,surrit.com
https://missav123.com/en/nhdtc-227,nhdtc-227,https://surrit.com/a1685a1d-2450-47c3-acaa-6d109801f6f7/720p/video.m3u8,720p,surrit.com
https://missav123.com/en/nhdtc-227,nhdtc-227,https://surrit.com/a1685a1d-2450-47c3-acaa-6d109801f6f7/playlist.m3u8,playlist,surrit.com
https://missav123.com/en/npjs-132-english-subtitle,npjs-132,https://surrit.com/e105d487-b8d1-4d7d-a5c4-6b54b8d0c6f6/720p/video.m3u8,720p,surrit.com
https://missav123.com/en/npjs-132-english-subtitle,npjs-132,https://surrit.com/e105d487-b8d1-4d7d-a5c4-6b54b8d0c6f6/playlist.m3u8,playlist,surrit.com
https://missav123.com/en/npjs-140-english-subtitle,npjs-140,https://surrit.com/cce5e95e-24cd-4b48-a9dc-961ed1fd0273/720p/video.m3u8,720p,surrit.com
https://missav123.com/en/npjs-140-english-subtitle,npjs-140,https://surrit.com/cce5e95e-24cd-4b48-a9dc-961ed1fd0273/playlist.m3u8,playlist,surrit.com
https://missav123.com/en/npjs-141-english-subtitle,npjs-141,https://surrit.com/6e79843f-d6bd-4040-a8b8-2623da9e7fe9/1080p/video.m3u8,1080p,surrit.com
https://missav123.com/en/npjs-141-english-subtitle,npjs-141,https://surrit.com/6e79843f-d6bd-4040-a8b8-2623da9e7fe9/720p/video.m3u8,720p,surrit.com
https://missav123.com/en/npjs-141-english-subtitle,npjs-141,https://surrit.com/6e79843f-d6bd-4040-a8b8-2623da9e7fe9/playlist.m3u8,playlist,surrit.com
https://missav123.com/en/npjs-142-english-subtitle,npjs-142,https://surrit.com/53a097d5-895f-4457-a0c6-32d9e41dfeb9/1080p/video.m3u8,1080p,surrit.com
https://missav123.com/en/npjs-142-english-subtitle,npjs-142,https://surrit.com/53a097d5-895f-4457-a0c6-32d9e41dfeb9/720p/video.m3u8,720p,surrit.com
https://missav123.com/en/npjs-142-english-subtitle,npjs-142,https://surrit.com/53a097d5-895f-4457-a0c6-32d9e41dfeb9/playlist.m3u8,playlist,surrit.com
https://missav123.com/en/npjs-166-english-subtitle,npjs-166,https://surrit.com/34f883f2-fdf4-446c-881b-a306c7ec1d19/1080p/video.m3u8,1080p,surrit.com
https://missav123.com/en/npjs-166-english-subtitle,npjs-166,https://surrit.com/34f883f2-fdf4-446c-881b-a306c7ec1d19/720p/video.m3u8,720p,surrit.com
https://missav123.com/en/npjs-166-english-subtitle,npjs-166,https://surrit.com/34f883f2-fdf4-446c-881b-a306c7ec1d19/playlist.m3u8,playlist,surrit.com
https://missav123.com/en/nsfs-373-english-subtitle,nsfs-373,https://surrit.com/15622fda-31fa-4f62-98f1-cd1637edc46b/1080p/video.m3u8,1080p,surrit.com
https://missav123.com/en/nsfs-373-english-subtitle,nsfs-373,https://surrit.com/15622fda-31fa-4f62-98f1-cd1637edc46b/720p/video.m3u8,720p,surrit.com
https://missav123.com/en/nsfs-373-english-subtitle,nsfs-373,https://surrit.com/15622fda-31fa-4f62-98f1-cd1637edc46b/playlist.m3u8,playlist,surrit.com
https://missav123.com/en/nsodn-002-uncensored-leak,nsodn-002,https://surrit.com/61fda948-9586-4876-9766-d9d3f22a884d/1080p/video.m3u8,1080p,surrit.com
https://missav123.com/en/nsodn-002-uncensored-leak,nsodn-002,https://surrit.com/61fda948-9586-4876-9766-d9d3f22a884d/720p/video.m3u8,720p,surrit.com
https://missav123.com/en/nsodn-002-uncensored-leak,nsodn-002,https://surrit.com/61fda948-9586-4876-9766-d9d3f22a884d/playlist.m3u8,playlist,surrit.com
https://missav123.com/en/oftr-016,oftr-016,https://surrit.com/89471a3c-a095-4aa2-8e0d-6ba8ee79140e/720p/video.m3u8,720p,surrit.com
https://missav123.com/en/oftr-016,oftr-016,https://surrit.com/89471a3c-a095-4aa2-8e0d-6ba8ee79140e/playlist.m3u8,playlist,surrit.com
https://missav123.com/en/pacopacomama-082226_100,pacopacomama-082226,https://surrit.com/0a7efd49-bdb7-419a-9d11-23c0d36843c8/720p/video.m3u8,720p,surrit.com
https://missav123.com/en/pacopacomama-082226_100,pacopacomama-082226,https://surrit.com/0a7efd49-bdb7-419a-9d11-23c0d36843c8/playlist.m3u8,playlist,surrit.com
https://missav123.com/en/pacopacomama-091226_100,pacopacomama-091226,https://surrit.com/3bd6f4f1-3e78-4c8e-9bb8-913a43969bba/720p/video.m3u8,720p,surrit.com
https://missav123.com/en/pacopacomama-091226_100,pacopacomama-091226,https://surrit.com/3bd6f4f1-3e78-4c8e-9bb8-913a43969bba/playlist.m3u8,playlist,surrit.com
https://missav123.com/en/pasn-021,pasn-021,https://surrit.com/292e24aa-39ff-4965-815b-417eea053ccb/1080p/video.m3u8,1080p,surrit.com
https://missav123.com/en/pasn-021,pasn-021,https://surrit.com/292e24aa-39ff-4965-815b-417eea053ccb/720p/video.m3u8,720p,surrit.com
https://missav123.com/en/pasn-021,pasn-021,https://surrit.com/292e24aa-39ff-4965-815b-417eea053ccb/playlist.m3u8,playlist,surrit.com
https://missav123.com/en/pasn-021-uncensored-leak,pasn-021,https://surrit.com/f49a8f32-8537-4091-9ef2-de6dd44ae12e/720p/video.m3u8,720p,surrit.com
https://missav123.com/en/pasn-021-uncensored-leak,pasn-021,https://surrit.com/f49a8f32-8537-4091-9ef2-de6dd44ae12e/playlist.m3u8,playlist,surrit.com
https://missav123.com/en/piyo-240,piyo-240,https://surrit.com/08a56d7d-cca6-463e-bb40-bd5592e15033/720p/video.m3u8,720p,surrit.com
https://missav123.com/en/piyo-240,piyo-240,https://surrit.com/08a56d7d-cca6-463e-bb40-bd5592e15033/playlist.m3u8,playlist,surrit.com
https://missav123.com/en/pkpd-434,pkpd-434,https://surrit.com/172c841a-9b76-47cc-969c-11a8f693df0e/720p/video.m3u8,720p,surrit.com
https://missav123.com/en/pkpd-434,pkpd-434,https://surrit.com/172c841a-9b76-47cc-969c-11a8f693df0e/playlist.m3u8,playlist,surrit.com
https://missav123.com/en/pkpl-069,pkpl-069,https://surrit.com/35deb358-e48e-4d18-b1f5-fa456565e4e5/720p/video.m3u8,720p,surrit.com
https://missav123.com/en/pkpl-069,pkpl-069,https://surrit.com/35deb358-e48e-4d18-b1f5-fa456565e4e5/playlist.m3u8,playlist,surrit.com
https://missav123.com/en/pondo-072126_001,pondo-072126,https://surrit.com/31294706-f4da-441d-83a1-c9fa756592cf/720p/video.m3u8,720p,surrit.com
https://missav123.com/en/pondo-072126_001,pondo-072126,https://surrit.com/31294706-f4da-441d-83a1-c9fa756592cf/playlist.m3u8,playlist,surrit.com
https://missav123.com/en/pppe-315-english-subtitle,pppe-315,https://surrit.com/96c132e7-31ff-4288-be01-090520e761bc/1080p/video.m3u8,1080p,surrit.com
https://missav123.com/en/pppe-315-english-subtitle,pppe-315,https://surrit.com/96c132e7-31ff-4288-be01-090520e761bc/720p/video.m3u8,720p,surrit.com
https://missav123.com/en/pppe-315-english-subtitle,pppe-315,https://surrit.com/96c132e7-31ff-4288-be01-090520e761bc/playlist.m3u8,playlist,surrit.com
https://missav123.com/en/pppe-441-uncensored-leak,pppe-441,https://surrit.com/81c20d1d-bcf7-421b-a8b3-d50269132611/1080p/video.m3u8,1080p,surrit.com
https://missav123.com/en/pppe-441-uncensored-leak,pppe-441,https://surrit.com/81c20d1d-bcf7-421b-a8b3-d50269132611/720p/video.m3u8,720p,surrit.com
https://missav123.com/en/pppe-441-uncensored-leak,pppe-441,https://surrit.com/81c20d1d-bcf7-421b-a8b3-d50269132611/playlist.m3u8,playlist,surrit.com
https://missav123.com/en/pred-693-english-subtitle,pred-693,https://surrit.com/de294ec9-b4fc-474e-97fc-99900241f002/1080p/video.m3u8,1080p,surrit.com
https://missav123.com/en/pred-693-english-subtitle,pred-693,https://surrit.com/de294ec9-b4fc-474e-97fc-99900241f002/720p/video.m3u8,720p,surrit.com
https://missav123.com/en/pred-693-english-subtitle,pred-693,https://surrit.com/de294ec9-b4fc-474e-97fc-99900241f002/playlist.m3u8,playlist,surrit.com
https://missav123.com/en/pred-717-english-subtitle,pred-717,https://surrit.com/52af0b01-d401-479b-86b8-81c40ad4b4ec/1080p/video.m3u8,1080p,surrit.com
https://missav123.com/en/pred-717-english-subtitle,pred-717,https://surrit.com/52af0b01-d401-479b-86b8-81c40ad4b4ec/720p/video.m3u8,720p,surrit.com
https://missav123.com/en/pred-717-english-subtitle,pred-717,https://surrit.com/52af0b01-d401-479b-86b8-81c40ad4b4ec/playlist.m3u8,playlist,surrit.com
https://missav123.com/en/pred-740-english-subtitle,pred-740,https://surrit.com/3f59ba3d-9570-46b5-8e22-6d310fb7b591/1080p/video.m3u8,1080p,surrit.com
https://missav123.com/en/pred-740-english-subtitle,pred-740,https://surrit.com/3f59ba3d-9570-46b5-8e22-6d310fb7b591/720p/video.m3u8,720p,surrit.com
https://missav123.com/en/pred-740-english-subtitle,pred-740,https://surrit.com/3f59ba3d-9570-46b5-8e22-6d310fb7b591/playlist.m3u8,playlist,surrit.com
https://missav123.com/en/pred-747,pred-747,https://surrit.com/18f6b266-f3c2-430e-91f7-dd31103bb1c0/720p/video.m3u8,720p,surrit.com
https://missav123.com/en/pred-747,pred-747,https://surrit.com/18f6b266-f3c2-430e-91f7-dd31103bb1c0/playlist.m3u8,playlist,surrit.com
https://missav123.com/en/pred-747-uncensored-leak,pred-747,https://surrit.com/959e0967-be11-46cd-b841-88a695ea30d2/1080p/video.m3u8,1080p,surrit.com
https://missav123.com/en/pred-747-uncensored-leak,pred-747,https://surrit.com/959e0967-be11-46cd-b841-88a695ea30d2/720p/video.m3u8,720p,surrit.com
https://missav123.com/en/pred-747-uncensored-leak,pred-747,https://surrit.com/959e0967-be11-46cd-b841-88a695ea30d2/playlist.m3u8,playlist,surrit.com
https://missav123.com/en/pred-754-english-subtitle,pred-754,https://surrit.com/95465dbc-764e-4e53-8ce7-d731a429f914/1080p/video.m3u8,1080p,surrit.com
https://missav123.com/en/pred-754-english-subtitle,pred-754,https://surrit.com/95465dbc-764e-4e53-8ce7-d731a429f914/720p/video.m3u8,720p,surrit.com
https://missav123.com/en/pred-754-english-subtitle,pred-754,https://surrit.com/95465dbc-764e-4e53-8ce7-d731a429f914/playlist.m3u8,playlist,surrit.com
https://missav123.com/en/rbk-122,rbk-122,https://surrit.com/8ea6bfbe-b15b-4e3f-afb3-2643ccd19388/1080p/video.m3u8,1080p,surrit.com
https://missav123.com/en/rbk-122,rbk-122,https://surrit.com/8ea6bfbe-b15b-4e3f-afb3-2643ccd19388/720p/video.m3u8,720p,surrit.com
https://missav123.com/en/rbk-122,rbk-122,https://surrit.com/8ea6bfbe-b15b-4e3f-afb3-2643ccd19388/playlist.m3u8,playlist,surrit.com
https://missav123.com/en/rmd-534-2,rmd-534-2,https://surrit.com/677d76dd-069a-4ddb-92a6-f030113ccc85/1080p/video.m3u8,1080p,surrit.com
https://missav123.com/en/rmd-534-2,rmd-534-2,https://surrit.com/677d76dd-069a-4ddb-92a6-f030113ccc85/720p/video.m3u8,720p,surrit.com
https://missav123.com/en/rmd-534-2,rmd-534-2,https://surrit.com/677d76dd-069a-4ddb-92a6-f030113ccc85/playlist.m3u8,playlist,surrit.com
https://missav123.com/en/rmd-539-2,rmd-539-2,https://surrit.com/7cf251ab-c053-4128-80b4-8cb4394d1d64/1080p/video.m3u8,1080p,surrit.com
https://missav123.com/en/rmd-539-2,rmd-539-2,https://surrit.com/7cf251ab-c053-4128-80b4-8cb4394d1d64/720p/video.m3u8,720p,surrit.com
https://missav123.com/en/rmd-539-2,rmd-539-2,https://surrit.com/7cf251ab-c053-4128-80b4-8cb4394d1d64/playlist.m3u8,playlist,surrit.com
https://missav123.com/en/rmds-591,rmds-591,https://surrit.com/1714f57a-2088-4d0d-b527-35f89ccad967/720p/video.m3u8,720p,surrit.com
https://missav123.com/en/rmds-591,rmds-591,https://surrit.com/1714f57a-2088-4d0d-b527-35f89ccad967/playlist.m3u8,playlist,surrit.com
https://missav123.com/en/roe-340-english-subtitle,roe-340,https://surrit.com/3d36098d-aa55-4b92-8e52-652348941803/720p/video.m3u8,720p,surrit.com
https://missav123.com/en/roe-340-english-subtitle,roe-340,https://surrit.com/3d36098d-aa55-4b92-8e52-652348941803/playlist.m3u8,playlist,surrit.com
https://missav123.com/en/roe-344-english-subtitle,roe-344,https://surrit.com/c1c98449-16d9-4c95-b678-05522842e8d2/1080p/video.m3u8,1080p,surrit.com
https://missav123.com/en/roe-344-english-subtitle,roe-344,https://surrit.com/c1c98449-16d9-4c95-b678-05522842e8d2/720p/video.m3u8,720p,surrit.com
https://missav123.com/en/roe-344-english-subtitle,roe-344,https://surrit.com/c1c98449-16d9-4c95-b678-05522842e8d2/playlist.m3u8,playlist,surrit.com
https://missav123.com/en/roe-356-english-subtitle,roe-356,https://surrit.com/c09dfa46-3afb-4c71-860f-d1994fed119c/1080p/video.m3u8,1080p,surrit.com
https://missav123.com/en/roe-356-english-subtitle,roe-356,https://surrit.com/c09dfa46-3afb-4c71-860f-d1994fed119c/720p/video.m3u8,720p,surrit.com
https://missav123.com/en/roe-356-english-subtitle,roe-356,https://surrit.com/c09dfa46-3afb-4c71-860f-d1994fed119c/playlist.m3u8,playlist,surrit.com
https://missav123.com/en/rsino-141-2,rsino-141-2,https://surrit.com/b05d4db8-75e0-4392-8bd1-c24ef09d8ee8/1080p/video.m3u8,1080p,surrit.com
https://missav123.com/en/rsino-141-2,rsino-141-2,https://surrit.com/b05d4db8-75e0-4392-8bd1-c24ef09d8ee8/720p/video.m3u8,720p,surrit.com
https://missav123.com/en/rsino-141-2,rsino-141-2,https://surrit.com/b05d4db8-75e0-4392-8bd1-c24ef09d8ee8/playlist.m3u8,playlist,surrit.com
https://missav123.com/en/rsino-147-2,rsino-147-2,https://surrit.com/c285a6bd-bc1e-4441-a984-9562037f4d46/1080p/video.m3u8,1080p,surrit.com
https://missav123.com/en/rsino-147-2,rsino-147-2,https://surrit.com/c285a6bd-bc1e-4441-a984-9562037f4d46/720p/video.m3u8,720p,surrit.com
https://missav123.com/en/rsino-147-2,rsino-147-2,https://surrit.com/c285a6bd-bc1e-4441-a984-9562037f4d46/playlist.m3u8,playlist,surrit.com
https://missav123.com/en/saba-987,saba-987,https://surrit.com/ed144399-e3cf-45af-a5b8-6519320fbb97/720p/video.m3u8,720p,surrit.com
https://missav123.com/en/saba-987,saba-987,https://surrit.com/ed144399-e3cf-45af-a5b8-6519320fbb97/playlist.m3u8,playlist,surrit.com
https://missav123.com/en/same-171,same-171,https://surrit.com/be49b783-0d90-48b3-a1b4-5c75901fd67b/1080p/video.m3u8,1080p,surrit.com
https://missav123.com/en/same-171,same-171,https://surrit.com/be49b783-0d90-48b3-a1b4-5c75901fd67b/720p/video.m3u8,720p,surrit.com
https://missav123.com/en/same-171,same-171,https://surrit.com/be49b783-0d90-48b3-a1b4-5c75901fd67b/playlist.m3u8,playlist,surrit.com
https://missav123.com/en/same-200-chinese-subtitle,same-200,https://surrit.com/9ca51157-3861-493e-955f-a781de4e9aa9/720p/video.m3u8,720p,surrit.com
https://missav123.com/en/same-200-chinese-subtitle,same-200,https://surrit.com/9ca51157-3861-493e-955f-a781de4e9aa9/playlist.m3u8,playlist,surrit.com
https://missav123.com/en/scbb-079,scbb-079,https://surrit.com/c9cc2587-afaf-4195-8249-0cd254f41ffb/720p/video.m3u8,720p,surrit.com
https://missav123.com/en/scbb-079,scbb-079,https://surrit.com/c9cc2587-afaf-4195-8249-0cd254f41ffb/playlist.m3u8,playlist,surrit.com
https://missav123.com/en/scd-252,scd-252,https://surrit.com/db664dd4-646c-4bd7-a27d-821894633fb3/720p/video.m3u8,720p,surrit.com
https://missav123.com/en/scd-252,scd-252,https://surrit.com/db664dd4-646c-4bd7-a27d-821894633fb3/playlist.m3u8,playlist,surrit.com
https://missav123.com/en/scmf-004,scmf-004,https://surrit.com/6875c53a-84cf-4bf9-9c4e-a88915aea98a/720p/video.m3u8,720p,surrit.com
https://missav123.com/en/scmf-004,scmf-004,https://surrit.com/6875c53a-84cf-4bf9-9c4e-a88915aea98a/playlist.m3u8,playlist,surrit.com
https://missav123.com/en/scute-1578,scute-1578,https://surrit.com/b403d9f2-be79-40fd-91cf-84d43c912413/1080p/video.m3u8,1080p,surrit.com
https://missav123.com/en/scute-1578,scute-1578,https://surrit.com/b403d9f2-be79-40fd-91cf-84d43c912413/720p/video.m3u8,720p,surrit.com
https://missav123.com/en/scute-1578,scute-1578,https://surrit.com/b403d9f2-be79-40fd-91cf-84d43c912413/playlist.m3u8,playlist,surrit.com
https://missav123.com/en/sdgn-043,sdgn-043,https://surrit.com/ec8ed96b-f355-40e1-9954-d93a1abd595b/1080p/video.m3u8,1080p,surrit.com
https://missav123.com/en/sdgn-043,sdgn-043,https://surrit.com/ec8ed96b-f355-40e1-9954-d93a1abd595b/720p/video.m3u8,720p,surrit.com
https://missav123.com/en/sdgn-043,sdgn-043,https://surrit.com/ec8ed96b-f355-40e1-9954-d93a1abd595b/playlist.m3u8,playlist,surrit.com
https://missav123.com/en/sgsr-38302,sgsr-38302,https://surrit.com/108247ff-b761-47bc-8499-c1ddb123eff3/1080p/video.m3u8,1080p,surrit.com
https://missav123.com/en/sgsr-38302,sgsr-38302,https://surrit.com/108247ff-b761-47bc-8499-c1ddb123eff3/720p/video.m3u8,720p,surrit.com
https://missav123.com/en/sgsr-38302,sgsr-38302,https://surrit.com/108247ff-b761-47bc-8499-c1ddb123eff3/playlist.m3u8,playlist,surrit.com
https://missav123.com/en/siro-5735,siro-5735,https://surrit.com/d18eda6a-3d7b-4855-8597-b3e81e2c12c6/720p/video.m3u8,720p,surrit.com
https://missav123.com/en/siro-5735,siro-5735,https://surrit.com/d18eda6a-3d7b-4855-8597-b3e81e2c12c6/playlist.m3u8,playlist,surrit.com
https://missav123.com/en/smcd-039,smcd-039,https://surrit.com/99d66f53-0135-4902-82f8-8e11b74d2aec/720p/video.m3u8,720p,surrit.com
https://missav123.com/en/smcd-039,smcd-039,https://surrit.com/99d66f53-0135-4902-82f8-8e11b74d2aec/playlist.m3u8,playlist,surrit.com
https://missav123.com/en/snos-299,snos-299,https://surrit.com/2dc7df30-1d8a-4b5e-9257-f34f076fb424/1080p/video.m3u8,1080p,surrit.com
https://missav123.com/en/snos-299,snos-299,https://surrit.com/2dc7df30-1d8a-4b5e-9257-f34f076fb424/720p/video.m3u8,720p,surrit.com
https://missav123.com/en/snos-299,snos-299,https://surrit.com/2dc7df30-1d8a-4b5e-9257-f34f076fb424/playlist.m3u8,playlist,surrit.com
https://missav123.com/en/snos-299-uncensored-leak,snos-299,https://surrit.com/ef1d7710-d770-4d29-b067-5c02aadde564/1080p/video.m3u8,1080p,surrit.com
https://missav123.com/en/snos-299-uncensored-leak,snos-299,https://surrit.com/ef1d7710-d770-4d29-b067-5c02aadde564/720p/video.m3u8,720p,surrit.com
https://missav123.com/en/snos-299-uncensored-leak,snos-299,https://surrit.com/ef1d7710-d770-4d29-b067-5c02aadde564/playlist.m3u8,playlist,surrit.com
https://missav123.com/en/soav-139,soav-139,https://surrit.com/84d1c7f3-14be-4f77-aa9e-bdb5b887cde3/720p/video.m3u8,720p,surrit.com
https://missav123.com/en/soav-139,soav-139,https://surrit.com/84d1c7f3-14be-4f77-aa9e-bdb5b887cde3/playlist.m3u8,playlist,surrit.com
https://missav123.com/en/sone-705-english-subtitle,sone-705,https://surrit.com/a7c5c729-403c-4701-a57c-fa46cb100467/480p/video.m3u8,480p,surrit.com
https://missav123.com/en/sone-705-english-subtitle,sone-705,https://surrit.com/a7c5c729-403c-4701-a57c-fa46cb100467/playlist.m3u8,playlist,surrit.com
https://missav123.com/en/sone-738,sone-738,https://surrit.com/261898ae-7c4e-4297-a43f-1bc33b9c17fe/720p/video.m3u8,720p,surrit.com
https://missav123.com/en/sone-738,sone-738,https://surrit.com/261898ae-7c4e-4297-a43f-1bc33b9c17fe/playlist.m3u8,playlist,surrit.com
https://missav123.com/en/sone-739,sone-739,https://surrit.com/16f478b0-0668-4af6-9d1b-eb688ebc65e1/1080p/video.m3u8,1080p,surrit.com
https://missav123.com/en/sone-739,sone-739,https://surrit.com/16f478b0-0668-4af6-9d1b-eb688ebc65e1/720p/video.m3u8,720p,surrit.com
https://missav123.com/en/sone-739,sone-739,https://surrit.com/16f478b0-0668-4af6-9d1b-eb688ebc65e1/playlist.m3u8,playlist,surrit.com
https://missav123.com/en/sone-741-chinese-subtitle,sone-741,https://surrit.com/ac903c19-770a-48e9-a84c-3e1ef88c80d2/720p/video.m3u8,720p,surrit.com
https://missav123.com/en/sone-741-chinese-subtitle,sone-741,https://surrit.com/ac903c19-770a-48e9-a84c-3e1ef88c80d2/playlist.m3u8,playlist,surrit.com
https://missav123.com/en/sone-743,sone-743,https://surrit.com/50e05a1c-70ab-4be2-b7c6-1ed263bcd952/1080p/video.m3u8,1080p,surrit.com
https://missav123.com/en/sone-743,sone-743,https://surrit.com/50e05a1c-70ab-4be2-b7c6-1ed263bcd952/720p/video.m3u8,720p,surrit.com
https://missav123.com/en/sone-743,sone-743,https://surrit.com/50e05a1c-70ab-4be2-b7c6-1ed263bcd952/playlist.m3u8,playlist,surrit.com
https://missav123.com/en/sone-744,sone-744,https://surrit.com/eccb5a2e-af95-4521-ad8d-774de19e2eb9/720p/video.m3u8,720p,surrit.com
https://missav123.com/en/sone-744,sone-744,https://surrit.com/eccb5a2e-af95-4521-ad8d-774de19e2eb9/playlist.m3u8,playlist,surrit.com
https://missav123.com/en/sone-747,sone-747,https://surrit.com/6a05b0eb-90c5-48fe-ab5b-40ccd29f14d0/1080p/video.m3u8,1080p,surrit.com
https://missav123.com/en/sone-747,sone-747,https://surrit.com/6a05b0eb-90c5-48fe-ab5b-40ccd29f14d0/720p/video.m3u8,720p,surrit.com
https://missav123.com/en/sone-747,sone-747,https://surrit.com/6a05b0eb-90c5-48fe-ab5b-40ccd29f14d0/playlist.m3u8,playlist,surrit.com
https://missav123.com/en/sone-750,sone-750,https://surrit.com/13e4cc89-93d8-4d61-b8b8-90b3c72e8df4/720p/video.m3u8,720p,surrit.com
https://missav123.com/en/sone-750,sone-750,https://surrit.com/13e4cc89-93d8-4d61-b8b8-90b3c72e8df4/playlist.m3u8,playlist,surrit.com
https://missav123.com/en/sone-754,sone-754,https://surrit.com/34023d54-f347-4554-9b48-4864f2cf9e4a/1080p/video.m3u8,1080p,surrit.com
https://missav123.com/en/sone-754,sone-754,https://surrit.com/34023d54-f347-4554-9b48-4864f2cf9e4a/720p/video.m3u8,720p,surrit.com
https://missav123.com/en/sone-754,sone-754,https://surrit.com/34023d54-f347-4554-9b48-4864f2cf9e4a/playlist.m3u8,playlist,surrit.com
https://missav123.com/en/sone-755,sone-755,https://surrit.com/5750aa72-7e03-4421-bb9d-1b69c5251c65/720p/video.m3u8,720p,surrit.com
https://missav123.com/en/sone-755,sone-755,https://surrit.com/5750aa72-7e03-4421-bb9d-1b69c5251c65/playlist.m3u8,playlist,surrit.com
https://missav123.com/en/sone-756,sone-756,https://surrit.com/ebbbcf08-8208-46a2-a8c8-5c4bdedd3f32/720p/video.m3u8,720p,surrit.com
https://missav123.com/en/sone-756,sone-756,https://surrit.com/ebbbcf08-8208-46a2-a8c8-5c4bdedd3f32/playlist.m3u8,playlist,surrit.com
https://missav123.com/en/sone-763-chinese-subtitle,sone-763,https://surrit.com/b3821f56-41b1-44b3-a389-f55ab803a305/720p/video.m3u8,720p,surrit.com
https://missav123.com/en/sone-763-chinese-subtitle,sone-763,https://surrit.com/b3821f56-41b1-44b3-a389-f55ab803a305/playlist.m3u8,playlist,surrit.com
https://missav123.com/en/sone-764-chinese-subtitle,sone-764,https://surrit.com/95497364-32dc-4bc6-af0b-a8dd30ad9b40/720p/video.m3u8,720p,surrit.com
https://missav123.com/en/sone-764-chinese-subtitle,sone-764,https://surrit.com/95497364-32dc-4bc6-af0b-a8dd30ad9b40/playlist.m3u8,playlist,surrit.com
https://missav123.com/en/sone-775-chinese-subtitle,sone-775,https://surrit.com/d819c76c-c027-486d-88fc-96a19163f2ad/720p/video.m3u8,720p,surrit.com
https://missav123.com/en/sone-775-chinese-subtitle,sone-775,https://surrit.com/d819c76c-c027-486d-88fc-96a19163f2ad/playlist.m3u8,playlist,surrit.com
https://missav123.com/en/sone-776-chinese-subtitle,sone-776,https://surrit.com/f332068f-c7fb-44b2-aec6-130df1f668f8/720p/video.m3u8,720p,surrit.com
https://missav123.com/en/sone-776-chinese-subtitle,sone-776,https://surrit.com/f332068f-c7fb-44b2-aec6-130df1f668f8/playlist.m3u8,playlist,surrit.com
https://missav123.com/en/sone-779-chinese-subtitle,sone-779,https://surrit.com/30f960af-da1d-4294-8c8d-24dc0f7bea70/720p/video.m3u8,720p,surrit.com
https://missav123.com/en/sone-779-chinese-subtitle,sone-779,https://surrit.com/30f960af-da1d-4294-8c8d-24dc0f7bea70/playlist.m3u8,playlist,surrit.com
https://missav123.com/en/sone-782,sone-782,https://surrit.com/ef73aee7-25c1-4003-94e2-5dabee1718e9/1080p/video.m3u8,1080p,surrit.com
https://missav123.com/en/sone-782,sone-782,https://surrit.com/ef73aee7-25c1-4003-94e2-5dabee1718e9/720p/video.m3u8,720p,surrit.com
https://missav123.com/en/sone-782,sone-782,https://surrit.com/ef73aee7-25c1-4003-94e2-5dabee1718e9/playlist.m3u8,playlist,surrit.com
https://missav123.com/en/sone-792,sone-792,https://surrit.com/5ee6a17c-ec76-4e03-b3d1-c729cd730b6d/1080p/video.m3u8,1080p,surrit.com
https://missav123.com/en/sone-792,sone-792,https://surrit.com/5ee6a17c-ec76-4e03-b3d1-c729cd730b6d/720p/video.m3u8,720p,surrit.com
https://missav123.com/en/sone-792,sone-792,https://surrit.com/5ee6a17c-ec76-4e03-b3d1-c729cd730b6d/playlist.m3u8,playlist,surrit.com
https://missav123.com/en/sone-871,sone-871,https://surrit.com/c7403d3a-7fb4-4ea0-b529-b03e24c15a37/1080p/video.m3u8,1080p,surrit.com
https://missav123.com/en/sone-871,sone-871,https://surrit.com/c7403d3a-7fb4-4ea0-b529-b03e24c15a37/720p/video.m3u8,720p,surrit.com
https://missav123.com/en/sone-871,sone-871,https://surrit.com/c7403d3a-7fb4-4ea0-b529-b03e24c15a37/playlist.m3u8,playlist,surrit.com
https://missav123.com/en/sone-871-chinese-subtitle,sone-871,https://surrit.com/ce6812f2-7495-491b-9342-97b48d8e2e5b/720p/video.m3u8,720p,surrit.com
https://missav123.com/en/sone-871-chinese-subtitle,sone-871,https://surrit.com/ce6812f2-7495-491b-9342-97b48d8e2e5b/playlist.m3u8,playlist,surrit.com
https://missav123.com/en/sone-874-chinese-subtitle,sone-874,https://surrit.com/3f8bb454-a462-4493-ac46-dfe6e5018602/720p/video.m3u8,720p,surrit.com
https://missav123.com/en/sone-874-chinese-subtitle,sone-874,https://surrit.com/3f8bb454-a462-4493-ac46-dfe6e5018602/playlist.m3u8,playlist,surrit.com
https://missav123.com/en/sone-882,sone-882,https://surrit.com/8d773fef-d5ec-40d9-8a14-116bff5564a0/1080p/video.m3u8,1080p,surrit.com
https://missav123.com/en/sone-882,sone-882,https://surrit.com/8d773fef-d5ec-40d9-8a14-116bff5564a0/720p/video.m3u8,720p,surrit.com
https://missav123.com/en/sone-882,sone-882,https://surrit.com/8d773fef-d5ec-40d9-8a14-116bff5564a0/playlist.m3u8,playlist,surrit.com
https://missav123.com/en/sone-882-chinese-subtitle,sone-882,https://surrit.com/78eb959c-8b5c-4fcd-809a-698fa5f2db9d/720p/video.m3u8,720p,surrit.com
https://missav123.com/en/sone-882-chinese-subtitle,sone-882,https://surrit.com/78eb959c-8b5c-4fcd-809a-698fa5f2db9d/playlist.m3u8,playlist,surrit.com
https://missav123.com/en/sone-884,sone-884,https://surrit.com/ac241492-84b1-4099-a81e-ef7e83aa62fe/1080p/video.m3u8,1080p,surrit.com
https://missav123.com/en/sone-884,sone-884,https://surrit.com/ac241492-84b1-4099-a81e-ef7e83aa62fe/720p/video.m3u8,720p,surrit.com
https://missav123.com/en/sone-884,sone-884,https://surrit.com/ac241492-84b1-4099-a81e-ef7e83aa62fe/playlist.m3u8,playlist,surrit.com
https://missav123.com/en/sone-884-chinese-subtitle,sone-884,https://surrit.com/b81964f6-4dac-46f4-83d1-2c58db546607/720p/video.m3u8,720p,surrit.com
https://missav123.com/en/sone-884-chinese-subtitle,sone-884,https://surrit.com/b81964f6-4dac-46f4-83d1-2c58db546607/playlist.m3u8,playlist,surrit.com
https://missav123.com/en/sone-885,sone-885,https://surrit.com/2d38dace-f1c9-4993-be55-3004cbe3e92d/1080p/video.m3u8,1080p,surrit.com
https://missav123.com/en/sone-885,sone-885,https://surrit.com/2d38dace-f1c9-4993-be55-3004cbe3e92d/720p/video.m3u8,720p,surrit.com
https://missav123.com/en/sone-885,sone-885,https://surrit.com/2d38dace-f1c9-4993-be55-3004cbe3e92d/playlist.m3u8,playlist,surrit.com
https://missav123.com/en/sone-888-chinese-subtitle,sone-888,https://surrit.com/0a2091bd-d59e-4031-a4fd-baaf72bffe94/720p/video.m3u8,720p,surrit.com
https://missav123.com/en/sone-888-chinese-subtitle,sone-888,https://surrit.com/0a2091bd-d59e-4031-a4fd-baaf72bffe94/playlist.m3u8,playlist,surrit.com
https://missav123.com/en/sone-889,sone-889,https://surrit.com/0bb87fc0-415c-4674-9caa-6c9669701730/1080p/video.m3u8,1080p,surrit.com
https://missav123.com/en/sone-889,sone-889,https://surrit.com/0bb87fc0-415c-4674-9caa-6c9669701730/720p/video.m3u8,720p,surrit.com
https://missav123.com/en/sone-889,sone-889,https://surrit.com/0bb87fc0-415c-4674-9caa-6c9669701730/playlist.m3u8,playlist,surrit.com
https://missav123.com/en/sone-890,sone-890,https://surrit.com/85f560c9-6fe8-4a50-b784-8117c749c845/1080p/video.m3u8,1080p,surrit.com
https://missav123.com/en/sone-890,sone-890,https://surrit.com/85f560c9-6fe8-4a50-b784-8117c749c845/720p/video.m3u8,720p,surrit.com
https://missav123.com/en/sone-890,sone-890,https://surrit.com/85f560c9-6fe8-4a50-b784-8117c749c845/playlist.m3u8,playlist,surrit.com
https://missav123.com/en/sone-890-chinese-subtitle,sone-890,https://surrit.com/952ae495-0534-459e-949e-7dc5798b6691/720p/video.m3u8,720p,surrit.com
https://missav123.com/en/sone-890-chinese-subtitle,sone-890,https://surrit.com/952ae495-0534-459e-949e-7dc5798b6691/playlist.m3u8,playlist,surrit.com
https://missav123.com/en/sone-891,sone-891,https://surrit.com/5fdbf60d-ba96-4fcc-a544-ebf41d18f0e8/720p/video.m3u8,720p,surrit.com
https://missav123.com/en/sone-891,sone-891,https://surrit.com/5fdbf60d-ba96-4fcc-a544-ebf41d18f0e8/playlist.m3u8,playlist,surrit.com
https://missav123.com/en/sone-894,sone-894,https://surrit.com/b583d274-7b3d-4566-b646-a90a30b9570b/1080p/video.m3u8,1080p,surrit.com
https://missav123.com/en/sone-894,sone-894,https://surrit.com/b583d274-7b3d-4566-b646-a90a30b9570b/720p/video.m3u8,720p,surrit.com
https://missav123.com/en/sone-894,sone-894,https://surrit.com/b583d274-7b3d-4566-b646-a90a30b9570b/playlist.m3u8,playlist,surrit.com
https://missav123.com/en/sone-895,sone-895,https://surrit.com/8589a3ce-df29-49dd-ac62-68997cde5617/1080p/video.m3u8,1080p,surrit.com
https://missav123.com/en/sone-895,sone-895,https://surrit.com/8589a3ce-df29-49dd-ac62-68997cde5617/720p/video.m3u8,720p,surrit.com
https://missav123.com/en/sone-895,sone-895,https://surrit.com/8589a3ce-df29-49dd-ac62-68997cde5617/playlist.m3u8,playlist,surrit.com
https://missav123.com/en/sone-897,sone-897,https://surrit.com/207883ad-f9e4-4769-945b-493c6150491b/1080p/video.m3u8,1080p,surrit.com
https://missav123.com/en/sone-897,sone-897,https://surrit.com/207883ad-f9e4-4769-945b-493c6150491b/720p/video.m3u8,720p,surrit.com
https://missav123.com/en/sone-897,sone-897,https://surrit.com/207883ad-f9e4-4769-945b-493c6150491b/playlist.m3u8,playlist,surrit.com
https://missav123.com/en/sone-951,sone-951,https://surrit.com/d65723bf-3979-4c70-a16a-b8a90a5323b2/1080p/video.m3u8,1080p,surrit.com
https://missav123.com/en/sone-951,sone-951,https://surrit.com/d65723bf-3979-4c70-a16a-b8a90a5323b2/720p/video.m3u8,720p,surrit.com
https://missav123.com/en/sone-951,sone-951,https://surrit.com/d65723bf-3979-4c70-a16a-b8a90a5323b2/playlist.m3u8,playlist,surrit.com
https://missav123.com/en/sone-962,sone-962,https://surrit.com/b66d3943-ee5f-4292-a6da-723530059b7d/1080p/video.m3u8,1080p,surrit.com
https://missav123.com/en/sone-962,sone-962,https://surrit.com/b66d3943-ee5f-4292-a6da-723530059b7d/720p/video.m3u8,720p,surrit.com
https://missav123.com/en/sone-962,sone-962,https://surrit.com/b66d3943-ee5f-4292-a6da-723530059b7d/playlist.m3u8,playlist,surrit.com
https://missav123.com/en/sqte-714,sqte-714,https://surrit.com/f643b7ec-48ee-40da-ae93-523075eb13b4/720p/video.m3u8,720p,surrit.com
https://missav123.com/en/sqte-714,sqte-714,https://surrit.com/f643b7ec-48ee-40da-ae93-523075eb13b4/playlist.m3u8,playlist,surrit.com
https://missav123.com/en/sqte-717,sqte-717,https://surrit.com/04faa852-3a69-4572-a896-5b628eec0d6f/720p/video.m3u8,720p,surrit.com
https://missav123.com/en/sqte-717,sqte-717,https://surrit.com/04faa852-3a69-4572-a896-5b628eec0d6f/playlist.m3u8,playlist,surrit.com
https://missav123.com/en/sqte-719,sqte-719,https://surrit.com/14e25a07-0d45-43ed-bffe-d04e6dc812c9/720p/video.m3u8,720p,surrit.com
https://missav123.com/en/sqte-719,sqte-719,https://surrit.com/14e25a07-0d45-43ed-bffe-d04e6dc812c9/playlist.m3u8,playlist,surrit.com
https://missav123.com/en/ss-010-5,ss-010-5,https://surrit.com/f477941f-9225-464d-8197-ffb4c0245e35/1080p/video.m3u8,1080p,surrit.com
https://missav123.com/en/ss-010-5,ss-010-5,https://surrit.com/f477941f-9225-464d-8197-ffb4c0245e35/720p/video.m3u8,720p,surrit.com
https://missav123.com/en/ss-010-5,ss-010-5,https://surrit.com/f477941f-9225-464d-8197-ffb4c0245e35/playlist.m3u8,playlist,surrit.com
https://missav123.com/en/start-306-english-subtitle,start-306,https://surrit.com/8d276bfe-4ad4-497f-893b-ce444e6b6f25/1080p/video.m3u8,1080p,surrit.com
https://missav123.com/en/start-306-english-subtitle,start-306,https://surrit.com/8d276bfe-4ad4-497f-893b-ce444e6b6f25/720p/video.m3u8,720p,surrit.com
https://missav123.com/en/start-306-english-subtitle,start-306,https://surrit.com/8d276bfe-4ad4-497f-893b-ce444e6b6f25/playlist.m3u8,playlist,surrit.com
https://missav123.com/en/stcvs-055,stcvs-055,https://surrit.com/478d4573-d139-426a-894d-4937c4b64ba9/720p/video.m3u8,720p,surrit.com
https://missav123.com/en/stcvs-055,stcvs-055,https://surrit.com/478d4573-d139-426a-894d-4937c4b64ba9/playlist.m3u8,playlist,surrit.com
https://missav123.com/en/stcvs-055-uncensored-leak,stcvs-055,https://surrit.com/37107eb5-cbde-4edd-a241-7e29baf6d424/1080p/video.m3u8,1080p,surrit.com
https://missav123.com/en/stcvs-055-uncensored-leak,stcvs-055,https://surrit.com/37107eb5-cbde-4edd-a241-7e29baf6d424/720p/video.m3u8,720p,surrit.com
https://missav123.com/en/stcvs-055-uncensored-leak,stcvs-055,https://surrit.com/37107eb5-cbde-4edd-a241-7e29baf6d424/playlist.m3u8,playlist,surrit.com
https://missav123.com/en/suji-313,suji-313,https://surrit.com/9abf882e-563c-4242-ba53-dae99203871c/720p/video.m3u8,720p,surrit.com
https://missav123.com/en/suji-313,suji-313,https://surrit.com/9abf882e-563c-4242-ba53-dae99203871c/playlist.m3u8,playlist,surrit.com
https://missav123.com/en/tanp-056,tanp-056,https://surrit.com/1010bb2b-ad11-44f9-8d7f-8c404a39cadb/720p/video.m3u8,720p,surrit.com
https://missav123.com/en/tanp-056,tanp-056,https://surrit.com/1010bb2b-ad11-44f9-8d7f-8c404a39cadb/playlist.m3u8,playlist,surrit.com
https://missav123.com/en/tenn-052,tenn-052,https://surrit.com/c7d8ff3f-1e89-4dc8-8b07-5cb33821926e/720p/video.m3u8,720p,surrit.com
https://missav123.com/en/tenn-052,tenn-052,https://surrit.com/c7d8ff3f-1e89-4dc8-8b07-5cb33821926e/playlist.m3u8,playlist,surrit.com
https://missav123.com/en/tikb-226,tikb-226,https://surrit.com/98f8efe8-0160-4a08-881c-5a7a54e8a11d/720p/video.m3u8,720p,surrit.com
https://missav123.com/en/tikb-226,tikb-226,https://surrit.com/98f8efe8-0160-4a08-881c-5a7a54e8a11d/playlist.m3u8,playlist,surrit.com
https://missav123.com/en/tkd-072-uncensored-leak,tkd-072,https://surrit.com/f3d58ec7-b84b-48fa-a309-b7d827fa0b53/1080p/video.m3u8,1080p,surrit.com
https://missav123.com/en/tkd-072-uncensored-leak,tkd-072,https://surrit.com/f3d58ec7-b84b-48fa-a309-b7d827fa0b53/720p/video.m3u8,720p,surrit.com
https://missav123.com/en/tkd-072-uncensored-leak,tkd-072,https://surrit.com/f3d58ec7-b84b-48fa-a309-b7d827fa0b53/playlist.m3u8,playlist,surrit.com
https://missav123.com/en/tkfc-083,tkfc-083,https://surrit.com/504bd26d-31df-4aeb-909c-05bca1291aad/1080p/video.m3u8,1080p,surrit.com
https://missav123.com/en/tkfc-083,tkfc-083,https://surrit.com/504bd26d-31df-4aeb-909c-05bca1291aad/720p/video.m3u8,720p,surrit.com
https://missav123.com/en/tkfc-083,tkfc-083,https://surrit.com/504bd26d-31df-4aeb-909c-05bca1291aad/playlist.m3u8,playlist,surrit.com
https://missav123.com/en/tldc-056,tldc-056,https://surrit.com/d56c893c-59b8-476e-b96b-9f9fcaa0a530/720p/video.m3u8,720p,surrit.com
https://missav123.com/en/tldc-056,tldc-056,https://surrit.com/d56c893c-59b8-476e-b96b-9f9fcaa0a530/playlist.m3u8,playlist,surrit.com
https://missav123.com/en/tldc-067,tldc-067,https://surrit.com/9b5c66c4-c783-4bc9-a09f-ee69dab5f748/720p/video.m3u8,720p,surrit.com
https://missav123.com/en/tldc-067,tldc-067,https://surrit.com/9b5c66c4-c783-4bc9-a09f-ee69dab5f748/playlist.m3u8,playlist,surrit.com
https://missav123.com/en/tldc-068,tldc-068,https://surrit.com/a8525ac2-71a3-41f9-87e9-d90d946091f6/720p/video.m3u8,720p,surrit.com
https://missav123.com/en/tldc-068,tldc-068,https://surrit.com/a8525ac2-71a3-41f9-87e9-d90d946091f6/playlist.m3u8,playlist,surrit.com
https://missav123.com/en/tmsg-018,tmsg-018,https://surrit.com/395420f9-0ea2-4b7b-8310-53d89f46285f/720p/video.m3u8,720p,surrit.com
https://missav123.com/en/tmsg-018,tmsg-018,https://surrit.com/395420f9-0ea2-4b7b-8310-53d89f46285f/playlist.m3u8,playlist,surrit.com
https://missav123.com/en/urkk-124,urkk-124,https://surrit.com/a5f6769a-f66e-4620-8ab5-da64056afcef/720p/video.m3u8,720p,surrit.com
https://missav123.com/en/urkk-124,urkk-124,https://surrit.com/a5f6769a-f66e-4620-8ab5-da64056afcef/playlist.m3u8,playlist,surrit.com
https://missav123.com/en/vagu-005,vagu-005,https://surrit.com/25f9c275-2113-4f28-940b-9ac26c203c65/720p/video.m3u8,720p,surrit.com
https://missav123.com/en/vagu-005,vagu-005,https://surrit.com/25f9c275-2113-4f28-940b-9ac26c203c65/playlist.m3u8,playlist,surrit.com
https://missav123.com/en/vagu-295,vagu-295,https://surrit.com/b851f749-4712-41da-9f48-416aa598cf75/720p/video.m3u8,720p,surrit.com
https://missav123.com/en/vagu-295,vagu-295,https://surrit.com/b851f749-4712-41da-9f48-416aa598cf75/playlist.m3u8,playlist,surrit.com
https://missav123.com/en/vagu-295-uncensored-leak,vagu-295,https://surrit.com/d321ab35-c57e-420f-b112-c72ef6d124c8/1080p/video.m3u8,1080p,surrit.com
https://missav123.com/en/vagu-295-uncensored-leak,vagu-295,https://surrit.com/d321ab35-c57e-420f-b112-c72ef6d124c8/720p/video.m3u8,720p,surrit.com
https://missav123.com/en/vagu-295-uncensored-leak,vagu-295,https://surrit.com/d321ab35-c57e-420f-b112-c72ef6d124c8/playlist.m3u8,playlist,surrit.com
https://missav123.com/en/vema-236-english-subtitle,vema-236,https://surrit.com/1f5ce6d6-5702-4e17-bfe2-3767fd21b21a/1080p/video.m3u8,1080p,surrit.com
https://missav123.com/en/vema-236-english-subtitle,vema-236,https://surrit.com/1f5ce6d6-5702-4e17-bfe2-3767fd21b21a/720p/video.m3u8,720p,surrit.com
https://missav123.com/en/vema-236-english-subtitle,vema-236,https://surrit.com/1f5ce6d6-5702-4e17-bfe2-3767fd21b21a/playlist.m3u8,playlist,surrit.com
https://missav123.com/en/vod-039-english-subtitle,vod-039,https://surrit.com/1491dc4b-4fc0-4eff-9abd-6788a4fbefaf/1080p/video.m3u8,1080p,surrit.com
https://missav123.com/en/vod-039-english-subtitle,vod-039,https://surrit.com/1491dc4b-4fc0-4eff-9abd-6788a4fbefaf/720p/video.m3u8,720p,surrit.com
https://missav123.com/en/vod-039-english-subtitle,vod-039,https://surrit.com/1491dc4b-4fc0-4eff-9abd-6788a4fbefaf/playlist.m3u8,playlist,surrit.com
https://missav123.com/en/vrnc-106,vrnc-106,https://surrit.com/47347eef-d704-4832-b059-d6f5711b4a8a/720p/video.m3u8,720p,surrit.com
https://missav123.com/en/vrnc-106,vrnc-106,https://surrit.com/47347eef-d704-4832-b059-d6f5711b4a8a/playlist.m3u8,playlist,surrit.com
https://missav123.com/en/vrnc-108,vrnc-108,https://surrit.com/7e501c2c-3f17-4023-8217-9fac5c9287d6/720p/video.m3u8,720p,surrit.com
https://missav123.com/en/vrnc-108,vrnc-108,https://surrit.com/7e501c2c-3f17-4023-8217-9fac5c9287d6/playlist.m3u8,playlist,surrit.com
https://missav123.com/en/wa-592,wa-592,https://surrit.com/4afc5830-af87-4abe-8551-00a742f36984/720p/video.m3u8,720p,surrit.com
https://missav123.com/en/wa-592,wa-592,https://surrit.com/4afc5830-af87-4abe-8551-00a742f36984/playlist.m3u8,playlist,surrit.com
https://missav123.com/en/wo-020-english-subtitle,wo-020,https://surrit.com/854a7973-2241-455a-9079-177edda5473b/480p/video.m3u8,480p,surrit.com
https://missav123.com/en/wo-020-english-subtitle,wo-020,https://surrit.com/854a7973-2241-455a-9079-177edda5473b/playlist.m3u8,playlist,surrit.com
https://missav123.com/en/xmom-121,xmom-121,https://surrit.com/c6987de3-6915-471f-a961-cc07718b0b46/720p/video.m3u8,720p,surrit.com
https://missav123.com/en/xmom-121,xmom-121,https://surrit.com/c6987de3-6915-471f-a961-cc07718b0b46/playlist.m3u8,playlist,surrit.com
https://missav123.com/en/zet-003-2,zet-003-2,https://surrit.com/37f3eea1-1775-4513-9859-497802dd711b/1080p/video.m3u8,1080p,surrit.com
https://missav123.com/en/zet-003-2,zet-003-2,https://surrit.com/37f3eea1-1775-4513-9859-497802dd711b/720p/video.m3u8,720p,surrit.com
https://missav123.com/en/zet-003-2,zet-003-2,https://surrit.com/37f3eea1-1775-4513-9859-497802dd711b/playlist.m3u8,playlist,surrit.com
https://missav123.com/en/zooo-308,zooo-308,https://surrit.com/b6cb343a-fbf1-4491-89aa-14919e7214fe/720p/video.m3u8,720p,surrit.com
https://missav123.com/en/zooo-308,zooo-308,https://surrit.com/b6cb343a-fbf1-4491-89aa-14919e7214fe/playlist.m3u8,playlist,surrit.com
